ISO-10303-21;
HEADER;
FILE_DESCRIPTION (( 'STEP AP203' ),
    '1' );
FILE_NAME ('vaccum.STEP',
    '2026-07-08T12:06:16',
    ( '' ),
    ( '' ),
    'SwSTEP 2.0',
    'SolidWorks 2023',
    '' );
FILE_SCHEMA (( 'CONFIG_CONTROL_DESIGN' ));
ENDSEC;

DATA;
#1 = EDGE_CURVE ( 'NONE', #1511, #3493, #3279, .T. ) ;
#2 = CARTESIAN_POINT ( 'NONE',  ( 6.455811650131279222, 36.83711414511390814, 18.69509771420592514 ) ) ;
#3 = DIRECTION ( 'NONE',  ( 0.000000000000000000, -1.000000000000000000, 0.000000000000000000 ) ) ;
#4 = AXIS2_PLACEMENT_3D ( 'NONE', #5054, #1524, #1140 ) ;
#5 = VERTEX_POINT ( 'NONE', #2644 ) ;
#6 = ORIENTED_EDGE ( 'NONE', *, *, #3511, .T. ) ;
#7 = DIRECTION ( 'NONE',  ( 0.000000000000000000, 0.000000000000000000, 1.000000000000000000 ) ) ;
#8 = ADVANCED_FACE ( 'NONE', ( #3966 ), #2236, .F. ) ;
#9 = DIRECTION ( 'NONE',  ( 0.000000000000000000, -0.7071067811865389130, 0.7071067811865561215 ) ) ;
#10 = DIRECTION ( 'NONE',  ( -1.000000000000000000, -0.000000000000000000, -0.000000000000000000 ) ) ;
#11 = DIRECTION ( 'NONE',  ( -1.000000000000000000, -0.000000000000000000, -0.000000000000000000 ) ) ;
#12 = CARTESIAN_POINT ( 'NONE',  ( 15.99999999999999645, -16.71448917956882951, -30.95034448157433715 ) ) ;
#13 = DIRECTION ( 'NONE',  ( 0.000000000000000000, 0.000000000000000000, -1.000000000000000000 ) ) ;
#14 = EDGE_CURVE ( 'NONE', #1044, #3116, #3937, .T. ) ;
#15 = CARTESIAN_POINT ( 'NONE',  ( -15.53241216860684304, 50.00000000000000000, 38.96764234670947502 ) ) ;
#16 = DIRECTION ( 'NONE',  ( 0.000000000000000000, -1.000000000000000000, 1.047444401652939849E-14 ) ) ;
#17 = CLOSED_SHELL ( 'NONE', ( #1686, #1536, #503, #1381, #4951, #3505, #3044, #1218, #2903, #611, #4496, #8, #5059, #1624, #1289, #1690, #2038, #4868, #4393, #3749, #868, #4282, #4436, #4102 ) ) ;
#18 = AXIS2_PLACEMENT_3D ( 'NONE', #74, #4482, #1403 ) ;
#19 = CIRCLE ( 'NONE', #112, 2.000000000000000444 ) ;
#20 = ORIENTED_EDGE ( 'NONE', *, *, #84, .T. ) ;
#21 = DIRECTION ( 'NONE',  ( 0.000000000000000000, 0.000000000000000000, -1.000000000000000000 ) ) ;
#22 = DIRECTION ( 'NONE',  ( 0.000000000000000000, 0.000000000000000000, 1.000000000000000000 ) ) ;
#23 = ORIENTED_EDGE ( 'NONE', *, *, #3760, .T. ) ;
#24 = AXIS2_PLACEMENT_3D ( 'NONE', #1970, #2300, #1528 ) ;
#25 = VECTOR ( 'NONE', #1012, 1000.000000000000000 ) ;
#26 = ORIENTED_EDGE ( 'NONE', *, *, #824, .T. ) ;
#27 = SECURITY_CLASSIFICATION_LEVEL ( 'unclassified' ) ;
#28 = CIRCLE ( 'NONE', #1133, 2.000000000000001776 ) ;
#29 = PLANE ( 'NONE',  #3938 ) ;
#30 = MANIFOLD_SOLID_BREP ( 'Boss-Extrude2', #936 ) ;
#31 = VERTEX_POINT ( 'NONE', #1379 ) ;
#32 = CARTESIAN_POINT ( 'NONE',  ( 12.96521674968611393, 16.89217662156686472, 30.95034448157422347 ) ) ;
#33 = DIRECTION ( 'NONE',  ( 0.000000000000000000, 0.000000000000000000, 1.000000000000000000 ) ) ;
#34 = AXIS2_PLACEMENT_3D ( 'NONE', #4422, #3495, #1707 ) ;
#35 = EDGE_CURVE ( 'NONE', #3616, #2212, #1495, .T. ) ;
#36 = ORIENTED_EDGE ( 'NONE', *, *, #3950, .T. ) ;
#37 = VERTEX_POINT ( 'NONE', #517 ) ;
#38 = CARTESIAN_POINT ( 'NONE',  ( -15.53241216860690344, 46.00000000000000000, 21.03235765329063156 ) ) ;
#39 = AXIS2_PLACEMENT_3D ( 'NONE', #616, #3771, #3426 ) ;
#40 = LINE ( 'NONE', #5482, #1275 ) ;
#41 = CARTESIAN_POINT ( 'NONE',  ( -15.00000000000000000, 0.000000000000000000, 0.000000000000000000 ) ) ;
#42 = EDGE_CURVE ( 'NONE', #5565, #1046, #2342, .T. ) ;
#43 = EDGE_CURVE ( 'NONE', #5535, #1514, #4203, .T. ) ;
#44 = DIRECTION ( 'NONE',  ( -0.000000000000000000, -1.000000000000000000, -0.000000000000000000 ) ) ;
#45 = CARTESIAN_POINT ( 'NONE',  ( -12.67567495554771817, 12.41667339443569418, 32.89268748420205668 ) ) ;
#46 = DIRECTION ( 'NONE',  ( -1.000000000000000000, 0.000000000000000000, 0.000000000000000000 ) ) ;
#47 = DIRECTION ( 'NONE',  ( 1.000000000000000000, 0.000000000000000000, 0.000000000000000000 ) ) ;
#48 = ORIENTED_EDGE ( 'NONE', *, *, #4961, .F. ) ;
#49 = ADVANCED_FACE ( 'NONE', ( #4099 ), #5055, .F. ) ;
#50 = CIRCLE ( 'NONE', #4055, 2.000000000000001776 ) ;
#51 = ORIENTED_EDGE ( 'NONE', *, *, #2858, .F. ) ;
#52 = CARTESIAN_POINT ( 'NONE',  ( 13.99999999999999645, 0.000000000000000000, 0.000000000000000000 ) ) ;
#53 = CARTESIAN_POINT ( 'NONE',  ( 13.00000000000002487, 0.000000000000000000, 0.000000000000000000 ) ) ;
#54 = VERTEX_POINT ( 'NONE', #5465 ) ;
#55 = CIRCLE ( 'NONE', #4712, 2.000000000000000444 ) ;
#56 = EDGE_CURVE ( 'NONE', #373, #114, #2789, .T. ) ;
#57 = AXIS2_PLACEMENT_3D ( 'NONE', #3303, #4994, #1395 ) ;
#58 = ORIENTED_EDGE ( 'NONE', *, *, #4822, .T. ) ;
#59 = APPROVAL_ROLE ( '' ) ;
#60 = CARTESIAN_POINT ( 'NONE',  ( 15.98174859208560683, -17.36237085265844371, 4.000000000000000000 ) ) ;
#61 = EDGE_LOOP ( 'NONE', ( #410, #3062, #1643, #1254, #4403 ) ) ;
#62 = CARTESIAN_POINT ( 'NONE',  ( -15.00000000000000000, -8.131727983645337332, -8.131727983645257396 ) ) ;
#63 = DIRECTION ( 'NONE',  ( 1.000000000000000000, 0.000000000000000000, 0.000000000000000000 ) ) ;
#64 = LOCAL_TIME ( 17, 36, 16.00000000000000000, #3482 ) ;
#65 = ORIENTED_EDGE ( 'NONE', *, *, #657, .F. ) ;
#66 = CALENDAR_DATE ( 2026, 8, 7 ) ;
#67 = EDGE_LOOP ( 'NONE', ( #3614, #2020, #4115, #3569 ) ) ;
#68 = LOCAL_TIME ( 17, 36, 16.00000000000000000, #5013 ) ;
#69 = DIRECTION ( 'NONE',  ( -0.000000000000000000, -0.000000000000000000, 1.000000000000000000 ) ) ;
#70 = ORIENTED_EDGE ( 'NONE', *, *, #1687, .T. ) ;
#71 = DIRECTION ( 'NONE',  ( 0.000000000000000000, 0.000000000000000000, -1.000000000000000000 ) ) ;
#72 = LINE ( 'NONE', #3629, #2165 ) ;
#73 = DIRECTION ( 'NONE',  ( 0.000000000000000000, 0.000000000000000000, 1.000000000000000000 ) ) ;
#74 = CARTESIAN_POINT ( 'NONE',  ( 13.99999999999999645, 0.000000000000000000, 0.000000000000000000 ) ) ;
#75 = CARTESIAN_POINT ( 'NONE',  ( -15.00000000000000000, 14.28810658347096840, -9.217266640297472335 ) ) ;
#76 = PLANE ( 'NONE',  #1389 ) ;
#78 = VERTEX_POINT ( 'NONE', #1441 ) ;
#77 = CC_DESIGN_PERSON_AND_ORGANIZATION_ASSIGNMENT ( #2415, #1903, ( #4247 ) ) ;
#79 = EDGE_CURVE ( 'NONE', #3611, #4054, #568, .T. ) ;
#80 = EDGE_LOOP ( 'NONE', ( #560, #270, #3247, #5618, #986 ) ) ;
#81 = FACE_OUTER_BOUND ( 'NONE', #3113, .T. ) ;
#82 = FACE_OUTER_BOUND ( 'NONE', #723, .T. ) ;
#83 = VERTEX_POINT ( 'NONE', #2347 ) ;
#84 = EDGE_CURVE ( 'NONE', #3430, #461, #193, .T. ) ;
#85 = ORIENTED_EDGE ( 'NONE', *, *, #544, .T. ) ;
#86 = DATE_TIME_ROLE ( 'classification_date' ) ;
#87 = CARTESIAN_POINT ( 'NONE',  ( 0.9009707829919586519, 42.78602618053390216, 13.85521903386057829 ) ) ;
#88 = ORIENTED_EDGE ( 'NONE', *, *, #2829, .T. ) ;
#89 = LINE ( 'NONE', #499, #3030 ) ;
#90 = DIRECTION ( 'NONE',  ( 1.000000000000000000, 0.000000000000000000, 0.000000000000000000 ) ) ;
#91 = ORIENTED_EDGE ( 'NONE', *, *, #2109, .T. ) ;
#92 = DIRECTION ( 'NONE',  ( 1.000000000000000000, 0.000000000000000000, 0.000000000000000000 ) ) ;
#93 = VERTEX_POINT ( 'NONE', #2377 ) ;
#94 = CARTESIAN_POINT ( 'NONE',  ( 11.93012063158605507, 16.69206304988425060, -30.95026070593694101 ) ) ;
#95 = VERTEX_POINT ( 'NONE', #3723 ) ;
#96 = CARTESIAN_POINT ( 'NONE',  ( 13.70649346768589183, 28.46996082299384767, 23.88116505467874973 ) ) ;
#97 = FACE_BOUND ( 'NONE', #1210, .T. ) ;
#98 = CIRCLE ( 'NONE', #3922, 2.000000000000000444 ) ;
#99 = LINE ( 'NONE', #1910, #4624 ) ;
#100 = DIRECTION ( 'NONE',  ( -1.000000000000000000, -0.000000000000000000, -0.000000000000000000 ) ) ;
#101 = DIRECTION ( 'NONE',  ( 0.000000000000000000, 1.000000000000000000, 0.000000000000000000 ) ) ;
#102 = DIRECTION ( 'NONE',  ( 0.000000000000000000, 1.000000000000000000, 0.000000000000000000 ) ) ;
#103 = CARTESIAN_POINT ( 'NONE',  ( 15.99999999999999645, 0.000000000000000000, -30.00000000000000000 ) ) ;
#104 = CC_DESIGN_PERSON_AND_ORGANIZATION_ASSIGNMENT ( #2107, #1568, ( #162 ) ) ;
#105 = EDGE_CURVE ( 'NONE', #2704, #2275, #1469, .T. ) ;
#106 = EDGE_LOOP ( 'NONE', ( #1244, #1944 ) ) ;
#107 = CYLINDRICAL_SURFACE ( 'NONE', #3565, 2.000000000000001776 ) ;
#108 = VECTOR ( 'NONE', #1264, 1000.000000000000000 ) ;
#109 = CYLINDRICAL_SURFACE ( 'NONE', #3585, 12.99999999999999822 ) ;
#110 = ORIENTED_EDGE ( 'NONE', *, *, #2961, .F. ) ;
#111 = AXIS2_PLACEMENT_3D ( 'NONE', #4546, #2417, #4096 ) ;
#112 = AXIS2_PLACEMENT_3D ( 'NONE', #2634, #1374, #3986 ) ;
#113 = EDGE_CURVE ( 'NONE', #2765, #3557, #4587, .T. ) ;
#114 = VERTEX_POINT ( 'NONE', #3260 ) ;
#115 = CALENDAR_DATE ( 2026, 8, 7 ) ;
#116 = CARTESIAN_POINT ( 'NONE',  ( 0.2662669401890432885, 43.85512126553511791, 10.07806507952688335 ) ) ;
#117 = EDGE_LOOP ( 'NONE', ( #3151, #5503, #3494, #2750 ) ) ;
#118 = CIRCLE ( 'NONE', #1599, 37.15350152500624858 ) ;
#119 = FACE_OUTER_BOUND ( 'NONE', #3244, .T. ) ;
#120 = DIRECTION ( 'NONE',  ( -0.000000000000000000, 1.000000000000000000, -0.000000000000000000 ) ) ;
#121 = AXIS2_PLACEMENT_3D ( 'NONE', #779, #2433, #5675 ) ;
#122 = EDGE_CURVE ( 'NONE', #3012, #114, #2064, .T. ) ;
#123 = ORIENTED_EDGE ( 'NONE', *, *, #1, .T. ) ;
#124 = DATE_AND_TIME ( #4116, #3981 ) ;
#125 = VERTEX_POINT ( 'NONE', #597 ) ;
#126 = CARTESIAN_POINT ( 'NONE',  ( -2.999999999999999112, 0.000000000000000000, -11.50000000000000000 ) ) ;
#127 = VERTEX_POINT ( 'NONE', #5007 ) ;
#128 = DIRECTION ( 'NONE',  ( -0.000000000000000000, -0.000000000000000000, 1.000000000000000000 ) ) ;
#129 = CARTESIAN_POINT ( 'NONE',  ( 11.89669001512684865, -35.23116747313270736, 0.8855474766986214386 ) ) ;
#130 = AXIS2_PLACEMENT_3D ( 'NONE', #3153, #2222, #4872 ) ;
#131 = EDGE_CURVE ( 'NONE', #746, #5188, #3667, .T. ) ;
#132 =( REPRESENTATION_RELATIONSHIP ('NONE','NONE', #4279, #1927 ) REPRESENTATION_RELATIONSHIP_WITH_TRANSFORMATION ( #5472 )SHAPE_REPRESENTATION_RELATIONSHIP( ) );
#133 = LINE ( 'NONE', #5051, #2660 ) ;
#134 = DIRECTION ( 'NONE',  ( -1.000000000000000000, -0.000000000000000000, -0.000000000000000000 ) ) ;
#135 = DIRECTION ( 'NONE',  ( 1.000000000000000000, -0.000000000000000000, 0.000000000000000000 ) ) ;
#136 = CARTESIAN_POINT ( 'NONE',  ( -30.00000000000000000, -30.00000000000000000, 0.000000000000000000 ) ) ;
#137 = AXIS2_PLACEMENT_3D ( 'NONE', #1918, #139, #4659 ) ;
#138 = DIRECTION ( 'NONE',  ( 1.000000000000000000, -0.000000000000000000, -0.000000000000000000 ) ) ;
#139 = DIRECTION ( 'NONE',  ( -1.000000000000000000, -0.000000000000000000, -0.000000000000000000 ) ) ;
#140 = EDGE_LOOP ( 'NONE', ( #3486, #4505 ) ) ;
#141 = CIRCLE ( 'NONE', #5635, 16.29999999999999361 ) ;
#142 = ORIENTED_EDGE ( 'NONE', *, *, #4543, .F. ) ;
#143 = PERSON_AND_ORGANIZATION ( #1916, #341 ) ;
#144 = FACE_OUTER_BOUND ( 'NONE', #80, .T. ) ;
#145 = AXIS2_PLACEMENT_3D ( 'NONE', #3904, #2060, #2725 ) ;
#146 = DIRECTION ( 'NONE',  ( -1.000000000000000000, -0.000000000000000000, -0.000000000000000000 ) ) ;
#147 = DIRECTION ( 'NONE',  ( 0.000000000000000000, 0.000000000000000000, 1.000000000000000000 ) ) ;
#148 = EDGE_CURVE ( 'NONE', #3684, #746, #1401, .T. ) ;
#149 = ADVANCED_FACE ( 'NONE', ( #5549 ), #1492, .F. ) ;
#150 = VERTEX_POINT ( 'NONE', #136 ) ;
#151 = EDGE_LOOP ( 'NONE', ( #3892, #212, #4362, #3212, #1956 ) ) ;
#152 = ORIENTED_EDGE ( 'NONE', *, *, #2431, .F. ) ;
#153 = APPROVAL_PERSON_ORGANIZATION ( #1302, #2924, #1365 ) ;
#154 = CARTESIAN_POINT ( 'NONE',  ( 13.81170952327485857, 9.761762868221900646, 35.85515746457631536 ) ) ;
#155 = DIRECTION ( 'NONE',  ( 1.000000000000000000, 0.000000000000000000, 0.000000000000000000 ) ) ;
#156 = EDGE_CURVE ( 'NONE', #4413, #3778, #3371, .T. ) ;
#157 = CARTESIAN_POINT ( 'NONE',  ( 13.99999999999999645, -18.46854177014084897, 29.91122923507456122 ) ) ;
#158 = DIRECTION ( 'NONE',  ( -0.000000000000000000, -0.000000000000000000, -1.000000000000000000 ) ) ;
#159 = FACE_BOUND ( 'NONE', #5298, .T. ) ;
#160 = CARTESIAN_POINT ( 'NONE',  ( -2.999999999999998224, -16.31354737148740242, 3.892886739489654246 ) ) ;
#161 = EDGE_CURVE ( 'NONE', #2305, #3641, #4630, .T. ) ;
#162 = PRODUCT ( 'support', 'support', '', ( #5566 ) ) ;
#163 = FACE_OUTER_BOUND ( 'NONE', #400, .T. ) ;
#164 = PLANE ( 'NONE',  #4519 ) ;
#165 = VERTEX_POINT ( 'NONE', #5084 ) ;
#166 = ORIENTED_EDGE ( 'NONE', *, *, #1924, .T. ) ;
#167 = CONTEXT_DEPENDENT_SHAPE_REPRESENTATION ( #132, #2862 ) ;
#168 = FACE_OUTER_BOUND ( 'NONE', #2794, .T. ) ;
#169 = CARTESIAN_POINT ( 'NONE',  ( 1.945335900705657872, 41.27309911010294030, 11.53508075550721124 ) ) ;
#170 = CARTESIAN_POINT ( 'NONE',  ( 15.99999999999999645, 33.42897835913842641, -1.999999999999870770 ) ) ;
#171 = VERTEX_POINT ( 'NONE', #103 ) ;
#172 =( LENGTH_UNIT ( ) NAMED_UNIT ( * ) SI_UNIT ( .MILLI., .METRE. ) );
#173 = APPROVAL ( #3617, 'UNKNOWN' ) ;
#174 = EDGE_CURVE ( 'NONE', #2647, #2215, #1084, .T. ) ;
#175 = EDGE_LOOP ( 'NONE', ( #5311, #4166, #5301, #3010 ) ) ;
#176 = AXIS2_PLACEMENT_3D ( 'NONE', #2988, #1581, #2461 ) ;
#177 = LINE ( 'NONE', #1045, #5342 ) ;
#178 = ORIENTED_EDGE ( 'NONE', *, *, #2247, .T. ) ;
#179 = CARTESIAN_POINT ( 'NONE',  ( 14.87862991674003865, 18.84015038942154874, 32.05389499136109066 ) ) ;
#180 = DIRECTION ( 'NONE',  ( 0.000000000000000000, 0.7071067811865487940, 0.7071067811865463515 ) ) ;
#181 = ORIENTED_EDGE ( 'NONE', *, *, #3519, .T. ) ;
#182 = CARTESIAN_POINT ( 'NONE',  ( -7.999999999999972466, 0.000000000000000000, 5.000000000000000888 ) ) ;
#183 = EDGE_CURVE ( 'NONE', #1387, #2835, #846, .T. ) ;
#184 = CARTESIAN_POINT ( 'NONE',  ( -15.00000000000000000, 3.892886739489710646, 16.31354737148739176 ) ) ;
#185 = VECTOR ( 'NONE', #102, 1000.000000000000000 ) ;
#186 = FACE_BOUND ( 'NONE', #3688, .T. ) ;
#187 = DIRECTION ( 'NONE',  ( 1.000000000000000000, -0.000000000000000000, -0.000000000000000000 ) ) ;
#188 = ADVANCED_FACE ( 'NONE', ( #2872 ), #4655, .T. ) ;
#189 = CARTESIAN_POINT ( 'NONE',  ( -15.00000000000000000, 14.28810658347096840, 8.782733359702522336 ) ) ;
#190 = CARTESIAN_POINT ( 'NONE',  ( -2.999999999999999112, 0.000000000000000000, 0.000000000000000000 ) ) ;
#191 = CARTESIAN_POINT ( 'NONE',  ( -15.00000000000000000, 0.000000000000000000, 0.000000000000000000 ) ) ;
#192 = ORIENTED_EDGE ( 'NONE', *, *, #4679, .F. ) ;
#193 = CIRCLE ( 'NONE', #1027, 2.000000000000000444 ) ;
#194 = ORIENTED_EDGE ( 'NONE', *, *, #2304, .F. ) ;
#195 = DIRECTION ( 'NONE',  ( 1.000000000000000000, 0.000000000000000000, 0.000000000000000000 ) ) ;
#196 = CARTESIAN_POINT ( 'NONE',  ( -0.9035490385363591503, 40.67454028516280573, 13.85394820736955168 ) ) ;
#197 = DIRECTION ( 'NONE',  ( 1.000000000000000000, 0.000000000000000000, 0.000000000000000000 ) ) ;
#198 = ORIENTED_EDGE ( 'NONE', *, *, #4854, .F. ) ;
#199 = CALENDAR_DATE ( 2026, 8, 7 ) ;
#200 = AXIS2_PLACEMENT_3D ( 'NONE', #3882, #1662, #3446 ) ;
#201 = DIRECTION ( 'NONE',  ( 0.000000000000000000, -0.8660254037844432595, 0.4999999999999920619 ) ) ;
#202 = CIRCLE ( 'NONE', #3189, 30.00000000000000000 ) ;
#203 = ORIENTED_EDGE ( 'NONE', *, *, #1004, .T. ) ;
#204 = CARTESIAN_POINT ( 'NONE',  ( -13.99999999999999467, 0.000000000000000000, 35.15350152500624148 ) ) ;
#205 = ORIENTED_EDGE ( 'NONE', *, *, #2226, .F. ) ;
#206 = CARTESIAN_POINT ( 'NONE',  ( -8.785778021827159279, 17.52971900545513861, 0.000000000000000000 ) ) ;
#207 = DIRECTION ( 'NONE',  ( -1.000000000000000000, -0.000000000000000000, -0.000000000000000000 ) ) ;
#208 = CIRCLE ( 'NONE', #1978, 16.29999999999999716 ) ;
#209 = EDGE_CURVE ( 'NONE', #1694, #1100, #2529, .T. ) ;
#210 = AXIS2_PLACEMENT_3D ( 'NONE', #1369, #844, #903 ) ;
#211 = CARTESIAN_POINT ( 'NONE',  ( -1.607057142982048159, 42.91121661009398736, 13.26246356965153517 ) ) ;
#212 = ORIENTED_EDGE ( 'NONE', *, *, #5531, .T. ) ;
#213 = CARTESIAN_POINT ( 'NONE',  ( 11.93012093322450262, -16.69206161189949711, -30.95026068984050127 ) ) ;
#214 = AXIS2_PLACEMENT_3D ( 'NONE', #5577, #273, #1650 ) ;
#215 = VECTOR ( 'NONE', #352, 1000.000000000000000 ) ;
#216 = DIRECTION ( 'NONE',  ( 0.000000000000000000, 1.000000000000000000, 0.000000000000000000 ) ) ;
#217 = DIRECTION ( 'NONE',  ( 1.000000000000000000, -0.000000000000000000, -0.000000000000000000 ) ) ;
#218 = EDGE_CURVE ( 'NONE', #2364, #4793, #2931, .T. ) ;
#219 = EDGE_CURVE ( 'NONE', #4536, #125, #2556, .T. ) ;
#220 = CARTESIAN_POINT ( 'NONE',  ( -15.00000000000000000, -3.892886739489597847, -16.31354737148741663 ) ) ;
#221 = DIRECTION ( 'NONE',  ( 0.000000000000000000, 0.000000000000000000, 1.000000000000000000 ) ) ;
#222 = FACE_OUTER_BOUND ( 'NONE', #347, .T. ) ;
#223 = AXIS2_PLACEMENT_3D ( 'NONE', #1444, #3239, #4165 ) ;
#224 = ORIENTED_EDGE ( 'NONE', *, *, #3697, .F. ) ;
#225 = EDGE_CURVE ( 'NONE', #3012, #4896, #2348, .T. ) ;
#226 = ORIENTED_EDGE ( 'NONE', *, *, #754, .F. ) ;
#227 = CARTESIAN_POINT ( 'NONE',  ( 12.45789968953752336, 9.995360989694102472, 33.73354711535786521 ) ) ;
#228 = CARTESIAN_POINT ( 'NONE',  ( 0.9013614861667369471, 41.72289910822097880, 10.27439068115650755 ) ) ;
#229 = AXIS2_PLACEMENT_3D ( 'NONE', #2405, #5646, #4745 ) ;
#230 = DIRECTION ( 'NONE',  ( 0.000000000000000000, 0.000000000000000000, 1.000000000000000000 ) ) ;
#231 = EDGE_CURVE ( 'NONE', #3801, #1179, #2845, .T. ) ;
#232 = AXIS2_PLACEMENT_3D ( 'NONE', #911, #3576, #2609 ) ;
#233 = ORIENTED_EDGE ( 'NONE', *, *, #3691, .F. ) ;
#234 = APPROVAL_ROLE ( '' ) ;
#235 = CARTESIAN_POINT ( 'NONE',  ( 10.00000000000000000, 0.000000000000000000, 0.000000000000000000 ) ) ;
#236 = ORIENTED_EDGE ( 'NONE', *, *, #3365, .F. ) ;
#237 = LINE ( 'NONE', #5596, #2274 ) ;
#238 = VERTEX_POINT ( 'NONE', #3023 ) ;
#239 = CARTESIAN_POINT ( 'NONE',  ( -2.999999999999998224, 0.000000000000000000, -0.000000000000000000 ) ) ;
#240 = CARTESIAN_POINT ( 'NONE',  ( 13.00000000000002487, 14.79998848622271623, -28.37182300818322744 ) ) ;
#241 = AXIS2_PLACEMENT_3D ( 'NONE', #4335, #334, #3897 ) ;
#242 = VERTEX_POINT ( 'NONE', #1709 ) ;
#243 = DIRECTION ( 'NONE',  ( 0.000000000000000000, 0.000000000000000000, -1.000000000000000000 ) ) ;
#244 = VERTEX_POINT ( 'NONE', #248 ) ;
#245 = SECURITY_CLASSIFICATION ( '', '', #1475 ) ;
#246 = DIRECTION ( 'NONE',  ( 0.000000000000000000, 0.000000000000000000, 1.000000000000000000 ) ) ;
#247 = LINE ( 'NONE', #5669, #4838 ) ;
#248 = CARTESIAN_POINT ( 'NONE',  ( 0.000000000000000000, 3.673940397442060361E-16, -3.000000000000000444 ) ) ;
#249 = DIRECTION ( 'NONE',  ( 1.000000000000000000, 0.000000000000000000, 0.000000000000000000 ) ) ;
#250 = FACE_OUTER_BOUND ( 'NONE', #2869, .T. ) ;
#251 = EDGE_CURVE ( 'NONE', #5223, #1482, #1699, .T. ) ;
#252 = DIRECTION ( 'NONE',  ( 0.000000000000000000, 0.7071067811865486830, 0.7071067811865463515 ) ) ;
#253 = EDGE_CURVE ( 'NONE', #2409, #558, #4245, .T. ) ;
#254 = CARTESIAN_POINT ( 'NONE',  ( -15.53241216860684304, 40.00000000000000000, 40.96764234670948213 ) ) ;
#255 = ORIENTED_EDGE ( 'NONE', *, *, #3355, .T. ) ;
#256 = AXIS2_PLACEMENT_3D ( 'NONE', #2315, #934, #71 ) ;
#257 = ORIENTED_EDGE ( 'NONE', *, *, #3840, .F. ) ;
#258 = CARTESIAN_POINT ( 'NONE',  ( -4.744350494340890734, 41.33201850286351231, 15.76421374648351303 ) ) ;
#259 = EDGE_CURVE ( 'NONE', #2650, #4448, #2072, .T. ) ;
#260 = DIRECTION ( 'NONE',  ( 1.000000000000000000, 0.000000000000000000, 0.000000000000000000 ) ) ;
#261 = CARTESIAN_POINT ( 'NONE',  ( -15.00000000000000000, -9.317260981704132305, 6.740819519822033534 ) ) ;
#262 = ORIENTED_EDGE ( 'NONE', *, *, #2867, .T. ) ;
#263 = DATE_AND_TIME ( #5593, #1548 ) ;
#264 = FACE_OUTER_BOUND ( 'NONE', #2337, .T. ) ;
#265 = ORIENTED_EDGE ( 'NONE', *, *, #4931, .T. ) ;
#266 = DIRECTION ( 'NONE',  ( 0.000000000000000000, 0.000000000000000000, 1.000000000000000000 ) ) ;
#267 = ORIENTED_EDGE ( 'NONE', *, *, #3910, .T. ) ;
#268 = CARTESIAN_POINT ( 'NONE',  ( -13.97442512988573782, 11.13326482635331871, 35.47410048291698104 ) ) ;
#269 = CARTESIAN_POINT ( 'NONE',  ( -15.00000000000000000, 21.21320343559638744, -21.21320343559646204 ) ) ;
#270 = ORIENTED_EDGE ( 'NONE', *, *, #401, .T. ) ;
#271 = CARTESIAN_POINT ( 'NONE',  ( -1.985200861296036123, 43.29152637539471726, 11.79004133761798734 ) ) ;
#272 = VERTEX_POINT ( 'NONE', #367 ) ;
#273 = DIRECTION ( 'NONE',  ( -0.000000000000000000, 1.000000000000000000, -0.000000000000000000 ) ) ;
#274 = FACE_OUTER_BOUND ( 'NONE', #1995, .T. ) ;
#275 = DIRECTION ( 'NONE',  ( 0.000000000000000000, 0.000000000000000000, -1.000000000000000000 ) ) ;
#276 = LINE ( 'NONE', #2494, #3780 ) ;
#277 = LINE ( 'NONE', #3842, #5728 ) ;
#278 = CARTESIAN_POINT ( 'NONE',  ( 13.00000000000002487, 0.000000000000000000, 0.000000000000000000 ) ) ;
#279 = FACE_OUTER_BOUND ( 'NONE', #3019, .T. ) ;
#280 = ORIENTED_EDGE ( 'NONE', *, *, #1207, .F. ) ;
#281 = VECTOR ( 'NONE', #1966, 1000.000000000000000 ) ;
#282 = ADVANCED_FACE ( 'NONE', ( #2148 ), #3928, .F. ) ;
#283 = ORIENTED_EDGE ( 'NONE', *, *, #432, .F. ) ;
#284 = DIRECTION ( 'NONE',  ( -1.000000000000000000, 0.000000000000000000, 0.000000000000000000 ) ) ;
#285 = CARTESIAN_POINT ( 'NONE',  ( -1.331421288938164249, 41.61138162495329595, 10.56672887379650305 ) ) ;
#286 = LINE ( 'NONE', #2444, #497 ) ;
#287 = EDGE_CURVE ( 'NONE', #4173, #3581, #3473, .T. ) ;
#288 = ORIENTED_EDGE ( 'NONE', *, *, #1030, .F. ) ;
#289 = PERSON_AND_ORGANIZATION ( #1916, #341 ) ;
#290 = CARTESIAN_POINT ( 'NONE',  ( 15.99999999999999645, -16.71448917956946190, 30.95034448157397833 ) ) ;
#291 = EDGE_LOOP ( 'NONE', ( #5679, #4608 ) ) ;
#292 = DIRECTION ( 'NONE',  ( -1.000000000000000000, -0.000000000000000000, -0.000000000000000000 ) ) ;
#293 = VERTEX_POINT ( 'NONE', #715 ) ;
#294 = CARTESIAN_POINT ( 'NONE',  ( -15.02413617023231929, 22.38661166780029177, 29.68614600466235842 ) ) ;
#295 = CYLINDRICAL_SURFACE ( 'NONE', #4502, 2.000000000000001776 ) ;
#296 = EDGE_CURVE ( 'NONE', #1098, #4660, #5323, .T. ) ;
#297 = AXIS2_PLACEMENT_3D ( 'NONE', #5255, #730, #381 ) ;
#298 = AXIS2_PLACEMENT_3D ( 'NONE', #4123, #1078, #5542 ) ;
#299 = VERTEX_POINT ( 'NONE', #2059 ) ;
#300 = CARTESIAN_POINT ( 'NONE',  ( -0.8999430135215357174, 43.78433554883628176, 10.27369816760636745 ) ) ;
#301 = ORIENTED_EDGE ( 'NONE', *, *, #1281, .T. ) ;
#302 = DIRECTION ( 'NONE',  ( 0.000000000000000000, -0.7071067811865537900, -0.7071067811865413555 ) ) ;
#303 = DIRECTION ( 'NONE',  ( 1.000000000000000000, 0.000000000000000000, -0.000000000000000000 ) ) ;
#304 = CARTESIAN_POINT ( 'NONE',  ( -3.558620601822211960, 38.73816150927848412, 17.49468537375275545 ) ) ;
#305 = VECTOR ( 'NONE', #1274, 1000.000000000000000 ) ;
#306 = AXIS2_PLACEMENT_3D ( 'NONE', #1283, #3595, #5366 ) ;
#307 = ADVANCED_FACE ( 'NONE', ( #1172 ), #4743, .F. ) ;
#308 = CARTESIAN_POINT ( 'NONE',  ( -19.99999999999998934, 0.000000000000000000, 0.000000000000000000 ) ) ;
#309 = CIRCLE ( 'NONE', #3573, 30.00000000000000000 ) ;
#310 = AXIS2_PLACEMENT_3D ( 'NONE', #5674, #2670, #3056 ) ;
#311 = CARTESIAN_POINT ( 'NONE',  ( 13.99999999999999645, 17.17072523365198577, -27.00307750887715130 ) ) ;
#312 = CARTESIAN_POINT ( 'NONE',  ( -15.00000000000000000, 1.946443369744855323, 8.156773685743695879 ) ) ;
#313 = DIRECTION ( 'NONE',  ( 1.000000000000000000, 0.000000000000000000, 0.000000000000000000 ) ) ;
#314 = ORIENTED_EDGE ( 'NONE', *, *, #5111, .F. ) ;
#315 = AXIS2_PLACEMENT_3D ( 'NONE', #2929, #5640, #5200 ) ;
#316 = ORIENTED_EDGE ( 'NONE', *, *, #2651, .T. ) ;
#317 = CIRCLE ( 'NONE', #1052, 2.000000000000001776 ) ;
#318 = DIRECTION ( 'NONE',  ( 1.000000000000000000, -0.000000000000000000, -0.000000000000000000 ) ) ;
#319 = DIRECTION ( 'NONE',  ( 1.000000000000000000, -0.000000000000000000, -0.000000000000000000 ) ) ;
#320 = FACE_OUTER_BOUND ( 'NONE', #3992, .T. ) ;
#321 = AXIS2_PLACEMENT_3D ( 'NONE', #4220, #3640, #5033 ) ;
#322 = VERTEX_POINT ( 'NONE', #1763 ) ;
#323 = PERSON_AND_ORGANIZATION ( #1916, #341 ) ;
#324 = CARTESIAN_POINT ( 'NONE',  ( 10.00000000000000000, 0.000000000000000000, 0.000000000000000000 ) ) ;
#325 = ORIENTED_EDGE ( 'NONE', *, *, #4392, .T. ) ;
#326 = CARTESIAN_POINT ( 'NONE',  ( 10.00000000000000000, 0.000000000000000000, 0.000000000000000000 ) ) ;
#327 = EDGE_CURVE ( 'NONE', #5097, #1428, #2258, .T. ) ;
#329 = EDGE_CURVE ( 'NONE', #1816, #5072, #5507, .T. ) ;
#328 = ORIENTED_EDGE ( 'NONE', *, *, #5203, .T. ) ;
#330 = LINE ( 'NONE', #2081, #1284 ) ;
#331 = LINE ( 'NONE', #3456, #4685 ) ;
#332 = AXIS2_PLACEMENT_3D ( 'NONE', #4085, #4929, #959 ) ;
#333 = ORIENTED_EDGE ( 'NONE', *, *, #5057, .F. ) ;
#334 = DIRECTION ( 'NONE',  ( 1.000000000000000000, 0.000000000000000000, 0.000000000000000000 ) ) ;
#335 = VERTEX_POINT ( 'NONE', #4007 ) ;
#336 = CARTESIAN_POINT ( 'NONE',  ( -19.99999999999998934, 0.000000000000000000, -16.42682846964513743 ) ) ;
#337 = EDGE_CURVE ( 'NONE', #1627, #4081, #1516, .T. ) ;
#338 = VECTOR ( 'NONE', #4158, 1000.000000000000000 ) ;
#339 = CARTESIAN_POINT ( 'NONE',  ( -2.999999999999999112, -6.740819519822067285, -9.317260981704107436 ) ) ;
#340 = CARTESIAN_POINT ( 'NONE',  ( -4.741754678373672149, 38.12271249918838834, 17.88931559223238210 ) ) ;
#341 = ORGANIZATION ( 'UNSPECIFIED', 'UNSPECIFIED', '' ) ;
#342 = DIRECTION ( 'NONE',  ( 0.000000000000000000, 0.000000000000000000, 1.000000000000000000 ) ) ;
#343 = CARTESIAN_POINT ( 'NONE',  ( 11.93488257301923738, -18.46854177014083476, 29.91122923507455411 ) ) ;
#344 = CARTESIAN_POINT ( 'NONE',  ( -2.999999999999998224, -14.28810658347096840, -8.782733359702522336 ) ) ;
#345 = ADVANCED_FACE ( 'NONE', ( #2721 ), #1739, .F. ) ;
#346 = CARTESIAN_POINT ( 'NONE',  ( -15.00000000000000000, -8.782733359702373122, 14.28810658347105900 ) ) ;
#347 = EDGE_LOOP ( 'NONE', ( #5451, #4569, #5693, #3908, #2488, #1033, #1893, #1195, #4176 ) ) ;
#348 = SECURITY_CLASSIFICATION ( '', '', #4355 ) ;
#349 = ORIENTED_EDGE ( 'NONE', *, *, #5105, .T. ) ;
#350 = LINE ( 'NONE', #2132, #1797 ) ;
#351 = DIRECTION ( 'NONE',  ( 1.000000000000000000, -0.000000000000000000, 0.000000000000000000 ) ) ;
#352 = DIRECTION ( 'NONE',  ( -0.000000000000000000, -1.000000000000000000, -0.000000000000000000 ) ) ;
#353 = ORIENTED_EDGE ( 'NONE', *, *, #1386, .F. ) ;
#354 = DATE_AND_TIME ( #840, #5182 ) ;
#355 = DIRECTION ( 'NONE',  ( -0.000000000000000000, -0.000000000000000000, 1.000000000000000000 ) ) ;
#356 = EDGE_LOOP ( 'NONE', ( #2938, #4908, #1273, #553 ) ) ;
#357 = DIRECTION ( 'NONE',  ( 1.000000000000000000, -0.000000000000000000, 0.000000000000000000 ) ) ;
#358 = DIRECTION ( 'NONE',  ( 0.000000000000000000, 0.000000000000000000, -1.000000000000000000 ) ) ;
#359 = FACE_OUTER_BOUND ( 'NONE', #5486, .T. ) ;
#360 = PRODUCT_RELATED_PRODUCT_CATEGORY ( 'detail', '', ( #2667 ) ) ;
#361 = EDGE_CURVE ( 'NONE', #238, #952, #19, .T. ) ;
#362 = ORIENTED_EDGE ( 'NONE', *, *, #122, .T. ) ;
#363 = CARTESIAN_POINT ( 'NONE',  ( -15.00000000000000000, -14.28810658347096840, -8.782733359702522336 ) ) ;
#364 = ORIENTED_EDGE ( 'NONE', *, *, #174, .T. ) ;
#365 = CARTESIAN_POINT ( 'NONE',  ( -30.00000000000000000, -30.00000000000000000, -5.000000000000000000 ) ) ;
#366 = CARTESIAN_POINT ( 'NONE',  ( 7.094027214448808421E-16, 46.00000000000000000, 30.00000000000000000 ) ) ;
#367 = CARTESIAN_POINT ( 'NONE',  ( -15.99999999999999289, 0.000000000000000000, -24.42682846964513033 ) ) ;
#368 = EDGE_CURVE ( 'NONE', #1428, #3272, #450, .T. ) ;
#369 = CARTESIAN_POINT ( 'NONE',  ( 13.99999999999999645, 33.42897835913842641, 1.297247899378906055E-13 ) ) ;
#370 = CARTESIAN_POINT ( 'NONE',  ( -15.00000000000000000, 16.31354737148743084, -3.892886739489540560 ) ) ;
#371 = CARTESIAN_POINT ( 'NONE',  ( 15.99999999999999645, 0.000000000000000000, 0.000000000000000000 ) ) ;
#372 = DIRECTION ( 'NONE',  ( 1.000000000000000000, 0.000000000000000000, 0.000000000000000000 ) ) ;
#373 = VERTEX_POINT ( 'NONE', #4883 ) ;
#374 = EDGE_CURVE ( 'NONE', #4954, #373, #2535, .T. ) ;
#375 = ORIENTED_EDGE ( 'NONE', *, *, #3437, .T. ) ;
#376 = CARTESIAN_POINT ( 'NONE',  ( 10.00000000000000000, 3.673940397442060361E-16, -3.000000000000000444 ) ) ;
#377 = CIRCLE ( 'NONE', #925, 2.000000000000001776 ) ;
#378 = ADVANCED_FACE ( 'NONE', ( #1820 ), #3524, .F. ) ;
#379 = ORIENTED_EDGE ( 'NONE', *, *, #35, .T. ) ;
#380 = PERSON_AND_ORGANIZATION ( #1916, #341 ) ;
#381 = DIRECTION ( 'NONE',  ( 8.881784197001254296E-16, 0.000000000000000000, -1.000000000000000000 ) ) ;
#382 = ORIENTED_EDGE ( 'NONE', *, *, #1386, .T. ) ;
#383 = CARTESIAN_POINT ( 'NONE',  ( 13.00000000000002487, 0.000000000000000000, 0.000000000000000000 ) ) ;
#384 = DIRECTION ( 'NONE',  ( 1.000000000000000000, -0.000000000000000000, -0.000000000000000000 ) ) ;
#385 = ORIENTED_EDGE ( 'NONE', *, *, #3079, .T. ) ;
#386 = VECTOR ( 'NONE', #5436, 1000.000000000000000 ) ;
#387 = VERTEX_POINT ( 'NONE', #3547 ) ;
#388 = CARTESIAN_POINT ( 'NONE',  ( -16.31644489767901263, -17.52971900545513861, 4.000000000000000000 ) ) ;
#389 = DIRECTION ( 'NONE',  ( 0.000000000000000000, 1.000000000000000000, 0.000000000000000000 ) ) ;
#390 = DIRECTION ( 'NONE',  ( 0.000000000000000000, 0.000000000000000000, -1.000000000000000000 ) ) ;
#391 = AXIS2_PLACEMENT_3D ( 'NONE', #5627, #3040, #2137 ) ;
#392 = AXIS2_PLACEMENT_3D ( 'NONE', #2808, #155, #2754 ) ;
#393 = DIRECTION ( 'NONE',  ( -1.000000000000000000, -0.000000000000000000, -0.000000000000000000 ) ) ;
#394 = CARTESIAN_POINT ( 'NONE',  ( 13.99999999999999645, 0.000000000000000000, 0.000000000000000000 ) ) ;
#395 = DIRECTION ( 'NONE',  ( 0.000000000000000000, 0.000000000000000000, 1.000000000000000000 ) ) ;
#396 = AXIS2_PLACEMENT_3D ( 'NONE', #4725, #1246, #5212 ) ;
#397 = VECTOR ( 'NONE', #1478, 1000.000000000000000 ) ;
#398 = CARTESIAN_POINT ( 'NONE',  ( -15.53241216860690344, 46.00000000000000000, 19.03235765329062801 ) ) ;
#400 = EDGE_LOOP ( 'NONE', ( #4900, #643, #2391, #3206, #1875, #4965, #2240, #4111 ) ) ;
#399 = EDGE_CURVE ( 'NONE', #3955, #3678, #2666, .T. ) ;
#401 = EDGE_CURVE ( 'NONE', #4874, #5193, #1226, .T. ) ;
#402 = VECTOR ( 'NONE', #3353, 1000.000000000000000 ) ;
#403 = ORIENTED_EDGE ( 'NONE', *, *, #3438, .F. ) ;
#404 = DIRECTION ( 'NONE',  ( 0.000000000000000000, 0.000000000000000000, -1.000000000000000000 ) ) ;
#405 = VECTOR ( 'NONE', #2632, 1000.000000000000000 ) ;
#406 = AXIS2_PLACEMENT_3D ( 'NONE', #5506, #1513, #1825 ) ;
#407 = EDGE_CURVE ( 'NONE', #952, #238, #2435, .T. ) ;
#408 = AXIS2_PLACEMENT_3D ( 'NONE', #4360, #3488, #5663 ) ;
#409 = AXIS2_PLACEMENT_3D ( 'NONE', #2950, #732, #2511 ) ;
#410 = ORIENTED_EDGE ( 'NONE', *, *, #2044, .T. ) ;
#411 = DATE_AND_TIME ( #2191, #4069 ) ;
#412 = DIRECTION ( 'NONE',  ( 1.000000000000000000, -0.000000000000000000, -0.000000000000000000 ) ) ;
#413 = EDGE_LOOP ( 'NONE', ( #1473, #2484, #534, #2194 ) ) ;
#414 = CARTESIAN_POINT ( 'NONE',  ( 3.560400430932622040, 38.73737656801085194, 17.49519221630683674 ) ) ;
#415 = DIRECTION ( 'NONE',  ( 0.000000000000000000, 0.000000000000000000, 1.000000000000000000 ) ) ;
#416 = CIRCLE ( 'NONE', #3117, 2.000000000000001776 ) ;
#417 = ORIENTED_EDGE ( 'NONE', *, *, #3566, .F. ) ;
#418 = EDGE_LOOP ( 'NONE', ( #4928, #4346, #4192, #3155 ) ) ;
#419 = CARTESIAN_POINT ( 'NONE',  ( -30.00000000000000000, -30.00000000000000000, -5.000000000000000000 ) ) ;
#420 = CARTESIAN_POINT ( 'NONE',  ( 0.000000000000000000, 40.00000000000000000, 12.06471530658119384 ) ) ;
#421 = DIRECTION ( 'NONE',  ( 0.000000000000000000, 0.000000000000000000, 1.000000000000000000 ) ) ;
#422 = DIRECTION ( 'NONE',  ( 1.000000000000000000, -0.000000000000000000, 0.000000000000000000 ) ) ;
#423 = DIRECTION ( 'NONE',  ( -1.000000000000000000, 0.000000000000000000, -0.000000000000000000 ) ) ;
#424 = VECTOR ( 'NONE', #5294, 1000.000000000000000 ) ;
#425 = B_SPLINE_CURVE_WITH_KNOTS ( 'NONE', 3,
 ( #2881, #1067, #609, #5562, #3352, #196, #4258, #3732, #2067, #4285, #726, #2856, #663, #5500, #635, #5066, #2042, #2411, #5120, #4195, #5588, #285, #3764, #5094, #1592, #2912, #1091, #2476 ),
 .UNSPECIFIED., .F., .F.,
 ( 4, 2, 2, 2, 2, 2, 2, 2, 2, 2, 2, 2, 2, 4 ),
 ( 0.008195317251463329900, 0.008594615903772235763, 0.008993914556081141626, 0.009393213208390047489, 0.009792511860698953352, 0.01059110916531676161, 0.01099040781762566574, 0.01138970646993456987, 0.01178900512224347399, 0.01218830377455237812, 0.01298690107917018811, 0.01338619973147909051, 0.01378549838378799464, 0.01458409568840580289 ),
 .UNSPECIFIED. ) ;
#426 = CARTESIAN_POINT ( 'NONE',  ( 11.92546950110327941, 16.71448917956968572, -30.95034448157385754 ) ) ;
#427 = CYLINDRICAL_SURFACE ( 'NONE', #4100, 11.50000000000000000 ) ;
#428 = ORIENTED_EDGE ( 'NONE', *, *, #5057, .T. ) ;
#429 = APPLICATION_CONTEXT ( 'configuration controlled 3d designs of mechanical parts and assemblies' ) ;
#430 = CIRCLE ( 'NONE', #4628, 2.000000000000001776 ) ;
#431 = PRODUCT_DEFINITION ( 'UNKNOWN', '', #2478, #1454 ) ;
#432 = EDGE_CURVE ( 'NONE', #3879, #1816, #4478, .T. ) ;
#433 = ORIENTED_EDGE ( 'NONE', *, *, #5410, .T. ) ;
#434 = CARTESIAN_POINT ( 'NONE',  ( -15.00000000000000000, 0.000000000000000000, 0.000000000000000000 ) ) ;
#435 = APPROVAL_PERSON_ORGANIZATION ( #871, #3468, #4901 ) ;
#436 = ORIENTED_EDGE ( 'NONE', *, *, #1544, .T. ) ;
#437 = ADVANCED_FACE ( 'NONE', ( #5292 ), #829, .T. ) ;
#438 = ORIENTED_EDGE ( 'NONE', *, *, #4253, .F. ) ;
#439 = APPROVAL_STATUS ( 'not_yet_approved' ) ;
#440 = FACE_OUTER_BOUND ( 'NONE', #3403, .T. ) ;
#441 = VERTEX_POINT ( 'NONE', #476 ) ;
#442 = CARTESIAN_POINT ( 'NONE',  ( 0.000000000000000000, 40.00000000000000000, 12.06471530658119384 ) ) ;
#443 = DIRECTION ( 'NONE',  ( -1.000000000000000000, 0.000000000000000000, 0.000000000000000000 ) ) ;
#444 = EDGE_CURVE ( 'NONE', #3130, #4121, #2257, .T. ) ;
#445 = ORIENTED_EDGE ( 'NONE', *, *, #3072, .T. ) ;
#446 = DIRECTION ( 'NONE',  ( 0.000000000000000000, 0.000000000000000000, -1.000000000000000000 ) ) ;
#447 = ORIENTED_EDGE ( 'NONE', *, *, #1125, .T. ) ;
#448 = DIRECTION ( 'NONE',  ( 0.000000000000000000, 0.000000000000000000, 1.000000000000000000 ) ) ;
#449 = LINE ( 'NONE', #3052, #3265 ) ;
#450 = LINE ( 'NONE', #5314, #3003 ) ;
#451 = DIRECTION ( 'NONE',  ( 1.000000000000000000, 0.000000000000000000, 0.000000000000000000 ) ) ;
#452 = CARTESIAN_POINT ( 'NONE',  ( 10.99999999999999645, -31.97071371987383870, -1.368745499306162738 ) ) ;
#453 = CARTESIAN_POINT ( 'NONE',  ( 13.00000000000002487, -16.71448917956946190, 28.95034448157397833 ) ) ;
#454 = DIRECTION ( 'NONE',  ( 0.000000000000000000, 0.000000000000000000, -1.000000000000000000 ) ) ;
#455 = ORIENTED_EDGE ( 'NONE', *, *, #2150, .T. ) ;
#456 = ORIENTED_EDGE ( 'NONE', *, *, #231, .T. ) ;
#457 = CARTESIAN_POINT ( 'NONE',  ( 11.93488257301923738, -18.46854177014017750, -29.91122923507494846 ) ) ;
#458 = DIRECTION ( 'NONE',  ( 1.000000000000000000, 0.000000000000000000, 0.000000000000000000 ) ) ;
#459 = ORIENTED_EDGE ( 'NONE', *, *, #4543, .T. ) ;
#460 = EDGE_CURVE ( 'NONE', #4549, #1863, #202, .T. ) ;
#461 = VERTEX_POINT ( 'NONE', #2288 ) ;
#462 = COORDINATED_UNIVERSAL_TIME_OFFSET ( 5, 30, .AHEAD. ) ;
#463 = DIRECTION ( 'NONE',  ( -1.000000000000000000, 0.000000000000000000, -0.000000000000000000 ) ) ;
#464 = CIRCLE ( 'NONE', #1204, 30.00000000000000000 ) ;
#465 = ORIENTED_EDGE ( 'NONE', *, *, #4822, .F. ) ;
#466 = CIRCLE ( 'NONE', #1953, 11.50000000000000000 ) ;
#467 = CARTESIAN_POINT ( 'NONE',  ( 25.85528960709137891, 26.81754148567247142, 0.000000000000000000 ) ) ;
#468 = DIRECTION ( 'NONE',  ( 1.000000000000000000, -0.000000000000000000, -0.000000000000000000 ) ) ;
#469 = EDGE_CURVE ( 'NONE', #649, #5761, #72, .T. ) ;
#470 = ADVANCED_FACE ( 'NONE', ( #1435 ), #2423, .T. ) ;
#471 = AXIS2_PLACEMENT_3D ( 'NONE', #2058, #2555, #3464 ) ;
#472 = EDGE_LOOP ( 'NONE', ( #4967, #3934 ) ) ;
#473 = ORIENTED_EDGE ( 'NONE', *, *, #2657, .F. ) ;
#474 = DIRECTION ( 'NONE',  ( 1.000000000000000000, 0.000000000000000000, 0.000000000000000000 ) ) ;
#475 = CYLINDRICAL_SURFACE ( 'NONE', #3057, 37.15350152500624858 ) ;
#476 = CARTESIAN_POINT ( 'NONE',  ( -2.961601047463832357E-13, 41.80552003979223485, 10.06471530658119384 ) ) ;
#477 = EDGE_CURVE ( 'NONE', #5423, #1804, #3286, .T. ) ;
#478 = CARTESIAN_POINT ( 'NONE',  ( -15.00000000000000000, 23.66148492442919959, -18.44272569798210526 ) ) ;
#479 = DIRECTION ( 'NONE',  ( 1.000000000000000000, 0.000000000000000000, 0.000000000000000000 ) ) ;
#480 = DIRECTION ( 'NONE',  ( 1.000000000000000000, -0.000000000000000000, 0.000000000000000000 ) ) ;
#481 = DIRECTION ( 'NONE',  ( 0.000000000000000000, 1.000000000000000000, 0.000000000000000000 ) ) ;
#482 = VERTEX_POINT ( 'NONE', #4541 ) ;
#483 = EDGE_CURVE ( 'NONE', #760, #3100, #1500, .T. ) ;
#484 = CIRCLE ( 'NONE', #4214, 12.99999999999999822 ) ;
#485 = AXIS2_PLACEMENT_3D ( 'NONE', #2989, #4303, #4771 ) ;
#486 = ORIENTED_EDGE ( 'NONE', *, *, #2997, .F. ) ;
#487 = LINE ( 'NONE', #4947, #4684 ) ;
#488 = VECTOR ( 'NONE', #1193, 1000.000000000000000 ) ;
#489 = LINE ( 'NONE', #2271, #692 ) ;
#490 = ORIENTED_EDGE ( 'NONE', *, *, #3238, .T. ) ;
#491 = AXIS2_PLACEMENT_3D ( 'NONE', #5616, #2525, #221 ) ;
#492 = AXIS2_PLACEMENT_3D ( 'NONE', #2600, #4876, #33 ) ;
#493 = EDGE_LOOP ( 'NONE', ( #4050, #5334 ) ) ;
#494 = CALENDAR_DATE ( 2026, 8, 7 ) ;
#495 = AXIS2_PLACEMENT_3D ( 'NONE', #5263, #1736, #3522 ) ;
#496 = CYLINDRICAL_SURFACE ( 'NONE', #5132, 3.000000000000000444 ) ;
#497 = VECTOR ( 'NONE', #2013, 1000.000000000000000 ) ;
#498 = EDGE_LOOP ( 'NONE', ( #3816, #3249, #550, #4749 ) ) ;
#499 = CARTESIAN_POINT ( 'NONE',  ( 8.785778021827187700, 17.36237085265844371, 0.000000000000000000 ) ) ;
#500 = CARTESIAN_POINT ( 'NONE',  ( -19.99999999999998934, 0.000000000000000000, 0.000000000000000000 ) ) ;
#501 = AXIS2_PLACEMENT_3D ( 'NONE', #2919, #1638, #266 ) ;
#502 = ORIENTED_EDGE ( 'NONE', *, *, #2189, .T. ) ;
#503 = ADVANCED_FACE ( 'NONE', ( #1462 ), #5459, .F. ) ;
#504 = EDGE_CURVE ( 'NONE', #4354, #3641, #1032, .T. ) ;
#505 = ORIENTED_EDGE ( 'NONE', *, *, #921, .F. ) ;
#506 = DIRECTION ( 'NONE',  ( 1.000000000000000000, 0.000000000000000000, 0.000000000000000000 ) ) ;
#507 = VECTOR ( 'NONE', #918, 1000.000000000000000 ) ;
#508 = ORIENTED_EDGE ( 'NONE', *, *, #4392, .F. ) ;
#509 = DIRECTION ( 'NONE',  ( 0.000000000000000000, 0.000000000000000000, 1.000000000000000000 ) ) ;
#510 = CARTESIAN_POINT ( 'NONE',  ( -28.44100814187985904, -26.23182295088395222, -5.000000000000000000 ) ) ;
#511 = CARTESIAN_POINT ( 'NONE',  ( 15.99999999999999645, 0.000000000000000000, 0.000000000000000000 ) ) ;
#512 = EDGE_CURVE ( 'NONE', #2796, #4518, #1319, .T. ) ;
#513 = DIRECTION ( 'NONE',  ( -0.000000000000000000, -1.000000000000000000, -0.000000000000000000 ) ) ;
#514 = DIRECTION ( 'NONE',  ( 1.000000000000000000, -0.000000000000000000, -0.000000000000000000 ) ) ;
#515 = AXIS2_PLACEMENT_3D ( 'NONE', #1110, #4657, #4218 ) ;
#516 = DIRECTION ( 'NONE',  ( 0.000000000000000000, 1.000000000000000000, 0.000000000000000000 ) ) ;
#517 = CARTESIAN_POINT ( 'NONE',  ( 2.546372920165910332E-15, 46.00000000000000000, 45.00000000000000000 ) ) ;
#518 = VECTOR ( 'NONE', #4112, 1000.000000000000000 ) ;
#519 = EDGE_LOOP ( 'NONE', ( #4334, #3836 ) ) ;
#520 = DIRECTION ( 'NONE',  ( 0.000000000000000000, 0.000000000000000000, -1.000000000000000000 ) ) ;
#521 = CARTESIAN_POINT ( 'NONE',  ( -15.00000000000000000, 0.000000000000000000, 0.000000000000000000 ) ) ;
#522 = VERTEX_POINT ( 'NONE', #1935 ) ;
#523 =( GEOMETRIC_REPRESENTATION_CONTEXT ( 3 ) GLOBAL_UNCERTAINTY_ASSIGNED_CONTEXT ( ( #4260 ) ) GLOBAL_UNIT_ASSIGNED_CONTEXT ( ( #172, #3624, #5018 ) ) REPRESENTATION_CONTEXT ( 'NONE', 'WORKASPACE' ) );
#524 = ORIENTED_EDGE ( 'NONE', *, *, #3079, .F. ) ;
#525 = PERSON_AND_ORGANIZATION ( #1201, #4544 ) ;
#526 = DIRECTION ( 'NONE',  ( -1.000000000000000000, -0.000000000000000000, 0.000000000000000000 ) ) ;
#527 = ORIENTED_EDGE ( 'NONE', *, *, #2651, .F. ) ;
#528 = CARTESIAN_POINT ( 'NONE',  ( -15.00000000000000000, -1.030097166893171936E-13, -30.00000000000000000 ) ) ;
#529 = FACE_OUTER_BOUND ( 'NONE', #1362, .T. ) ;
#530 = APPROVAL_PERSON_ORGANIZATION ( #3179, #5090, #3213 ) ;
#531 = VERTEX_POINT ( 'NONE', #2397 ) ;
#532 = ORIENTED_EDGE ( 'NONE', *, *, #4430, .T. ) ;
#533 = LINE ( 'NONE', #588, #2638 ) ;
#534 = ORIENTED_EDGE ( 'NONE', *, *, #329, .T. ) ;
#535 = CARTESIAN_POINT ( 'NONE',  ( -15.00000000000000000, 18.44272569798235395, 23.66148492442900775 ) ) ;
#536 = DIRECTION ( 'NONE',  ( -1.000000000000000000, 0.000000000000000000, 0.000000000000000000 ) ) ;
#537 = CC_DESIGN_PERSON_AND_ORGANIZATION_ASSIGNMENT ( #525, #1418, ( #1649 ) ) ;
#538 = EDGE_CURVE ( 'NONE', #4761, #3978, #2815, .T. ) ;
#539 = LINE ( 'NONE', #2786, #1915 ) ;
#540 = CARTESIAN_POINT ( 'NONE',  ( -12.28785381107288899, 7.999836097735633977, 34.25039003147995231 ) ) ;
#541 = LINE ( 'NONE', #1022, #5518 ) ;
#542 = CARTESIAN_POINT ( 'NONE',  ( 11.93488257301923738, 18.46854177014104081, -29.91122923507442266 ) ) ;
#543 = ORIENTED_EDGE ( 'NONE', *, *, #5711, .F. ) ;
#544 = EDGE_CURVE ( 'NONE', #373, #2985, #4118, .T. ) ;
#545 = ORIENTED_EDGE ( 'NONE', *, *, #5353, .T. ) ;
#546 = DIRECTION ( 'NONE',  ( 1.000000000000000000, -0.000000000000000000, -0.000000000000000000 ) ) ;
#547 = FACE_BOUND ( 'NONE', #1008, .T. ) ;
#548 = ORIENTED_EDGE ( 'NONE', *, *, #4185, .F. ) ;
#549 = EDGE_CURVE ( 'NONE', #1907, #461, #562, .T. ) ;
#550 = ORIENTED_EDGE ( 'NONE', *, *, #1250, .T. ) ;
#551 = CALENDAR_DATE ( 2026, 8, 7 ) ;
#552 = CARTESIAN_POINT ( 'NONE',  ( 1.616292350237299669, 42.90851078779444094, 13.27209857260115733 ) ) ;
#553 = ORIENTED_EDGE ( 'NONE', *, *, #2589, .F. ) ;
#554 = CARTESIAN_POINT ( 'NONE',  ( 12.97792871239589196, 17.57906405256647275, 30.76272856388604282 ) ) ;
#555 = CARTESIAN_POINT ( 'NONE',  ( 11.86006744787616896, -17.06759629020372770, 30.92711658721344392 ) ) ;
#556 = VERTEX_POINT ( 'NONE', #3774 ) ;
#557 = DATE_TIME_ROLE ( 'creation_date' ) ;
#558 = VERTEX_POINT ( 'NONE', #5512 ) ;
#559 = CARTESIAN_POINT ( 'NONE',  ( 13.99999999999999645, 0.000000000000000000, 0.000000000000000000 ) ) ;
#560 = ORIENTED_EDGE ( 'NONE', *, *, #2996, .T. ) ;
#561 = CARTESIAN_POINT ( 'NONE',  ( 14.76042462694784518, 17.61114606786324188, 32.74454243437281065 ) ) ;
#562 = LINE ( 'NONE', #5076, #4309 ) ;
#563 = VECTOR ( 'NONE', #3878, 1000.000000000000000 ) ;
#564 = VERTEX_POINT ( 'NONE', #4971 ) ;
#565 = CARTESIAN_POINT ( 'NONE',  ( 3.342393339611689979E-15, 46.00000000000000000, 51.50000000000000000 ) ) ;
#566 = CARTESIAN_POINT ( 'NONE',  ( 13.18436255310560234, 4.549991671971520484E-15, -37.15350152500624858 ) ) ;
#567 = DIRECTION ( 'NONE',  ( 0.000000000000000000, 0.000000000000000000, 1.000000000000000000 ) ) ;
#568 = LINE ( 'NONE', #4213, #2714 ) ;
#569 = CC_DESIGN_PERSON_AND_ORGANIZATION_ASSIGNMENT ( #5477, #4618, ( #1604 ) ) ;
#570 = DIRECTION ( 'NONE',  ( 0.000000000000000000, 0.000000000000000000, 1.000000000000000000 ) ) ;
#571 = EDGE_CURVE ( 'NONE', #387, #31, #3309, .T. ) ;
#572 = LINE ( 'NONE', #5496, #5437 ) ;
#573 = EDGE_LOOP ( 'NONE', ( #362, #3808, #5385, #4127 ) ) ;
#574 = CIRCLE ( 'NONE', #4677, 2.000000000000001776 ) ;
#575 = ORIENTED_EDGE ( 'NONE', *, *, #2456, .F. ) ;
#576 = DATE_AND_TIME ( #115, #618 ) ;
#577 = LINE ( 'NONE', #1420, #2434 ) ;
#578 = ADVANCED_FACE ( 'NONE', ( #2341 ), #4094, .F. ) ;
#579 = AXIS2_PLACEMENT_3D ( 'NONE', #434, #3993, #5762 ) ;
#580 = DIRECTION ( 'NONE',  ( 0.000000000000000000, 0.000000000000000000, -1.000000000000000000 ) ) ;
#581 = LINE ( 'NONE', #1392, #397 ) ;
#582 = VECTOR ( 'NONE', #4483, 1000.000000000000000 ) ;
#583 = AXIS2_PLACEMENT_3D ( 'NONE', #2126, #1351, #3527 ) ;
#584 = EDGE_LOOP ( 'NONE', ( #3388, #4283, #3718, #1780 ) ) ;
#585 = DATE_AND_TIME ( #5070, #2759 ) ;
#586 = EDGE_CURVE ( 'NONE', #2706, #897, #3699, .T. ) ;
#587 = ORIENTED_EDGE ( 'NONE', *, *, #2363, .F. ) ;
#588 = CARTESIAN_POINT ( 'NONE',  ( 15.99999999999999645, 4.305062312142049398E-15, -35.15350152500624148 ) ) ;
#589 = EDGE_LOOP ( 'NONE', ( #70, #5320, #3443, #1120 ) ) ;
#590 = CARTESIAN_POINT ( 'NONE',  ( 13.18436255310833438, 29.29880855939615003, 22.84649847499878916 ) ) ;
#591 = DIRECTION ( 'NONE',  ( 1.000000000000000000, -0.000000000000000000, -0.000000000000000000 ) ) ;
#592 = CIRCLE ( 'NONE', #3577, 2.000000000000001776 ) ;
#593 = CARTESIAN_POINT ( 'NONE',  ( -1.250212718812033330, 42.82734294530976626, 13.64783233039258903 ) ) ;
#594 = CIRCLE ( 'NONE', #2736, 15.00000000000000000 ) ;
#595 = CARTESIAN_POINT ( 'NONE',  ( 0.000000000000000000, 46.00000000000000000, 14.06471530658119384 ) ) ;
#596 = DIRECTION ( 'NONE',  ( 0.000000000000000000, 0.000000000000000000, -1.000000000000000000 ) ) ;
#597 = CARTESIAN_POINT ( 'NONE',  ( -16.31644489767901263, -17.52971900545513861, -0.000000000000000000 ) ) ;
#598 = CIRCLE ( 'NONE', #1343, 2.000000000000000444 ) ;
#599 = CARTESIAN_POINT ( 'NONE',  ( 12.99969690997811611, 18.46854177014039422, 29.91122923507481701 ) ) ;
#600 = DIRECTION ( 'NONE',  ( 1.000000000000000000, 0.000000000000000000, 0.000000000000000000 ) ) ;
#601 = ORIENTED_EDGE ( 'NONE', *, *, #974, .F. ) ;
#602 = VECTOR ( 'NONE', #3409, 1000.000000000000000 ) ;
#603 = CC_DESIGN_DATE_AND_TIME_ASSIGNMENT ( #5254, #2136, ( #4573 ) ) ;
#604 = EDGE_CURVE ( 'NONE', #3581, #4173, #3845, .T. ) ;
#605 = ORIENTED_EDGE ( 'NONE', *, *, #2967, .F. ) ;
#606 = PERSON_AND_ORGANIZATION ( #5592, #1746 ) ;
#607 = CARTESIAN_POINT ( 'NONE',  ( 2.000924996371133968, 43.18168580796553613, 12.17837797776436481 ) ) ;
#608 = VECTOR ( 'NONE', #4009, 1000.000000000000000 ) ;
#609 = CARTESIAN_POINT ( 'NONE',  ( -0.2673661185213077052, 40.63721807069043734, 14.05123361648347569 ) ) ;
#610 = CARTESIAN_POINT ( 'NONE',  ( 15.99999999999999645, 0.000000000000000000, 0.000000000000000000 ) ) ;
#611 = ADVANCED_FACE ( 'NONE', ( #4623, #970, #97, #1877, #2783 ), #3690, .T. ) ;
#612 =( GEOMETRIC_REPRESENTATION_CONTEXT ( 3 ) GLOBAL_UNCERTAINTY_ASSIGNED_CONTEXT ( ( #1155 ) ) GLOBAL_UNIT_ASSIGNED_CONTEXT ( ( #4474, #4449, #2200 ) ) REPRESENTATION_CONTEXT ( 'NONE', 'WORKASPACE' ) );
#613 = EDGE_LOOP ( 'NONE', ( #5327, #1113, #728, #328, #5288, #4024, #26, #781 ) ) ;
#614 = APPROVAL_STATUS ( 'not_yet_approved' ) ;
#615 = ORIENTED_EDGE ( 'NONE', *, *, #2463, .T. ) ;
#616 = CARTESIAN_POINT ( 'NONE',  ( -2.999999999999998224, 14.28810658347096840, 8.782733359702522336 ) ) ;
#617 = ORIENTED_EDGE ( 'NONE', *, *, #4788, .T. ) ;
#618 = LOCAL_TIME ( 17, 36, 16.00000000000000000, #4582 ) ;
#619 = CARTESIAN_POINT ( 'NONE',  ( 14.28688219178989982, 27.09659284621163522, 25.42200411338717814 ) ) ;
#620 = CARTESIAN_POINT ( 'NONE',  ( 11.89657015946949237, -35.23145936350226748, -0.8850671313831944831 ) ) ;
#621 = ADVANCED_FACE ( 'NONE', ( #1550 ), #1574, .T. ) ;
#622 = ORIENTED_EDGE ( 'NONE', *, *, #1751, .F. ) ;
#623 = DIRECTION ( 'NONE',  ( 1.000000000000000000, 0.000000000000000000, -0.000000000000000000 ) ) ;
#624 = FACE_BOUND ( 'NONE', #3432, .T. ) ;
#625 = CARTESIAN_POINT ( 'NONE',  ( 7.094027214448808421E-16, 48.00000000000000000, 30.00000000000000000 ) ) ;
#626 = DIRECTION ( 'NONE',  ( -1.000000000000000000, -0.000000000000000000, 0.000000000000000000 ) ) ;
#627 = PRODUCT_DEFINITION_SHAPE ( 'NONE', 'NONE',  #5766 ) ;
#628 = DIRECTION ( 'NONE',  ( 0.000000000000000000, 0.000000000000000000, -1.000000000000000000 ) ) ;
#629 = CYLINDRICAL_SURFACE ( 'NONE', #876, 37.15350152500624858 ) ;
#630 = ORIENTED_EDGE ( 'NONE', *, *, #5004, .F. ) ;
#631 = ORIENTED_EDGE ( 'NONE', *, *, #4904, .T. ) ;
#632 = CARTESIAN_POINT ( 'NONE',  ( -2.999999999999999112, 23.66148492442919959, -18.44272569798210526 ) ) ;
#633 = CIRCLE ( 'NONE', #3909, 0.9999999999999731326 ) ;
#634 = EDGE_CURVE ( 'NONE', #4079, #1410, #3397, .T. ) ;
#635 = CARTESIAN_POINT ( 'NONE',  ( -2.001150154376310386, 41.07940317896152749, 12.17370747957976818 ) ) ;
#636 = DIRECTION ( 'NONE',  ( 1.000000000000000000, 0.000000000000000000, 0.000000000000000000 ) ) ;
#637 = EDGE_LOOP ( 'NONE', ( #2887, #4566, #36, #4988 ) ) ;
#638 = APPROVAL_ROLE ( '' ) ;
#639 = DIRECTION ( 'NONE',  ( 0.000000000000000000, 0.000000000000000000, -1.000000000000000000 ) ) ;
#640 = ORIENTED_EDGE ( 'NONE', *, *, #5279, .F. ) ;
#641 = CARTESIAN_POINT ( 'NONE',  ( -30.00000000000000000, 30.00000000000000000, 0.000000000000000000 ) ) ;
#642 = EDGE_CURVE ( 'NONE', #4864, #3462, #331, .T. ) ;
#644 = EDGE_CURVE ( 'NONE', #2129, #1497, #2077, .T. ) ;
#643 = ORIENTED_EDGE ( 'NONE', *, *, #2011, .F. ) ;
#645 = LINE ( 'NONE', #1518, #488 ) ;
#646 = CARTESIAN_POINT ( 'NONE',  ( 11.82310437012311688, -35.40382014335668970, -0.3657022707739019940 ) ) ;
#647 = CIRCLE ( 'NONE', #4383, 12.99999999999999822 ) ;
#648 = CARTESIAN_POINT ( 'NONE',  ( -15.53241216860690344, 50.00000000000000000, 23.03235765329063156 ) ) ;
#649 = VERTEX_POINT ( 'NONE', #2141 ) ;
#650 = DIRECTION ( 'NONE',  ( 0.000000000000000000, 0.7071067811865487940, 0.7071067811865462405 ) ) ;
#651 = EDGE_CURVE ( 'NONE', #272, #2650, #5514, .T. ) ;
#652 = CIRCLE ( 'NONE', #3269, 11.50000000000000000 ) ;
#653 = CARTESIAN_POINT ( 'NONE',  ( 13.99999999999999645, -17.17072523365179748, 27.00307750887727565 ) ) ;
#654 = CARTESIAN_POINT ( 'NONE',  ( -15.00000000000000000, 7.144053291735484201, 4.391366679851261168 ) ) ;
#655 = DIRECTION ( 'NONE',  ( -0.000000000000000000, 1.000000000000000000, 1.224646799147353207E-16 ) ) ;
#656 = CARTESIAN_POINT ( 'NONE',  ( 7.094027214448808421E-16, 0.000000000000000000, 0.000000000000000000 ) ) ;
#657 = EDGE_CURVE ( 'NONE', #3367, #2854, #1505, .T. ) ;
#658 = FACE_OUTER_BOUND ( 'NONE', #992, .T. ) ;
#659 = VERTEX_POINT ( 'NONE', #240 ) ;
#660 = AXIS2_PLACEMENT_3D ( 'NONE', #2762, #2699, #16 ) ;
#661 = ORIENTED_EDGE ( 'NONE', *, *, #5129, .F. ) ;
#662 = DIRECTION ( 'NONE',  ( 0.000000000000000000, -0.8660254037844327124, -0.5000000000000105471 ) ) ;
#663 = CARTESIAN_POINT ( 'NONE',  ( -1.943207766346999321, 40.97372459703542091, 12.55523059140362463 ) ) ;
#664 = CARTESIAN_POINT ( 'NONE',  ( 11.89740059331297495, -18.38409134708129855, -30.06538974475274273 ) ) ;
#665 = CIRCLE ( 'NONE', #2639, 16.29999999999999361 ) ;
#666 = ORIENTED_EDGE ( 'NONE', *, *, #930, .T. ) ;
#667 = DATE_AND_TIME ( #1598, #2207 ) ;
#668 = AXIS2_PLACEMENT_3D ( 'NONE', #2406, #546, #3262 ) ;
#669 = DIRECTION ( 'NONE',  ( 0.000000000000000000, 0.000000000000000000, -1.000000000000000000 ) ) ;
#670 = VECTOR ( 'NONE', #4960, 1000.000000000000000 ) ;
#671 = ORIENTED_EDGE ( 'NONE', *, *, #549, .T. ) ;
#672 = LINE ( 'NONE', #5569, #687 ) ;
#673 = VERTEX_POINT ( 'NONE', #706 ) ;
#674 = CARTESIAN_POINT ( 'NONE',  ( 13.22970730613418588, 2.839103425864552221, 37.07160305192331862 ) ) ;
#675 = CARTESIAN_POINT ( 'NONE',  ( 2.301443560336440036E-15, 48.00000000000000000, 43.00000000000000000 ) ) ;
#676 = AXIS2_PLACEMENT_3D ( 'NONE', #3375, #4344, #1145 ) ;
#677 = CIRCLE ( 'NONE', #2268, 30.00000000000000000 ) ;
#678 = ADVANCED_FACE ( 'NONE', ( #2024 ), #735, .T. ) ;
#679 = EDGE_CURVE ( 'NONE', #5763, #2324, #5141, .T. ) ;
#680 = CARTESIAN_POINT ( 'NONE',  ( 13.99999999999999645, -33.42897835913842641, -1.297247899378906055E-13 ) ) ;
#681 = ORIENTED_EDGE ( 'NONE', *, *, #5705, .F. ) ;
#682 = DIRECTION ( 'NONE',  ( 1.000000000000000000, 0.000000000000000000, 0.000000000000000000 ) ) ;
#683 = AXIS2_PLACEMENT_3D ( 'NONE', #1198, #2491, #4273 ) ;
#684 = AXIS2_PLACEMENT_3D ( 'NONE', #4468, #3514, #841 ) ;
#685 = LINE ( 'NONE', #1554, #3642 ) ;
#686 = CARTESIAN_POINT ( 'NONE',  ( -10.43939595695206357, 30.52863904342763490, 22.23846657089102052 ) ) ;
#687 = VECTOR ( 'NONE', #1571, 1000.000000000000000 ) ;
#688 = ADVANCED_FACE ( 'NONE', ( #359 ), #295, .F. ) ;
#689 = DIRECTION ( 'NONE',  ( 0.000000000000000000, 0.000000000000000000, -1.000000000000000000 ) ) ;
#690 = CARTESIAN_POINT ( 'NONE',  ( -15.99999999999999645, 0.000000000000000000, 0.000000000000000000 ) ) ;
#691 = CARTESIAN_POINT ( 'NONE',  ( 3.342393339611689979E-15, 50.00000000000000000, 51.50000000000000000 ) ) ;
#692 = VECTOR ( 'NONE', #1834, 1000.000000000000000 ) ;
#693 = ORIENTED_EDGE ( 'NONE', *, *, #1173, .T. ) ;
#694 = ORIENTED_EDGE ( 'NONE', *, *, #5388, .F. ) ;
#695 = DIRECTION ( 'NONE',  ( -0.000000000000000000, 1.000000000000000000, 0.000000000000000000 ) ) ;
#696 = CARTESIAN_POINT ( 'NONE',  ( -2.999999999999999112, -3.690220038400341629, 29.77217284761373151 ) ) ;
#697 = CARTESIAN_POINT ( 'NONE',  ( -15.00000000000000000, -14.28810658347096840, -8.782733359702522336 ) ) ;
#698 = CIRCLE ( 'NONE', #3414, 32.00000000000000000 ) ;
#699 = ORIENTED_EDGE ( 'NONE', *, *, #3054, .F. ) ;
#700 = PERSON_AND_ORGANIZATION ( #1916, #341 ) ;
#701 = CARTESIAN_POINT ( 'NONE',  ( 12.96525364766048760, 16.66961349092400013, 30.94984096133321927 ) ) ;
#702 = VERTEX_POINT ( 'NONE', #5572 ) ;
#703 = DIRECTION ( 'NONE',  ( 1.000000000000000000, -0.000000000000000000, -0.000000000000000000 ) ) ;
#704 = ORIENTED_EDGE ( 'NONE', *, *, #5600, .F. ) ;
#705 = CARTESIAN_POINT ( 'NONE',  ( 13.00000000000002487, 16.71448917956966085, -26.95034448157385398 ) ) ;
#706 = CARTESIAN_POINT ( 'NONE',  ( 0.000000000000000000, 0.000000000000000000, 3.000000000000000444 ) ) ;
#707 = CIRCLE ( 'NONE', #2014, 15.00000000000000000 ) ;
#708 = ORIENTED_EDGE ( 'NONE', *, *, #4787, .T. ) ;
#709 = DIRECTION ( 'NONE',  ( -0.000000000000000000, -0.000000000000000000, -1.000000000000000000 ) ) ;
#710 = ORIENTED_EDGE ( 'NONE', *, *, #4897, .T. ) ;
#711 = APPROVAL_PERSON_ORGANIZATION ( #3768, #3711, #1158 ) ;
#712 = CARTESIAN_POINT ( 'NONE',  ( 11.93488257301923738, -16.66961349092377986, -30.94984096133333651 ) ) ;
#713 = CARTESIAN_POINT ( 'NONE',  ( -2.999999999999999112, 1.821819229026994114, -11.35477761546863107 ) ) ;
#715 = CARTESIAN_POINT ( 'NONE',  ( -8.785778021827159279, -17.52971900545513861, 4.000000000000000000 ) ) ;
#714 = CC_DESIGN_DATE_AND_TIME_ASSIGNMENT ( #4492, #2306, ( #3603 ) ) ;
#716 = EDGE_CURVE ( 'NONE', #5763, #659, #4796, .T. ) ;
#717 = PLANE ( 'NONE',  #1537 ) ;
#718 = DIRECTION ( 'NONE',  ( -0.000000000000000000, -0.000000000000000000, -1.000000000000000000 ) ) ;
#719 = DIRECTION ( 'NONE',  ( 1.000000000000000000, -0.000000000000000000, -0.000000000000000000 ) ) ;
#720 = DIRECTION ( 'NONE',  ( 1.000000000000000000, 0.000000000000000000, 0.000000000000000000 ) ) ;
#721 = EDGE_LOOP ( 'NONE', ( #265, #5529 ) ) ;
#722 = EDGE_CURVE ( 'NONE', #335, #3098, #795, .T. ) ;
#723 = EDGE_LOOP ( 'NONE', ( #5100, #3896, #4463, #2440 ) ) ;
#724 = CARTESIAN_POINT ( 'NONE',  ( -1.138400031239194493E-13, 42.42640687119285303, 15.00000000000000000 ) ) ;
#725 = EDGE_CURVE ( 'NONE', #3100, #2562, #763, .T. ) ;
#726 = CARTESIAN_POINT ( 'NONE',  ( -1.763177920460494486, 40.84894365722101384, 13.04379056682541815 ) ) ;
#727 = DIRECTION ( 'NONE',  ( 0.000000000000000000, 0.000000000000000000, -1.000000000000000000 ) ) ;
#728 = ORIENTED_EDGE ( 'NONE', *, *, #3637, .T. ) ;
#729 = DATE_AND_TIME ( #4731, #3791 ) ;
#730 = DIRECTION ( 'NONE',  ( 0.000000000000000000, 1.000000000000000000, 0.000000000000000000 ) ) ;
#731 = EDGE_LOOP ( 'NONE', ( #5171, #3307, #5125, #758 ) ) ;
#732 = DIRECTION ( 'NONE',  ( 1.000000000000000000, 0.000000000000000000, 0.000000000000000000 ) ) ;
#733 = ORIENTED_EDGE ( 'NONE', *, *, #4584, .F. ) ;
#734 = CARTESIAN_POINT ( 'NONE',  ( 13.39640257042733040, 5.636106987762832254, 36.75049059706029908 ) ) ;
#735 = CYLINDRICAL_SURFACE ( 'NONE', #1234, 32.00000000000000000 ) ;
#736 = ORIENTED_EDGE ( 'NONE', *, *, #644, .F. ) ;
#737 = DIRECTION ( 'NONE',  ( 1.000000000000000000, 0.000000000000000000, 0.000000000000000000 ) ) ;
#738 = EDGE_LOOP ( 'NONE', ( #3122, #1460, #1873, #3592 ) ) ;
#739 = CARTESIAN_POINT ( 'NONE',  ( -2.999999999999998224, 16.31354737148743084, -3.892886739489540560 ) ) ;
#740 = DIRECTION ( 'NONE',  ( 0.000000000000000000, 0.000000000000000000, 1.000000000000000000 ) ) ;
#741 = CARTESIAN_POINT ( 'NONE',  ( -15.53241216860690344, 40.00000000000000000, 21.03235765329063156 ) ) ;
#742 = DIRECTION ( 'NONE',  ( -1.000000000000000000, 0.000000000000000000, 0.000000000000000000 ) ) ;
#743 = DIRECTION ( 'NONE',  ( 0.000000000000000000, 0.000000000000000000, 1.000000000000000000 ) ) ;
#744 = CARTESIAN_POINT ( 'NONE',  ( -2.999999999999998224, 0.000000000000000000, 0.000000000000000000 ) ) ;
#745 = DIRECTION ( 'NONE',  ( 0.000000000000000000, 0.000000000000000000, 1.000000000000000000 ) ) ;
#746 = VERTEX_POINT ( 'NONE', #5195 ) ;
#747 = AXIS2_PLACEMENT_3D ( 'NONE', #1855, #4132, #4517 ) ;
#748 = CC_DESIGN_DATE_AND_TIME_ASSIGNMENT ( #3187, #557, ( #1604 ) ) ;
#749 = EDGE_CURVE ( 'NONE', #1371, #897, #858, .T. ) ;
#750 = ORIENTED_EDGE ( 'NONE', *, *, #788, .T. ) ;
#751 = CARTESIAN_POINT ( 'NONE',  ( 12.11985554138551713, 5.774666174113288086, 34.70596426666561030 ) ) ;
#752 = CARTESIAN_POINT ( 'NONE',  ( -15.00000000000000000, -11.35477761546863817, -1.821819229026953257 ) ) ;
#753 = CARTESIAN_POINT ( 'NONE',  ( 15.99999999999999645, -16.71448917956946190, 26.95034448157397478 ) ) ;
#754 = EDGE_CURVE ( 'NONE', #3098, #4503, #3009, .T. ) ;
#755 = ORIENTED_EDGE ( 'NONE', *, *, #4747, .F. ) ;
#756 = APPROVAL_DATE_TIME ( #3389, #2069 ) ;
#757 = CARTESIAN_POINT ( 'NONE',  ( 30.00000000000000000, -30.00000000000000000, -5.000000000000000000 ) ) ;
#758 = ORIENTED_EDGE ( 'NONE', *, *, #4008, .T. ) ;
#759 = LINE ( 'NONE', #2573, #2094 ) ;
#760 = VERTEX_POINT ( 'NONE', #2546 ) ;
#761 = AXIS2_PLACEMENT_3D ( 'NONE', #4859, #2960, #4714 ) ;
#762 = LINE ( 'NONE', #2023, #3196 ) ;
#763 = LINE ( 'NONE', #269, #3944 ) ;
#764 = EDGE_LOOP ( 'NONE', ( #4721, #2779, #1251, #1846, #1050, #3867 ) ) ;
#765 = AXIS2_PLACEMENT_3D ( 'NONE', #5300, #3941, #3086 ) ;
#766 = AXIS2_PLACEMENT_3D ( 'NONE', #3370, #5139, #1141 ) ;
#767 = VERTEX_POINT ( 'NONE', #4361 ) ;
#768 = DIRECTION ( 'NONE',  ( -1.000000000000000000, -0.000000000000000000, -0.000000000000000000 ) ) ;
#769 = VERTEX_POINT ( 'NONE', #2114 ) ;
#770 = CARTESIAN_POINT ( 'NONE',  ( -15.99999999999999645, 0.000000000000000000, -6.000000000000000888 ) ) ;
#771 = CARTESIAN_POINT ( 'NONE',  ( 6.606206968883688191, 40.23364087180326720, 16.51287460947253649 ) ) ;
#772 = CARTESIAN_POINT ( 'NONE',  ( 1.960353772385379403E-15, 39.49683531626299526, 16.99999999999999645 ) ) ;
#773 = CIRCLE ( 'NONE', #857, 11.50000000000000000 ) ;
#774 = AXIS2_PLACEMENT_3D ( 'NONE', #4269, #1672, #4331 ) ;
#775 = DIRECTION ( 'NONE',  ( -0.000000000000000000, 1.000000000000000000, 0.000000000000000000 ) ) ;
#776 = VECTOR ( 'NONE', #1743, 1000.000000000000000 ) ;
#777 = AXIS2_PLACEMENT_3D ( 'NONE', #832, #5349, #5317 ) ;
#778 = DIRECTION ( 'NONE',  ( 0.000000000000000000, 0.000000000000000000, 1.000000000000000000 ) ) ;
#779 = CARTESIAN_POINT ( 'NONE',  ( 13.00000000000002487, 0.000000000000000000, 0.000000000000000000 ) ) ;
#780 = CYLINDRICAL_SURFACE ( 'NONE', #4884, 32.00000000000000000 ) ;
#781 = ORIENTED_EDGE ( 'NONE', *, *, #407, .T. ) ;
#782 = VECTOR ( 'NONE', #1579, 1000.000000000000000 ) ;
#783 = EDGE_LOOP ( 'NONE', ( #4588, #2299 ) ) ;
#784 = CIRCLE ( 'NONE', #1521, 17.99999999999999645 ) ;
#785 = LINE ( 'NONE', #2941, #1973 ) ;
#786 = FACE_BOUND ( 'NONE', #3999, .T. ) ;
#787 = CARTESIAN_POINT ( 'NONE',  ( 7.094027214448808421E-16, 50.00000000000000000, 15.00000000000000000 ) ) ;
#788 = EDGE_CURVE ( 'NONE', #1029, #3367, #3921, .T. ) ;
#789 = ORIENTED_EDGE ( 'NONE', *, *, #1933, .F. ) ;
#790 = PERSON_AND_ORGANIZATION_ROLE ( 'creator' ) ;
#791 = DIRECTION ( 'NONE',  ( -0.000000000000000000, -0.000000000000000000, 1.000000000000000000 ) ) ;
#792 = ORIENTED_EDGE ( 'NONE', *, *, #259, .T. ) ;
#793 = CARTESIAN_POINT ( 'NONE',  ( -15.53241216860684304, 46.00000000000000000, 40.96764234670948213 ) ) ;
#794 = DIRECTION ( 'NONE',  ( 0.000000000000000000, 0.000000000000000000, -1.000000000000000000 ) ) ;
#795 = LINE ( 'NONE', #3429, #4780 ) ;
#796 = ADVANCED_FACE ( 'NONE', ( #2893 ), #4676, .F. ) ;
#797 = ORIENTED_EDGE ( 'NONE', *, *, #1561, .T. ) ;
#798 = DIRECTION ( 'NONE',  ( -0.000000000000000000, -1.000000000000000000, -0.000000000000000000 ) ) ;
#799 = ORIENTED_EDGE ( 'NONE', *, *, #3720, .T. ) ;
#800 = CARTESIAN_POINT ( 'NONE',  ( 2.449293598294706414E-16, 50.00000000000000000, 10.06471530658119384 ) ) ;
#801 = AXIS2_PLACEMENT_3D ( 'NONE', #2152, #5700, #3930 ) ;
#802 = CARTESIAN_POINT ( 'NONE',  ( 11.92701126091843733, -16.70701256138143975, 30.95034448157397122 ) ) ;
#803 = CARTESIAN_POINT ( 'NONE',  ( -25.99999999999999645, 2.991423729867234830E-15, 24.42682846964513033 ) ) ;
#804 = ADVANCED_FACE ( 'NONE', ( #4824 ), #4415, .F. ) ;
#805 = AXIS2_PLACEMENT_3D ( 'NONE', #1196, #5170, #2087 ) ;
#806 = CARTESIAN_POINT ( 'NONE',  ( 11.86569551140417822, 35.30423863359442294, -0.7192184236155135801 ) ) ;
#807 = CARTESIAN_POINT ( 'NONE',  ( -15.99999999999999645, 7.347880794884120722E-16, 6.000000000000000888 ) ) ;
#808 = DIRECTION ( 'NONE',  ( 0.000000000000000000, 0.000000000000000000, -1.000000000000000000 ) ) ;
#809 = DIRECTION ( 'NONE',  ( 0.000000000000000000, 0.000000000000000000, 1.000000000000000000 ) ) ;
#810 = ORIENTED_EDGE ( 'NONE', *, *, #1942, .F. ) ;
#811 = PRODUCT_DEFINITION_FORMATION_WITH_SPECIFIED_SOURCE ( 'ANY', '', #162, .NOT_KNOWN. ) ;
#812 = ORIENTED_EDGE ( 'NONE', *, *, #5740, .F. ) ;
#813 = CARTESIAN_POINT ( 'NONE',  ( -3.109484074115572927, 41.97261893384597897, 15.31926458710585948 ) ) ;
#814 = FACE_BOUND ( 'NONE', #5393, .T. ) ;
#815 = ORIENTED_EDGE ( 'NONE', *, *, #4639, .T. ) ;
#816 = MECHANICAL_CONTEXT ( 'NONE', #1533, 'mechanical' ) ;
#817 = DIRECTION ( 'NONE',  ( 0.000000000000000000, 0.7071067811865487940, 0.7071067811865462405 ) ) ;
#818 = EDGE_CURVE ( 'NONE', #2273, #165, #4385, .T. ) ;
#819 = ORIENTED_EDGE ( 'NONE', *, *, #3318, .F. ) ;
#820 = CARTESIAN_POINT ( 'NONE',  ( 1.841910957588112074, 39.30977774266125380, 17.12289134255671641 ) ) ;
#821 = PLANE ( 'NONE',  #4125 ) ;
#822 = ORIENTED_EDGE ( 'NONE', *, *, #3072, .F. ) ;
#823 = DIRECTION ( 'NONE',  ( 0.000000000000000000, 0.000000000000000000, 1.000000000000000000 ) ) ;
#824 = EDGE_CURVE ( 'NONE', #1098, #952, #4027, .T. ) ;
#825 = ADVANCED_FACE ( 'NONE', ( #3540 ), #929, .F. ) ;
#826 = EDGE_LOOP ( 'NONE', ( #2202, #2915, #693, #3975, #845, #4558 ) ) ;
#827 = DIRECTION ( 'NONE',  ( 0.000000000000000000, -0.000000000000000000, -1.000000000000000000 ) ) ;
#828 = CARTESIAN_POINT ( 'NONE',  ( -15.00000000000000000, 0.000000000000000000, -0.000000000000000000 ) ) ;
#829 = CYLINDRICAL_SURFACE ( 'NONE', #4863, 21.50000000000000000 ) ;
#830 = DIRECTION ( 'NONE',  ( 0.000000000000000000, 0.000000000000000000, -1.000000000000000000 ) ) ;
#831 = EDGE_CURVE ( 'NONE', #1848, #4813, #3195, .T. ) ;
#832 = CARTESIAN_POINT ( 'NONE',  ( -15.00000000000000000, 14.28810658347096840, 8.782733359702522336 ) ) ;
#833 = LINE ( 'NONE', #1767, #5241 ) ;
#834 = CARTESIAN_POINT ( 'NONE',  ( 15.53241216860696561, 46.00000000000000000, 38.96764234670925475 ) ) ;
#835 = ORIENTED_EDGE ( 'NONE', *, *, #5004, .T. ) ;
#836 = ORIENTED_EDGE ( 'NONE', *, *, #5168, .F. ) ;
#837 = CARTESIAN_POINT ( 'NONE',  ( -16.31644489767901263, 17.52971900545513861, 4.000000000000000000 ) ) ;
#838 = CIRCLE ( 'NONE', #2413, 32.00000000000000000 ) ;
#839 = ORIENTED_EDGE ( 'NONE', *, *, #544, .F. ) ;
#840 = CALENDAR_DATE ( 2026, 8, 7 ) ;
#841 = DIRECTION ( 'NONE',  ( 0.000000000000000000, 0.000000000000000000, -1.000000000000000000 ) ) ;
#842 = VERTEX_POINT ( 'NONE', #2225 ) ;
#843 = CARTESIAN_POINT ( 'NONE',  ( 3.142947333862425641, 38.90953148308348375, 17.38379807579692837 ) ) ;
#844 = DIRECTION ( 'NONE',  ( 1.000000000000000000, 0.000000000000000000, 0.000000000000000000 ) ) ;
#845 = ORIENTED_EDGE ( 'NONE', *, *, #1803, .T. ) ;
#846 = CIRCLE ( 'NONE', #1787, 6.000000000000000888 ) ;
#847 = EDGE_LOOP ( 'NONE', ( #2223, #23, #3911, #353, #5445, #5629, #4388, #2662, #3085, #2119, #3849, #2614, #3192, #2769, #5152, #4978, #5229, #1665, #3091 ) ) ;
#848 = CARTESIAN_POINT ( 'NONE',  ( -1.138400031239194493E-13, 42.42640687119285303, 15.00000000000000000 ) ) ;
#849 = DIRECTION ( 'NONE',  ( 0.000000000000000000, 1.000000000000000000, 0.000000000000000000 ) ) ;
#850 = DIRECTION ( 'NONE',  ( -0.000000000000000000, 1.000000000000000000, 0.000000000000000000 ) ) ;
#851 = AXIS2_PLACEMENT_3D ( 'NONE', #2508, #1253, #817 ) ;
#852 = EDGE_CURVE ( 'NONE', #3879, #5760, #3753, .T. ) ;
#853 = AXIS2_PLACEMENT_3D ( 'NONE', #4182, #1048, #3717 ) ;
#854 = CARTESIAN_POINT ( 'NONE',  ( 13.00000000000002487, -17.17072523365179748, 27.00307750887727565 ) ) ;
#855 = FACE_OUTER_BOUND ( 'NONE', #356, .T. ) ;
#856 = DIRECTION ( 'NONE',  ( 1.000000000000000000, -0.000000000000000000, -0.000000000000000000 ) ) ;
#857 = AXIS2_PLACEMENT_3D ( 'NONE', #4814, #5587, #5680 ) ;
#858 = CIRCLE ( 'NONE', #951, 35.15350152500624148 ) ;
#859 = DIRECTION ( 'NONE',  ( 0.000000000000000000, 0.000000000000000000, 1.000000000000000000 ) ) ;
#860 = DIRECTION ( 'NONE',  ( 0.000000000000000000, 0.000000000000000000, -1.000000000000000000 ) ) ;
#861 = EDGE_CURVE ( 'NONE', #2275, #5, #2439, .T. ) ;
#862 = CIRCLE ( 'NONE', #4686, 3.000000000000000444 ) ;
#863 = AXIS2_PLACEMENT_3D ( 'NONE', #5235, #4807, #2640 ) ;
#864 = ORIENTED_EDGE ( 'NONE', *, *, #2218, .F. ) ;
#865 = FACE_OUTER_BOUND ( 'NONE', #3869, .T. ) ;
#866 = CIRCLE ( 'NONE', #1236, 37.15350152500624858 ) ;
#867 = ORIENTED_EDGE ( 'NONE', *, *, #4580, .T. ) ;
#868 = ADVANCED_FACE ( 'NONE', ( #2280 ), #821, .F. ) ;
#869 = AXIS2_PLACEMENT_3D ( 'NONE', #4949, #3453, #22 ) ;
#870 = ORIENTED_EDGE ( 'NONE', *, *, #2681, .F. ) ;
#871 = PERSON_AND_ORGANIZATION ( #1916, #341 ) ;
#872 = FACE_OUTER_BOUND ( 'NONE', #5555, .T. ) ;
#873 = ORIENTED_EDGE ( 'NONE', *, *, #3818, .T. ) ;
#874 = FACE_OUTER_BOUND ( 'NONE', #4358, .T. ) ;
#875 = CARTESIAN_POINT ( 'NONE',  ( 13.99999999999999645, 0.000000000000000000, 0.000000000000000000 ) ) ;
#876 = AXIS2_PLACEMENT_3D ( 'NONE', #1496, #3907, #5239 ) ;
#877 = EDGE_LOOP ( 'NONE', ( #3266, #4946 ) ) ;
#878 = CARTESIAN_POINT ( 'NONE',  ( 15.99999999999999645, -33.42897835913842641, -2.000000000000130118 ) ) ;
#879 = VERTEX_POINT ( 'NONE', #3043 ) ;
#880 = CARTESIAN_POINT ( 'NONE',  ( -15.00000000000000000, -16.31354737148740242, 3.892886739489654246 ) ) ;
#881 = CARTESIAN_POINT ( 'NONE',  ( -15.00000000000000000, 0.000000000000000000, 0.000000000000000000 ) ) ;
#882 = DIRECTION ( 'NONE',  ( 0.000000000000000000, -0.7071067811865536790, -0.7071067811865413555 ) ) ;
#883 = AXIS2_PLACEMENT_3D ( 'NONE', #2710, #1368, #3679 ) ;
#884 = CYLINDRICAL_SURFACE ( 'NONE', #4989, 35.15350152500624148 ) ;
#885 = DIRECTION ( 'NONE',  ( 1.000000000000000000, 0.000000000000000000, 0.000000000000000000 ) ) ;
#886 = CIRCLE ( 'NONE', #4156, 2.000000000000001776 ) ;
#887 = CARTESIAN_POINT ( 'NONE',  ( 15.53241216860696561, 40.00000000000000000, 38.96764234670925475 ) ) ;
#888 = EDGE_CURVE ( 'NONE', #5188, #1897, #1979, .T. ) ;
#889 = DIRECTION ( 'NONE',  ( 0.000000000000000000, 1.000000000000000000, 0.000000000000000000 ) ) ;
#890 = ORIENTED_EDGE ( 'NONE', *, *, #4798, .T. ) ;
#891 = ORIENTED_EDGE ( 'NONE', *, *, #4110, .F. ) ;
#892 = CARTESIAN_POINT ( 'NONE',  ( 1.418805442889761684E-15, 50.00000000000000000, 47.93528469341880083 ) ) ;
#893 = EDGE_CURVE ( 'NONE', #5193, #3172, #2628, .T. ) ;
#894 = CC_DESIGN_SECURITY_CLASSIFICATION ( #2301, ( #5765 ) ) ;
#895 = CARTESIAN_POINT ( 'NONE',  ( 13.00000000000002487, -14.79998848622252083, 28.37182300818333403 ) ) ;
#896 = VERTEX_POINT ( 'NONE', #5746 ) ;
#897 = VERTEX_POINT ( 'NONE', #2197 ) ;
#898 = COORDINATED_UNIVERSAL_TIME_OFFSET ( 5, 30, .AHEAD. ) ;
#899 = CARTESIAN_POINT ( 'NONE',  ( 10.99999999999999645, -18.46854177014017750, -29.91122923507494846 ) ) ;
#900 = ADVANCED_FACE ( 'NONE', ( #3517 ), #3128, .T. ) ;
#901 = VERTEX_POINT ( 'NONE', #1757 ) ;
#902 = DIRECTION ( 'NONE',  ( -0.000000000000000000, 1.000000000000000000, -0.000000000000000000 ) ) ;
#903 = DIRECTION ( 'NONE',  ( 0.000000000000000000, -1.000000000000000000, 1.042962580648632892E-14 ) ) ;
#904 = ORIENTED_EDGE ( 'NONE', *, *, #4640, .T. ) ;
#905 = CARTESIAN_POINT ( 'NONE',  ( 8.785778021827187700, -17.36237085265844371, 0.000000000000000000 ) ) ;
#906 = EDGE_CURVE ( 'NONE', #3130, #4980, #2907, .T. ) ;
#907 = ORIENTED_EDGE ( 'NONE', *, *, #1063, .F. ) ;
#908 = DIRECTION ( 'NONE',  ( 0.000000000000000000, 0.000000000000000000, -1.000000000000000000 ) ) ;
#909 = DIRECTION ( 'NONE',  ( -0.000000000000000000, 1.000000000000000000, -0.000000000000000000 ) ) ;
#910 = DIRECTION ( 'NONE',  ( 1.000000000000000000, 0.000000000000000000, 0.000000000000000000 ) ) ;
#911 = CARTESIAN_POINT ( 'NONE',  ( -15.99999999999999645, 0.000000000000000000, 0.000000000000000000 ) ) ;
#912 = CARTESIAN_POINT ( 'NONE',  ( -12.12325032095025712, 5.748141353099614825, 34.69935829210563583 ) ) ;
#913 = LINE ( 'NONE', #3502, #582 ) ;
#914 = CARTESIAN_POINT ( 'NONE',  ( 11.93488257301923738, 0.000000000000000000, 0.000000000000000000 ) ) ;
#915 = DIRECTION ( 'NONE',  ( -0.000000000000000000, -0.000000000000000000, 1.000000000000000000 ) ) ;
#916 = ORIENTED_EDGE ( 'NONE', *, *, #4962, .F. ) ;
#917 = DIRECTION ( 'NONE',  ( 1.000000000000000000, 0.000000000000000000, -0.000000000000000000 ) ) ;
#918 = DIRECTION ( 'NONE',  ( 1.000000000000000000, -0.000000000000000000, -0.000000000000000000 ) ) ;
#919 = ORIENTED_EDGE ( 'NONE', *, *, #2298, .T. ) ;
#920 = EDGE_CURVE ( 'NONE', #1018, #1044, #2729, .T. ) ;
#921 = EDGE_CURVE ( 'NONE', #5193, #1972, #2687, .T. ) ;
#922 = ORIENTED_EDGE ( 'NONE', *, *, #4639, .F. ) ;
#923 = CALENDAR_DATE ( 2026, 8, 7 ) ;
#924 = FACE_OUTER_BOUND ( 'NONE', #4893, .T. ) ;
#925 = AXIS2_PLACEMENT_3D ( 'NONE', #2265, #1354, #3143 ) ;
#926 = VERTEX_POINT ( 'NONE', #2249 ) ;
#927 = CARTESIAN_POINT ( 'NONE',  ( 12.99969690997811611, 18.46854177014039422, 29.91122923507481701 ) ) ;
#928 = AXIS2_PLACEMENT_3D ( 'NONE', #5285, #2140, #4843 ) ;
#929 = CYLINDRICAL_SURFACE ( 'NONE', #5050, 16.29999999999999361 ) ;
#930 = EDGE_CURVE ( 'NONE', #1371, #3175, #1596, .T. ) ;
#931 = EDGE_LOOP ( 'NONE', ( #922, #4382, #2859, #2308 ) ) ;
#932 = ORIENTED_EDGE ( 'NONE', *, *, #477, .T. ) ;
#933 = LINE ( 'NONE', #4591, #1336 ) ;
#934 = DIRECTION ( 'NONE',  ( 1.000000000000000000, 0.000000000000000000, 0.000000000000000000 ) ) ;
#935 = CARTESIAN_POINT ( 'NONE',  ( 12.96525364766048760, 16.66961349092400013, 30.94984096133321927 ) ) ;
#936 = CLOSED_SHELL ( 'NONE', ( #1529, #5468, #2255, #1357, #3408, #4087, #5521, #2264, #1854, #1770, #900, #1764, #5024, #4533, #3226, #3650, #825, #188, #470, #2193, #2183, #4656, #4178, #3995, #4728, #1069, #4670, #5718, #5747, #3115, #4041, #2818, #1103, #2608, #5127, #3552, #3004, #1830, #1136, #3470, #3785, #5096, #5213, #4716, #2925, #2471, #3538, #3877 ) ) ;
#937 = APPLICATION_CONTEXT ( 'configuration controlled 3d designs of mechanical parts and assemblies' ) ;
#938 = CARTESIAN_POINT ( 'NONE',  ( -15.00000000000000000, -1.821819229026914400, 11.35477761546864528 ) ) ;
#939 = CARTESIAN_POINT ( 'NONE',  ( -13.00359777476862178, 17.60566138843037720, 30.44872942501462632 ) ) ;
#940 = FACE_OUTER_BOUND ( 'NONE', #5036, .T. ) ;
#941 = CYLINDRICAL_SURFACE ( 'NONE', #5585, 17.99999999999999645 ) ;
#942 = EDGE_LOOP ( 'NONE', ( #4790, #2482, #5481, #4107 ) ) ;
#943 = VECTOR ( 'NONE', #4804, 1000.000000000000000 ) ;
#944 = AXIS2_PLACEMENT_3D ( 'NONE', #5325, #2188, #4048 ) ;
#945 = AXIS2_PLACEMENT_3D ( 'NONE', #1791, #5344, #1348 ) ;
#946 = ORIENTED_EDGE ( 'NONE', *, *, #818, .T. ) ;
#947 = CARTESIAN_POINT ( 'NONE',  ( 15.99999999999999645, 0.000000000000000000, 37.15350152500624858 ) ) ;
#948 = CARTESIAN_POINT ( 'NONE',  ( -15.00000000000000000, -9.317260981704132305, 6.740819519822033534 ) ) ;
#949 = ORIENTED_EDGE ( 'NONE', *, *, #3177, .T. ) ;
#950 = AXIS2_PLACEMENT_3D ( 'NONE', #4857, #856, #4833 ) ;
#951 = AXIS2_PLACEMENT_3D ( 'NONE', #5599, #3832, #1608 ) ;
#952 = VERTEX_POINT ( 'NONE', #170 ) ;
#953 = DATE_AND_TIME ( #923, #3050 ) ;
#954 = AXIS2_PLACEMENT_3D ( 'NONE', #5434, #134, #2345 ) ;
#955 = CARTESIAN_POINT ( 'NONE',  ( -15.00000000000000000, -8.782733359702373122, 14.28810658347105900 ) ) ;
#956 = VECTOR ( 'NONE', #4755, 1000.000000000000000 ) ;
#957 = ORIENTED_EDGE ( 'NONE', *, *, #2125, .T. ) ;
#958 = ADVANCED_FACE ( 'NONE', ( #529 ), #2361, .F. ) ;
#959 = DIRECTION ( 'NONE',  ( 0.000000000000000000, 0.000000000000000000, -1.000000000000000000 ) ) ;
#960 = CYLINDRICAL_SURFACE ( 'NONE', #1601, 2.000000000000000000 ) ;
#961 = AXIS2_PLACEMENT_3D ( 'NONE', #3306, #1957, #1515 ) ;
#962 = ORIENTED_EDGE ( 'NONE', *, *, #4679, .T. ) ;
#963 = PERSON_AND_ORGANIZATION ( #1916, #341 ) ;
#964 = VERTEX_POINT ( 'NONE', #3183 ) ;
#965 = CYLINDRICAL_SURFACE ( 'NONE', #4974, 32.00000000000000000 ) ;
#966 = CIRCLE ( 'NONE', #5347, 32.00000000000000000 ) ;
#968 = ADVANCED_FACE ( 'NONE', ( #3649 ), #960, .F. ) ;
#967 = EDGE_LOOP ( 'NONE', ( #615, #3703, #587, #4801 ) ) ;
#969 = FACE_OUTER_BOUND ( 'NONE', #4491, .T. ) ;
#970 = FACE_BOUND ( 'NONE', #2957, .T. ) ;
#971 = CYLINDRICAL_SURFACE ( 'NONE', #1352, 16.29999999999999361 ) ;
#972 = CARTESIAN_POINT ( 'NONE',  ( -30.00000000000000000, -30.00000000000000000, -5.000000000000000000 ) ) ;
#973 = CARTESIAN_POINT ( 'NONE',  ( 11.93488257301923738, -35.13815526106476739, -1.038611726258547252 ) ) ;
#974 = EDGE_CURVE ( 'NONE', #83, #4375, #5450, .T. ) ;
#975 = CIRCLE ( 'NONE', #5354, 2.000000000000001776 ) ;
#976 = DIRECTION ( 'NONE',  ( 1.000000000000000000, 0.000000000000000000, 0.000000000000000000 ) ) ;
#977 = ORIENTED_EDGE ( 'NONE', *, *, #3610, .F. ) ;
#978 = AXIS2_PLACEMENT_3D ( 'NONE', #1321, #1350, #1375 ) ;
#979 = ORIENTED_EDGE ( 'NONE', *, *, #5628, .F. ) ;
#980 = FACE_OUTER_BOUND ( 'NONE', #5149, .T. ) ;
#981 = EDGE_CURVE ( 'NONE', #78, #3322, #1424, .T. ) ;
#982 = DIRECTION ( 'NONE',  ( -1.000000000000000000, 0.000000000000000000, 0.000000000000000000 ) ) ;
#983 = ORIENTED_EDGE ( 'NONE', *, *, #1758, .F. ) ;
#984 = CARTESIAN_POINT ( 'NONE',  ( 15.99999999999999645, 16.71448917956903557, 26.95034448157421991 ) ) ;
#985 = CC_DESIGN_APPROVAL ( #1644, ( #4573 ) ) ;
#986 = ORIENTED_EDGE ( 'NONE', *, *, #5705, .T. ) ;
#987 = CONTEXT_DEPENDENT_SHAPE_REPRESENTATION ( #2032, #627 ) ;
#988 = CARTESIAN_POINT ( 'NONE',  ( 1.514549087221035428, 43.61803184280697820, 10.75213533599356808 ) ) ;
#989 = ORIENTED_EDGE ( 'NONE', *, *, #1836, .T. ) ;
#990 = CARTESIAN_POINT ( 'NONE',  ( 13.00000000000002487, 17.17072523365140313, 27.00307750887752434 ) ) ;
#991 = CARTESIAN_POINT ( 'NONE',  ( -15.00000000000000000, 11.50000000000000000, -1.569924745759010420E-13 ) ) ;
#992 = EDGE_LOOP ( 'NONE', ( #4063, #812 ) ) ;
#993 = ORIENTED_EDGE ( 'NONE', *, *, #3121, .F. ) ;
#994 = CARTESIAN_POINT ( 'NONE',  ( 23.85528960709137891, -26.23182295088395222, -5.000000000000000000 ) ) ;
#995 = ORIENTED_EDGE ( 'NONE', *, *, #5137, .F. ) ;
#996 = CYLINDRICAL_SURFACE ( 'NONE', #2404, 15.00000000000000000 ) ;
#997 = CARTESIAN_POINT ( 'NONE',  ( 11.93488257301923738, 0.000000000000000000, 0.000000000000000000 ) ) ;
#998 = EDGE_CURVE ( 'NONE', #4820, #171, #1126, .T. ) ;
#999 = EDGE_CURVE ( 'NONE', #3490, #3132, #4113, .T. ) ;
#1000 = DIRECTION ( 'NONE',  ( 0.000000000000000000, 0.000000000000000000, -1.000000000000000000 ) ) ;
#1001 = LINE ( 'NONE', #4160, #1710 ) ;
#1002 = FACE_OUTER_BOUND ( 'NONE', #418, .T. ) ;
#1003 = DIRECTION ( 'NONE',  ( -1.000000000000000000, 0.000000000000000000, 0.000000000000000000 ) ) ;
#1004 = EDGE_CURVE ( 'NONE', #4121, #5719, #1409, .T. ) ;
#1005 = DIRECTION ( 'NONE',  ( 0.000000000000000000, 1.000000000000000000, 0.000000000000000000 ) ) ;
#1006 = CARTESIAN_POINT ( 'NONE',  ( -15.00000000000000000, -8.131727983645337332, -8.131727983645257396 ) ) ;
#1007 = ORIENTED_EDGE ( 'NONE', *, *, #2021, .T. ) ;
#1008 = EDGE_LOOP ( 'NONE', ( #1364, #3727 ) ) ;
#1009 = DIRECTION ( 'NONE',  ( 1.000000000000000000, 0.000000000000000000, -0.000000000000000000 ) ) ;
#1010 = CARTESIAN_POINT ( 'NONE',  ( -30.00000000000000000, 30.00000000000000000, -5.000000000000000000 ) ) ;
#1011 = B_SPLINE_CURVE_WITH_KNOTS ( 'NONE', 3,
 ( #5174, #4244, #1651, #1677, #4713, #1618, #2492, #1171, #2429, #5607, #5201, #3405, #5231, #771, #5109, #2898, #1199, #4682, #5138, #4742, #3344, #4274, #3810, #2122 ),
 .UNSPECIFIED., .F., .F.,
 ( 4, 2, 2, 2, 2, 2, 2, 2, 2, 2, 2, 4 ),
 ( 0.03035002660985126541, 0.03578603552598780962, 0.03714503775502193267, 0.03850403998405606265, 0.04122204444212432262, 0.04258104667115845260, 0.04394004890019258258, 0.04665805335826084255, 0.04801705558729496559, 0.04937605781632910251, 0.05073506004536323249, 0.05209406227439736248 ),
 .UNSPECIFIED. ) ;
#1012 = DIRECTION ( 'NONE',  ( -0.000000000000000000, -0.000000000000000000, 1.000000000000000000 ) ) ;
#1013 = ORIENTED_EDGE ( 'NONE', *, *, #4015, .F. ) ;
#1014 = AXIS2_PLACEMENT_3D ( 'NONE', #420, #909, #1819 ) ;
#1015 = APPLICATION_PROTOCOL_DEFINITION ( 'international standard', 'config_control_design', 1994, #2145 ) ;
#1016 = EDGE_LOOP ( 'NONE', ( #5118, #5570, #5559, #977 ) ) ;
#1017 = DIRECTION ( 'NONE',  ( 0.000000000000000000, 0.000000000000000000, -1.000000000000000000 ) ) ;
#1018 = VERTEX_POINT ( 'NONE', #1926 ) ;
#1019 = CARTESIAN_POINT ( 'NONE',  ( 14.30925306694684274, 13.79249040351640510, 34.52743241867033674 ) ) ;
#1020 = DIRECTION ( 'NONE',  ( 0.000000000000000000, 1.000000000000000000, 0.000000000000000000 ) ) ;
#1021 = CIRCLE ( 'NONE', #2611, 16.29999999999999716 ) ;
#1022 = CARTESIAN_POINT ( 'NONE',  ( 15.53241216860677731, 40.00000000000000000, 19.03235765329041485 ) ) ;
#1023 = DIRECTION ( 'NONE',  ( -0.000000000000000000, -1.000000000000000000, -0.000000000000000000 ) ) ;
#1024 = DIRECTION ( 'NONE',  ( 0.000000000000000000, -0.7071067811865536790, -0.7071067811865413555 ) ) ;
#1025 = EDGE_CURVE ( 'NONE', #2861, #2706, #581, .T. ) ;
#1026 = CARTESIAN_POINT ( 'NONE',  ( 5.999999999999996447, -33.42897835913842641, -2.000000000000130118 ) ) ;
#1027 = AXIS2_PLACEMENT_3D ( 'NONE', #2899, #3696, #3782 ) ;
#1028 = LINE ( 'NONE', #4606, #2099 ) ;
#1029 = VERTEX_POINT ( 'NONE', #991 ) ;
#1030 = EDGE_CURVE ( 'NONE', #1355, #4034, #3660, .T. ) ;
#1031 = AXIS2_PLACEMENT_3D ( 'NONE', #5594, #791, #5190 ) ;
#1032 = CIRCLE ( 'NONE', #392, 35.15350152500624148 ) ;
#1033 = ORIENTED_EDGE ( 'NONE', *, *, #4752, .F. ) ;
#1034 = CARTESIAN_POINT ( 'NONE',  ( 1.020482749944120027, 43.76604471773715943, 10.32455094018151343 ) ) ;
#1035 = CIRCLE ( 'NONE', #5505, 2.000000000000001776 ) ;
#1036 = AXIS2_PLACEMENT_3D ( 'NONE', #3364, #5664, #3014 ) ;
#1037 = EDGE_CURVE ( 'NONE', #3041, #2305, #4940, .T. ) ;
#1038 = DIRECTION ( 'NONE',  ( 0.000000000000000000, 1.000000000000000000, -3.469446951953614978E-15 ) ) ;
#1039 = CARTESIAN_POINT ( 'NONE',  ( -15.53241216860690344, 40.00000000000000000, 21.03235765329063156 ) ) ;
#1040 = DESIGN_CONTEXT ( 'detailed design', #1314, 'design' ) ;
#1041 = CIRCLE ( 'NONE', #1801, 11.50000000000000178 ) ;
#1042 = AXIS2_PLACEMENT_3D ( 'NONE', #2233, #3905, #3140 ) ;
#1043 = ORIENTED_EDGE ( 'NONE', *, *, #2971, .F. ) ;
#1044 = VERTEX_POINT ( 'NONE', #5040 ) ;
#1045 = CARTESIAN_POINT ( 'NONE',  ( 15.98174859208560683, 17.36237085265844371, 0.000000000000000000 ) ) ;
#1046 = VERTEX_POINT ( 'NONE', #4172 ) ;
#1047 = DIRECTION ( 'NONE',  ( 0.000000000000000000, 0.000000000000000000, -1.000000000000000000 ) ) ;
#1048 = DIRECTION ( 'NONE',  ( 0.000000000000000000, 1.000000000000000000, 0.000000000000000000 ) ) ;
#1049 = CIRCLE ( 'NONE', #34, 2.000000000000000444 ) ;
#1050 = ORIENTED_EDGE ( 'NONE', *, *, #4206, .T. ) ;
#1051 = DIRECTION ( 'NONE',  ( 1.000000000000000000, -0.000000000000000000, -0.000000000000000000 ) ) ;
#1052 = AXIS2_PLACEMENT_3D ( 'NONE', #4049, #1191, #2111 ) ;
#1053 = CYLINDRICAL_SURFACE ( 'NONE', #5337, 2.000000000000001776 ) ;
#1054 = CARTESIAN_POINT ( 'NONE',  ( 30.00000000000000000, -30.00000000000000000, 0.000000000000000000 ) ) ;
#1055 = DIRECTION ( 'NONE',  ( 0.000000000000000000, 0.000000000000000000, -1.000000000000000000 ) ) ;
#1056 = VECTOR ( 'NONE', #3348, 1000.000000000000000 ) ;
#1057 = EDGE_CURVE ( 'NONE', #150, #3598, #5501, .T. ) ;
#1058 = DIRECTION ( 'NONE',  ( 0.000000000000000000, 0.000000000000000000, 1.000000000000000000 ) ) ;
#1059 = DIRECTION ( 'NONE',  ( 1.000000000000000000, 0.000000000000000000, 0.000000000000000000 ) ) ;
#1060 = VERTEX_POINT ( 'NONE', #4560 ) ;
#1061 = AXIS2_PLACEMENT_3D ( 'NONE', #2594, #2972, #2096 ) ;
#1062 = EDGE_CURVE ( 'NONE', #1904, #1241, #1325, .T. ) ;
#1063 = EDGE_CURVE ( 'NONE', #4813, #1848, #1610, .T. ) ;
#1064 = ORIENTED_EDGE ( 'NONE', *, *, #161, .T. ) ;
#1065 = CARTESIAN_POINT ( 'NONE',  ( 1.989294133271024778, 43.14652776970986281, 12.30808418327426956 ) ) ;
#1066 = CIRCLE ( 'NONE', #4347, 32.00000000000000000 ) ;
#1067 = CARTESIAN_POINT ( 'NONE',  ( -0.1347587599326417196, 40.63476077627159810, 14.06471530658119384 ) ) ;
#1068 = DIRECTION ( 'NONE',  ( -1.000000000000000000, 0.000000000000000000, 0.000000000000000000 ) ) ;
#1069 = ADVANCED_FACE ( 'NONE', ( #2776 ), #2857, .T. ) ;
#1070 = VERTEX_POINT ( 'NONE', #5121 ) ;
#1071 = APPROVAL_STATUS ( 'not_yet_approved' ) ;
#1072 = CARTESIAN_POINT ( 'NONE',  ( -11.93488257301923738, 0.000000000000000000, 35.15350152500624148 ) ) ;
#1073 = ORIENTED_EDGE ( 'NONE', *, *, #43, .F. ) ;
#1074 = DIRECTION ( 'NONE',  ( 0.000000000000000000, 0.000000000000000000, 1.000000000000000000 ) ) ;
#1075 = ORIENTED_EDGE ( 'NONE', *, *, #504, .T. ) ;
#1076 = CC_DESIGN_APPROVAL ( #1205, ( #3603 ) ) ;
#1077 = CARTESIAN_POINT ( 'NONE',  ( -14.76283912856930236, 17.63409380510874414, 32.73256565682172692 ) ) ;
#1078 = DIRECTION ( 'NONE',  ( -0.000000000000000000, 1.000000000000000000, -0.000000000000000000 ) ) ;
#1079 = ORIENTED_EDGE ( 'NONE', *, *, #906, .T. ) ;
#1080 = DIRECTION ( 'NONE',  ( 1.000000000000000000, 0.000000000000000000, 0.000000000000000000 ) ) ;
#1081 = VERTEX_POINT ( 'NONE', #3001 ) ;
#1082 = FACE_OUTER_BOUND ( 'NONE', #5034, .T. ) ;
#1083 = FACE_BOUND ( 'NONE', #3673, .T. ) ;
#1084 = LINE ( 'NONE', #1967, #386 ) ;
#1085 = DIRECTION ( 'NONE',  ( 0.000000000000000000, 0.000000000000000000, 1.000000000000000000 ) ) ;
#1086 = DIRECTION ( 'NONE',  ( 0.000000000000000000, 0.8660254037844364872, 0.5000000000000037748 ) ) ;
#1087 = DIRECTION ( 'NONE',  ( -1.000000000000000000, -0.000000000000000000, -0.000000000000000000 ) ) ;
#1088 = ORIENTED_EDGE ( 'NONE', *, *, #5252, .T. ) ;
#1089 = VERTEX_POINT ( 'NONE', #4196 ) ;
#1090 = CARTESIAN_POINT ( 'NONE',  ( 1.935025442196012690, 43.36483956416195440, 11.54319306514134880 ) ) ;
#1091 = CARTESIAN_POINT ( 'NONE',  ( -0.2665047871273281688, 41.80552003979221354, 10.06471530658123648 ) ) ;
#1092 = DIRECTION ( 'NONE',  ( 1.000000000000000000, -0.000000000000000000, -0.000000000000000000 ) ) ;
#1093 = EDGE_CURVE ( 'NONE', #3445, #4923, #2043, .T. ) ;
#1094 = EDGE_CURVE ( 'NONE', #2951, #4793, #4131, .T. ) ;
#1095 = ORIENTED_EDGE ( 'NONE', *, *, #1924, .F. ) ;
#1096 = PERSON_AND_ORGANIZATION ( #1916, #341 ) ;
#1097 = DIRECTION ( 'NONE',  ( 1.000000000000000000, 0.000000000000000000, 0.000000000000000000 ) ) ;
#1098 = VERTEX_POINT ( 'NONE', #1539 ) ;
#1099 = CARTESIAN_POINT ( 'NONE',  ( 10.99999999999999645, -17.17072523365121128, -27.00307750887764158 ) ) ;
#1100 = VERTEX_POINT ( 'NONE', #2913 ) ;
#1101 = CARTESIAN_POINT ( 'NONE',  ( 1.418805442889761684E-15, 50.00000000000000000, 47.93528469341880083 ) ) ;
#1102 = DIRECTION ( 'NONE',  ( 0.000000000000000000, 0.000000000000000000, -1.000000000000000000 ) ) ;
#1103 = ADVANCED_FACE ( 'NONE', ( #1664 ), #3330, .F. ) ;
#1104 = DIRECTION ( 'NONE',  ( 0.000000000000000000, 0.000000000000000000, -1.000000000000000000 ) ) ;
#1105 = ORIENTED_EDGE ( 'NONE', *, *, #657, .T. ) ;
#1106 = CARTESIAN_POINT ( 'NONE',  ( -15.53241216860684304, 40.00000000000000000, 36.96764234670947502 ) ) ;
#1107 = CIRCLE ( 'NONE', #1951, 9.999999999999998224 ) ;
#1108 = CARTESIAN_POINT ( 'NONE',  ( -2.999999999999998224, 3.892886739489710646, 16.31354737148739176 ) ) ;
#1109 = DIRECTION ( 'NONE',  ( 1.000000000000000000, 0.000000000000000000, -0.000000000000000000 ) ) ;
#1110 = CARTESIAN_POINT ( 'NONE',  ( 11.93488257301923738, 0.000000000000000000, 0.000000000000000000 ) ) ;
#1111 = DIRECTION ( 'NONE',  ( 1.000000000000000000, -0.000000000000000000, -0.000000000000000000 ) ) ;
#1112 = CARTESIAN_POINT ( 'NONE',  ( 15.98174859208560683, 17.36237085265844371, 4.000000000000000000 ) ) ;
#1113 = ORIENTED_EDGE ( 'NONE', *, *, #5310, .F. ) ;
#1114 = EDGE_LOOP ( 'NONE', ( #3215, #1808, #4848, #2138 ) ) ;
#1115 = CARTESIAN_POINT ( 'NONE',  ( 12.22378178421170425, 7.191194881223599289, 34.44047268082469060 ) ) ;
#1116 = DIRECTION ( 'NONE',  ( 1.000000000000000000, 0.000000000000000000, 0.000000000000000000 ) ) ;
#1117 = CARTESIAN_POINT ( 'NONE',  ( -26.44100814187985549, 26.81754148567247142, -5.000000000000000000 ) ) ;
#1118 = AXIS2_PLACEMENT_3D ( 'NONE', #2047, #3827, #3391 ) ;
#1119 = AXIS2_PLACEMENT_3D ( 'NONE', #2206, #4913, #4454 ) ;
#1120 = ORIENTED_EDGE ( 'NONE', *, *, #5316, .T. ) ;
#1121 = PERSON_AND_ORGANIZATION_ROLE ( 'design_supplier' ) ;
#1122 = CC_DESIGN_DATE_AND_TIME_ASSIGNMENT ( #667, #2538, ( #4321 ) ) ;
#1123 = AXIS2_PLACEMENT_3D ( 'NONE', #5414, #1923, #3705 ) ;
#1124 = DIRECTION ( 'NONE',  ( 0.000000000000000000, 0.000000000000000000, 1.000000000000000000 ) ) ;
#1125 = EDGE_CURVE ( 'NONE', #5741, #4729, #4600, .T. ) ;
#1126 = CIRCLE ( 'NONE', #5706, 30.00000000000000000 ) ;
#1127 = ORIENTED_EDGE ( 'NONE', *, *, #2328, .T. ) ;
#1128 = PRODUCT_DEFINITION_SHAPE ( 'NONE', 'NONE',  #431 ) ;
#1129 = CYLINDRICAL_SURFACE ( 'NONE', #4696, 2.000000000000000444 ) ;
#1130 = VERTEX_POINT ( 'NONE', #4320 ) ;
#1131 = CARTESIAN_POINT ( 'NONE',  ( 9.432972487634520675, 32.80101849335330400, 21.03880701534368214 ) ) ;
#1132 = DIRECTION ( 'NONE',  ( 0.000000000000000000, -0.7071067811865537900, -0.7071067811865413555 ) ) ;
#1133 = AXIS2_PLACEMENT_3D ( 'NONE', #453, #3141, #808 ) ;
#1134 = AXIS2_PLACEMENT_3D ( 'NONE', #5400, #1097, #201 ) ;
#1135 = FACE_OUTER_BOUND ( 'NONE', #3859, .T. ) ;
#1136 = ADVANCED_FACE ( 'NONE', ( #4665 ), #4228, .T. ) ;
#1137 = ORIENTED_EDGE ( 'NONE', *, *, #2967, .T. ) ;
#1138 = FACE_OUTER_BOUND ( 'NONE', #3651, .T. ) ;
#1139 = CIRCLE ( 'NONE', #4416, 2.000000000000001776 ) ;
#1140 = DIRECTION ( 'NONE',  ( 0.000000000000000000, -0.7071067811865389130, 0.7071067811865561215 ) ) ;
#1141 = DIRECTION ( 'NONE',  ( -0.8660254037844323793, 0.000000000000000000, 0.5000000000000108802 ) ) ;
#1142 = DIRECTION ( 'NONE',  ( 1.000000000000000000, 0.000000000000000000, 0.000000000000000000 ) ) ;
#1143 = EDGE_CURVE ( 'NONE', #879, #2156, #3139, .T. ) ;
#1144 = LINE ( 'NONE', #1969, #4984 ) ;
#1145 = DIRECTION ( 'NONE',  ( 0.000000000000000000, 0.000000000000000000, 1.000000000000000000 ) ) ;
#1146 = LINE ( 'NONE', #5676, #1245 ) ;
#1147 = VECTOR ( 'NONE', #5554, 1000.000000000000000 ) ;
#1148 = EDGE_LOOP ( 'NONE', ( #3803, #5576 ) ) ;
#1149 = EDGE_CURVE ( 'NONE', #5403, #4294, #286, .T. ) ;
#1150 = ORIENTED_EDGE ( 'NONE', *, *, #1062, .F. ) ;
#1151 = CARTESIAN_POINT ( 'NONE',  ( 10.99999999999999645, -16.66961349092445488, 30.94984096133297768 ) ) ;
#1152 = CARTESIAN_POINT ( 'NONE',  ( 0.2687954973080621812, 41.80004901121606764, 10.07839474333703578 ) ) ;
#1153 = AXIS2_PLACEMENT_3D ( 'NONE', #4249, #3784, #3813 ) ;
#1154 = DIRECTION ( 'NONE',  ( 0.000000000000000000, 0.000000000000000000, -1.000000000000000000 ) ) ;
#1155 = UNCERTAINTY_MEASURE_WITH_UNIT (LENGTH_MEASURE( 1.000000000000000082E-05 ), #4474, 'distance_accuracy_value', 'NONE');
#1156 = AXIS2_PLACEMENT_3D ( 'NONE', #511, #393, #4855 ) ;
#1157 = ORIENTED_EDGE ( 'NONE', *, *, #4931, .F. ) ;
#1158 = APPROVAL_ROLE ( '' ) ;
#1159 = CARTESIAN_POINT ( 'NONE',  ( 23.85528960709137891, 26.81754148567247142, 0.000000000000000000 ) ) ;
#1160 = ORIENTED_EDGE ( 'NONE', *, *, #5279, .T. ) ;
#1161 = DIRECTION ( 'NONE',  ( 0.000000000000000000, 0.000000000000000000, -1.000000000000000000 ) ) ;
#1162 = ORIENTED_EDGE ( 'NONE', *, *, #42, .F. ) ;
#1163 = CARTESIAN_POINT ( 'NONE',  ( -14.54842666494666759, 15.72989632937228244, 33.66679221198630501 ) ) ;
#1164 = DIRECTION ( 'NONE',  ( 0.000000000000000000, 0.000000000000000000, -1.000000000000000000 ) ) ;
#1165 = CIRCLE ( 'NONE', #4532, 2.000000000000000444 ) ;
#1166 = ORIENTED_EDGE ( 'NONE', *, *, #3392, .F. ) ;
#1167 = CARTESIAN_POINT ( 'NONE',  ( 11.93488257301923738, 35.13815526106478160, -1.038611726258272583 ) ) ;
#1168 = ORIENTED_EDGE ( 'NONE', *, *, #2996, .F. ) ;
#1169 = CALENDAR_DATE ( 2026, 8, 7 ) ;
#1170 = LINE ( 'NONE', #3313, #2272 ) ;
#1171 = CARTESIAN_POINT ( 'NONE',  ( 9.993555372327165287, 36.67006390031608731, 18.79816036514293742 ) ) ;
#1172 = FACE_OUTER_BOUND ( 'NONE', #4733, .T. ) ;
#1173 = EDGE_CURVE ( 'NONE', #2704, #1337, #4223, .T. ) ;
#1174 = EDGE_CURVE ( 'NONE', #3116, #926, #3854, .T. ) ;
#1175 = CARTESIAN_POINT ( 'NONE',  ( 11.93488257301923738, 35.13815526106478160, -1.038611726258272583 ) ) ;
#1176 = CARTESIAN_POINT ( 'NONE',  ( -15.00000000000000000, -4.391366679851186561, 7.144053291735529498 ) ) ;
#1177 = LINE ( 'NONE', #5087, #4963 ) ;
#1178 = DIRECTION ( 'NONE',  ( 0.000000000000000000, 0.000000000000000000, 1.000000000000000000 ) ) ;
#1179 = VERTEX_POINT ( 'NONE', #5623 ) ;
#1180 = EDGE_CURVE ( 'NONE', #3241, #1070, #1565, .T. ) ;
#1181 = PRODUCT ( 'vaccum', 'vaccum', '', ( #1954 ) ) ;
#1182 = VERTEX_POINT ( 'NONE', #753 ) ;
#1183 = CARTESIAN_POINT ( 'NONE',  ( -13.18436255310560412, 29.29880855940645645, 22.84649847499375497 ) ) ;
#1184 = CARTESIAN_POINT ( 'NONE',  ( 0.1347843021371481209, 40.63476077627159810, 14.06471530658119562 ) ) ;
#1185 = LINE ( 'NONE', #2973, #956 ) ;
#1186 = EDGE_CURVE ( 'NONE', #78, #1547, #3852, .T. ) ;
#1187 = ORIENTED_EDGE ( 'NONE', *, *, #1544, .F. ) ;
#1188 = APPROVAL_ROLE ( '' ) ;
#1189 = DIRECTION ( 'NONE',  ( 0.000000000000000000, 0.000000000000000000, 1.000000000000000000 ) ) ;
#1190 = EDGE_LOOP ( 'NONE', ( #4076, #5634, #5047, #3949 ) ) ;
#1191 = DIRECTION ( 'NONE',  ( 0.000000000000000000, 1.000000000000000000, 0.000000000000000000 ) ) ;
#1192 = ORIENTED_EDGE ( 'NONE', *, *, #4357, .T. ) ;
#1193 = DIRECTION ( 'NONE',  ( 1.000000000000000000, -0.000000000000000000, -0.000000000000000000 ) ) ;
#1194 = DIRECTION ( 'NONE',  ( 1.000000000000000000, -0.000000000000000000, 0.000000000000000000 ) ) ;
#1195 = ORIENTED_EDGE ( 'NONE', *, *, #1942, .T. ) ;
#1196 = CARTESIAN_POINT ( 'NONE',  ( 13.00000000000002487, 0.000000000000000000, 0.000000000000000000 ) ) ;
#1197 = ORIENTED_EDGE ( 'NONE', *, *, #1527, .T. ) ;
#1198 = CARTESIAN_POINT ( 'NONE',  ( -30.00000000000000000, 30.00000000000000000, -5.000000000000000000 ) ) ;
#1199 = CARTESIAN_POINT ( 'NONE',  ( 4.367865512859063770, 41.50648380358206424, 15.64365151591481151 ) ) ;
#1200 = CARTESIAN_POINT ( 'NONE',  ( -7.625657255644972210, 35.58759242133479717, 19.44919187736285338 ) ) ;
#1201 = PERSON ( 'NAUO-PER2', 'UNSPECIFIED', 'UNSPECIFIED', ('UNSPECIFIED'), ('UNSPECIFIED'), ('UNSPECIFIED') ) ;
#1202 = CARTESIAN_POINT ( 'NONE',  ( -13.99999999999999467, 0.000000000000000000, 0.000000000000000000 ) ) ;
#1203 = DIRECTION ( 'NONE',  ( 0.000000000000000000, 0.000000000000000000, 1.000000000000000000 ) ) ;
#1204 = AXIS2_PLACEMENT_3D ( 'NONE', #2959, #4212, #740 ) ;
#1205 = APPROVAL ( #4108, 'UNSPECIFIED' ) ;
#1206 = PLANE ( 'NONE',  #4501 ) ;
#1207 = EDGE_CURVE ( 'NONE', #1130, #3616, #4412, .T. ) ;
#1208 = CYLINDRICAL_SURFACE ( 'NONE', #4979, 16.29999999999999361 ) ;
#1209 = ORIENTED_EDGE ( 'NONE', *, *, #3318, .T. ) ;
#1210 = EDGE_LOOP ( 'NONE', ( #4311, #5685 ) ) ;
#1211 = FACE_OUTER_BOUND ( 'NONE', #2501, .T. ) ;
#1212 = EDGE_CURVE ( 'NONE', #2598, #3982, #1185, .T. ) ;
#1213 = CYLINDRICAL_SURFACE ( 'NONE', #3775, 32.00000000000000000 ) ;
#1214 = CARTESIAN_POINT ( 'NONE',  ( 11.86717608559943926, -18.28020785118758340, -30.20770476175348662 ) ) ;
#1215 = ORIENTED_EDGE ( 'NONE', *, *, #2323, .T. ) ;
#1216 = APPROVAL_DATE_TIME ( #4198, #2601 ) ;
#1217 = CARTESIAN_POINT ( 'NONE',  ( -2.999999999999997335, 0.000000000000000000, 5.000000000000001776 ) ) ;
#1218 = ADVANCED_FACE ( 'NONE', ( #320 ), #2104, .T. ) ;
#1219 = ORIENTED_EDGE ( 'NONE', *, *, #4760, .T. ) ;
#1220 = B_SPLINE_CURVE_WITH_KNOTS ( 'NONE', 3,
 ( #5313, #802, #3985, #3571, #1762 ),
 .UNSPECIFIED., .F., .F.,
 ( 4, 1, 4 ),
 ( 0.004682550860242563548, 0.004705293668233545903, 0.004728036476224528259 ),
 .UNSPECIFIED. ) ;
#1221 = FACE_OUTER_BOUND ( 'NONE', #2110, .T. ) ;
#1222 = ORIENTED_EDGE ( 'NONE', *, *, #5129, .T. ) ;
#1223 = CARTESIAN_POINT ( 'NONE',  ( -15.00000000000000000, 8.782733359702472598, -14.28810658347099860 ) ) ;
#1224 = CARTESIAN_POINT ( 'NONE',  ( -15.99999999999999645, 0.000000000000000000, 0.000000000000000000 ) ) ;
#1225 = AXIS2_PLACEMENT_3D ( 'NONE', #2766, #1859, #570 ) ;
#1226 = CIRCLE ( 'NONE', #945, 2.000000000000000444 ) ;
#1227 = ORIENTED_EDGE ( 'NONE', *, *, #122, .F. ) ;
#1228 = DIRECTION ( 'NONE',  ( 1.000000000000000000, 0.000000000000000000, 0.000000000000000000 ) ) ;
#1229 = ORIENTED_EDGE ( 'NONE', *, *, #2000, .T. ) ;
#1230 = CARTESIAN_POINT ( 'NONE',  ( 5.999999999999996447, 16.71448917956903557, 28.95034448157421991 ) ) ;
#1231 = CARTESIAN_POINT ( 'NONE',  ( -2.999999999999998224, 14.28810658347096840, -7.517266640297473046 ) ) ;
#1232 = CARTESIAN_POINT ( 'NONE',  ( -8.130468382552555440, 34.92671529999940816, 19.83841481273147522 ) ) ;
#1233 = CIRCLE ( 'NONE', #4130, 2.000000000000000444 ) ;
#1234 = AXIS2_PLACEMENT_3D ( 'NONE', #3865, #2514, #1641 ) ;
#1235 = DIRECTION ( 'NONE',  ( 0.000000000000000000, 0.000000000000000000, 1.000000000000000000 ) ) ;
#1236 = AXIS2_PLACEMENT_3D ( 'NONE', #2896, #682, #2519 ) ;
#1237 = VECTOR ( 'NONE', #3796, 1000.000000000000000 ) ;
#1238 = DIRECTION ( 'NONE',  ( 0.000000000000000000, 1.000000000000000000, -3.491481338843133355E-15 ) ) ;
#1239 = DIRECTION ( 'NONE',  ( -1.000000000000000000, -0.000000000000000000, 0.000000000000000000 ) ) ;
#1240 = LINE ( 'NONE', #691, #3211 ) ;
#1241 = VERTEX_POINT ( 'NONE', #4352 ) ;
#1242 = VECTOR ( 'NONE', #3250, 1000.000000000000000 ) ;
#1243 = EDGE_CURVE ( 'NONE', #5188, #2275, #3016, .T. ) ;
#1244 = ORIENTED_EDGE ( 'NONE', *, *, #651, .T. ) ;
#1245 = VECTOR ( 'NONE', #2590, 1000.000000000000000 ) ;
#1246 = DIRECTION ( 'NONE',  ( 0.000000000000000000, 1.000000000000000000, 0.000000000000000000 ) ) ;
#1247 = DIRECTION ( 'NONE',  ( 0.000000000000000000, 0.000000000000000000, -1.000000000000000000 ) ) ;
#1248 = DIRECTION ( 'NONE',  ( -1.000000000000000000, 0.000000000000000000, 0.000000000000000000 ) ) ;
#1249 = EDGE_CURVE ( 'NONE', #1844, #95, #3914, .T. ) ;
#1250 = EDGE_CURVE ( 'NONE', #5097, #5455, #5250, .T. ) ;
#1251 = ORIENTED_EDGE ( 'NONE', *, *, #2889, .T. ) ;
#1252 = APPROVAL_STATUS ( 'not_yet_approved' ) ;
#1253 = DIRECTION ( 'NONE',  ( -1.000000000000000000, 0.000000000000000000, 0.000000000000000000 ) ) ;
#1254 = ORIENTED_EDGE ( 'NONE', *, *, #5310, .T. ) ;
#1255 = DIRECTION ( 'NONE',  ( -1.000000000000000000, -0.000000000000000000, -0.000000000000000000 ) ) ;
#1256 = CARTESIAN_POINT ( 'NONE',  ( 5.999999999999996447, 33.42897835913842641, -1.999999999999870770 ) ) ;
#1257 = EDGE_CURVE ( 'NONE', #95, #1747, #2567, .T. ) ;
#1258 = VECTOR ( 'NONE', #11, 1000.000000000000000 ) ;
#1259 = EDGE_LOOP ( 'NONE', ( #1285, #4366, #5478, #2603 ) ) ;
#1260 = VERTEX_POINT ( 'NONE', #5295 ) ;
#1261 = CARTESIAN_POINT ( 'NONE',  ( 13.99999999999999645, 0.000000000000000000, 0.000000000000000000 ) ) ;
#1262 = CIRCLE ( 'NONE', #5446, 2.000000000000000444 ) ;
#1263 = CARTESIAN_POINT ( 'NONE',  ( 11.81128318535421862, 17.57948112714029065, -30.76257212754506298 ) ) ;
#1264 = DIRECTION ( 'NONE',  ( -1.000000000000000000, 0.000000000000000000, 0.000000000000000000 ) ) ;
#1265 = EDGE_CURVE ( 'NONE', #37, #5595, #2911, .T. ) ;
#1266 = VECTOR ( 'NONE', #623, 1000.000000000000000 ) ;
#1267 = PLANE ( 'NONE',  #4058 ) ;
#1268 = DIRECTION ( 'NONE',  ( 0.000000000000000000, 0.7071067811865437980, -0.7071067811865512365 ) ) ;
#1269 = CARTESIAN_POINT ( 'NONE',  ( -2.999999999999998224, 16.31354737148743084, -3.892886739489540560 ) ) ;
#1270 = DIRECTION ( 'NONE',  ( 1.000000000000000000, -0.000000000000000000, -0.000000000000000000 ) ) ;
#1271 = ORIENTED_EDGE ( 'NONE', *, *, #1063, .T. ) ;
#1272 = CC_DESIGN_APPROVAL ( #2674, ( #431 ) ) ;
#1273 = ORIENTED_EDGE ( 'NONE', *, *, #3285, .T. ) ;
#1274 = DIRECTION ( 'NONE',  ( 1.000000000000000000, 0.000000000000000000, -0.000000000000000000 ) ) ;
#1275 = VECTOR ( 'NONE', #4593, 1000.000000000000000 ) ;
#1276 = ORIENTED_EDGE ( 'NONE', *, *, #3935, .T. ) ;
#1277 = APPROVAL_STATUS ( 'not_yet_approved' ) ;
#1278 = PLANE ( 'NONE',  #2534 ) ;
#1279 = ORIENTED_EDGE ( 'NONE', *, *, #2897, .F. ) ;
#1280 = EDGE_CURVE ( 'NONE', #3067, #4448, #5053, .T. ) ;
#1281 = EDGE_CURVE ( 'NONE', #3381, #1081, #5268, .T. ) ;
#1282 = LINE ( 'NONE', #4875, #4419 ) ;
#1283 = CARTESIAN_POINT ( 'NONE',  ( -12.00000000000000000, 0.000000000000000000, 0.000000000000000000 ) ) ;
#1284 = VECTOR ( 'NONE', #5598, 1000.000000000000000 ) ;
#1285 = ORIENTED_EDGE ( 'NONE', *, *, #3661, .T. ) ;
#1286 = FACE_OUTER_BOUND ( 'NONE', #1259, .T. ) ;
#1287 = EDGE_LOOP ( 'NONE', ( #1670, #907 ) ) ;
#1288 = CYLINDRICAL_SURFACE ( 'NONE', #3015, 16.29999999999999361 ) ;
#1289 = ADVANCED_FACE ( 'NONE', ( #1322 ), #1795, .F. ) ;
#1290 = FACE_OUTER_BOUND ( 'NONE', #3555, .T. ) ;
#1291 = CARTESIAN_POINT ( 'NONE',  ( -26.44100814187985549, -26.23182295088395222, 0.000000000000000000 ) ) ;
#1292 = PLANE ( 'NONE',  #5543 ) ;
#1293 = CARTESIAN_POINT ( 'NONE',  ( -2.999999999999998224, -3.892886739489597847, -16.31354737148741663 ) ) ;
#1294 = CYLINDRICAL_SURFACE ( 'NONE', #3851, 37.15350152500624858 ) ;
#1295 = EDGE_CURVE ( 'NONE', #556, #4954, #2636, .T. ) ;
#1296 = LINE ( 'NONE', #4943, #3728 ) ;
#1297 = VERTEX_POINT ( 'NONE', #1766 ) ;
#1298 = VERTEX_POINT ( 'NONE', #2559 ) ;
#1299 = CARTESIAN_POINT ( 'NONE',  ( 5.999999999999996447, -16.71448917956882951, -30.95034448157433715 ) ) ;
#1300 = CIRCLE ( 'NONE', #2057, 2.000000000000001776 ) ;
#1301 = ORIENTED_EDGE ( 'NONE', *, *, #2549, .F. ) ;
#1302 = PERSON_AND_ORGANIZATION ( #1916, #341 ) ;
#1303 = DIRECTION ( 'NONE',  ( -1.000000000000000000, -0.000000000000000000, -0.000000000000000000 ) ) ;
#1304 = EDGE_LOOP ( 'NONE', ( #5218, #2685, #2591, #4119 ) ) ;
#1305 = DIRECTION ( 'NONE',  ( 0.000000000000000000, 0.7071067811865487940, 0.7071067811865463515 ) ) ;
#1306 = CARTESIAN_POINT ( 'NONE',  ( -26.44100814187985549, -26.23182295088395222, -5.000000000000000000 ) ) ;
#1307 = ORIENTED_EDGE ( 'NONE', *, *, #174, .F. ) ;
#1308 = CC_DESIGN_PERSON_AND_ORGANIZATION_ASSIGNMENT ( #700, #1542, ( #2853 ) ) ;
#1309 = ADVANCED_FACE ( 'NONE', ( #1715 ), #3578, .F. ) ;
#1310 = ORIENTED_EDGE ( 'NONE', *, *, #1457, .F. ) ;
#1311 = CARTESIAN_POINT ( 'NONE',  ( 13.99999999999999645, 14.79998848622271446, -28.37182300818322744 ) ) ;
#1312 = CLOSED_SHELL ( 'NONE', ( #5590, #1794, #1488, #2891, #5041, #378, #2749, #958, #578, #4333, #4542, #437, #688, #149, #4364, #3724, #282, #2645, #804, #1425, #2536, #3741, #2575, #3861, #2712, #4080, #2880, #5448, #5293, #796, #1891, #3233, #4104, #5382, #2083, #4972, #4995, #5463, #2290, #3340, #3154, #678, #4924, #2322, #3583, #5244, #4443, #1660, #4472, #3750, #2372, #3712, #1309, #4002, #2464, #5723, #1645, #3107, #1393, #3037, #2722, #3402, #1872, #2583, #2790, #4147, #621, #49, #4715, #968, #307, #2201, #1617, #2528, #2509, #1786, #5210, #345, #3217 ) ) ;
#1313 = ORIENTED_EDGE ( 'NONE', *, *, #3355, .F. ) ;
#1314 = APPLICATION_CONTEXT ( 'configuration controlled 3d designs of mechanical parts and assemblies' ) ;
#1315 = LINE ( 'NONE', #2173, #5056 ) ;
#1316 = CARTESIAN_POINT ( 'NONE',  ( 11.86669003061474292, 18.27766669930180754, -30.21048825273082272 ) ) ;
#1317 = CARTESIAN_POINT ( 'NONE',  ( 1.418805442889761684E-15, 40.00000000000000000, 47.93528469341880083 ) ) ;
#1318 = CIRCLE ( 'NONE', #297, 12.99999999999999822 ) ;
#1319 = CIRCLE ( 'NONE', #5133, 35.15350152500624148 ) ;
#1320 = EDGE_CURVE ( 'NONE', #4692, #3017, #2824, .T. ) ;
#1321 = CARTESIAN_POINT ( 'NONE',  ( -15.53241216860684304, 50.00000000000000000, 38.96764234670947502 ) ) ;
#1322 = FACE_OUTER_BOUND ( 'NONE', #4879, .T. ) ;
#1323 = CARTESIAN_POINT ( 'NONE',  ( -15.00000000000000000, -7.144053291735484201, -4.391366679851261168 ) ) ;
#1324 = CIRCLE ( 'NONE', #24, 16.29999999999999361 ) ;
#1325 = CIRCLE ( 'NONE', #4511, 2.000000000000001776 ) ;
#1326 = DIRECTION ( 'NONE',  ( 0.8660254037844364872, 0.000000000000000000, -0.5000000000000037748 ) ) ;
#1327 = EDGE_LOOP ( 'NONE', ( #4740, #2187, #4348, #1413 ) ) ;
#1328 = AXIS2_PLACEMENT_3D ( 'NONE', #5067, #1068, #1842 ) ;
#1329 = EDGE_CURVE ( 'NONE', #2861, #1572, #5422, .T. ) ;
#1330 = EDGE_LOOP ( 'NONE', ( #4241, #4826, #3305, #1932 ) ) ;
#1331 = DIRECTION ( 'NONE',  ( -0.000000000000000000, 1.000000000000000000, -0.000000000000000000 ) ) ;
#1332 = DIRECTION ( 'NONE',  ( -1.000000000000000000, -0.000000000000000000, -0.000000000000000000 ) ) ;
#1333 = AXIS2_PLACEMENT_3D ( 'NONE', #3744, #3404, #5172 ) ;
#1334 = EDGE_LOOP ( 'NONE', ( #2250, #3181, #5352, #1813 ) ) ;
#1335 = EDGE_CURVE ( 'NONE', #3132, #2190, #4318, .T. ) ;
#1336 = VECTOR ( 'NONE', #5020, 1000.000000000000000 ) ;
#1337 = VERTEX_POINT ( 'NONE', #2181 ) ;
#1338 = PERSON_AND_ORGANIZATION_ROLE ( 'creator' ) ;
#1339 = LINE ( 'NONE', #899, #4134 ) ;
#1340 = VERTEX_POINT ( 'NONE', #5756 ) ;
#1341 = CARTESIAN_POINT ( 'NONE',  ( 0.2304689808443543542, 39.49683531626298816, 16.99999999999999289 ) ) ;
#1342 = DIRECTION ( 'NONE',  ( 1.000000000000000000, 0.000000000000000000, 0.000000000000000000 ) ) ;
#1343 = AXIS2_PLACEMENT_3D ( 'NONE', #4345, #2004, #809 ) ;
#1344 = ORIENTED_EDGE ( 'NONE', *, *, #2218, .T. ) ;
#1345 = ORIENTED_EDGE ( 'NONE', *, *, #3902, .T. ) ;
#1346 = FACE_OUTER_BOUND ( 'NONE', #5734, .T. ) ;
#1347 = DIRECTION ( 'NONE',  ( 0.000000000000000000, -0.000000000000000000, 1.000000000000000000 ) ) ;
#1348 = DIRECTION ( 'NONE',  ( 0.000000000000000000, 0.000000000000000000, -1.000000000000000000 ) ) ;
#1349 = AXIS2_PLACEMENT_3D ( 'NONE', #1176, #3754, #5113 ) ;
#1350 = DIRECTION ( 'NONE',  ( 0.000000000000000000, 1.000000000000000000, 0.000000000000000000 ) ) ;
#1351 = DIRECTION ( 'NONE',  ( -1.000000000000000000, 0.000000000000000000, 0.000000000000000000 ) ) ;
#1352 = AXIS2_PLACEMENT_3D ( 'NONE', #4095, #4128, #1000 ) ;
#1353 = CARTESIAN_POINT ( 'NONE',  ( 13.00000000000002487, 0.000000000000000000, -30.00000000000000000 ) ) ;
#1354 = DIRECTION ( 'NONE',  ( 1.000000000000000000, 0.000000000000000000, 0.000000000000000000 ) ) ;
#1356 = EDGE_CURVE ( 'NONE', #4735, #3322, #3665, .T. ) ;
#1355 = VERTEX_POINT ( 'NONE', #12 ) ;
#1357 = ADVANCED_FACE ( 'NONE', ( #855 ), #3963, .F. ) ;
#1358 = ORIENTED_EDGE ( 'NONE', *, *, #4752, .T. ) ;
#1359 = LINE ( 'NONE', #5276, #2627 ) ;
#1360 = CC_DESIGN_SECURITY_CLASSIFICATION ( #2853, ( #811 ) ) ;
#1361 = CYLINDRICAL_SURFACE ( 'NONE', #3301, 11.50000000000000000 ) ;
#1362 = EDGE_LOOP ( 'NONE', ( #4327, #166, #5649, #4210 ) ) ;
#1363 = EDGE_CURVE ( 'NONE', #3100, #2512, #3293, .T. ) ;
#1364 = ORIENTED_EDGE ( 'NONE', *, *, #4322, .F. ) ;
#1365 = APPROVAL_ROLE ( '' ) ;
#1366 = DIRECTION ( 'NONE',  ( 0.000000000000000000, -1.000000000000000000, 1.050471438230400027E-14 ) ) ;
#1367 = ORIENTED_EDGE ( 'NONE', *, *, #4890, .T. ) ;
#1368 = DIRECTION ( 'NONE',  ( 1.000000000000000000, 0.000000000000000000, 0.000000000000000000 ) ) ;
#1369 = CARTESIAN_POINT ( 'NONE',  ( -15.00000000000000000, -8.782733359702373122, 14.28810658347105900 ) ) ;
#1370 = ORIENTED_EDGE ( 'NONE', *, *, #1901, .F. ) ;
#1371 = VERTEX_POINT ( 'NONE', #343 ) ;
#1372 = CARTESIAN_POINT ( 'NONE',  ( -2.999999999999999112, 8.131727983645392399, 8.131727983645198776 ) ) ;
#1373 = CARTESIAN_POINT ( 'NONE',  ( 14.05801921549173272, 11.79721388563996243, 35.23786098009043144 ) ) ;
#1374 = DIRECTION ( 'NONE',  ( 1.000000000000000000, 0.000000000000000000, 0.000000000000000000 ) ) ;
#1375 = DIRECTION ( 'NONE',  ( 0.8660254037844364872, 0.000000000000000000, -0.5000000000000037748 ) ) ;
#1376 = CARTESIAN_POINT ( 'NONE',  ( -12.05455261826691604, 4.612728338569684006, 34.86855937305431041 ) ) ;
#1377 = CARTESIAN_POINT ( 'NONE',  ( -15.53241216860684304, 40.00000000000000000, 38.96764234670947502 ) ) ;
#1378 = DIRECTION ( 'NONE',  ( 0.000000000000000000, 0.000000000000000000, 1.000000000000000000 ) ) ;
#1379 = CARTESIAN_POINT ( 'NONE',  ( -7.999999999999972466, 6.123233995736767268E-16, -5.000000000000000888 ) ) ;
#1380 = CC_DESIGN_PERSON_AND_ORGANIZATION_ASSIGNMENT ( #2221, #4840, ( #431 ) ) ;
#1381 = ADVANCED_FACE ( 'NONE', ( #1681 ), #3467, .F. ) ;
#1382 = ORIENTED_EDGE ( 'NONE', *, *, #2681, .T. ) ;
#1383 = DIRECTION ( 'NONE',  ( 1.000000000000000000, 0.000000000000000000, 0.000000000000000000 ) ) ;
#1384 = CARTESIAN_POINT ( 'NONE',  ( -15.00000000000000000, 3.892886739489710646, 16.31354737148739176 ) ) ;
#1385 = ORIENTED_EDGE ( 'NONE', *, *, #5456, .F. ) ;
#1386 = EDGE_CURVE ( 'NONE', #1340, #1130, #4964, .T. ) ;
#1387 = VERTEX_POINT ( 'NONE', #807 ) ;
#1388 = DIRECTION ( 'NONE',  ( 0.000000000000000000, 0.000000000000000000, 1.000000000000000000 ) ) ;
#1389 = AXIS2_PLACEMENT_3D ( 'NONE', #2812, #3695, #4098 ) ;
#1390 = EDGE_LOOP ( 'NONE', ( #3531, #1157, #4925, #3210 ) ) ;
#1391 = CARTESIAN_POINT ( 'NONE',  ( 12.96521674968611570, 16.71448917956903557, 30.95034448157422347 ) ) ;
#1392 = CARTESIAN_POINT ( 'NONE',  ( 10.99999999999999645, -35.13815526106476739, -1.038611726258547252 ) ) ;
#1393 = ADVANCED_FACE ( 'NONE', ( #2587 ), #2209, .F. ) ;
#1394 = ORIENTED_EDGE ( 'NONE', *, *, #2418, .F. ) ;
#1395 = DIRECTION ( 'NONE',  ( 1.000000000000000000, 0.000000000000000000, 0.000000000000000000 ) ) ;
#1396 = ORIENTED_EDGE ( 'NONE', *, *, #1004, .F. ) ;
#1397 = CARTESIAN_POINT ( 'NONE',  ( -15.00000000000000000, 0.000000000000000000, 0.000000000000000000 ) ) ;
#1398 = VERTEX_POINT ( 'NONE', #4042 ) ;
#1399 = DIRECTION ( 'NONE',  ( 0.000000000000000000, 0.000000000000000000, -1.000000000000000000 ) ) ;
#1400 = DIRECTION ( 'NONE',  ( -0.000000000000000000, -1.000000000000000000, -0.000000000000000000 ) ) ;
#1401 = CIRCLE ( 'NONE', #4304, 30.00000000000000000 ) ;
#1402 = DIRECTION ( 'NONE',  ( 0.000000000000000000, 0.000000000000000000, -1.000000000000000000 ) ) ;
#1403 = DIRECTION ( 'NONE',  ( 0.000000000000000000, 0.000000000000000000, -1.000000000000000000 ) ) ;
#1404 = DIRECTION ( 'NONE',  ( 1.000000000000000000, 0.000000000000000000, 0.000000000000000000 ) ) ;
#1405 = CARTESIAN_POINT ( 'NONE',  ( 13.99999999999999645, -16.71448917956882951, -28.95034448157433360 ) ) ;
#1406 = ORIENTED_EDGE ( 'NONE', *, *, #604, .F. ) ;
#1407 = AXIS2_PLACEMENT_3D ( 'NONE', #955, #3591, #1366 ) ;
#1408 = CIRCLE ( 'NONE', #1499, 2.000000000000001776 ) ;
#1409 = CIRCLE ( 'NONE', #2169, 35.15350152500624148 ) ;
#1410 = VERTEX_POINT ( 'NONE', #2886 ) ;
#1411 = CARTESIAN_POINT ( 'NONE',  ( 30.00000000000000000, -30.00000000000000000, -5.000000000000000000 ) ) ;
#1412 = DIRECTION ( 'NONE',  ( 0.000000000000000000, 0.000000000000000000, -1.000000000000000000 ) ) ;
#1413 = ORIENTED_EDGE ( 'NONE', *, *, #4854, .T. ) ;
#1414 = AXIS2_PLACEMENT_3D ( 'NONE', #656, #1683, #3843 ) ;
#1415 = EDGE_CURVE ( 'NONE', #2969, #4878, #677, .T. ) ;
#1416 = AXIS2_PLACEMENT_3D ( 'NONE', #1569, #513, #669 ) ;
#1417 = ORIENTED_EDGE ( 'NONE', *, *, #4246, .F. ) ;
#1418 = PERSON_AND_ORGANIZATION_ROLE ( 'classification_officer' ) ;
#1419 = AXIS2_PLACEMENT_3D ( 'NONE', #4976, #1490, #4547 ) ;
#1420 = CARTESIAN_POINT ( 'NONE',  ( -15.00000000000000000, 3.690220038400549463, -29.77217284761370664 ) ) ;
#1421 = AXIS2_PLACEMENT_3D ( 'NONE', #1600, #5160, #4819 ) ;
#1422 = ORIENTED_EDGE ( 'NONE', *, *, #1968, .F. ) ;
#1423 = CARTESIAN_POINT ( 'NONE',  ( 13.00075989051451231, 18.38326764565855953, 30.06689337524476002 ) ) ;
#1424 = LINE ( 'NONE', #1453, #25 ) ;
#1425 = ADVANCED_FACE ( 'NONE', ( #1543 ), #5567, .F. ) ;
#1426 = EDGE_CURVE ( 'NONE', #2131, #1398, #3948, .T. ) ;
#1427 = CIRCLE ( 'NONE', #3209, 2.000000000000001776 ) ;
#1428 = VERTEX_POINT ( 'NONE', #4232 ) ;
#1429 = DIRECTION ( 'NONE',  ( -1.000000000000000000, -1.144237745236731309E-17, 0.000000000000000000 ) ) ;
#1430 = ORIENTED_EDGE ( 'NONE', *, *, #5611, .F. ) ;
#1431 = DIRECTION ( 'NONE',  ( 0.000000000000000000, 0.000000000000000000, -1.000000000000000000 ) ) ;
#1432 = CIRCLE ( 'NONE', #4141, 2.000000000000000444 ) ;
#1433 = EDGE_LOOP ( 'NONE', ( #993, #3647, #1310, #5427, #3890 ) ) ;
#1434 = CARTESIAN_POINT ( 'NONE',  ( -26.44100814187985549, 26.81754148567247142, -5.000000000000000000 ) ) ;
#1435 = FACE_OUTER_BOUND ( 'NONE', #2160, .T. ) ;
#1436 = EDGE_CURVE ( 'NONE', #4034, #1355, #2177, .T. ) ;
#1437 = DIRECTION ( 'NONE',  ( 0.000000000000000000, 0.000000000000000000, 1.000000000000000000 ) ) ;
#1438 = DIRECTION ( 'NONE',  ( 0.000000000000000000, -0.000000000000000000, 1.000000000000000000 ) ) ;
#1439 = VECTOR ( 'NONE', #2360, 1000.000000000000000 ) ;
#1440 = FACE_BOUND ( 'NONE', #3088, .T. ) ;
#1441 = CARTESIAN_POINT ( 'NONE',  ( -24.44100814187985549, 26.81754148567247142, -5.000000000000000000 ) ) ;
#1442 = VECTOR ( 'NONE', #4772, 1000.000000000000000 ) ;
#1443 = LINE ( 'NONE', #1411, #4599 ) ;
#1444 = CARTESIAN_POINT ( 'NONE',  ( 15.53241216860677731, 46.00000000000000000, 21.03235765329041485 ) ) ;
#1445 = ORIENTED_EDGE ( 'NONE', *, *, #84, .F. ) ;
#1446 = AXIS2_PLACEMENT_3D ( 'NONE', #4420, #3048, #2171 ) ;
#1447 = CC_DESIGN_APPROVAL ( #5090, ( #2301 ) ) ;
#1448 = ORIENTED_EDGE ( 'NONE', *, *, #3929, .F. ) ;
#1449 = CALENDAR_DATE ( 2026, 8, 7 ) ;
#1450 = CARTESIAN_POINT ( 'NONE',  ( 0.5268981006791413346, 43.83589597105385849, 10.13079297112061639 ) ) ;
#1451 = ORIENTED_EDGE ( 'NONE', *, *, #1363, .T. ) ;
#1452 = LINE ( 'NONE', #62, #2745 ) ;
#1453 = CARTESIAN_POINT ( 'NONE',  ( -24.44100814187985549, 26.81754148567247142, -5.000000000000000000 ) ) ;
#1454 = DESIGN_CONTEXT ( 'detailed design', #1945, 'design' ) ;
#1455 = ORIENTED_EDGE ( 'NONE', *, *, #5678, .T. ) ;
#1456 = CC_DESIGN_DATE_AND_TIME_ASSIGNMENT ( #263, #3826, ( #2853 ) ) ;
#1457 = EDGE_CURVE ( 'NONE', #1100, #1179, #5561, .T. ) ;
#1458 = ORIENTED_EDGE ( 'NONE', *, *, #4110, .T. ) ;
#1459 = DIRECTION ( 'NONE',  ( 0.000000000000000000, -0.7071067811865536790, -0.7071067811865414665 ) ) ;
#1460 = ORIENTED_EDGE ( 'NONE', *, *, #1466, .T. ) ;
#1461 = CYLINDRICAL_SURFACE ( 'NONE', #4262, 2.000000000000001776 ) ;
#1462 = FACE_OUTER_BOUND ( 'NONE', #413, .T. ) ;
#1463 = B_SPLINE_CURVE_WITH_KNOTS ( 'NONE', 3,
 ( #1549, #3804, #3773, #5541, #3338, #1131, #2921, #4823, #3068, #2, #3951, #5720, #4414, #1731, #414, #843, #5305, #3455, #820, #2625, #2658, #4000, #1341, #2196 ),
 .UNSPECIFIED., .F., .F.,
 ( 4, 2, 2, 2, 2, 2, 2, 2, 2, 2, 2, 4 ),
 ( 0.000000000000000000, 0.005488751881835653157, 0.008233127822753472796, 0.01097750376367129417, 0.01372187970458911208, 0.01646625564550693172, 0.01783844361596583980, 0.01852453760119529905, 0.01921063158642475829, 0.02058281955688368373, 0.02126891354211314297, 0.02195500752734260222 ),
 .UNSPECIFIED. ) ;
#1464 = ORIENTED_EDGE ( 'NONE', *, *, #538, .F. ) ;
#1465 = FACE_OUTER_BOUND ( 'NONE', #4645, .T. ) ;
#1466 = EDGE_CURVE ( 'NONE', #2479, #3955, #5409, .T. ) ;
#1467 = FACE_BOUND ( 'NONE', #2837, .T. ) ;
#1468 = CYLINDRICAL_SURFACE ( 'NONE', #4661, 15.00000000000000000 ) ;
#1469 = LINE ( 'NONE', #5491, #4114 ) ;
#1470 = EDGE_CURVE ( 'NONE', #4980, #1907, #2070, .T. ) ;
#1471 = CARTESIAN_POINT ( 'NONE',  ( -15.00000000000000000, 16.31354737148743084, -3.892886739489540560 ) ) ;
#1472 = DIRECTION ( 'NONE',  ( -0.000000000000000000, -1.000000000000000000, -0.000000000000000000 ) ) ;
#1473 = ORIENTED_EDGE ( 'NONE', *, *, #852, .F. ) ;
#1474 = ORIENTED_EDGE ( 'NONE', *, *, #3681, .T. ) ;
#1475 = SECURITY_CLASSIFICATION_LEVEL ( 'unclassified' ) ;
#1476 = CARTESIAN_POINT ( 'NONE',  ( 15.99999999999999645, 16.71448917956966085, -28.95034448157385754 ) ) ;
#1477 = CARTESIAN_POINT ( 'NONE',  ( 13.99999999999999645, 0.000000000000000000, 0.000000000000000000 ) ) ;
#1478 = DIRECTION ( 'NONE',  ( -1.000000000000000000, 0.000000000000000000, 0.000000000000000000 ) ) ;
#1479 = EDGE_LOOP ( 'NONE', ( #5510, #3276, #2063, #5307, #5329, #2742, #3256, #1928 ) ) ;
#1480 = AXIS2_PLACEMENT_3D ( 'NONE', #366, #389, #2230 ) ;
#1481 = COORDINATED_UNIVERSAL_TIME_OFFSET ( 5, 30, .AHEAD. ) ;
#1482 = VERTEX_POINT ( 'NONE', #2260 ) ;
#1483 = CARTESIAN_POINT ( 'NONE',  ( -8.785778021827159279, 17.52971900545513861, 0.000000000000000000 ) ) ;
#1484 = VERTEX_POINT ( 'NONE', #1986 ) ;
#1485 = LINE ( 'NONE', #3277, #2774 ) ;
#1486 = DIRECTION ( 'NONE',  ( -0.8660254037844323793, 0.000000000000000000, 0.5000000000000108802 ) ) ;
#1487 = AXIS2_PLACEMENT_3D ( 'NONE', #1108, #1997, #5641 ) ;
#1488 = ADVANCED_FACE ( 'NONE', ( #2860 ), #1852, .F. ) ;
#1489 = CARTESIAN_POINT ( 'NONE',  ( 25.85528960709137891, -26.23182295088395222, -5.000000000000000000 ) ) ;
#1490 = DIRECTION ( 'NONE',  ( 0.000000000000000000, 1.000000000000000000, 0.000000000000000000 ) ) ;
#1491 = DIRECTION ( 'NONE',  ( 0.000000000000000000, 0.000000000000000000, -1.000000000000000000 ) ) ;
#1492 = CYLINDRICAL_SURFACE ( 'NONE', #4400, 2.000000000000001776 ) ;
#1493 = EDGE_CURVE ( 'NONE', #4387, #3031, #2318, .T. ) ;
#1494 = CARTESIAN_POINT ( 'NONE',  ( -2.999999999999998224, 8.782733359702472598, -14.28810658347099860 ) ) ;
#1495 = CIRCLE ( 'NONE', #5233, 11.50000000000000000 ) ;
#1496 = CARTESIAN_POINT ( 'NONE',  ( 15.99999999999999645, 0.000000000000000000, 0.000000000000000000 ) ) ;
#1497 = VERTEX_POINT ( 'NONE', #3631 ) ;
#1498 = EDGE_CURVE ( 'NONE', #2650, #272, #4417, .T. ) ;
#1499 = AXIS2_PLACEMENT_3D ( 'NONE', #3268, #2410, #195 ) ;
#1500 = CIRCLE ( 'NONE', #5411, 29.99999999999999645 ) ;
#1501 = ORIENTED_EDGE ( 'NONE', *, *, #2357, .F. ) ;
#1502 = DATE_AND_TIME ( #3267, #68 ) ;
#1503 = FACE_OUTER_BOUND ( 'NONE', #2312, .T. ) ;
#1504 = CIRCLE ( 'NONE', #3383, 32.00000000000000000 ) ;
#1505 = CIRCLE ( 'NONE', #774, 11.50000000000000000 ) ;
#1506 = CARTESIAN_POINT ( 'NONE',  ( 1.515930339832561202, 41.54245685072242367, 10.75370955840736897 ) ) ;
#1507 = CARTESIAN_POINT ( 'NONE',  ( -30.00000000000000000, -30.00000000000000000, 0.000000000000000000 ) ) ;
#1508 = UNCERTAINTY_MEASURE_WITH_UNIT (LENGTH_MEASURE( 1.000000000000000082E-05 ), #3956, 'distance_accuracy_value', 'NONE');
#1509 = VECTOR ( 'NONE', #5495, 1000.000000000000000 ) ;
#1510 = AXIS2_PLACEMENT_3D ( 'NONE', #1117, #2477, #197 ) ;
#1511 = VERTEX_POINT ( 'NONE', #4199 ) ;
#1512 = CALENDAR_DATE ( 2026, 8, 7 ) ;
#1513 = DIRECTION ( 'NONE',  ( -1.000000000000000000, -0.000000000000000000, -0.000000000000000000 ) ) ;
#1514 = VERTEX_POINT ( 'NONE', #3304 ) ;
#1515 = DIRECTION ( 'NONE',  ( 0.000000000000000000, 0.000000000000000000, -1.000000000000000000 ) ) ;
#1516 = B_SPLINE_CURVE_WITH_KNOTS ( 'NONE', 3,
 ( #935, #3077, #3103, #5397, #4853 ),
 .UNSPECIFIED., .F., .F.,
 ( 4, 1, 4 ),
 ( 0.006228069425049499210, 0.006250472457906013427, 0.006272875490762528511 ),
 .UNSPECIFIED. ) ;
#1517 = EDGE_LOOP ( 'NONE', ( #5161, #5379 ) ) ;
#1518 = CARTESIAN_POINT ( 'NONE',  ( -15.00000000000000000, 18.44272569798235395, 23.66148492442900775 ) ) ;
#1519 = CARTESIAN_POINT ( 'NONE',  ( 15.99999999999999645, 16.71448917956903557, 28.95034448157421991 ) ) ;
#1520 = CARTESIAN_POINT ( 'NONE',  ( 7.094027214448808421E-16, 46.00000000000000000, 15.00000000000000000 ) ) ;
#1521 = AXIS2_PLACEMENT_3D ( 'NONE', #5661, #2543, #4328 ) ;
#1522 = ORIENTED_EDGE ( 'NONE', *, *, #4340, .T. ) ;
#1523 = DIRECTION ( 'NONE',  ( -1.000000000000000000, 0.000000000000000000, 0.000000000000000000 ) ) ;
#1524 = DIRECTION ( 'NONE',  ( -1.000000000000000000, 0.000000000000000000, 0.000000000000000000 ) ) ;
#1525 = DIRECTION ( 'NONE',  ( 1.000000000000000000, 0.000000000000000000, 0.000000000000000000 ) ) ;
#1526 = DIRECTION ( 'NONE',  ( -1.000000000000000000, -0.000000000000000000, -0.000000000000000000 ) ) ;
#1527 = EDGE_CURVE ( 'NONE', #2598, #2242, #574, .T. ) ;
#1528 = DIRECTION ( 'NONE',  ( 0.000000000000000000, 0.7071067811865439090, -0.7071067811865512365 ) ) ;
#1529 = ADVANCED_FACE ( 'NONE', ( #4326 ), #3424, .T. ) ;
#1530 = CARTESIAN_POINT ( 'NONE',  ( 30.00000000000000000, -30.00000000000000000, 0.000000000000000000 ) ) ;
#1531 = ORIENTED_EDGE ( 'NONE', *, *, #1025, .F. ) ;
#1532 = CIRCLE ( 'NONE', #2656, 37.15350152500624858 ) ;
#1533 = APPLICATION_CONTEXT ( 'configuration controlled 3d designs of mechanical parts and assemblies' ) ;
#1534 = VERTEX_POINT ( 'NONE', #290 ) ;
#1535 = CARTESIAN_POINT ( 'NONE',  ( 0.1340897933801235287, 43.86002172591265236, 10.06471530657940860 ) ) ;
#1536 = ADVANCED_FACE ( 'NONE', ( #5717 ), #2917, .F. ) ;
#1537 = AXIS2_PLACEMENT_3D ( 'NONE', #2990, #1142, #2933 ) ;
#1538 = CARTESIAN_POINT ( 'NONE',  ( 1.239465499602044218, 40.71741955837765659, 13.63994007452797419 ) ) ;
#1539 = CARTESIAN_POINT ( 'NONE',  ( 13.99999999999999645, 33.42897835913842641, -1.999999999999870770 ) ) ;
#1540 = VECTOR ( 'NONE', #2116, 1000.000000000000000 ) ;
#1541 = ORIENTED_EDGE ( 'NONE', *, *, #2574, .T. ) ;
#1542 = PERSON_AND_ORGANIZATION_ROLE ( 'classification_officer' ) ;
#1543 = FACE_OUTER_BOUND ( 'NONE', #3427, .T. ) ;
#1544 = EDGE_CURVE ( 'NONE', #3322, #4735, #2164, .T. ) ;
#1545 = ORIENTED_EDGE ( 'NONE', *, *, #1186, .F. ) ;
#1546 = CARTESIAN_POINT ( 'NONE',  ( -11.93488257301924094, 0.000000000000000000, 0.000000000000000000 ) ) ;
#1547 = VERTEX_POINT ( 'NONE', #3359 ) ;
#1548 = LOCAL_TIME ( 17, 36, 16.00000000000000000, #3799 ) ;
#1549 = CARTESIAN_POINT ( 'NONE',  ( 11.93488257301924094, 24.86805547285037221, 24.84649847499358088 ) ) ;
#1550 = FACE_OUTER_BOUND ( 'NONE', #5338, .T. ) ;
#1551 = LINE ( 'NONE', #5487, #5269 ) ;
#1552 = ORIENTED_EDGE ( 'NONE', *, *, #1687, .F. ) ;
#1553 = DIRECTION ( 'NONE',  ( 0.000000000000000000, 0.000000000000000000, 1.000000000000000000 ) ) ;
#1554 = CARTESIAN_POINT ( 'NONE',  ( 10.99999999999999645, -31.97071371987384580, 1.368745499305912494 ) ) ;
#1555 = DIRECTION ( 'NONE',  ( -1.000000000000000000, 0.000000000000000000, 0.000000000000000000 ) ) ;
#1556 = DIRECTION ( 'NONE',  ( 0.000000000000000000, 0.000000000000000000, 1.000000000000000000 ) ) ;
#1557 = CARTESIAN_POINT ( 'NONE',  ( -15.00000000000000000, 0.000000000000000000, 0.000000000000000000 ) ) ;
#1558 = DIRECTION ( 'NONE',  ( 1.000000000000000000, -0.000000000000000000, -0.000000000000000000 ) ) ;
#1559 = ORIENTED_EDGE ( 'NONE', *, *, #4365, .T. ) ;
#1560 = CC_DESIGN_PERSON_AND_ORGANIZATION_ASSIGNMENT ( #2243, #4022, ( #2478 ) ) ;
#1561 = EDGE_CURVE ( 'NONE', #1100, #1410, #1318, .T. ) ;
#1562 = VERTEX_POINT ( 'NONE', #2571 ) ;
#1563 = CARTESIAN_POINT ( 'NONE',  ( -8.446240503433626756, 38.57709893189429096, 17.59910618550317096 ) ) ;
#1564 = CARTESIAN_POINT ( 'NONE',  ( 0.2681611627843359380, 40.63723929108838462, 14.05111817296864274 ) ) ;
#1565 = LINE ( 'NONE', #2412, #402 ) ;
#1566 = EDGE_CURVE ( 'NONE', #2765, #1611, #2108, .T. ) ;
#1567 = ORIENTED_EDGE ( 'NONE', *, *, #5030, .F. ) ;
#1568 = PERSON_AND_ORGANIZATION_ROLE ( 'design_owner' ) ;
#1569 = CARTESIAN_POINT ( 'NONE',  ( 7.094027214448808421E-16, 48.00000000000000000, 30.00000000000000000 ) ) ;
#1570 = ORIENTED_EDGE ( 'NONE', *, *, #3929, .T. ) ;
#1571 = DIRECTION ( 'NONE',  ( -1.000000000000000000, 0.000000000000000000, 0.000000000000000000 ) ) ;
#1572 = VERTEX_POINT ( 'NONE', #3889 ) ;
#1573 = CARTESIAN_POINT ( 'NONE',  ( -13.80865470597236921, 9.786994100923090301, 35.86884235913056784 ) ) ;
#1574 = CYLINDRICAL_SURFACE ( 'NONE', #4596, 21.50000000000000000 ) ;
#1575 = EDGE_CURVE ( 'NONE', #1930, #4298, #3954, .T. ) ;
#1576 = DIRECTION ( 'NONE',  ( 0.000000000000000000, 1.000000000000000000, 0.000000000000000000 ) ) ;
#1577 = AXIS2_PLACEMENT_3D ( 'NONE', #2686, #5335, #794 ) ;
#1578 = ORIENTED_EDGE ( 'NONE', *, *, #5065, .T. ) ;
#1579 = DIRECTION ( 'NONE',  ( 0.000000000000000000, 1.000000000000000000, -0.000000000000000000 ) ) ;
#1580 = VECTOR ( 'NONE', #4858, 1000.000000000000000 ) ;
#1581 = DIRECTION ( 'NONE',  ( 1.000000000000000000, 0.000000000000000000, -0.000000000000000000 ) ) ;
#1582 = DIRECTION ( 'NONE',  ( 0.000000000000000000, 0.000000000000000000, -1.000000000000000000 ) ) ;
#1583 = B_SPLINE_CURVE_WITH_KNOTS ( 'NONE', 3,
 ( #3870, #4211, #213, #4301, #1996 ),
 .UNSPECIFIED., .F., .F.,
 ( 4, 1, 4 ),
 ( 0.01111002383793197740, 0.01113278995215754436, 0.01115555606638311131 ),
 .UNSPECIFIED. ) ;
#1584 = CARTESIAN_POINT ( 'NONE',  ( 11.82333661054051177, 35.40327659367283530, 0.3675572861395331459 ) ) ;
#1585 = DIRECTION ( 'NONE',  ( 0.000000000000000000, 0.7071067811865437980, -0.7071067811865512365 ) ) ;
#1586 = DIRECTION ( 'NONE',  ( 0.000000000000000000, 0.000000000000000000, 1.000000000000000000 ) ) ;
#1587 = DIRECTION ( 'NONE',  ( -1.000000000000000000, 0.000000000000000000, 0.000000000000000000 ) ) ;
#1588 = VERTEX_POINT ( 'NONE', #1217 ) ;
#1589 = AXIS2_PLACEMENT_3D ( 'NONE', #2731, #3608, #860 ) ;
#1590 = ORIENTED_EDGE ( 'NONE', *, *, #4253, .T. ) ;
#1591 = LINE ( 'NONE', #3912, #5237 ) ;
#1592 = CARTESIAN_POINT ( 'NONE',  ( -0.8982333676659189914, 41.72346311549212317, 10.27294389420171505 ) ) ;
#1593 = DIRECTION ( 'NONE',  ( 0.000000000000000000, 0.000000000000000000, 1.000000000000000000 ) ) ;
#1594 = AXIS2_PLACEMENT_3D ( 'NONE', #4411, #4442, #3535 ) ;
#1595 = AXIS2_PLACEMENT_3D ( 'NONE', #1619, #2462, #5232 ) ;
#1596 = B_SPLINE_CURVE_WITH_KNOTS ( 'NONE', 3,
 ( #3157, #2711, #1701, #5258, #3489, #4146, #2335, #555, #2310, #5016 ),
 .UNSPECIFIED., .F., .F.,
 ( 4, 2, 2, 2, 4 ),
 ( 0.002538020275192175244, 0.003074152921454772428, 0.003610285567717369179, 0.004146418213979966363, 0.004682550860242563548 ),
 .UNSPECIFIED. ) ;
#1597 = EDGE_LOOP ( 'NONE', ( #142, #3789, #4270, #4329 ) ) ;
#1598 = CALENDAR_DATE ( 2026, 8, 7 ) ;
#1599 = AXIS2_PLACEMENT_3D ( 'NONE', #5737, #1383, #2214 ) ;
#1600 = CARTESIAN_POINT ( 'NONE',  ( -15.00000000000000000, 8.782733359702472598, -14.28810658347099860 ) ) ;
#1601 = AXIS2_PLACEMENT_3D ( 'NONE', #3680, #120, #2801 ) ;
#1602 = ORIENTED_EDGE ( 'NONE', *, *, #2039, .F. ) ;
#1603 = DIRECTION ( 'NONE',  ( 0.000000000000000000, 0.000000000000000000, -1.000000000000000000 ) ) ;
#1604 = PRODUCT_DEFINITION ( 'UNKNOWN', '', #4247, #3797 ) ;
#1606 = EDGE_CURVE ( 'NONE', #2512, #4460, #4862, .T. ) ;
#1605 = ORIENTED_EDGE ( 'NONE', *, *, #161, .F. ) ;
#1607 = CARTESIAN_POINT ( 'NONE',  ( -15.01055560506906517, 21.23848229653584951, 30.51722890440833424 ) ) ;
#1608 = DIRECTION ( 'NONE',  ( 0.000000000000000000, 0.000000000000000000, 1.000000000000000000 ) ) ;
#1609 = CIRCLE ( 'NONE', #491, 2.000000000000001776 ) ;
#1610 = CIRCLE ( 'NONE', #1328, 6.000000000000000888 ) ;
#1611 = VERTEX_POINT ( 'NONE', #1159 ) ;
#1612 = CARTESIAN_POINT ( 'NONE',  ( 13.99999999999999645, 16.66961349092400013, 30.94984096133324059 ) ) ;
#1613 = ORIENTED_EDGE ( 'NONE', *, *, #5091, .T. ) ;
#1614 = CARTESIAN_POINT ( 'NONE',  ( 13.00000000000002487, 16.71448917956903557, 26.95034448157421991 ) ) ;
#1615 = CIRCLE ( 'NONE', #1719, 2.000000000000000000 ) ;
#1616 = CIRCLE ( 'NONE', #4952, 35.15350152500624148 ) ;
#1617 = ADVANCED_FACE ( 'NONE', ( #3008 ), #4356, .F. ) ;
#1618 = CARTESIAN_POINT ( 'NONE',  ( 10.83684431923338209, 35.28646890811601367, 19.62492951220195891 ) ) ;
#1619 = CARTESIAN_POINT ( 'NONE',  ( 7.094027214448808421E-16, 0.000000000000000000, 30.00000000000000000 ) ) ;
#1620 = VECTOR ( 'NONE', #5101, 1000.000000000000000 ) ;
#1621 = CARTESIAN_POINT ( 'NONE',  ( 13.99999999999999645, -33.42897835913842641, 1.999999999999870770 ) ) ;
#1622 = DIRECTION ( 'NONE',  ( 1.000000000000000000, 0.000000000000000000, 0.000000000000000000 ) ) ;
#1623 = CARTESIAN_POINT ( 'NONE',  ( 15.99999999999999645, -16.71448917956946190, 28.95034448157397833 ) ) ;
#1624 = ADVANCED_FACE ( 'NONE', ( #3858 ), #4792, .F. ) ;
#1625 = LINE ( 'NONE', #3412, #563 ) ;
#1626 = CIRCLE ( 'NONE', #3961, 3.000000000000000444 ) ;
#1627 = VERTEX_POINT ( 'NONE', #701 ) ;
#1628 = ORIENTED_EDGE ( 'NONE', *, *, #3325, .F. ) ;
#1629 = CARTESIAN_POINT ( 'NONE',  ( -12.19762948050640716, 32.40110913849051855, 21.25626738715002872 ) ) ;
#1630 = CARTESIAN_POINT ( 'NONE',  ( 1.020493826038745944, 40.68705668493348071, 13.78988200730131197 ) ) ;
#1631 = VECTOR ( 'NONE', #4990, 1000.000000000000000 ) ;
#1632 = DIRECTION ( 'NONE',  ( -1.000000000000000000, 0.000000000000000000, -0.000000000000000000 ) ) ;
#1633 = CIRCLE ( 'NONE', #3880, 2.000000000000001776 ) ;
#1634 = EDGE_LOOP ( 'NONE', ( #4724, #1613, #325, #4047 ) ) ;
#1635 = PERSON_AND_ORGANIZATION ( #1916, #341 ) ;
#1636 = FACE_OUTER_BOUND ( 'NONE', #5289, .T. ) ;
#1637 = ORIENTED_EDGE ( 'NONE', *, *, #634, .T. ) ;
#1638 = DIRECTION ( 'NONE',  ( -1.000000000000000000, 0.000000000000000000, 0.000000000000000000 ) ) ;
#1639 = EDGE_LOOP ( 'NONE', ( #3221, #3159, #4634, #2752 ) ) ;
#1640 = CARTESIAN_POINT ( 'NONE',  ( 13.18436255310563787, 4.522810331938281499E-15, 37.15350152500624858 ) ) ;
#1641 = DIRECTION ( 'NONE',  ( 0.000000000000000000, 0.000000000000000000, -1.000000000000000000 ) ) ;
#1642 = APPROVAL_PERSON_ORGANIZATION ( #1635, #1644, #1188 ) ;
#1643 = ORIENTED_EDGE ( 'NONE', *, *, #504, .F. ) ;
#1644 = APPROVAL ( #3423, 'UNSPECIFIED' ) ;
#1645 = ADVANCED_FACE ( 'NONE', ( #264 ), #4759, .T. ) ;
#1646 = ORIENTED_EDGE ( 'NONE', *, *, #3895, .F. ) ;
#1647 = FACE_OUTER_BOUND ( 'NONE', #519, .T. ) ;
#1648 = ORIENTED_EDGE ( 'NONE', *, *, #5558, .F. ) ;
#1649 = SECURITY_CLASSIFICATION ( '', '', #3704 ) ;
#1650 = DIRECTION ( 'NONE',  ( 0.000000000000000000, 0.000000000000000000, 1.000000000000000000 ) ) ;
#1651 = CARTESIAN_POINT ( 'NONE',  ( 12.24581048553521612, 32.39534762497935816, 21.27217933107961301 ) ) ;
#1652 = CARTESIAN_POINT ( 'NONE',  ( -2.283192745097990084, 39.20051593716036109, 17.19449575455816515 ) ) ;
#1653 = EDGE_CURVE ( 'NONE', #3381, #1885, #4308, .T. ) ;
#1654 = CARTESIAN_POINT ( 'NONE',  ( 13.99999999999999645, -18.46854177014019527, -29.91122923507495912 ) ) ;
#1655 = CYLINDRICAL_SURFACE ( 'NONE', #1153, 17.99999999999999645 ) ;
#1656 = DIRECTION ( 'NONE',  ( 1.000000000000000000, 0.000000000000000000, 0.000000000000000000 ) ) ;
#1657 = DIRECTION ( 'NONE',  ( -0.000000000000000000, -1.000000000000000000, -0.000000000000000000 ) ) ;
#1658 = ORIENTED_EDGE ( 'NONE', *, *, #2350, .T. ) ;
#1659 = AXIS2_PLACEMENT_3D ( 'NONE', #2807, #2720, #4093 ) ;
#1660 = ADVANCED_FACE ( 'NONE', ( #3947 ), #2948, .T. ) ;
#1661 = EDGE_LOOP ( 'NONE', ( #4486, #4592, #2172, #755 ) ) ;
#1662 = DIRECTION ( 'NONE',  ( -1.000000000000000000, -0.000000000000000000, -0.000000000000000000 ) ) ;
#1663 = CARTESIAN_POINT ( 'NONE',  ( -15.00000000000000000, -21.21320343559623822, 21.21320343559661126 ) ) ;
#1664 = FACE_OUTER_BOUND ( 'NONE', #2825, .T. ) ;
#1665 = ORIENTED_EDGE ( 'NONE', *, *, #2829, .F. ) ;
#1666 = DATE_AND_TIME ( #4758, #5085 ) ;
#1667 = DIRECTION ( 'NONE',  ( 1.000000000000000000, 0.000000000000000000, 0.000000000000000000 ) ) ;
#1668 = ORIENTED_EDGE ( 'NONE', *, *, #2932, .F. ) ;
#1669 = DIRECTION ( 'NONE',  ( 0.000000000000000000, -0.7071067811865388020, 0.7071067811865561215 ) ) ;
#1670 = ORIENTED_EDGE ( 'NONE', *, *, #831, .F. ) ;
#1671 = FACE_OUTER_BOUND ( 'NONE', #1987, .T. ) ;
#1672 = DIRECTION ( 'NONE',  ( 1.000000000000000000, 0.000000000000000000, 0.000000000000000000 ) ) ;
#1673 = VERTEX_POINT ( 'NONE', #757 ) ;
#1674 = CARTESIAN_POINT ( 'NONE',  ( 7.094027214448808421E-16, 50.00000000000000000, 30.00000000000000000 ) ) ;
#1675 = ORIENTED_EDGE ( 'NONE', *, *, #998, .F. ) ;
#1676 = LINE ( 'NONE', #2146, #405 ) ;
#1677 = CARTESIAN_POINT ( 'NONE',  ( 11.39812159397373570, 34.21540405989156142, 20.24532191029506123 ) ) ;
#1678 = CARTESIAN_POINT ( 'NONE',  ( -11.63389996961885409, 26.54982530877403946, 24.14945938212169807 ) ) ;
#1679 = EDGE_CURVE ( 'NONE', #2212, #1340, #5043, .T. ) ;
#1680 = CARTESIAN_POINT ( 'NONE',  ( 11.93488257301923738, 35.13815526106478160, 1.038611726258549917 ) ) ;
#1681 = FACE_OUTER_BOUND ( 'NONE', #3060, .T. ) ;
#1682 = CIRCLE ( 'NONE', #5681, 2.000000000000001776 ) ;
#1683 = DIRECTION ( 'NONE',  ( -1.000000000000000000, -0.000000000000000000, -0.000000000000000000 ) ) ;
#1684 = CARTESIAN_POINT ( 'NONE',  ( -16.31644489767901263, -17.52971900545513861, 0.000000000000000000 ) ) ;
#1686 = ADVANCED_FACE ( 'NONE', ( #1636 ), #2597, .F. ) ;
#1685 = VERTEX_POINT ( 'NONE', #4732 ) ;
#1687 = EDGE_CURVE ( 'NONE', #2979, #4923, #4117, .T. ) ;
#1688 = ORIENTED_EDGE ( 'NONE', *, *, #3902, .F. ) ;
#1689 = CARTESIAN_POINT ( 'NONE',  ( 15.99999999999999645, -33.42897835913842641, 1.999999999999870770 ) ) ;
#1690 = ADVANCED_FACE ( 'NONE', ( #872 ), #1278, .F. ) ;
#1691 = CYLINDRICAL_SURFACE ( 'NONE', #1061, 35.15350152500624148 ) ;
#1692 = DIRECTION ( 'NONE',  ( 0.000000000000000000, 0.000000000000000000, 1.000000000000000000 ) ) ;
#1693 = AXIS2_PLACEMENT_3D ( 'NONE', #4187, #4683, #1525 ) ;
#1694 = VERTEX_POINT ( 'NONE', #4053 ) ;
#1695 = PERSON_AND_ORGANIZATION ( #1916, #341 ) ;
#1696 = DIRECTION ( 'NONE',  ( 0.000000000000000000, 0.000000000000000000, 1.000000000000000000 ) ) ;
#1697 = VERTEX_POINT ( 'NONE', #2741 ) ;
#1698 = FACE_OUTER_BOUND ( 'NONE', #5253, .T. ) ;
#1699 = CIRCLE ( 'NONE', #1595, 15.00000000000000000 ) ;
#1700 = LINE ( 'NONE', #5257, #4808 ) ;
#1701 = CARTESIAN_POINT ( 'NONE',  ( 11.86676215350555452, -18.27807757998447968, 30.21005606855327130 ) ) ;
#1702 = VECTOR ( 'NONE', #3118, 1000.000000000000000 ) ;
#1703 = VECTOR ( 'NONE', #5165, 1000.000000000000000 ) ;
#1704 = EDGE_LOOP ( 'NONE', ( #3064, #1522, #4768, #916, #5273, #2878, #4842, #5062 ) ) ;
#1705 = CIRCLE ( 'NONE', #1975, 11.50000000000000000 ) ;
#1706 = ORIENTED_EDGE ( 'NONE', *, *, #4688, .T. ) ;
#1707 = DIRECTION ( 'NONE',  ( 0.000000000000000000, 0.000000000000000000, -1.000000000000000000 ) ) ;
#1708 = CARTESIAN_POINT ( 'NONE',  ( 11.88898990014653911, 16.89139354908263257, -30.95034448157385754 ) ) ;
#1709 = CARTESIAN_POINT ( 'NONE',  ( 13.99999999999999645, 33.42897835913842641, 2.000000000000130118 ) ) ;
#1710 = VECTOR ( 'NONE', #158, 1000.000000000000000 ) ;
#1711 = AXIS2_PLACEMENT_3D ( 'NONE', #4906, #5692, #4844 ) ;
#1712 = DIRECTION ( 'NONE',  ( 1.000000000000000000, 0.000000000000000000, 0.000000000000000000 ) ) ;
#1713 = CIRCLE ( 'NONE', #1419, 12.99999999999999822 ) ;
#1714 = VECTOR ( 'NONE', #5683, 1000.000000000000000 ) ;
#1715 = FACE_OUTER_BOUND ( 'NONE', #2037, .T. ) ;
#1716 = CARTESIAN_POINT ( 'NONE',  ( 13.00000000000002487, -14.79998848622190621, -28.37182300818365732 ) ) ;
#1717 = DIRECTION ( 'NONE',  ( 0.000000000000000000, 0.000000000000000000, 1.000000000000000000 ) ) ;
#1718 = VERTEX_POINT ( 'NONE', #3066 ) ;
#1719 = AXIS2_PLACEMENT_3D ( 'NONE', #2780, #1874, #4934 ) ;
#1720 = CC_DESIGN_PERSON_AND_ORGANIZATION_ASSIGNMENT ( #1929, #3710, ( #1833 ) ) ;
#1721 = EDGE_CURVE ( 'NONE', #3116, #3490, #4694, .T. ) ;
#1722 = ORIENTED_EDGE ( 'NONE', *, *, #4401, .T. ) ;
#1723 = AXIS2_PLACEMENT_3D ( 'NONE', #1112, #1587, #745 ) ;
#1724 = CYLINDRICAL_SURFACE ( 'NONE', #4867, 16.29999999999999361 ) ;
#1725 = EDGE_CURVE ( 'NONE', #1848, #2835, #2623, .T. ) ;
#1726 = ORIENTED_EDGE ( 'NONE', *, *, #3682, .F. ) ;
#1727 = APPROVAL_DATE_TIME ( #3534, #2496 ) ;
#1728 = DIRECTION ( 'NONE',  ( 0.000000000000000000, 0.000000000000000000, 1.000000000000000000 ) ) ;
#1729 = EDGE_LOOP ( 'NONE', ( #1370, #4106 ) ) ;
#1730 = AXIS2_PLACEMENT_3D ( 'NONE', #2133, #5682, #3913 ) ;
#1731 = CARTESIAN_POINT ( 'NONE',  ( 3.766703313348556126, 38.64328449195410542, 17.55588739780503005 ) ) ;
#1732 = DIRECTION ( 'NONE',  ( 0.000000000000000000, 0.000000000000000000, -1.000000000000000000 ) ) ;
#1733 = ORIENTED_EDGE ( 'NONE', *, *, #3073, .T. ) ;
#1734 =( NAMED_UNIT ( * ) PLANE_ANGLE_UNIT ( ) SI_UNIT ( $, .RADIAN. ) );
#1735 = ORIENTED_EDGE ( 'NONE', *, *, #3910, .F. ) ;
#1736 = DIRECTION ( 'NONE',  ( 0.000000000000000000, 1.000000000000000000, 0.000000000000000000 ) ) ;
#1737 = CIRCLE ( 'NONE', #4539, 3.000000000000000444 ) ;
#1738 = CARTESIAN_POINT ( 'NONE',  ( -15.00000000000000000, -29.77217284761369243, -3.690220038400653380 ) ) ;
#1739 = CYLINDRICAL_SURFACE ( 'NONE', #4953, 6.000000000000000888 ) ;
#1740 = LOCAL_TIME ( 17, 36, 16.00000000000000000, #3997 ) ;
#1741 = CARTESIAN_POINT ( 'NONE',  ( -15.00000000000000000, -6.740819519822066397, -9.317260981704107436 ) ) ;
#1742 = DIRECTION ( 'NONE',  ( 0.000000000000000000, 0.7071067811865487940, 0.7071067811865462405 ) ) ;
#1743 = DIRECTION ( 'NONE',  ( 0.000000000000000000, -1.000000000000000000, 0.000000000000000000 ) ) ;
#1744 = DIRECTION ( 'NONE',  ( 0.000000000000000000, 0.000000000000000000, -1.000000000000000000 ) ) ;
#1745 = DIRECTION ( 'NONE',  ( 1.000000000000000000, 0.000000000000000000, 0.000000000000000000 ) ) ;
#1746 = ORGANIZATION ( 'NAUO-ORG3', 'UNSPECIFIED', 'UNSPECIFIED' ) ;
#1747 = VERTEX_POINT ( 'NONE', #60 ) ;
#1748 = CARTESIAN_POINT ( 'NONE',  ( 7.094027214448808421E-16, 48.00000000000000000, 30.00000000000000000 ) ) ;
#1749 = AXIS2_PLACEMENT_3D ( 'NONE', #442, #902, #2224 ) ;
#1750 = CIRCLE ( 'NONE', #5748, 35.15350152500624148 ) ;
#1751 = EDGE_CURVE ( 'NONE', #2190, #4896, #2902, .T. ) ;
#1752 = VERTEX_POINT ( 'NONE', #5332 ) ;
#1753 = DATE_AND_TIME ( #5302, #5280 ) ;
#1754 = DIRECTION ( 'NONE',  ( -1.000000000000000000, -0.000000000000000000, -0.000000000000000000 ) ) ;
#1755 = ORIENTED_EDGE ( 'NONE', *, *, #3324, .F. ) ;
#1756 = FACE_OUTER_BOUND ( 'NONE', #2777, .T. ) ;
#1757 = CARTESIAN_POINT ( 'NONE',  ( 15.53241216860677731, 46.00000000000000000, 23.03235765329041840 ) ) ;
#1758 = EDGE_CURVE ( 'NONE', #3294, #760, #2180, .T. ) ;
#1759 = ORIENTED_EDGE ( 'NONE', *, *, #5638, .F. ) ;
#1760 = EDGE_LOOP ( 'NONE', ( #4903, #2655, #1531, #2329 ) ) ;
#1761 = CARTESIAN_POINT ( 'NONE',  ( -15.00000000000000000, 3.124985970199051696E-13, 30.00000000000000000 ) ) ;
#1762 = CARTESIAN_POINT ( 'NONE',  ( 11.93488257301923738, -16.66961349092445488, 30.94984096133297768 ) ) ;
#1763 = CARTESIAN_POINT ( 'NONE',  ( -15.00000000000000000, -11.50000000000000178, 7.719519468096791570E-14 ) ) ;
#1764 = ADVANCED_FACE ( 'NONE', ( #3618 ), #5387, .T. ) ;
#1765 = LINE ( 'NONE', #478, #424 ) ;
#1766 = CARTESIAN_POINT ( 'NONE',  ( -15.99999999999999645, 0.000000000000000000, 37.15350152500624858 ) ) ;
#1767 = CARTESIAN_POINT ( 'NONE',  ( 21.49999999999999645, 3.673940397442060361E-16, -3.000000000000000444 ) ) ;
#1768 = DIRECTION ( 'NONE',  ( 1.000000000000000000, -0.000000000000000000, -0.000000000000000000 ) ) ;
#1769 = CARTESIAN_POINT ( 'NONE',  ( -8.000000000000000000, 0.000000000000000000, 1.000000000000000888 ) ) ;
#1770 = ADVANCED_FACE ( 'NONE', ( #4902, #924 ), #2708, .F. ) ;
#1771 = ADVANCED_BREP_SHAPE_REPRESENTATION ( '', ( #30, #2942 ), #612 ) ;
#1772 = AXIS2_PLACEMENT_3D ( 'NONE', #3546, #3022, #2606 ) ;
#1773 = ORIENTED_EDGE ( 'NONE', *, *, #3261, .F. ) ;
#1774 = CYLINDRICAL_SURFACE ( 'NONE', #2075, 35.15350152500624148 ) ;
#1775 = ORIENTED_EDGE ( 'NONE', *, *, #1415, .F. ) ;
#1776 = AXIS2_PLACEMENT_3D ( 'NONE', #4977, #135, #1491 ) ;
#1777 = EDGE_LOOP ( 'NONE', ( #4475, #524, #5017, #5657 ) ) ;
#1778 = DATE_AND_TIME ( #1169, #1740 ) ;
#1779 = CARTESIAN_POINT ( 'NONE',  ( 15.98174859208560683, -17.36237085265844371, 0.000000000000000000 ) ) ;
#1780 = ORIENTED_EDGE ( 'NONE', *, *, #3444, .T. ) ;
#1781 = FACE_OUTER_BOUND ( 'NONE', #2135, .T. ) ;
#1782 = DIRECTION ( 'NONE',  ( 0.000000000000000000, 0.000000000000000000, 1.000000000000000000 ) ) ;
#1783 = EDGE_LOOP ( 'NONE', ( #5021, #5749, #1541, #445 ) ) ;
#1784 = CARTESIAN_POINT ( 'NONE',  ( -15.00000000000000000, -3.892886739489597847, -16.31354737148741663 ) ) ;
#1785 = APPROVAL ( #1071, 'UNSPECIFIED' ) ;
#1786 = ADVANCED_FACE ( 'NONE', ( #5303 ), #496, .F. ) ;
#1787 = AXIS2_PLACEMENT_3D ( 'NONE', #3746, #1003, #5520 ) ;
#1788 = ORIENTED_EDGE ( 'NONE', *, *, #725, .T. ) ;
#1789 = CARTESIAN_POINT ( 'NONE',  ( -2.999999999999998224, 14.28810658347096840, 8.782733359702522336 ) ) ;
#1790 = CARTESIAN_POINT ( 'NONE',  ( -2.999999999999998224, 16.31354737148743084, -3.892886739489540560 ) ) ;
#1791 = CARTESIAN_POINT ( 'NONE',  ( 13.99999999999999645, -33.42897835913842641, -1.297247899378906055E-13 ) ) ;
#1792 = AXIS2_PLACEMENT_3D ( 'NONE', #5023, #1020, #1486 ) ;
#1793 = FACE_OUTER_BOUND ( 'NONE', #3702, .T. ) ;
#1794 = ADVANCED_FACE ( 'NONE', ( #440 ), #3180, .F. ) ;
#1795 = PLANE ( 'NONE',  #583 ) ;
#1796 = LINE ( 'NONE', #5236, #2084 ) ;
#1797 = VECTOR ( 'NONE', #695, 1000.000000000000000 ) ;
#1798 = VECTOR ( 'NONE', #5104, 1000.000000000000000 ) ;
#1799 = CARTESIAN_POINT ( 'NONE',  ( -16.31644489767901263, 17.52971900545513861, 4.000000000000000000 ) ) ;
#1800 = ORIENTED_EDGE ( 'NONE', *, *, #1575, .F. ) ;
#1801 = AXIS2_PLACEMENT_3D ( 'NONE', #744, #4250, #252 ) ;
#1802 = AXIS2_PLACEMENT_3D ( 'NONE', #2610, #3080, #4395 ) ;
#1803 = EDGE_CURVE ( 'NONE', #3393, #83, #665, .T. ) ;
#1804 = VERTEX_POINT ( 'NONE', #984 ) ;
#1805 = CARTESIAN_POINT ( 'NONE',  ( -2.999999999999999112, 18.44272569798235395, 23.66148492442900775 ) ) ;
#1806 = CARTESIAN_POINT ( 'NONE',  ( 30.00000000000000000, -30.00000000000000000, -5.000000000000000000 ) ) ;
#1807 = VECTOR ( 'NONE', #5027, 1000.000000000000000 ) ;
#1808 = ORIENTED_EDGE ( 'NONE', *, *, #999, .F. ) ;
#1809 = CIRCLE ( 'NONE', #5061, 37.15350152500624858 ) ;
#1810 = EDGE_LOOP ( 'NONE', ( #2715, #417, #2339, #1219 ) ) ;
#1811 = PERSON_AND_ORGANIZATION ( #1916, #341 ) ;
#1812 = DIRECTION ( 'NONE',  ( 1.000000000000000000, 0.000000000000000000, 0.000000000000000000 ) ) ;
#1813 = ORIENTED_EDGE ( 'NONE', *, *, #5531, .F. ) ;
#1814 = DIRECTION ( 'NONE',  ( 0.000000000000000000, 0.000000000000000000, -1.000000000000000000 ) ) ;
#1815 = DIRECTION ( 'NONE',  ( 1.000000000000000000, 0.000000000000000000, 0.000000000000000000 ) ) ;
#1816 = VERTEX_POINT ( 'NONE', #2244 ) ;
#1817 = VERTEX_POINT ( 'NONE', #1779 ) ;
#1818 = LINE ( 'NONE', #994, #1242 ) ;
#1819 = DIRECTION ( 'NONE',  ( 0.000000000000000000, 0.000000000000000000, 1.000000000000000000 ) ) ;
#1820 = FACE_OUTER_BOUND ( 'NONE', #3834, .T. ) ;
#1821 = CIRCLE ( 'NONE', #5068, 17.99999999999999645 ) ;
#1822 = CC_DESIGN_DATE_AND_TIME_ASSIGNMENT ( #3242, #5386, ( #245 ) ) ;
#1823 = EDGE_CURVE ( 'NONE', #2156, #5199, #1339, .T. ) ;
#1824 = CARTESIAN_POINT ( 'NONE',  ( -30.00000000000000000, 30.00000000000000000, -5.000000000000000000 ) ) ;
#1825 = DIRECTION ( 'NONE',  ( 0.000000000000000000, 0.000000000000000000, 1.000000000000000000 ) ) ;
#1826 = TOROIDAL_SURFACE ( 'NONE', #3883, 24.42682846964513033, 10.00000000000000000 ) ;
#1827 = LINE ( 'NONE', #1853, #5430 ) ;
#1828 = CARTESIAN_POINT ( 'NONE',  ( 13.99999999999999645, -14.79998848622190089, -28.37182300818365377 ) ) ;
#1829 = ORIENTED_EDGE ( 'NONE', *, *, #920, .F. ) ;
#1830 = ADVANCED_FACE ( 'NONE', ( #2684 ), #29, .T. ) ;
#1831 = EDGE_LOOP ( 'NONE', ( #5208, #792, #5184, #4528 ) ) ;
#1832 = DIRECTION ( 'NONE',  ( 1.000000000000000000, -0.000000000000000000, -0.000000000000000000 ) ) ;
#1833 = SECURITY_CLASSIFICATION ( '', '', #4174 ) ;
#1834 = DIRECTION ( 'NONE',  ( 1.000000000000000000, -0.000000000000000000, -0.000000000000000000 ) ) ;
#1835 = ORIENTED_EDGE ( 'NONE', *, *, #2997, .T. ) ;
#1836 = EDGE_CURVE ( 'NONE', #2706, #2156, #1616, .T. ) ;
#1837 = ORIENTED_EDGE ( 'NONE', *, *, #1803, .F. ) ;
#1838 = CONTEXT_DEPENDENT_SHAPE_REPRESENTATION ( #5713, #2618 ) ;
#1839 = CARTESIAN_POINT ( 'NONE',  ( -2.999999999999998224, -8.782733359702373122, 14.28810658347105900 ) ) ;
#1840 = ORIENTED_EDGE ( 'NONE', *, *, #1758, .T. ) ;
#1841 = LINE ( 'NONE', #2775, #1631 ) ;
#1842 = DIRECTION ( 'NONE',  ( 0.000000000000000000, 0.000000000000000000, 1.000000000000000000 ) ) ;
#1843 = B_SPLINE_CURVE_WITH_KNOTS ( 'NONE', 3,
 ( #5079, #2425, #5461, #5026, #593, #4209, #211, #2373, #1993, #3777, #4767, #2894, #271, #5694, #3341, #3431, #2517, #5575, #4363, #2956, #4271, #4739, #300, #4709, #2984, #2457 ),
 .UNSPECIFIED., .F., .F.,
 ( 4, 2, 2, 2, 2, 2, 2, 2, 2, 2, 2, 2, 4 ),
 ( 0.01133535930631632618, 0.01213197725502565029, 0.01292859520373497439, 0.01332690417808963385, 0.01372521315244429503, 0.01452183110115362087, 0.01492014007550828032, 0.01531844904986293977, 0.01571675802421760096, 0.01611506699857226041, 0.01651337597292691986, 0.01691168494728157931, 0.01770830289599090168 ),
 .UNSPECIFIED. ) ;
#1844 = VERTEX_POINT ( 'NONE', #4987 ) ;
#1845 = DATE_AND_TIME ( #66, #4254 ) ;
#1846 = ORIENTED_EDGE ( 'NONE', *, *, #4550, .F. ) ;
#1847 = DIRECTION ( 'NONE',  ( 1.000000000000000000, 0.000000000000000000, 0.000000000000000000 ) ) ;
#1848 = VERTEX_POINT ( 'NONE', #3763 ) ;
#1849 = FACE_OUTER_BOUND ( 'NONE', #5355, .T. ) ;
#1850 = DIRECTION ( 'NONE',  ( 0.000000000000000000, -0.7071067811865389130, 0.7071067811865561215 ) ) ;
#1851 = FACE_OUTER_BOUND ( 'NONE', #5395, .T. ) ;
#1852 = CYLINDRICAL_SURFACE ( 'NONE', #406, 3.000000000000000444 ) ;
#1853 = CARTESIAN_POINT ( 'NONE',  ( -12.00000000000000000, 0.000000000000000000, 30.00000000000000000 ) ) ;
#1854 = ADVANCED_FACE ( 'NONE', ( #2331, #168 ), #3297, .F. ) ;
#1855 = CARTESIAN_POINT ( 'NONE',  ( 7.094027214448808421E-16, 46.00000000000000000, 30.00000000000000000 ) ) ;
#1856 = EDGE_LOOP ( 'NONE', ( #4700, #5453, #4074, #4167, #5440, #1706, #4777, #704, #3349, #5471, #438, #5369, #4666, #2770, #5275, #1668, #1800, #957, #1775 ) ) ;
#1857 = VERTEX_POINT ( 'NONE', #3677 ) ;
#1858 = EDGE_CURVE ( 'NONE', #1340, #3144, #577, .T. ) ;
#1859 = DIRECTION ( 'NONE',  ( -1.000000000000000000, -0.000000000000000000, -0.000000000000000000 ) ) ;
#1860 = EDGE_CURVE ( 'NONE', #5584, #2215, #3188, .T. ) ;
#1861 = DIRECTION ( 'NONE',  ( 0.000000000000000000, 0.000000000000000000, -1.000000000000000000 ) ) ;
#1862 = EDGE_LOOP ( 'NONE', ( #2048, #1773, #4051, #5074 ) ) ;
#1863 = VERTEX_POINT ( 'NONE', #5530 ) ;
#1864 = DATE_AND_TIME ( #494, #4722 ) ;
#1865 = CARTESIAN_POINT ( 'NONE',  ( 1.759955284822914523, 42.95890562728899909, 13.05030318385934152 ) ) ;
#1866 = EDGE_CURVE ( 'NONE', #1484, #2470, #3903, .T. ) ;
#1867 = AXIS2_PLACEMENT_3D ( 'NONE', #3965, #3933, #5733 ) ;
#1868 = ORIENTED_EDGE ( 'NONE', *, *, #1721, .T. ) ;
#1869 = CARTESIAN_POINT ( 'NONE',  ( 10.99999999999999645, 35.13815526106477449, -1.038611726258275025 ) ) ;
#1870 = CARTESIAN_POINT ( 'NONE',  ( 12.99969690997811611, 18.46854177014039422, 29.91122923507481701 ) ) ;
#1871 = ORIENTED_EDGE ( 'NONE', *, *, #3254, .T. ) ;
#1872 = ADVANCED_FACE ( 'NONE', ( #1503 ), #2855, .F. ) ;
#1873 = ORIENTED_EDGE ( 'NONE', *, *, #399, .T. ) ;
#1874 = DIRECTION ( 'NONE',  ( 0.000000000000000000, 1.000000000000000000, 0.000000000000000000 ) ) ;
#1875 = ORIENTED_EDGE ( 'NONE', *, *, #5287, .F. ) ;
#1876 = CARTESIAN_POINT ( 'NONE',  ( 14.71993715594561003, 25.63218300784296844, 26.93212280103060863 ) ) ;
#1877 = FACE_BOUND ( 'NONE', #877, .T. ) ;
#1878 = DIRECTION ( 'NONE',  ( 0.000000000000000000, 0.000000000000000000, -1.000000000000000000 ) ) ;
#1879 = FACE_BOUND ( 'NONE', #3162, .T. ) ;
#1880 = LINE ( 'NONE', #5489, #281 ) ;
#1881 = CARTESIAN_POINT ( 'NONE',  ( 7.094027214448808421E-16, 50.00000000000000000, 30.00000000000000000 ) ) ;
#1882 = AXIS2_PLACEMENT_3D ( 'NONE', #3136, #910, #2694 ) ;
#1883 = CIRCLE ( 'NONE', #4124, 17.99999999999999645 ) ;
#1884 = AXIS2_PLACEMENT_3D ( 'NONE', #3069, #5336, #3095 ) ;
#1885 = VERTEX_POINT ( 'NONE', #5473 ) ;
#1886 = CYLINDRICAL_SURFACE ( 'NONE', #1225, 30.00000000000000000 ) ;
#1887 = DIRECTION ( 'NONE',  ( 0.000000000000000000, 0.000000000000000000, -1.000000000000000000 ) ) ;
#1888 = ORIENTED_EDGE ( 'NONE', *, *, #2281, .F. ) ;
#1889 = CIRCLE ( 'NONE', #4222, 2.000000000000001776 ) ;
#1890 = VECTOR ( 'NONE', #4886, 1000.000000000000000 ) ;
#1891 = ADVANCED_FACE ( 'NONE', ( #144 ), #4636, .F. ) ;
#1892 = SHAPE_REPRESENTATION ( 'Centrifugal_Pump_Case2', ( #2942 ), #2475 ) ;
#1893 = ORIENTED_EDGE ( 'NONE', *, *, #337, .F. ) ;
#1894 = DATE_TIME_ROLE ( 'classification_date' ) ;
#1895 = AXIS2_PLACEMENT_3D ( 'NONE', #2203, #3984, #3899 ) ;
#1896 = CARTESIAN_POINT ( 'NONE',  ( 0.5295131638972800925, 42.75824564695848551, 13.99797987010423839 ) ) ;
#1897 = VERTEX_POINT ( 'NONE', #632 ) ;
#1898 = PLANE ( 'NONE',  #3220 ) ;
#1899 = DIRECTION ( 'NONE',  ( 1.000000000000000000, 0.000000000000000000, 0.000000000000000000 ) ) ;
#1900 = VECTOR ( 'NONE', #2019, 1000.000000000000000 ) ;
#1901 = EDGE_CURVE ( 'NONE', #2227, #1611, #1408, .T. ) ;
#1902 = EDGE_LOOP ( 'NONE', ( #5299, #1367, #5221, #1396 ) ) ;
#1903 = PERSON_AND_ORGANIZATION_ROLE ( 'creator' ) ;
#1904 = VERTEX_POINT ( 'NONE', #2879 ) ;
#1905 = PLANE ( 'NONE',  #3582 ) ;
#1906 = CIRCLE ( 'NONE', #137, 5.000000000000001776 ) ;
#1907 = VERTEX_POINT ( 'NONE', #4663 ) ;
#1908 = DIRECTION ( 'NONE',  ( 0.000000000000000000, 0.000000000000000000, -1.000000000000000000 ) ) ;
#1909 = CARTESIAN_POINT ( 'NONE',  ( -12.00000000000000000, 6.123233995736767268E-16, -5.000000000000000888 ) ) ;
#1910 = CARTESIAN_POINT ( 'NONE',  ( 15.99999999999999645, 0.000000000000000000, 37.15350152500624858 ) ) ;
#1911 = DIRECTION ( 'NONE',  ( -1.000000000000000000, -0.000000000000000000, -0.000000000000000000 ) ) ;
#1912 = CIRCLE ( 'NONE', #1730, 2.000000000000001776 ) ;
#1913 = DIRECTION ( 'NONE',  ( 1.000000000000000000, -0.000000000000000000, 0.000000000000000000 ) ) ;
#1914 = CARTESIAN_POINT ( 'NONE',  ( -15.00000000000000000, 0.000000000000000000, 0.000000000000000000 ) ) ;
#1915 = VECTOR ( 'NONE', #3719, 1000.000000000000000 ) ;
#1916 = PERSON ( 'UNSPECIFIED', 'UNSPECIFIED', 'UNSPECIFIED', ('UNSPECIFIED'), ('UNSPECIFIED'), ('UNSPECIFIED') ) ;
#1917 = DIRECTION ( 'NONE',  ( 1.000000000000000000, -0.000000000000000000, -0.000000000000000000 ) ) ;
#1918 = CARTESIAN_POINT ( 'NONE',  ( -2.999999999999997335, 0.000000000000000000, 0.000000000000000000 ) ) ;
#1919 = ORIENTED_EDGE ( 'NONE', *, *, #5651, .T. ) ;
#1920 = CC_DESIGN_APPROVAL ( #2601, ( #1833 ) ) ;
#1921 = VERTEX_POINT ( 'NONE', #2441 ) ;
#1922 = COORDINATED_UNIVERSAL_TIME_OFFSET ( 5, 30, .AHEAD. ) ;
#1923 = DIRECTION ( 'NONE',  ( 1.000000000000000000, 0.000000000000000000, 0.000000000000000000 ) ) ;
#1924 = EDGE_CURVE ( 'NONE', #3978, #2278, #350, .T. ) ;
#1925 = CARTESIAN_POINT ( 'NONE',  ( 13.99999999999999645, -31.97071371987384580, 1.368745499305912494 ) ) ;
#1926 = CARTESIAN_POINT ( 'NONE',  ( -15.00000000000000000, 6.740819519822132122, 9.317260981704061251 ) ) ;
#1927 = SHAPE_REPRESENTATION ( 'support', ( #2942 ), #2297 ) ;
#1928 = ORIENTED_EDGE ( 'NONE', *, *, #3331, .T. ) ;
#1929 = PERSON_AND_ORGANIZATION ( #1916, #341 ) ;
#1930 = VERTEX_POINT ( 'NONE', #2502 ) ;
#1931 = CARTESIAN_POINT ( 'NONE',  ( 13.99999999999999645, 0.000000000000000000, 0.000000000000000000 ) ) ;
#1933 = EDGE_CURVE ( 'NONE', #1747, #1817, #4316, .T. ) ;
#1932 = ORIENTED_EDGE ( 'NONE', *, *, #4828, .F. ) ;
#1934 = CARTESIAN_POINT ( 'NONE',  ( 11.93488257301923738, -16.66961349092445488, 30.94984096133297768 ) ) ;
#1935 = CARTESIAN_POINT ( 'NONE',  ( 15.99999999999999645, 4.549991671971520484E-15, -37.15350152500624858 ) ) ;
#1936 = FACE_OUTER_BOUND ( 'NONE', #4300, .T. ) ;
#1937 = CARTESIAN_POINT ( 'NONE',  ( 13.00000000000002487, -33.42897835913842641, -1.297247899378906055E-13 ) ) ;
#1938 = EDGE_CURVE ( 'NONE', #4518, #3449, #2474, .T. ) ;
#1939 = PLANE ( 'NONE',  #747 ) ;
#1940 = DIRECTION ( 'NONE',  ( -0.000000000000000000, -1.000000000000000000, -0.000000000000000000 ) ) ;
#1941 = FACE_OUTER_BOUND ( 'NONE', #2395, .T. ) ;
#1942 = EDGE_CURVE ( 'NONE', #1627, #2796, #2995, .T. ) ;
#1943 = DIRECTION ( 'NONE',  ( 1.000000000000000000, 0.000000000000000000, 0.000000000000000000 ) ) ;
#1944 = ORIENTED_EDGE ( 'NONE', *, *, #1498, .T. ) ;
#1945 = APPLICATION_CONTEXT ( 'configuration controlled 3d designs of mechanical parts and assemblies' ) ;
#1946 = ORIENTED_EDGE ( 'NONE', *, *, #3511, .F. ) ;
#1947 = CALENDAR_DATE ( 2026, 8, 7 ) ;
#1948 = CARTESIAN_POINT ( 'NONE',  ( 1.985641688790512616, 43.29050989176741382, 11.79354009753826560 ) ) ;
#1949 = CARTESIAN_POINT ( 'NONE',  ( 1.342595322784802425, 40.73551591820469753, 13.55292551714056692 ) ) ;
#1950 = DIRECTION ( 'NONE',  ( 0.000000000000000000, 1.776356839400250465E-15, 1.000000000000000000 ) ) ;
#1951 = AXIS2_PLACEMENT_3D ( 'NONE', #5377, #4398, #3553 ) ;
#1952 = ORIENTED_EDGE ( 'NONE', *, *, #1281, .F. ) ;
#1953 = AXIS2_PLACEMENT_3D ( 'NONE', #881, #2665, #9 ) ;
#1954 = MECHANICAL_CONTEXT ( 'NONE', #429, 'mechanical' ) ;
#1955 = CARTESIAN_POINT ( 'NONE',  ( -12.38373562152130702, 9.116120949564555431, 33.97063405583927675 ) ) ;
#1956 = ORIENTED_EDGE ( 'NONE', *, *, #4170, .T. ) ;
#1957 = DIRECTION ( 'NONE',  ( 1.000000000000000000, -0.000000000000000000, -0.000000000000000000 ) ) ;
#1958 = ORIENTED_EDGE ( 'NONE', *, *, #407, .F. ) ;
#1959 = CARTESIAN_POINT ( 'NONE',  ( 15.53241216860696561, 50.00000000000000000, 40.96764234670925475 ) ) ;
#1960 = DIRECTION ( 'NONE',  ( 0.000000000000000000, 0.000000000000000000, 1.000000000000000000 ) ) ;
#1961 = EDGE_CURVE ( 'NONE', #3533, #1844, #785, .T. ) ;
#1962 = EDGE_CURVE ( 'NONE', #5, #3225, #773, .T. ) ;
#1963 = ORIENTED_EDGE ( 'NONE', *, *, #981, .T. ) ;
#1964 = CYLINDRICAL_SURFACE ( 'NONE', #4898, 5.000000000000000888 ) ;
#1965 = DIRECTION ( 'NONE',  ( 1.000000000000000000, -0.000000000000000000, -0.000000000000000000 ) ) ;
#1966 = DIRECTION ( 'NONE',  ( -0.000000000000000000, -1.000000000000000000, -0.000000000000000000 ) ) ;
#1967 = CARTESIAN_POINT ( 'NONE',  ( 5.999999999999996447, 16.71448917956966085, -30.95034448157385754 ) ) ;
#1968 = EDGE_CURVE ( 'NONE', #5603, #1371, #1591, .T. ) ;
#1969 = CARTESIAN_POINT ( 'NONE',  ( -8.785778021827159279, 17.52971900545513861, 4.000000000000000000 ) ) ;
#1970 = CARTESIAN_POINT ( 'NONE',  ( -15.00000000000000000, -3.892886739489597847, -16.31354737148741663 ) ) ;
#1971 = DIRECTION ( 'NONE',  ( 1.000000000000000000, 0.000000000000000000, 0.000000000000000000 ) ) ;
#1972 = VERTEX_POINT ( 'NONE', #1689 ) ;
#1973 = VECTOR ( 'NONE', #3382, 1000.000000000000000 ) ;
#1974 = AXIS2_PLACEMENT_3D ( 'NONE', #741, #850, #3165 ) ;
#1975 = AXIS2_PLACEMENT_3D ( 'NONE', #239, #2981, #4204 ) ;
#1976 = ORIENTED_EDGE ( 'NONE', *, *, #4180, .T. ) ;
#1977 = DIRECTION ( 'NONE',  ( 1.000000000000000000, 0.000000000000000000, 0.000000000000000000 ) ) ;
#1978 = AXIS2_PLACEMENT_3D ( 'NONE', #1269, #3551, #5350 ) ;
#1979 = CIRCLE ( 'NONE', #1884, 30.00000000000000000 ) ;
#1980 = CARTESIAN_POINT ( 'NONE',  ( -2.961601047463832357E-13, 41.80552003979223485, 10.06471530658119384 ) ) ;
#1981 = CARTESIAN_POINT ( 'NONE',  ( -15.00000000000000000, 8.782733359702472598, -14.28810658347099860 ) ) ;
#1982 = AXIS2_PLACEMENT_3D ( 'NONE', #1261, #4851, #4880 ) ;
#1983 = AXIS2_PLACEMENT_3D ( 'NONE', #4057, #5391, #3823 ) ;
#1984 = EDGE_LOOP ( 'NONE', ( #233, #617, #267, #2282, #1759, #1197, #178, #2849, #1382, #4280, #2366, #123, #1394, #1276, #5260, #1501, #20 ) ) ;
#1985 = PERSON_AND_ORGANIZATION ( #1916, #341 ) ;
#1986 = CARTESIAN_POINT ( 'NONE',  ( -2.665020710974054905E-11, 43.86002172591197024, 10.06471530658119384 ) ) ;
#1987 = EDGE_LOOP ( 'NONE', ( #1215, #2266, #5667, #3656 ) ) ;
#1988 = DIRECTION ( 'NONE',  ( 1.000000000000000000, -0.000000000000000000, -0.000000000000000000 ) ) ;
#1989 = EDGE_LOOP ( 'NONE', ( #3734, #1168, #2490, #1474 ) ) ;
#1990 = DIRECTION ( 'NONE',  ( -0.000000000000000000, 1.000000000000000000, -0.000000000000000000 ) ) ;
#1991 = CARTESIAN_POINT ( 'NONE',  ( 11.81208073093802824, -35.42907038276983656, 0.1832195741166075253 ) ) ;
#1992 = VECTOR ( 'NONE', #3626, 1000.000000000000000 ) ;
#1993 = CARTESIAN_POINT ( 'NONE',  ( -1.810385551059131348, 42.98979270247634332, 12.92453248140937916 ) ) ;
#1994 = AXIS2_PLACEMENT_3D ( 'NONE', #5326, #3119, #4895 ) ;
#1995 = EDGE_LOOP ( 'NONE', ( #3776, #2336, #1570, #1888 ) ) ;
#1996 = CARTESIAN_POINT ( 'NONE',  ( 11.92546950110327408, -16.71448917956882951, -30.95034448157433715 ) ) ;
#1997 = DIRECTION ( 'NONE',  ( 1.000000000000000000, 0.000000000000000000, 0.000000000000000000 ) ) ;
#1999 = DIRECTION ( 'NONE',  ( 0.000000000000000000, 0.000000000000000000, 1.000000000000000000 ) ) ;
#1998 = CC_DESIGN_DATE_AND_TIME_ASSIGNMENT ( #1753, #2622, ( #431 ) ) ;
#2000 = EDGE_CURVE ( 'NONE', #3778, #3915, #1883, .T. ) ;
#2001 = DIRECTION ( 'NONE',  ( -0.000000000000000000, -1.000000000000000000, -0.000000000000000000 ) ) ;
#2002 = AXIS2_PLACEMENT_3D ( 'NONE', #4689, #655, #3374 ) ;
#2003 = CARTESIAN_POINT ( 'NONE',  ( -13.99999999999999467, 3.673940397442060361E-16, -3.000000000000000444 ) ) ;
#2004 = DIRECTION ( 'NONE',  ( 1.000000000000000000, 0.000000000000000000, 0.000000000000000000 ) ) ;
#2005 = EDGE_LOOP ( 'NONE', ( #543, #3274 ) ) ;
#2006 = EDGE_CURVE ( 'NONE', #1298, #2974, #2906, .T. ) ;
#2007 = AXIS2_PLACEMENT_3D ( 'NONE', #3257, #5544, #1437 ) ;
#2008 = EDGE_LOOP ( 'NONE', ( #4314, #2027 ) ) ;
#2009 = CARTESIAN_POINT ( 'NONE',  ( 11.93488257301923738, 1.463666064016476920, 35.15350152500624148 ) ) ;
#2010 = AXIS2_PLACEMENT_3D ( 'NONE', #3131, #4642, #92 ) ;
#2011 = EDGE_CURVE ( 'NONE', #3046, #482, #4936, .T. ) ;
#2012 = CARTESIAN_POINT ( 'NONE',  ( -1.748574555557283589E-14, 40.63476077627159100, 14.06471530658119384 ) ) ;
#2013 = DIRECTION ( 'NONE',  ( 1.000000000000000000, -0.000000000000000000, -0.000000000000000000 ) ) ;
#2014 = AXIS2_PLACEMENT_3D ( 'NONE', #1674, #1576, #5604 ) ;
#2015 = ORIENTED_EDGE ( 'NONE', *, *, #722, .F. ) ;
#2016 = APPROVAL_DATE_TIME ( #2885, #3636 ) ;
#2017 = CARTESIAN_POINT ( 'NONE',  ( -12.92086808058364689, 15.58322234713765120, 31.53169227620820791 ) ) ;
#2018 = ORIENTED_EDGE ( 'NONE', *, *, #1751, .T. ) ;
#2019 = DIRECTION ( 'NONE',  ( 1.000000000000000000, -0.000000000000000000, -0.000000000000000000 ) ) ;
#2020 = ORIENTED_EDGE ( 'NONE', *, *, #1566, .T. ) ;
#2021 = EDGE_CURVE ( 'NONE', #1588, #387, #3096, .T. ) ;
#2022 = ORIENTED_EDGE ( 'NONE', *, *, #4465, .T. ) ;
#2023 = CARTESIAN_POINT ( 'NONE',  ( 10.99999999999999645, 31.97071371987383870, 1.368745499306162738 ) ) ;
#2024 = FACE_OUTER_BOUND ( 'NONE', #1989, .T. ) ;
#2025 = ORIENTED_EDGE ( 'NONE', *, *, #4407, .F. ) ;
#2026 = CARTESIAN_POINT ( 'NONE',  ( 0.000000000000000000, 0.000000000000000000, 0.000000000000000000 ) ) ;
#2027 = ORIENTED_EDGE ( 'NONE', *, *, #5739, .F. ) ;
#2028 = FACE_OUTER_BOUND ( 'NONE', #1016, .T. ) ;
#2029 = DIRECTION ( 'NONE',  ( 0.000000000000000000, 0.000000000000000000, 1.000000000000000000 ) ) ;
#2030 = VECTOR ( 'NONE', #5458, 1000.000000000000000 ) ;
#2031 = CARTESIAN_POINT ( 'NONE',  ( -0.4603835066988939961, 39.49683531626300947, 16.99999999999999645 ) ) ;
#2032 =( REPRESENTATION_RELATIONSHIP ('NONE','NONE', #4279, #4315 ) REPRESENTATION_RELATIONSHIP_WITH_TRANSFORMATION ( #4143 )SHAPE_REPRESENTATION_RELATIONSHIP( ) );
#2033 = LINE ( 'NONE', #5612, #1442 ) ;
#2034 = DIRECTION ( 'NONE',  ( -0.000000000000000000, 1.000000000000000000, -0.000000000000000000 ) ) ;
#2035 = CARTESIAN_POINT ( 'NONE',  ( -15.00000000000000000, 6.740819519822132122, 9.317260981704061251 ) ) ;
#2036 = LINE ( 'NONE', #4374, #1056 ) ;
#2037 = EDGE_LOOP ( 'NONE', ( #4950, #2106, #2144, #4763, #5498 ) ) ;
#2038 = ADVANCED_FACE ( 'NONE', ( #1211 ), #4837, .F. ) ;
#2039 = EDGE_CURVE ( 'NONE', #926, #3132, #3479, .T. ) ;
#2040 = ORIENTED_EDGE ( 'NONE', *, *, #5573, .F. ) ;
#2041 = CARTESIAN_POINT ( 'NONE',  ( -6.590842479922172537, 40.24434363862032171, 16.50564748495457934 ) ) ;
#2042 = CARTESIAN_POINT ( 'NONE',  ( -1.984836435480635819, 41.19441793539632357, 11.78790577922864280 ) ) ;
#2043 = LINE ( 'NONE', #261, #4873 ) ;
#2044 = EDGE_CURVE ( 'NONE', #4781, #2364, #2723, .T. ) ;
#2045 = ORIENTED_EDGE ( 'NONE', *, *, #1062, .T. ) ;
#2046 = APPROVAL_STATUS ( 'not_yet_approved' ) ;
#2047 = CARTESIAN_POINT ( 'NONE',  ( 13.00000000000002487, 0.000000000000000000, 0.000000000000000000 ) ) ;
#2048 = ORIENTED_EDGE ( 'NONE', *, *, #105, .F. ) ;
#2049 = DIRECTION ( 'NONE',  ( 0.000000000000000000, 1.000000000000000000, 0.000000000000000000 ) ) ;
#2050 = ORIENTED_EDGE ( 'NONE', *, *, #3973, .T. ) ;
#2051 = CARTESIAN_POINT ( 'NONE',  ( -14.30836175036472646, 13.77844384779287878, 34.51142089545494684 ) ) ;
#2052 = DIRECTION ( 'NONE',  ( 1.000000000000000000, -0.000000000000000000, -0.000000000000000000 ) ) ;
#2053 = ORIENTED_EDGE ( 'NONE', *, *, #3824, .T. ) ;
#2054 = CARTESIAN_POINT ( 'NONE',  ( 15.99999999999999645, 16.71448917956966085, -28.95034448157385754 ) ) ;
#2055 = ORIENTED_EDGE ( 'NONE', *, *, #4430, .F. ) ;
#2056 = CYLINDRICAL_SURFACE ( 'NONE', #4040, 16.29999999999999361 ) ;
#2057 = AXIS2_PLACEMENT_3D ( 'NONE', #3633, #516, #5402 ) ;
#2058 = CARTESIAN_POINT ( 'NONE',  ( 7.094027214448808421E-16, 48.00000000000000000, 30.00000000000000000 ) ) ;
#2059 = CARTESIAN_POINT ( 'NONE',  ( 13.00000000000002487, 17.17072523365198577, -27.00307750887714775 ) ) ;
#2060 = DIRECTION ( 'NONE',  ( 1.000000000000000000, 0.000000000000000000, 0.000000000000000000 ) ) ;
#2061 = CARTESIAN_POINT ( 'NONE',  ( 13.99999999999999645, 17.17072523365140313, 27.00307750887752434 ) ) ;
#2062 = CARTESIAN_POINT ( 'NONE',  ( 10.00000000000000000, 0.000000000000000000, 0.000000000000000000 ) ) ;
#2063 = ORIENTED_EDGE ( 'NONE', *, *, #1436, .T. ) ;
#2064 = CIRCLE ( 'NONE', #4948, 17.99999999999999645 ) ;
#2065 = ORIENTED_EDGE ( 'NONE', *, *, #5528, .F. ) ;
#2066 = DIRECTION ( 'NONE',  ( -0.000000000000000000, -0.000000000000000000, -1.000000000000000000 ) ) ;
#2067 = CARTESIAN_POINT ( 'NONE',  ( -1.342264477242858245, 40.73545410215132989, 13.55321938791473713 ) ) ;
#2068 = CARTESIAN_POINT ( 'NONE',  ( -15.00000000000000000, 14.28810658347096840, 8.782733359702522336 ) ) ;
#2069 = APPROVAL ( #3333, 'UNSPECIFIED' ) ;
#2070 = CIRCLE ( 'NONE', #18, 32.00000000000000000 ) ;
#2071 = EDGE_CURVE ( 'NONE', #1747, #3533, #3612, .T. ) ;
#2072 = CIRCLE ( 'NONE', #4208, 9.999999999999998224 ) ;
#2073 = ORIENTED_EDGE ( 'NONE', *, *, #2503, .T. ) ;
#2074 = PERSON_AND_ORGANIZATION_ROLE ( 'design_owner' ) ;
#2075 = AXIS2_PLACEMENT_3D ( 'NONE', #2270, #3173, #2649 ) ;
#2076 = DIRECTION ( 'NONE',  ( -0.000000000000000000, 1.000000000000000000, -0.000000000000000000 ) ) ;
#2077 = CIRCLE ( 'NONE', #3287, 16.29999999999999361 ) ;
#2078 = VERTEX_POINT ( 'NONE', #5356 ) ;
#2079 = CARTESIAN_POINT ( 'NONE',  ( -28.44100814187985904, 26.81754148567247142, -5.000000000000000000 ) ) ;
#2080 = ORIENTED_EDGE ( 'NONE', *, *, #2620, .F. ) ;
#2081 = CARTESIAN_POINT ( 'NONE',  ( 7.094027214448808421E-16, 48.00000000000000000, 15.00000000000000000 ) ) ;
#2082 = DIRECTION ( 'NONE',  ( -0.000000000000000000, 1.000000000000000000, -0.000000000000000000 ) ) ;
#2083 = ADVANCED_FACE ( 'NONE', ( #2702 ), #1774, .F. ) ;
#2084 = VECTOR ( 'NONE', #1239, 1000.000000000000000 ) ;
#2085 = AXIS2_PLACEMENT_3D ( 'NONE', #3885, #5655, #5533 ) ;
#2086 = ORIENTED_EDGE ( 'NONE', *, *, #4821, .F. ) ;
#2087 = DIRECTION ( 'NONE',  ( 0.000000000000000000, 0.000000000000000000, -1.000000000000000000 ) ) ;
#2088 = ORIENTED_EDGE ( 'NONE', *, *, #549, .F. ) ;
#2089 = DIRECTION ( 'NONE',  ( 0.000000000000000000, 0.000000000000000000, -1.000000000000000000 ) ) ;
#2090 = AXIS2_PLACEMENT_3D ( 'NONE', #4515, #2811, #2400 ) ;
#2091 = CARTESIAN_POINT ( 'NONE',  ( 13.99999999999999645, 0.000000000000000000, 0.000000000000000000 ) ) ;
#2092 = CARTESIAN_POINT ( 'NONE',  ( -16.31644489767901263, -17.52971900545513861, 4.000000000000000000 ) ) ;
#2093 = EDGE_CURVE ( 'NONE', #3047, #2470, #487, .T. ) ;
#2094 = VECTOR ( 'NONE', #4462, 1000.000000000000000 ) ;
#2095 = CARTESIAN_POINT ( 'NONE',  ( 25.85528960709137891, -26.23182295088395222, 0.000000000000000000 ) ) ;
#2096 = DIRECTION ( 'NONE',  ( 0.000000000000000000, 0.000000000000000000, 1.000000000000000000 ) ) ;
#2097 = CYLINDRICAL_SURFACE ( 'NONE', #2176, 2.000000000000001776 ) ;
#2098 = FACE_OUTER_BOUND ( 'NONE', #1810, .T. ) ;
#2099 = VECTOR ( 'NONE', #2876, 1000.000000000000000 ) ;
#2100 = ORIENTED_EDGE ( 'NONE', *, *, #1725, .F. ) ;
#2101 = EDGE_LOOP ( 'NONE', ( #3994, #946, #2040, #3634 ) ) ;
#2102 = CARTESIAN_POINT ( 'NONE',  ( -12.97468175063963436, 30.09021653623694448, 22.46004329490135731 ) ) ;
#2103 = CARTESIAN_POINT ( 'NONE',  ( -2.999999999999999112, -9.317260981704132305, 6.740819519822034422 ) ) ;
#2104 = PLANE ( 'NONE',  #2085 ) ;
#2105 = CIRCLE ( 'NONE', #2846, 2.000000000000001776 ) ;
#2106 = ORIENTED_EDGE ( 'NONE', *, *, #2688, .T. ) ;
#2107 = PERSON_AND_ORGANIZATION ( #1916, #341 ) ;
#2108 = LINE ( 'NONE', #2540, #3376 ) ;
#2109 = EDGE_CURVE ( 'NONE', #5191, #3294, #3380, .T. ) ;
#2110 = EDGE_LOOP ( 'NONE', ( #5631, #3713, #2228, #2053 ) ) ;
#2111 = DIRECTION ( 'NONE',  ( 0.000000000000000000, 0.000000000000000000, 1.000000000000000000 ) ) ;
#2112 = ORIENTED_EDGE ( 'NONE', *, *, #327, .T. ) ;
#2113 = CARTESIAN_POINT ( 'NONE',  ( -15.53241216860684304, 50.00000000000000000, 36.96764234670947502 ) ) ;
#2114 = CARTESIAN_POINT ( 'NONE',  ( 13.18436255310563787, 4.522810331938281499E-15, 37.15350152500624858 ) ) ;
#2115 = ORIENTED_EDGE ( 'NONE', *, *, #5645, .F. ) ;
#2116 = DIRECTION ( 'NONE',  ( 1.000000000000000000, -0.000000000000000000, -0.000000000000000000 ) ) ;
#2117 = EDGE_CURVE ( 'NONE', #5603, #3172, #4028, .T. ) ;
#2118 = EDGE_CURVE ( 'NONE', #4079, #3335, #484, .T. ) ;
#2119 = ORIENTED_EDGE ( 'NONE', *, *, #888, .F. ) ;
#2120 = CC_DESIGN_SECURITY_CLASSIFICATION ( #1833, ( #4247 ) ) ;
#2121 = CARTESIAN_POINT ( 'NONE',  ( 13.99999999999999645, -17.17072523365121128, -27.00307750887764158 ) ) ;
#2122 = CARTESIAN_POINT ( 'NONE',  ( -1.138400031239194493E-13, 42.42640687119285303, 15.00000000000000000 ) ) ;
#2123 = CARTESIAN_POINT ( 'NONE',  ( -11.24178863085150404, 28.17829584351785854, 23.40365670632046857 ) ) ;
#2124 = DIRECTION ( 'NONE',  ( 1.000000000000000000, 0.000000000000000000, 0.000000000000000000 ) ) ;
#2125 = EDGE_CURVE ( 'NONE', #1930, #4878, #4461, .T. ) ;
#2126 = CARTESIAN_POINT ( 'NONE',  ( -8.785778021827159279, 17.52971900545513861, 4.000000000000000000 ) ) ;
#2127 = CARTESIAN_POINT ( 'NONE',  ( 15.53241216860677731, 40.00000000000000000, 21.03235765329041485 ) ) ;
#2128 = CARTESIAN_POINT ( 'NONE',  ( 13.00000000000002487, 0.000000000000000000, 0.000000000000000000 ) ) ;
#2129 = VERTEX_POINT ( 'NONE', #4894 ) ;
#2130 = EDGE_CURVE ( 'NONE', #4671, #564, #2168, .T. ) ;
#2131 = VERTEX_POINT ( 'NONE', #376 ) ;
#2132 = CARTESIAN_POINT ( 'NONE',  ( -15.53241216860690344, 40.00000000000000000, 19.03235765329062801 ) ) ;
#2133 = CARTESIAN_POINT ( 'NONE',  ( 13.99999999999999645, -16.71448917956946190, 28.95034448157397833 ) ) ;
#2134 = CARTESIAN_POINT ( 'NONE',  ( -2.999999999999998224, 14.28810658347096840, 8.782733359702522336 ) ) ;
#2135 = EDGE_LOOP ( 'NONE', ( #1105, #1646, #2025, #750 ) ) ;
#2136 = DATE_TIME_ROLE ( 'creation_date' ) ;
#2137 = DIRECTION ( 'NONE',  ( 0.000000000000000000, 0.000000000000000000, -1.000000000000000000 ) ) ;
#2138 = ORIENTED_EDGE ( 'NONE', *, *, #1174, .T. ) ;
#2139 = DIRECTION ( 'NONE',  ( 1.000000000000000000, -0.000000000000000000, -0.000000000000000000 ) ) ;
#2140 = DIRECTION ( 'NONE',  ( 1.000000000000000000, -0.000000000000000000, 0.000000000000000000 ) ) ;
#2141 = CARTESIAN_POINT ( 'NONE',  ( 8.785778021827187700, 17.36237085265844371, 0.000000000000000000 ) ) ;
#2142 = EDGE_LOOP ( 'NONE', ( #4556, #5540, #5128, #864, #3541, #4997, #2949, #3425 ) ) ;
#2143 = CARTESIAN_POINT ( 'NONE',  ( 13.99999999999999645, -16.71448917956946190, 28.95034448157397833 ) ) ;
#2144 = ORIENTED_EDGE ( 'NONE', *, *, #5380, .F. ) ;
#2145 = APPLICATION_CONTEXT ( 'configuration controlled 3d designs of mechanical parts and assemblies' ) ;
#2146 = CARTESIAN_POINT ( 'NONE',  ( -16.31644489767901263, 17.52971900545513861, 0.000000000000000000 ) ) ;
#2147 = CARTESIAN_POINT ( 'NONE',  ( -30.00000000000000000, 30.00000000000000000, -5.000000000000000000 ) ) ;
#2148 = FACE_OUTER_BOUND ( 'NONE', #2170, .T. ) ;
#2149 = EDGE_CURVE ( 'NONE', #4460, #3223, #1359, .T. ) ;
#2150 = EDGE_CURVE ( 'NONE', #1297, #3462, #118, .T. ) ;
#2151 = CIRCLE ( 'NONE', #5008, 2.000000000000001332 ) ;
#2152 = CARTESIAN_POINT ( 'NONE',  ( -15.00000000000000000, 3.892886739489710646, 16.31354737148739176 ) ) ;
#2153 = CARTESIAN_POINT ( 'NONE',  ( 5.999999999999996447, 33.42897835913842641, 1.297247899378906055E-13 ) ) ;
#2154 = CARTESIAN_POINT ( 'NONE',  ( -15.00000000000000000, 29.77217284761369243, 3.690220038400653380 ) ) ;
#2155 = FACE_OUTER_BOUND ( 'NONE', #1902, .T. ) ;
#2156 = VERTEX_POINT ( 'NONE', #457 ) ;
#2157 = EDGE_CURVE ( 'NONE', #4692, #1857, #2816, .T. ) ;
#2158 = ORIENTED_EDGE ( 'NONE', *, *, #2820, .F. ) ;
#2159 = DIRECTION ( 'NONE',  ( 0.000000000000000000, -1.000000000000000000, 1.050471438230400027E-14 ) ) ;
#2160 = EDGE_LOOP ( 'NONE', ( #4485, #3638, #1788, #2746 ) ) ;
#2161 = PERSON_AND_ORGANIZATION_ROLE ( 'design_owner' ) ;
#2162 = DIRECTION ( 'NONE',  ( -0.000000000000000000, -0.000000000000000000, 1.000000000000000000 ) ) ;
#2163 = EDGE_LOOP ( 'NONE', ( #631, #4004, #1430, #3454 ) ) ;
#2164 = CIRCLE ( 'NONE', #2814, 2.000000000000001776 ) ;
#2165 = VECTOR ( 'NONE', #2175, 1000.000000000000000 ) ;
#2166 = CYLINDRICAL_SURFACE ( 'NONE', #928, 17.99999999999999289 ) ;
#2167 = DIRECTION ( 'NONE',  ( 0.000000000000000000, 0.000000000000000000, -1.000000000000000000 ) ) ;
#2168 = CIRCLE ( 'NONE', #5140, 2.000000000000001776 ) ;
#2169 = AXIS2_PLACEMENT_3D ( 'NONE', #4614, #1899, #1950 ) ;
#2170 = EDGE_LOOP ( 'NONE', ( #3996, #5042, #932, #224, #4267, #2966, #661, #1137 ) ) ;
#2171 = DIRECTION ( 'NONE',  ( 0.000000000000000000, 0.000000000000000000, 1.000000000000000000 ) ) ;
#2172 = ORIENTED_EDGE ( 'NONE', *, *, #5739, .T. ) ;
#2173 = CARTESIAN_POINT ( 'NONE',  ( -19.99999999999998934, 7.347880794884120722E-16, 6.000000000000000888 ) ) ;
#2174 = DIRECTION ( 'NONE',  ( 0.000000000000000000, 0.000000000000000000, -1.000000000000000000 ) ) ;
#2175 = DIRECTION ( 'NONE',  ( 0.000000000000000000, -1.000000000000000000, 0.000000000000000000 ) ) ;
#2176 = AXIS2_PLACEMENT_3D ( 'NONE', #2127, #4043, #2182 ) ;
#2177 = CIRCLE ( 'NONE', #1134, 1.999999999999998890 ) ;
#2178 = LINE ( 'NONE', #938, #2472 ) ;
#2179 = CIRCLE ( 'NONE', #3758, 30.00000000000000000 ) ;
#2180 = CIRCLE ( 'NONE', #1594, 16.29999999999999716 ) ;
#2181 = CARTESIAN_POINT ( 'NONE',  ( -15.00000000000000000, 8.131727983645285818, -8.131727983645308910 ) ) ;
#2182 = DIRECTION ( 'NONE',  ( 0.000000000000000000, 0.000000000000000000, 1.000000000000000000 ) ) ;
#2183 = ADVANCED_FACE ( 'NONE', ( #2238 ), #1724, .F. ) ;
#2184 = DIRECTION ( 'NONE',  ( -0.000000000000000000, 1.000000000000000000, -0.000000000000000000 ) ) ;
#2185 = ORIENTED_EDGE ( 'NONE', *, *, #1653, .T. ) ;
#2186 = CIRCLE ( 'NONE', #409, 3.000000000000000444 ) ;
#2187 = ORIENTED_EDGE ( 'NONE', *, *, #5346, .F. ) ;
#2188 = DIRECTION ( 'NONE',  ( 1.000000000000000000, 0.000000000000000000, 0.000000000000000000 ) ) ;
#2189 = EDGE_CURVE ( 'NONE', #879, #1355, #3063, .T. ) ;
#2190 = VERTEX_POINT ( 'NONE', #4865 ) ;
#2191 = CALENDAR_DATE ( 2026, 8, 7 ) ;
#2192 = DIRECTION ( 'NONE',  ( 0.000000000000000000, -1.000000000000000000, 1.042962580648632892E-14 ) ) ;
#2193 = ADVANCED_FACE ( 'NONE', ( #865 ), #4435, .F. ) ;
#2194 = ORIENTED_EDGE ( 'NONE', *, *, #3161, .F. ) ;
#2195 = AXIS2_PLACEMENT_3D ( 'NONE', #3319, #5615, #4773 ) ;
#2196 = CARTESIAN_POINT ( 'NONE',  ( 1.960353772385379403E-15, 39.49683531626299526, 16.99999999999999645 ) ) ;
#2197 = CARTESIAN_POINT ( 'NONE',  ( 11.93488257301923738, -35.13815526106477449, 1.038611726258275025 ) ) ;
#2198 = VECTOR ( 'NONE', #4370, 1000.000000000000000 ) ;
#2199 = VERTEX_POINT ( 'NONE', #1805 ) ;
#2200 =( NAMED_UNIT ( * ) SI_UNIT ( $, .STERADIAN. ) SOLID_ANGLE_UNIT ( ) );
#2201 = ADVANCED_FACE ( 'NONE', ( #1941 ), #107, .F. ) ;
#2202 = ORIENTED_EDGE ( 'NONE', *, *, #148, .T. ) ;
#2203 = CARTESIAN_POINT ( 'NONE',  ( 13.00000000000002487, 0.000000000000000000, 0.000000000000000000 ) ) ;
#2204 = CIRCLE ( 'NONE', #805, 32.00000000000000000 ) ;
#2205 = FACE_OUTER_BOUND ( 'NONE', #2142, .T. ) ;
#2206 = CARTESIAN_POINT ( 'NONE',  ( 7.094027214448808421E-16, 50.00000000000000000, 30.00000000000000000 ) ) ;
#2207 = LOCAL_TIME ( 17, 36, 16.00000000000000000, #4325 ) ;
#2208 = DIRECTION ( 'NONE',  ( 0.000000000000000000, 0.000000000000000000, -1.000000000000000000 ) ) ;
#2209 = CYLINDRICAL_SURFACE ( 'NONE', #3201, 2.000000000000000444 ) ;
#2210 = CYLINDRICAL_SURFACE ( 'NONE', #4871, 2.000000000000001776 ) ;
#2211 = FACE_OUTER_BOUND ( 'NONE', #2578, .T. ) ;
#2212 = VERTEX_POINT ( 'NONE', #4981 ) ;
#2213 = EDGE_LOOP ( 'NONE', ( #5636, #257 ) ) ;
#2214 = DIRECTION ( 'NONE',  ( 0.000000000000000000, 0.000000000000000000, -1.000000000000000000 ) ) ;
#2215 = VERTEX_POINT ( 'NONE', #2847 ) ;
#2216 = AXIS2_PLACEMENT_3D ( 'NONE', #1790, #5291, #3523 ) ;
#2217 = EDGE_CURVE ( 'NONE', #1562, #1930, #1324, .T. ) ;
#2218 = EDGE_CURVE ( 'NONE', #1572, #5744, #4077, .T. ) ;
#2219 = APPLICATION_CONTEXT ( 'configuration controlled 3d designs of mechanical parts and assemblies' ) ;
#2220 = EDGE_LOOP ( 'NONE', ( #4101, #1162 ) ) ;
#2221 = PERSON_AND_ORGANIZATION ( #1916, #341 ) ;
#2222 = DIRECTION ( 'NONE',  ( 1.000000000000000000, -0.000000000000000000, -0.000000000000000000 ) ) ;
#2223 = ORIENTED_EDGE ( 'NONE', *, *, #5645, .T. ) ;
#2224 = DIRECTION ( 'NONE',  ( 0.000000000000000000, 0.000000000000000000, 1.000000000000000000 ) ) ;
#2225 = CARTESIAN_POINT ( 'NONE',  ( -15.53241216860684304, 50.00000000000000000, 40.96764234670948213 ) ) ;
#2226 = EDGE_CURVE ( 'NONE', #3474, #1260, #4775, .T. ) ;
#2227 = VERTEX_POINT ( 'NONE', #5009 ) ;
#2228 = ORIENTED_EDGE ( 'NONE', *, *, #4747, .T. ) ;
#2229 = DIRECTION ( 'NONE',  ( 1.000000000000000000, -0.000000000000000000, -0.000000000000000000 ) ) ;
#2230 = DIRECTION ( 'NONE',  ( 0.000000000000000000, 0.000000000000000000, 1.000000000000000000 ) ) ;
#2231 = CARTESIAN_POINT ( 'NONE',  ( 21.49999999999999645, 0.000000000000000000, 3.000000000000000444 ) ) ;
#2232 = DIRECTION ( 'NONE',  ( 0.000000000000000000, 0.000000000000000000, -1.000000000000000000 ) ) ;
#2233 = CARTESIAN_POINT ( 'NONE',  ( -15.00000000000000000, -0.000000000000000000, 0.000000000000000000 ) ) ;
#2234 = CYLINDRICAL_SURFACE ( 'NONE', #5421, 2.000000000000001776 ) ;
#2235 = DIRECTION ( 'NONE',  ( 0.000000000000000000, 1.000000000000000000, 0.000000000000000000 ) ) ;
#2236 = CYLINDRICAL_SURFACE ( 'NONE', #4860, 2.000000000000001776 ) ;
#2237 = ORIENTED_EDGE ( 'NONE', *, *, #1335, .T. ) ;
#2238 = FACE_OUTER_BOUND ( 'NONE', #3757, .T. ) ;
#2239 = CARTESIAN_POINT ( 'NONE',  ( 15.99999999999999645, 0.000000000000000000, 37.15350152500624858 ) ) ;
#2240 = ORIENTED_EDGE ( 'NONE', *, *, #251, .F. ) ;
#2241 = VECTOR ( 'NONE', #2871, 1000.000000000000000 ) ;
#2242 = VERTEX_POINT ( 'NONE', #5032 ) ;
#2243 = PERSON_AND_ORGANIZATION ( #1916, #341 ) ;
#2244 = CARTESIAN_POINT ( 'NONE',  ( -28.44100814187985904, -26.23182295088395222, 0.000000000000000000 ) ) ;
#2245 = EDGE_LOOP ( 'NONE', ( #3798, #5722, #545, #5158, #867 ) ) ;
#2246 = CC_DESIGN_PERSON_AND_ORGANIZATION_ASSIGNMENT ( #4380, #2161, ( #2667 ) ) ;
#2247 = EDGE_CURVE ( 'NONE', #2242, #1885, #1035, .T. ) ;
#2248 = CARTESIAN_POINT ( 'NONE',  ( -19.99999999999998934, 7.347880794884120722E-16, 6.000000000000000888 ) ) ;
#2249 = CARTESIAN_POINT ( 'NONE',  ( -2.999999999999998224, 3.124985970199051696E-13, 30.00000000000000000 ) ) ;
#2250 = ORIENTED_EDGE ( 'NONE', *, *, #818, .F. ) ;
#2251 = SHAPE_REPRESENTATION_RELATIONSHIP ( 'NONE' , 'NONE' ,  #1927, #3372 ) ;
#2252 = AXIS2_PLACEMENT_3D ( 'NONE', #1881, #1940, #2402 ) ;
#2253 = EDGE_LOOP ( 'NONE', ( #4757, #226 ) ) ;
#2254 = DIRECTION ( 'NONE',  ( 0.000000000000000000, 0.000000000000000000, -1.000000000000000000 ) ) ;
#2255 = ADVANCED_FACE ( 'NONE', ( #81 ), #4552, .T. ) ;
#2256 = CARTESIAN_POINT ( 'NONE',  ( 15.99999999999999645, 0.000000000000000000, 0.000000000000000000 ) ) ;
#2257 = LINE ( 'NONE', #4037, #5699 ) ;
#2258 = CIRCLE ( 'NONE', #1119, 15.00000000000000000 ) ;
#2259 = DIRECTION ( 'NONE',  ( 1.000000000000000000, 0.000000000000000000, -0.000000000000000000 ) ) ;
#2260 = CARTESIAN_POINT ( 'NONE',  ( 2.546372920165910332E-15, 0.000000000000000000, 45.00000000000000000 ) ) ;
#2261 = FACE_OUTER_BOUND ( 'NONE', #4835, .T. ) ;
#2262 = VECTOR ( 'NONE', #1111, 1000.000000000000000 ) ;
#2263 = AXIS2_PLACEMENT_3D ( 'NONE', #875, #1815, #4930 ) ;
#2264 = ADVANCED_FACE ( 'NONE', ( #3639 ), #1886, .T. ) ;
#2265 = CARTESIAN_POINT ( 'NONE',  ( 13.00000000000002487, 16.71448917956903557, 28.95034448157421991 ) ) ;
#2266 = ORIENTED_EDGE ( 'NONE', *, *, #1858, .F. ) ;
#2267 = CIRCLE ( 'NONE', #495, 2.000000000000001332 ) ;
#2268 = AXIS2_PLACEMENT_3D ( 'NONE', #4941, #100, #3167 ) ;
#2269 = ORIENTED_EDGE ( 'NONE', *, *, #3637, .F. ) ;
#2270 = CARTESIAN_POINT ( 'NONE',  ( 15.99999999999999645, 0.000000000000000000, 0.000000000000000000 ) ) ;
#2271 = CARTESIAN_POINT ( 'NONE',  ( 5.999999999999996447, 16.71448917956903557, 30.95034448157422347 ) ) ;
#2272 = VECTOR ( 'NONE', #5606, 1000.000000000000000 ) ;
#2273 = VERTEX_POINT ( 'NONE', #4103 ) ;
#2274 = VECTOR ( 'NONE', #3802, 1000.000000000000000 ) ;
#2275 = VERTEX_POINT ( 'NONE', #3320 ) ;
#2276 = COORDINATED_UNIVERSAL_TIME_OFFSET ( 5, 30, .AHEAD. ) ;
#2277 = CARTESIAN_POINT ( 'NONE',  ( -15.00000000000000000, -8.156773685743701208, 1.946443369744827123 ) ) ;
#2278 = VERTEX_POINT ( 'NONE', #4605 ) ;
#2279 = CARTESIAN_POINT ( 'NONE',  ( 12.96703546348206970, 17.07099141260360042, 30.92640889534066773 ) ) ;
#2280 = FACE_OUTER_BOUND ( 'NONE', #3856, .T. ) ;
#2281 = EDGE_CURVE ( 'NONE', #2718, #1298, #4164, .T. ) ;
#2282 = ORIENTED_EDGE ( 'NONE', *, *, #4650, .F. ) ;
#2283 = DIRECTION ( 'NONE',  ( 1.000000000000000000, 0.000000000000000000, 0.000000000000000000 ) ) ;
#2284 = EDGE_LOOP ( 'NONE', ( #5361, #640, #490, #5750 ) ) ;
#2285 = CARTESIAN_POINT ( 'NONE',  ( 13.99999999999999645, 18.46854177014105858, -29.91122923507443332 ) ) ;
#2286 = ORIENTED_EDGE ( 'NONE', *, *, #5035, .T. ) ;
#2287 = CARTESIAN_POINT ( 'NONE',  ( 14.01755302275191184, 27.79757024755744155, 24.65348400158675091 ) ) ;
#2288 = CARTESIAN_POINT ( 'NONE',  ( 13.00000000000002487, 31.97071371987384580, -1.368745499305912716 ) ) ;
#2289 = VECTOR ( 'NONE', #3594, 1000.000000000000000 ) ;
#2290 = ADVANCED_FACE ( 'NONE', ( #980 ), #3237, .T. ) ;
#2291 = EDGE_CURVE ( 'NONE', #3536, #769, #5438, .T. ) ;
#2292 = CARTESIAN_POINT ( 'NONE',  ( 13.99999999999999645, 0.000000000000000000, 0.000000000000000000 ) ) ;
#2293 = CARTESIAN_POINT ( 'NONE',  ( -12.53070325766191573, 10.77680920222802463, 33.46586014658737440 ) ) ;
#2294 = CARTESIAN_POINT ( 'NONE',  ( 1.418805442889761684E-15, 46.00000000000000000, 47.93528469341880083 ) ) ;
#2295 = CARTESIAN_POINT ( 'NONE',  ( -8.000000000000000000, 0.000000000000000000, 0.000000000000000000 ) ) ;
#2296 = CARTESIAN_POINT ( 'NONE',  ( 7.094027214448808421E-16, 46.00000000000000000, 30.00000000000000000 ) ) ;
#2297 =( GEOMETRIC_REPRESENTATION_CONTEXT ( 3 ) GLOBAL_UNCERTAINTY_ASSIGNED_CONTEXT ( ( #5656 ) ) GLOBAL_UNIT_ASSIGNED_CONTEXT ( ( #3160, #5339, #3099 ) ) REPRESENTATION_CONTEXT ( 'NONE', 'WORKASPACE' ) );
#2298 = EDGE_CURVE ( 'NONE', #1673, #3598, #1443, .T. ) ;
#2299 = ORIENTED_EDGE ( 'NONE', *, *, #2426, .T. ) ;
#2300 = DIRECTION ( 'NONE',  ( 1.000000000000000000, 0.000000000000000000, 0.000000000000000000 ) ) ;
#2301 = SECURITY_CLASSIFICATION ( '', '', #2771 ) ;
#2302 = DIRECTION ( 'NONE',  ( 0.000000000000000000, 0.000000000000000000, -1.000000000000000000 ) ) ;
#2303 = ORIENTED_EDGE ( 'NONE', *, *, #374, .T. ) ;
#2304 = EDGE_CURVE ( 'NONE', #2631, #171, #2352, .T. ) ;
#2305 = VERTEX_POINT ( 'NONE', #599 ) ;
#2306 = DATE_TIME_ROLE ( 'classification_date' ) ;
#2307 = CARTESIAN_POINT ( 'NONE',  ( -15.00000000000000000, 14.28810658347096840, 8.782733359702522336 ) ) ;
#2308 = ORIENTED_EDGE ( 'NONE', *, *, #1180, .F. ) ;
#2309 = DIRECTION ( 'NONE',  ( 1.000000000000000000, -0.000000000000000000, 0.000000000000000000 ) ) ;
#2310 = CARTESIAN_POINT ( 'NONE',  ( 11.88912448294105317, -16.89074090256895744, 30.95034448157397833 ) ) ;
#2311 = ORIENTED_EDGE ( 'NONE', *, *, #3942, .F. ) ;
#2312 = EDGE_LOOP ( 'NONE', ( #2427, #5245, #3150, #5527, #2709, #3561, #502, #4619 ) ) ;
#2313 = DIRECTION ( 'NONE',  ( -1.000000000000000000, -0.000000000000000000, -0.000000000000000000 ) ) ;
#2314 = ORIENTED_EDGE ( 'NONE', *, *, #4190, .F. ) ;
#2315 = CARTESIAN_POINT ( 'NONE',  ( 13.00000000000002487, 0.000000000000000000, 0.000000000000000000 ) ) ;
#2316 = DIRECTION ( 'NONE',  ( 1.000000000000000000, 0.000000000000000000, 0.000000000000000000 ) ) ;
#2317 = DIRECTION ( 'NONE',  ( 0.000000000000000000, 0.000000000000000000, 1.000000000000000000 ) ) ;
#2318 = LINE ( 'NONE', #972, #5322 ) ;
#2319 = CARTESIAN_POINT ( 'NONE',  ( 23.85528960709137891, 26.81754148567247142, -5.000000000000000000 ) ) ;
#2320 = FACE_OUTER_BOUND ( 'NONE', #764, .T. ) ;
#2322 = ADVANCED_FACE ( 'NONE', ( #2379, #163 ), #3752, .T. ) ;
#2321 = DIRECTION ( 'NONE',  ( -1.000000000000000000, 0.000000000000000000, 0.000000000000000000 ) ) ;
#2323 = EDGE_CURVE ( 'NONE', #4239, #3144, #2442, .T. ) ;
#2324 = VERTEX_POINT ( 'NONE', #4521 ) ;
#2325 = DIRECTION ( 'NONE',  ( 0.000000000000000000, 0.000000000000000000, 1.000000000000000000 ) ) ;
#2326 = DIRECTION ( 'NONE',  ( 0.000000000000000000, -0.000000000000000000, 1.000000000000000000 ) ) ;
#2327 = ORIENTED_EDGE ( 'NONE', *, *, #4723, .F. ) ;
#2328 = EDGE_CURVE ( 'NONE', #767, #2928, #309, .T. ) ;
#2329 = ORIENTED_EDGE ( 'NONE', *, *, #5380, .T. ) ;
#2330 = APPROVAL_DATE_TIME ( #4986, #173 ) ;
#2331 = FACE_BOUND ( 'NONE', #472, .T. ) ;
#2332 = AXIS2_PLACEMENT_3D ( 'NONE', #2295, #3315, #567 ) ;
#2333 = ORIENTED_EDGE ( 'NONE', *, *, #4190, .T. ) ;
#2334 = CARTESIAN_POINT ( 'NONE',  ( -2.999999999999998224, 8.782733359702472598, -14.28810658347099860 ) ) ;
#2335 = CARTESIAN_POINT ( 'NONE',  ( 11.82088779489402697, -17.41442830686559518, 30.83247035602943598 ) ) ;
#2336 = ORIENTED_EDGE ( 'NONE', *, *, #5168, .T. ) ;
#2337 = EDGE_LOOP ( 'NONE', ( #4149, #5340, #733, #5545 ) ) ;
#2338 = FACE_OUTER_BOUND ( 'NONE', #1862, .T. ) ;
#2339 = ORIENTED_EDGE ( 'NONE', *, *, #2304, .T. ) ;
#2340 = CARTESIAN_POINT ( 'NONE',  ( -12.00000000000000000, 0.000000000000000000, -0.9999999999999713562 ) ) ;
#2341 = FACE_OUTER_BOUND ( 'NONE', #2163, .T. ) ;
#2342 = CIRCLE ( 'NONE', #5502, 21.50000000000000000 ) ;
#2343 = ORIENTED_EDGE ( 'NONE', *, *, #3615, .F. ) ;
#2344 = CARTESIAN_POINT ( 'NONE',  ( -25.99999999999999645, 0.000000000000000000, 0.000000000000000000 ) ) ;
#2345 = DIRECTION ( 'NONE',  ( 0.000000000000000000, 0.000000000000000000, 1.000000000000000000 ) ) ;
#2346 = FACE_BOUND ( 'NONE', #140, .T. ) ;
#2347 = CARTESIAN_POINT ( 'NONE',  ( -15.00000000000000000, 14.28810658347096840, -7.517266640297473046 ) ) ;
#2348 = CIRCLE ( 'NONE', #485, 30.00000000000000000 ) ;
#2349 = AXIS2_PLACEMENT_3D ( 'NONE', #52, #4404, #404 ) ;
#2350 = EDGE_CURVE ( 'NONE', #3490, #1018, #4783, .T. ) ;
#2351 = AXIS2_PLACEMENT_3D ( 'NONE', #1306, #415, #3980 ) ;
#2352 = LINE ( 'NONE', #4135, #1509 ) ;
#2353 = CARTESIAN_POINT ( 'NONE',  ( 15.53241216860677731, 50.00000000000000000, 23.03235765329041840 ) ) ;
#2354 = ORIENTED_EDGE ( 'NONE', *, *, #3177, .F. ) ;
#2355 = VECTOR ( 'NONE', #3932, 1000.000000000000000 ) ;
#2356 = AXIS2_PLACEMENT_3D ( 'NONE', #697, #5217, #1154 ) ;
#2357 = EDGE_CURVE ( 'NONE', #3430, #4793, #4317, .T. ) ;
#2358 = ORIENTED_EDGE ( 'NONE', *, *, #824, .F. ) ;
#2359 = CARTESIAN_POINT ( 'NONE',  ( 0.6562114893330461829, 42.76577238087988064, 13.95866314917713424 ) ) ;
#2360 = DIRECTION ( 'NONE',  ( -1.000000000000000000, -0.000000000000000000, -0.000000000000000000 ) ) ;
#2361 = CYLINDRICAL_SURFACE ( 'NONE', #2817, 2.000000000000001776 ) ;
#2362 = AXIS2_PLACEMENT_3D ( 'NONE', #2483, #5162, #1161 ) ;
#2363 = EDGE_CURVE ( 'NONE', #3678, #964, #862, .T. ) ;
#2364 = VERTEX_POINT ( 'NONE', #2061 ) ;
#2365 = PERSON_AND_ORGANIZATION ( #1916, #341 ) ;
#2366 = ORIENTED_EDGE ( 'NONE', *, *, #2549, .T. ) ;
#2367 = CARTESIAN_POINT ( 'NONE',  ( 11.92546950110327941, 16.71448917956968572, -30.95034448157385754 ) ) ;
#2368 = VECTOR ( 'NONE', #982, 1000.000000000000000 ) ;
#2369 = ORIENTED_EDGE ( 'NONE', *, *, #4046, .F. ) ;
#2370 = LINE ( 'NONE', #3227, #2030 ) ;
#2371 = DIRECTION ( 'NONE',  ( 1.000000000000000000, 0.000000000000000000, 0.000000000000000000 ) ) ;
#2372 = ADVANCED_FACE ( 'NONE', ( #3347, #5114 ), #3292, .F. ) ;
#2373 = CARTESIAN_POINT ( 'NONE',  ( -1.749830754862465199, 42.96189700701119563, 13.04212304741154860 ) ) ;
#2374 = DIRECTION ( 'NONE',  ( 0.000000000000000000, 1.000000000000000000, 0.000000000000000000 ) ) ;
#2375 = VECTOR ( 'NONE', #351, 1000.000000000000000 ) ;
#2376 = PLANE ( 'NONE',  #2883 ) ;
#2377 = CARTESIAN_POINT ( 'NONE',  ( 27.85528960709138246, -26.23182295088395222, -5.000000000000000000 ) ) ;
#2378 = AXIS2_PLACEMENT_3D ( 'NONE', #2292, #3962, #1402 ) ;
#2379 = FACE_BOUND ( 'NONE', #3362, .T. ) ;
#2380 = CARTESIAN_POINT ( 'NONE',  ( 10.99999999999999645, 35.13815526106476739, 1.038611726258547252 ) ) ;
#2381 = EDGE_LOOP ( 'NONE', ( #2354, #2621, #5639, #2955 ) ) ;
#2382 = CIRCLE ( 'NONE', #5735, 2.000000000000001332 ) ;
#2383 = CC_DESIGN_SECURITY_CLASSIFICATION ( #1649, ( #5766 ) ) ;
#2384 = ORIENTED_EDGE ( 'NONE', *, *, #4555, .T. ) ;
#2385 = PERSON_AND_ORGANIZATION_ROLE ( 'classification_officer' ) ;
#2386 = CARTESIAN_POINT ( 'NONE',  ( 1.905943963259395968, 43.04869047623077449, 12.68486377752867966 ) ) ;
#2387 = CARTESIAN_POINT ( 'NONE',  ( 0.9043070930005969732, 40.67460912997906064, 13.85359240868261566 ) ) ;
#2388 = CARTESIAN_POINT ( 'NONE',  ( 12.84650538027024425, 21.31591844614097297, 27.96186920387489749 ) ) ;
#2389 = EDGE_CURVE ( 'NONE', #1511, #1182, #1177, .T. ) ;
#2390 = EDGE_CURVE ( 'NONE', #1534, #1182, #1233, .T. ) ;
#2391 = ORIENTED_EDGE ( 'NONE', *, *, #4206, .F. ) ;
#2392 = APPROVAL_DATE_TIME ( #124, #5243 ) ;
#2393 = ORIENTED_EDGE ( 'NONE', *, *, #2398, .F. ) ;
#2394 = CARTESIAN_POINT ( 'NONE',  ( -15.00000000000000000, 16.31354737148743084, -20.19288673948953416 ) ) ;
#2395 = EDGE_LOOP ( 'NONE', ( #2158, #205, #873, #4551 ) ) ;
#2396 = CARTESIAN_POINT ( 'NONE',  ( 14.97768196061260682, 20.63578446386299348, 30.90391996075543801 ) ) ;
#2397 = CARTESIAN_POINT ( 'NONE',  ( 13.00000000000002487, 3.673940397442058389E-15, 30.00000000000000000 ) ) ;
#2398 = EDGE_CURVE ( 'NONE', #2364, #3641, #2910, .T. ) ;
#2399 = CARTESIAN_POINT ( 'NONE',  ( -15.00000000000000000, -21.21320343559623822, 21.21320343559661126 ) ) ;
#2400 = DIRECTION ( 'NONE',  ( 0.000000000000000000, 0.000000000000000000, 1.000000000000000000 ) ) ;
#2401 = CARTESIAN_POINT ( 'NONE',  ( 0.000000000000000000, 0.000000000000000000, 4.000000000000000000 ) ) ;
#2402 = DIRECTION ( 'NONE',  ( 0.000000000000000000, 0.000000000000000000, -1.000000000000000000 ) ) ;
#2403 = CIRCLE ( 'NONE', #2873, 32.00000000000000000 ) ;
#2404 = AXIS2_PLACEMENT_3D ( 'NONE', #2838, #4540, #1399 ) ;
#2405 = CARTESIAN_POINT ( 'NONE',  ( 25.85528960709137891, 26.81754148567247142, -5.000000000000000000 ) ) ;
#2406 = CARTESIAN_POINT ( 'NONE',  ( 13.00000000000002487, 0.000000000000000000, 0.000000000000000000 ) ) ;
#2407 = CARTESIAN_POINT ( 'NONE',  ( 7.094027214448808421E-16, 48.00000000000000000, 30.00000000000000000 ) ) ;
#2408 = ORIENTED_EDGE ( 'NONE', *, *, #2897, .T. ) ;
#2409 = VERTEX_POINT ( 'NONE', #2964 ) ;
#2410 = DIRECTION ( 'NONE',  ( 0.000000000000000000, 0.000000000000000000, 1.000000000000000000 ) ) ;
#2411 = CARTESIAN_POINT ( 'NONE',  ( -1.933735791294528550, 41.27305010104334571, 11.53853560390240318 ) ) ;
#2412 = CARTESIAN_POINT ( 'NONE',  ( -16.31644489767901263, 17.52971900545513861, 0.000000000000000000 ) ) ;
#2413 = AXIS2_PLACEMENT_3D ( 'NONE', #5083, #976, #4601 ) ;
#2414 = ORIENTED_EDGE ( 'NONE', *, *, #4604, .T. ) ;
#2415 = PERSON_AND_ORGANIZATION ( #1916, #341 ) ;
#2416 = CC_DESIGN_PERSON_AND_ORGANIZATION_ASSIGNMENT ( #1985, #1121, ( #811 ) ) ;
#2417 = DIRECTION ( 'NONE',  ( 1.000000000000000000, 0.000000000000000000, 0.000000000000000000 ) ) ;
#2418 = EDGE_CURVE ( 'NONE', #2409, #3493, #1504, .T. ) ;
#2419 = EDGE_LOOP ( 'NONE', ( #2333, #5586, #3240, #4092 ) ) ;
#2420 = DIRECTION ( 'NONE',  ( -0.000000000000000000, -0.000000000000000000, 1.000000000000000000 ) ) ;
#2421 = ORIENTED_EDGE ( 'NONE', *, *, #1493, .T. ) ;
#2422 = DIRECTION ( 'NONE',  ( 0.000000000000000000, 0.000000000000000000, -1.000000000000000000 ) ) ;
#2423 = CYLINDRICAL_SURFACE ( 'NONE', #4025, 17.99999999999999645 ) ;
#2424 = VERTEX_POINT ( 'NONE', #5147 ) ;
#2425 = CARTESIAN_POINT ( 'NONE',  ( -0.2657420919316003105, 42.74557033594031452, 14.06471530658119562 ) ) ;
#2426 = EDGE_CURVE ( 'NONE', #1260, #3474, #1609, .T. ) ;
#2427 = ORIENTED_EDGE ( 'NONE', *, *, #4281, .F. ) ;
#2428 = LINE ( 'NONE', #1106, #782 ) ;
#2429 = CARTESIAN_POINT ( 'NONE',  ( 9.523453619806620196, 37.32660383538892290, 18.39258402621283750 ) ) ;
#2430 = DIRECTION ( 'NONE',  ( -1.000000000000000000, 0.000000000000000000, 0.000000000000000000 ) ) ;
#2431 = EDGE_CURVE ( 'NONE', #3223, #4200, #1041, .T. ) ;
#2432 = FACE_OUTER_BOUND ( 'NONE', #3554, .T. ) ;
#2433 = DIRECTION ( 'NONE',  ( 1.000000000000000000, 0.000000000000000000, 0.000000000000000000 ) ) ;
#2434 = VECTOR ( 'NONE', #4109, 1000.000000000000000 ) ;
#2435 = CIRCLE ( 'NONE', #1882, 2.000000000000000444 ) ;
#2436 = DIRECTION ( 'NONE',  ( 1.000000000000000000, -0.000000000000000000, -0.000000000000000000 ) ) ;
#2437 = ORIENTED_EDGE ( 'NONE', *, *, #1180, .T. ) ;
#2438 = VECTOR ( 'NONE', #3725, 1000.000000000000000 ) ;
#2439 = CIRCLE ( 'NONE', #5417, 17.99999999999999645 ) ;
#2440 = ORIENTED_EDGE ( 'NONE', *, *, #5408, .T. ) ;
#2441 = CARTESIAN_POINT ( 'NONE',  ( 13.99999999999999645, -16.66961349092377986, -30.94984096133335782 ) ) ;
#2442 = CIRCLE ( 'NONE', #2635, 16.29999999999999361 ) ;
#2443 = DIRECTION ( 'NONE',  ( 0.000000000000000000, 0.000000000000000000, 1.000000000000000000 ) ) ;
#2444 = CARTESIAN_POINT ( 'NONE',  ( 10.99999999999999645, -17.17072523365179748, 27.00307750887727565 ) ) ;
#2445 = AXIS2_PLACEMENT_3D ( 'NONE', #3258, #2374, #1438 ) ;
#2446 = AXIS2_PLACEMENT_3D ( 'NONE', #4832, #3026, #778 ) ;
#2447 = ORIENTED_EDGE ( 'NONE', *, *, #1125, .F. ) ;
#2448 = CALENDAR_DATE ( 2026, 8, 7 ) ;
#2449 = CARTESIAN_POINT ( 'NONE',  ( -12.72174081521428235, 12.95406344988569280, 32.68472847408396120 ) ) ;
#2450 = ORIENTED_EDGE ( 'NONE', *, *, #2602, .T. ) ;
#2451 = CARTESIAN_POINT ( 'NONE',  ( -2.999999999999999112, 11.50000000000000000, -1.569924745759010420E-13 ) ) ;
#2452 = ORIENTED_EDGE ( 'NONE', *, *, #2149, .T. ) ;
#2453 = CARTESIAN_POINT ( 'NONE',  ( -13.18436255310560945, 1.407234973344678730, 37.15350152500625569 ) ) ;
#2454 = DIRECTION ( 'NONE',  ( 1.000000000000000000, 0.000000000000000000, 0.000000000000000000 ) ) ;
#2455 = CIRCLE ( 'NONE', #3114, 35.15350152500631964 ) ;
#2456 = EDGE_CURVE ( 'NONE', #1018, #2190, #2992, .T. ) ;
#2457 = CARTESIAN_POINT ( 'NONE',  ( -2.665020710974054905E-11, 43.86002172591197024, 10.06471530658119384 ) ) ;
#2458 = AXIS2_PLACEMENT_3D ( 'NONE', #2128, #1558, #3815 ) ;
#2459 = ORIENTED_EDGE ( 'NONE', *, *, #1057, .F. ) ;
#2460 = CARTESIAN_POINT ( 'NONE',  ( 7.094027214448808421E-16, 0.000000000000000000, 30.00000000000000000 ) ) ;
#2461 = DIRECTION ( 'NONE',  ( -0.000000000000000000, 0.000000000000000000, -1.000000000000000000 ) ) ;
#2462 = DIRECTION ( 'NONE',  ( 0.000000000000000000, 1.000000000000000000, 0.000000000000000000 ) ) ;
#2463 = EDGE_CURVE ( 'NONE', #3955, #2479, #5613, .T. ) ;
#2464 = ADVANCED_FACE ( 'NONE', ( #3411 ), #5582, .F. ) ;
#2465 = FACE_OUTER_BOUND ( 'NONE', #3589, .T. ) ;
#2466 = DIRECTION ( 'NONE',  ( 0.000000000000000000, 0.000000000000000000, 1.000000000000000000 ) ) ;
#2467 = CIRCLE ( 'NONE', #4708, 17.99999999999999289 ) ;
#2468 = DIRECTION ( 'NONE',  ( 0.000000000000000000, 0.000000000000000000, 1.000000000000000000 ) ) ;
#2469 = CYLINDRICAL_SURFACE ( 'NONE', #2458, 30.00000000000000000 ) ;
#2470 = VERTEX_POINT ( 'NONE', #5206 ) ;
#2471 = ADVANCED_FACE ( 'NONE', ( #4307 ), #1206, .T. ) ;
#2472 = VECTOR ( 'NONE', #5348, 1000.000000000000000 ) ;
#2473 = ORIENTED_EDGE ( 'NONE', *, *, #3643, .T. ) ;
#2474 = LINE ( 'NONE', #1151, #4405 ) ;
#2475 =( GEOMETRIC_REPRESENTATION_CONTEXT ( 3 ) GLOBAL_UNCERTAINTY_ASSIGNED_CONTEXT ( ( #1508 ) ) GLOBAL_UNIT_ASSIGNED_CONTEXT ( ( #3956, #1734, #4909 ) ) REPRESENTATION_CONTEXT ( 'NONE', 'WORKASPACE' ) );
#2476 = CARTESIAN_POINT ( 'NONE',  ( -2.961601047463832357E-13, 41.80552003979223485, 10.06471530658119384 ) ) ;
#2477 = DIRECTION ( 'NONE',  ( 0.000000000000000000, 0.000000000000000000, 1.000000000000000000 ) ) ;
#2478 = PRODUCT_DEFINITION_FORMATION_WITH_SPECIFIED_SOURCE ( 'ANY', '', #2667, .NOT_KNOWN. ) ;
#2479 = VERTEX_POINT ( 'NONE', #2003 ) ;
#2480 = CALENDAR_DATE ( 2026, 8, 7 ) ;
#2481 = DIRECTION ( 'NONE',  ( -1.000000000000000000, -0.000000000000000000, -0.000000000000000000 ) ) ;
#2482 = ORIENTED_EDGE ( 'NONE', *, *, #3476, .F. ) ;
#2483 = CARTESIAN_POINT ( 'NONE',  ( -15.00000000000000000, 14.28810658347096840, 8.782733359702522336 ) ) ;
#2484 = ORIENTED_EDGE ( 'NONE', *, *, #432, .T. ) ;
#2485 = LOCAL_TIME ( 17, 36, 16.00000000000000000, #3676 ) ;
#2486 = CARTESIAN_POINT ( 'NONE',  ( -13.22856338864568748, 2.820049490629094269, 37.07380818601951944 ) ) ;
#2487 = DIRECTION ( 'NONE',  ( -1.000000000000000000, 0.000000000000000000, -0.000000000000000000 ) ) ;
#2488 = ORIENTED_EDGE ( 'NONE', *, *, #1037, .T. ) ;
#2489 = DIRECTION ( 'NONE',  ( 0.000000000000000000, 0.000000000000000000, 1.000000000000000000 ) ) ;
#2490 = ORIENTED_EDGE ( 'NONE', *, *, #1149, .F. ) ;
#2491 = DIRECTION ( 'NONE',  ( 0.000000000000000000, 1.000000000000000000, 0.000000000000000000 ) ) ;
#2492 = CARTESIAN_POINT ( 'NONE',  ( 10.63401730912901400, 35.63862407733000737, 19.41672234535300490 ) ) ;
#2493 = CARTESIAN_POINT ( 'NONE',  ( 13.99999999999999645, 33.42897835913842641, 1.297247899378906055E-13 ) ) ;
#2494 = CARTESIAN_POINT ( 'NONE',  ( -15.53241216860690344, 40.00000000000000000, 23.03235765329063156 ) ) ;
#2495 = DIRECTION ( 'NONE',  ( -1.000000000000000000, 0.000000000000000000, -0.000000000000000000 ) ) ;
#2496 = APPROVAL ( #1252, 'UNSPECIFIED' ) ;
#2497 = FACE_OUTER_BOUND ( 'NONE', #3588, .T. ) ;
#2498 = EDGE_CURVE ( 'NONE', #4448, #3067, #2728, .T. ) ;
#2499 = PLANE ( 'NONE',  #3457 ) ;
#2500 = ORIENTED_EDGE ( 'NONE', *, *, #1561, .F. ) ;
#2501 = EDGE_LOOP ( 'NONE', ( #3568, #4059, #5169, #3049 ) ) ;
#2502 = CARTESIAN_POINT ( 'NONE',  ( -15.00000000000000000, -18.44272569798218697, -23.66148492442913565 ) ) ;
#2503 = EDGE_CURVE ( 'NONE', #2580, #2979, #3007, .T. ) ;
#2504 = CARTESIAN_POINT ( 'NONE',  ( 0.5296732027089464667, 41.77895171965606380, 10.13154001766615764 ) ) ;
#2505 = CARTESIAN_POINT ( 'NONE',  ( 11.81136590549985144, -17.57786493517329518, -30.76328496597238527 ) ) ;
#2506 = ORIENTED_EDGE ( 'NONE', *, *, #2795, .F. ) ;
#2507 = APPROVAL_DATE_TIME ( #729, #3711 ) ;
#2508 = CARTESIAN_POINT ( 'NONE',  ( -15.00000000000000000, 16.31354737148743084, -3.892886739489540560 ) ) ;
#2509 = ADVANCED_FACE ( 'NONE', ( #2497 ), #2097, .F. ) ;
#2510 = ORIENTED_EDGE ( 'NONE', *, *, #2431, .T. ) ;
#2511 = DIRECTION ( 'NONE',  ( 0.000000000000000000, 0.000000000000000000, -1.000000000000000000 ) ) ;
#2512 = VERTEX_POINT ( 'NONE', #2612 ) ;
#2513 = DIRECTION ( 'NONE',  ( 0.000000000000000000, 0.000000000000000000, 1.000000000000000000 ) ) ;
#2514 = DIRECTION ( 'NONE',  ( 1.000000000000000000, -0.000000000000000000, -0.000000000000000000 ) ) ;
#2515 = ORIENTED_EDGE ( 'NONE', *, *, #2764, .T. ) ;
#2516 = CIRCLE ( 'NONE', #408, 11.50000000000000178 ) ;
#2517 = CARTESIAN_POINT ( 'NONE',  ( -1.737178125036499488, 43.51450286560034897, 11.06536526240059715 ) ) ;
#2518 = EDGE_LOOP ( 'NONE', ( #5470, #2473, #4179, #1688 ) ) ;
#2519 = DIRECTION ( 'NONE',  ( 0.000000000000000000, 0.000000000000000000, 1.000000000000000000 ) ) ;
#2520 = VECTOR ( 'NONE', #1913, 1000.000000000000000 ) ;
#2521 = DIRECTION ( 'NONE',  ( -1.000000000000000000, 0.000000000000000000, 0.000000000000000000 ) ) ;
#2522 = CARTESIAN_POINT ( 'NONE',  ( -3.141126705856360335, 38.91023090536109663, 17.38334444050632044 ) ) ;
#2523 = CYLINDRICAL_SURFACE ( 'NONE', #801, 17.99999999999999645 ) ;
#2524 = FACE_OUTER_BOUND ( 'NONE', #573, .T. ) ;
#2525 = DIRECTION ( 'NONE',  ( 0.000000000000000000, 1.000000000000000000, 0.000000000000000000 ) ) ;
#2526 = DIRECTION ( 'NONE',  ( 0.000000000000000000, 0.000000000000000000, -1.000000000000000000 ) ) ;
#2527 = ORIENTED_EDGE ( 'NONE', *, *, #4075, .F. ) ;
#2528 = ADVANCED_FACE ( 'NONE', ( #4397 ), #2210, .F. ) ;
#2529 = CIRCLE ( 'NONE', #761, 35.15350152500631964 ) ;
#2530 = ORIENTED_EDGE ( 'NONE', *, *, #3298, .F. ) ;
#2531 = CARTESIAN_POINT ( 'NONE',  ( -7.553605132721628479, 39.44371296827494433, 17.03553942125681786 ) ) ;
#2532 = FACE_OUTER_BOUND ( 'NONE', #4680, .T. ) ;
#2533 = CARTESIAN_POINT ( 'NONE',  ( 13.00000000000002487, 16.71448917956903557, 28.95034448157421991 ) ) ;
#2534 = AXIS2_PLACEMENT_3D ( 'NONE', #3977, #4927, #3560 ) ;
#2535 = CIRCLE ( 'NONE', #3377, 17.99999999999999645 ) ;
#2536 = ADVANCED_FACE ( 'NONE', ( #2641 ), #3579, .F. ) ;
#2537 = ORIENTED_EDGE ( 'NONE', *, *, #5376, .F. ) ;
#2538 = DATE_TIME_ROLE ( 'creation_date' ) ;
#2539 = AXIS2_PLACEMENT_3D ( 'NONE', #1471, #1917, #628 ) ;
#2540 = CARTESIAN_POINT ( 'NONE',  ( 23.85528960709137891, 26.81754148567247142, -5.000000000000000000 ) ) ;
#2541 = AXIS2_PLACEMENT_3D ( 'NONE', #500, #443, #1782 ) ;
#2542 = ORIENTED_EDGE ( 'NONE', *, *, #3863, .T. ) ;
#2543 = DIRECTION ( 'NONE',  ( -1.000000000000000000, 0.000000000000000000, 0.000000000000000000 ) ) ;
#2544 = EDGE_LOOP ( 'NONE', ( #2550, #433, #3940, #2358, #486, #671, #1445, #2737 ) ) ;
#2545 = DIRECTION ( 'NONE',  ( 1.000000000000000000, -0.000000000000000000, -0.000000000000000000 ) ) ;
#2546 = CARTESIAN_POINT ( 'NONE',  ( -15.00000000000000000, 23.66148492442919959, -18.44272569798210526 ) ) ;
#2547 = AXIS2_PLACEMENT_3D ( 'NONE', #3441, #2936, #1586 ) ;
#2548 = AXIS2_PLACEMENT_3D ( 'NONE', #3386, #5156, #727 ) ;
#2549 = EDGE_CURVE ( 'NONE', #5403, #1511, #28, .T. ) ;
#2550 = ORIENTED_EDGE ( 'NONE', *, *, #5209, .F. ) ;
#2551 = FACE_BOUND ( 'NONE', #4376, .T. ) ;
#2552 = ORIENTED_EDGE ( 'NONE', *, *, #5754, .T. ) ;
#2553 = FACE_OUTER_BOUND ( 'NONE', #2419, .T. ) ;
#2554 = AXIS2_PLACEMENT_3D ( 'NONE', #739, #2870, #650 ) ;
#2555 = DIRECTION ( 'NONE',  ( -0.000000000000000000, -1.000000000000000000, -0.000000000000000000 ) ) ;
#2556 = LINE ( 'NONE', #2092, #4020 ) ;
#2557 = AXIS2_PLACEMENT_3D ( 'NONE', #4266, #2888, #5509 ) ;
#2558 = DIRECTION ( 'NONE',  ( 0.000000000000000000, 0.000000000000000000, 1.000000000000000000 ) ) ;
#2559 = CARTESIAN_POINT ( 'NONE',  ( 0.000000000000000000, 50.00000000000000000, 14.06471530658119384 ) ) ;
#2560 = DIRECTION ( 'NONE',  ( 0.000000000000000000, 0.000000000000000000, -1.000000000000000000 ) ) ;
#2561 = DIRECTION ( 'NONE',  ( 0.000000000000000000, 0.000000000000000000, -1.000000000000000000 ) ) ;
#2562 = VERTEX_POINT ( 'NONE', #5732 ) ;
#2563 = VERTEX_POINT ( 'NONE', #5296 ) ;
#2564 = CARTESIAN_POINT ( 'NONE',  ( 12.91502914034958849, 15.39675917390444759, 31.63540149527841550 ) ) ;
#2565 = DIRECTION ( 'NONE',  ( 0.000000000000000000, 0.000000000000000000, -1.000000000000000000 ) ) ;
#2566 = AXIS2_PLACEMENT_3D ( 'NONE', #4815, #3033, #1247 ) ;
#2567 = LINE ( 'NONE', #3478, #1890 ) ;
#2568 = CIRCLE ( 'NONE', #145, 37.15350152500624858 ) ;
#2569 = EDGE_LOOP ( 'NONE', ( #283, #1567, #4626, #3654 ) ) ;
#2570 = PERSON_AND_ORGANIZATION_ROLE ( 'classification_officer' ) ;
#2571 = CARTESIAN_POINT ( 'NONE',  ( -15.00000000000000000, -11.35477761546863817, -1.821819229026953257 ) ) ;
#2572 = ORIENTED_EDGE ( 'NONE', *, *, #4340, .F. ) ;
#2573 = CARTESIAN_POINT ( 'NONE',  ( -30.00000000000000000, -30.00000000000000000, -5.000000000000000000 ) ) ;
#2574 = EDGE_CURVE ( 'NONE', #4054, #4536, #5318, .T. ) ;
#2575 = ADVANCED_FACE ( 'NONE', ( #2588 ), #1294, .T. ) ;
#2576 = CARTESIAN_POINT ( 'NONE',  ( 3.342393339611689979E-15, 50.00000000000000000, 51.50000000000000000 ) ) ;
#2577 = DIRECTION ( 'NONE',  ( 0.000000000000000000, 1.000000000000000000, 0.000000000000000000 ) ) ;
#2578 = EDGE_LOOP ( 'NONE', ( #2073, #4202, #4617, #2450 ) ) ;
#2579 = PLANE ( 'NONE',  #241 ) ;
#2580 = VERTEX_POINT ( 'NONE', #4457 ) ;
#2581 = CC_DESIGN_SECURITY_CLASSIFICATION ( #348, ( #4907 ) ) ;
#2582 = DIRECTION ( 'NONE',  ( 1.000000000000000000, -0.000000000000000000, -0.000000000000000000 ) ) ;
#2583 = ADVANCED_FACE ( 'NONE', ( #4373 ), #2234, .F. ) ;
#2584 = CARTESIAN_POINT ( 'NONE',  ( 11.81307204247383247, 17.88907155308321606, -30.57906679001555972 ) ) ;
#2585 = DIRECTION ( 'NONE',  ( 0.000000000000000000, 1.000000000000000000, -1.224646799147353207E-16 ) ) ;
#2586 = CARTESIAN_POINT ( 'NONE',  ( 11.89641574102544119, 35.23183542632290965, -0.8844482688470360898 ) ) ;
#2587 = FACE_OUTER_BOUND ( 'NONE', #613, .T. ) ;
#2588 = FACE_OUTER_BOUND ( 'NONE', #3379, .T. ) ;
#2589 = EDGE_CURVE ( 'NONE', #3684, #2928, #3082, .T. ) ;
#2590 = DIRECTION ( 'NONE',  ( 1.000000000000000000, -0.000000000000000000, -0.000000000000000000 ) ) ;
#2591 = ORIENTED_EDGE ( 'NONE', *, *, #5224, .F. ) ;
#2592 = EDGE_LOOP ( 'NONE', ( #2661, #2286, #2689, #1073 ) ) ;
#2593 = DIRECTION ( 'NONE',  ( 0.000000000000000000, 0.000000000000000000, 1.000000000000000000 ) ) ;
#2594 = CARTESIAN_POINT ( 'NONE',  ( 15.99999999999999645, 0.000000000000000000, 0.000000000000000000 ) ) ;
#2595 = ORIENTED_EDGE ( 'NONE', *, *, #3968, .F. ) ;
#2596 = APPROVAL_STATUS ( 'not_yet_approved' ) ;
#2597 = CYLINDRICAL_SURFACE ( 'NONE', #4402, 2.000000000000001776 ) ;
#2598 = VERTEX_POINT ( 'NONE', #1716 ) ;
#2599 = DIRECTION ( 'NONE',  ( 1.000000000000000000, -0.000000000000000000, -0.000000000000000000 ) ) ;
#2600 = CARTESIAN_POINT ( 'NONE',  ( 15.99999999999999645, 0.000000000000000000, 0.000000000000000000 ) ) ;
#2601 = APPROVAL ( #3358, 'UNSPECIFIED' ) ;
#2602 = EDGE_CURVE ( 'NONE', #3778, #2580, #913, .T. ) ;
#2603 = ORIENTED_EDGE ( 'NONE', *, *, #4961, .T. ) ;
#2604 = ORIENTED_EDGE ( 'NONE', *, *, #251, .T. ) ;
#2605 = DIRECTION ( 'NONE',  ( 0.000000000000000000, -1.000000000000000000, 0.000000000000000000 ) ) ;
#2606 = DIRECTION ( 'NONE',  ( 1.000000000000000000, 0.000000000000000000, 0.000000000000000000 ) ) ;
#2607 = DIRECTION ( 'NONE',  ( 1.000000000000000000, 0.000000000000000000, 0.000000000000000000 ) ) ;
#2608 = ADVANCED_FACE ( 'NONE', ( #2261 ), #4429, .T. ) ;
#2609 = DIRECTION ( 'NONE',  ( 0.000000000000000000, 0.000000000000000000, -1.000000000000000000 ) ) ;
#2610 = CARTESIAN_POINT ( 'NONE',  ( -2.999999999999998224, 0.000000000000000000, 0.000000000000000000 ) ) ;
#2611 = AXIS2_PLACEMENT_3D ( 'NONE', #2698, #4013, #3503 ) ;
#2612 = CARTESIAN_POINT ( 'NONE',  ( -15.00000000000000000, 16.31354737148743084, -21.89288673948953701 ) ) ;
#2613 = DIRECTION ( 'NONE',  ( 0.000000000000000000, -1.776356839400250465E-15, 1.000000000000000000 ) ) ;
#2614 = ORIENTED_EDGE ( 'NONE', *, *, #148, .F. ) ;
#2615 = EDGE_CURVE ( 'NONE', #2479, #964, #833, .T. ) ;
#2616 = ORIENTED_EDGE ( 'NONE', *, *, #5528, .T. ) ;
#2617 = DIRECTION ( 'NONE',  ( -0.000000000000000000, 0.000000000000000000, -1.000000000000000000 ) ) ;
#2618 = PRODUCT_DEFINITION_SHAPE ( 'NONE', 'NONE',  #5765 ) ;
#2619 = AXIS2_PLACEMENT_3D ( 'NONE', #654, #2430, #1999 ) ;
#2620 = EDGE_CURVE ( 'NONE', #4200, #4562, #208, .T. ) ;
#2621 = ORIENTED_EDGE ( 'NONE', *, *, #5551, .F. ) ;
#2622 = DATE_TIME_ROLE ( 'creation_date' ) ;
#2623 = LINE ( 'NONE', #3124, #3387 ) ;
#2624 = ORIENTED_EDGE ( 'NONE', *, *, #2390, .T. ) ;
#2625 = CARTESIAN_POINT ( 'NONE',  ( 1.154269426861910253, 39.42189995064117625, 17.04929334252247131 ) ) ;
#2626 = DIRECTION ( 'NONE',  ( 1.000000000000000000, -0.000000000000000000, -0.000000000000000000 ) ) ;
#2627 = VECTOR ( 'NONE', #1832, 1000.000000000000000 ) ;
#2628 = CIRCLE ( 'NONE', #3567, 2.000000000000000444 ) ;
#2629 = ORIENTED_EDGE ( 'NONE', *, *, #1470, .F. ) ;
#2630 = CARTESIAN_POINT ( 'NONE',  ( 0.000000000000000000, 0.000000000000000000, 0.000000000000000000 ) ) ;
#2631 = VERTEX_POINT ( 'NONE', #1353 ) ;
#2632 = DIRECTION ( 'NONE',  ( 0.000000000000000000, -1.000000000000000000, 0.000000000000000000 ) ) ;
#2633 = DIRECTION ( 'NONE',  ( -1.000000000000000000, -0.000000000000000000, -0.000000000000000000 ) ) ;
#2634 = CARTESIAN_POINT ( 'NONE',  ( 15.99999999999999645, 33.42897835913842641, 1.297247899378906055E-13 ) ) ;
#2635 = AXIS2_PLACEMENT_3D ( 'NONE', #1494, #4632, #4189 ) ;
#2636 = CIRCLE ( 'NONE', #1042, 29.99999999999999645 ) ;
#2637 = CARTESIAN_POINT ( 'NONE',  ( 5.999999999999996447, 33.42897835913842641, 2.000000000000130118 ) ) ;
#2638 = VECTOR ( 'NONE', #2313, 1000.000000000000000 ) ;
#2639 = AXIS2_PLACEMENT_3D ( 'NONE', #2307, #3998, #4493 ) ;
#2640 = DIRECTION ( 'NONE',  ( 1.000000000000000000, 0.000000000000000000, 0.000000000000000000 ) ) ;
#2641 = FACE_OUTER_BOUND ( 'NONE', #3881, .T. ) ;
#2642 = CARTESIAN_POINT ( 'NONE',  ( 15.99999999999999645, -16.71448917956882951, -26.95034448157433360 ) ) ;
#2644 = CARTESIAN_POINT ( 'NONE',  ( -2.999999999999999112, 8.131727983645284041, -8.131727983645307134 ) ) ;
#2643 = CC_DESIGN_PERSON_AND_ORGANIZATION_ASSIGNMENT ( #4089, #2778, ( #1181 ) ) ;
#2645 = ADVANCED_FACE ( 'NONE', ( #3058 ), #3469, .F. ) ;
#2646 = CIRCLE ( 'NONE', #869, 0.9999999999999731326 ) ;
#2647 = VERTEX_POINT ( 'NONE', #426 ) ;
#2648 = CIRCLE ( 'NONE', #5157, 30.00000000000000000 ) ;
#2649 = DIRECTION ( 'NONE',  ( 0.000000000000000000, 0.000000000000000000, 1.000000000000000000 ) ) ;
#2650 = VERTEX_POINT ( 'NONE', #3989 ) ;
#2651 = EDGE_CURVE ( 'NONE', #2424, #3290, #5757, .T. ) ;
#2652 = EDGE_LOOP ( 'NONE', ( #1722, #3738, #1417, #4910, #1222 ) ) ;
#2653 = PERSON_AND_ORGANIZATION ( #1916, #341 ) ;
#2654 = DIRECTION ( 'NONE',  ( 1.000000000000000000, 0.000000000000000000, 0.000000000000000000 ) ) ;
#2655 = ORIENTED_EDGE ( 'NONE', *, *, #1836, .F. ) ;
#2656 = AXIS2_PLACEMENT_3D ( 'NONE', #3245, #146, #1814 ) ;
#2657 = EDGE_CURVE ( 'NONE', #1921, #2864, #1796, .T. ) ;
#2658 = CARTESIAN_POINT ( 'NONE',  ( 0.9223757124284743814, 39.45016613589599785, 17.03070617465787606 ) ) ;
#2659 = CARTESIAN_POINT ( 'NONE',  ( 13.00000000000002487, 0.000000000000000000, -32.00000000000000000 ) ) ;
#2660 = VECTOR ( 'NONE', #2756, 1000.000000000000000 ) ;
#2661 = ORIENTED_EDGE ( 'NONE', *, *, #5183, .T. ) ;
#2662 = ORIENTED_EDGE ( 'NONE', *, *, #483, .F. ) ;
#2663 = CARTESIAN_POINT ( 'NONE',  ( -2.999999999999998224, -21.21320343559623822, 21.21320343559661126 ) ) ;
#2664 = CIRCLE ( 'NONE', #3790, 16.29999999999999361 ) ;
#2665 = DIRECTION ( 'NONE',  ( 1.000000000000000000, 0.000000000000000000, 0.000000000000000000 ) ) ;
#2666 = LINE ( 'NONE', #2231, #5238 ) ;
#2667 = PRODUCT ( 'Centrifugal_Pump_Case2', 'Centrifugal_Pump_Case2', '', ( #816 ) ) ;
#2668 = CC_DESIGN_APPROVAL ( #3468, ( #348 ) ) ;
#2669 = LINE ( 'NONE', #5729, #608 ) ;
#2670 = DIRECTION ( 'NONE',  ( 1.000000000000000000, 0.000000000000000000, 0.000000000000000000 ) ) ;
#2671 = CARTESIAN_POINT ( 'NONE',  ( 13.00000000000002487, 0.000000000000000000, 0.000000000000000000 ) ) ;
#2672 = DIRECTION ( 'NONE',  ( 1.000000000000000000, -0.000000000000000000, 0.000000000000000000 ) ) ;
#2673 = ORIENTED_EDGE ( 'NONE', *, *, #586, .F. ) ;
#2674 = APPROVAL ( #1277, 'UNSPECIFIED' ) ;
#2675 = EDGE_CURVE ( 'NONE', #1844, #649, #1001, .T. ) ;
#2676 = EDGE_LOOP ( 'NONE', ( #5364, #1271, #5665, #3312 ) ) ;
#2677 = CARTESIAN_POINT ( 'NONE',  ( -2.999999999999998224, -8.782733359702373122, 14.28810658347105900 ) ) ;
#2678 = CARTESIAN_POINT ( 'NONE',  ( 27.85528960709138246, 26.81754148567247142, -5.000000000000000000 ) ) ;
#2679 = ORIENTED_EDGE ( 'NONE', *, *, #1250, .F. ) ;
#2680 = CIRCLE ( 'NONE', #256, 30.00000000000000000 ) ;
#2681 = EDGE_CURVE ( 'NONE', #3381, #4817, #3200, .T. ) ;
#2682 = ORIENTED_EDGE ( 'NONE', *, *, #4890, .F. ) ;
#2683 = PERSON_AND_ORGANIZATION ( #1916, #341 ) ;
#2684 = FACE_OUTER_BOUND ( 'NONE', #4554, .T. ) ;
#2685 = ORIENTED_EDGE ( 'NONE', *, *, #3121, .T. ) ;
#2686 = CARTESIAN_POINT ( 'NONE',  ( -15.00000000000000000, 0.000000000000000000, 0.000000000000000000 ) ) ;
#2687 = LINE ( 'NONE', #4471, #3484 ) ;
#2688 = EDGE_CURVE ( 'NONE', #3070, #5199, #1889, .T. ) ;
#2689 = ORIENTED_EDGE ( 'NONE', *, *, #4555, .F. ) ;
#2690 = DIRECTION ( 'NONE',  ( 0.000000000000000000, 0.000000000000000000, 1.000000000000000000 ) ) ;
#2691 = ORIENTED_EDGE ( 'NONE', *, *, #4015, .T. ) ;
#2692 = CARTESIAN_POINT ( 'NONE',  ( -25.99999999999999645, 0.000000000000000000, 0.000000000000000000 ) ) ;
#2693 = CARTESIAN_POINT ( 'NONE',  ( 30.00000000000000000, 30.00000000000000000, -5.000000000000000000 ) ) ;
#2694 = DIRECTION ( 'NONE',  ( 0.000000000000000000, 0.000000000000000000, -1.000000000000000000 ) ) ;
#2695 = CYLINDRICAL_SURFACE ( 'NONE', #1156, 35.15350152500624148 ) ;
#2696 = CARTESIAN_POINT ( 'NONE',  ( -12.95673412095117172, 20.03332011250676103, 28.89237018985353700 ) ) ;
#2697 = DIRECTION ( 'NONE',  ( 0.000000000000000000, 0.000000000000000000, 1.000000000000000000 ) ) ;
#2698 = CARTESIAN_POINT ( 'NONE',  ( -2.999999999999998224, 16.31354737148743084, -3.892886739489540560 ) ) ;
#2699 = DIRECTION ( 'NONE',  ( -1.000000000000000000, 0.000000000000000000, 0.000000000000000000 ) ) ;
#2700 = AXIS2_PLACEMENT_3D ( 'NONE', #5180, #4310, #5648 ) ;
#2701 = VERTEX_POINT ( 'NONE', #566 ) ;
#2702 = FACE_OUTER_BOUND ( 'NONE', #1760, .T. ) ;
#2703 = DIRECTION ( 'NONE',  ( 1.000000000000000000, 0.000000000000000000, 0.000000000000000000 ) ) ;
#2704 = VERTEX_POINT ( 'NONE', #75 ) ;
#2705 = EDGE_CURVE ( 'NONE', #127, #1718, #5619, .T. ) ;
#2706 = VERTEX_POINT ( 'NONE', #973 ) ;
#2707 = APPROVAL_STATUS ( 'not_yet_approved' ) ;
#2708 = PLANE ( 'NONE',  #2914 ) ;
#2709 = ORIENTED_EDGE ( 'NONE', *, *, #2657, .T. ) ;
#2710 = CARTESIAN_POINT ( 'NONE',  ( 15.99999999999999645, 0.000000000000000000, 0.000000000000000000 ) ) ;
#2711 = CARTESIAN_POINT ( 'NONE',  ( 11.89766500098095570, -18.38468708240925409, 30.06430225627848785 ) ) ;
#2712 = ADVANCED_FACE ( 'NONE', ( #2841 ), #4129, .F. ) ;
#2713 = EDGE_CURVE ( 'NONE', #2563, #926, #1827, .T. ) ;
#2714 = VECTOR ( 'NONE', #4162, 1000.000000000000000 ) ;
#2715 = ORIENTED_EDGE ( 'NONE', *, *, #3437, .F. ) ;
#2716 = CARTESIAN_POINT ( 'NONE',  ( 0.000000000000000000, 0.000000000000000000, 0.000000000000000000 ) ) ;
#2717 = AXIS2_PLACEMENT_3D ( 'NONE', #1769, #5029, #3284 ) ;
#2718 = VERTEX_POINT ( 'NONE', #595 ) ;
#2719 = DIRECTION ( 'NONE',  ( 1.000000000000000000, -0.000000000000000000, -0.000000000000000000 ) ) ;
#2720 = DIRECTION ( 'NONE',  ( 1.000000000000000000, 0.000000000000000000, 0.000000000000000000 ) ) ;
#2721 = FACE_OUTER_BOUND ( 'NONE', #2676, .T. ) ;
#2722 = ADVANCED_FACE ( 'NONE', ( #3632 ), #1053, .F. ) ;
#2723 = CIRCLE ( 'NONE', #3659, 32.00000000000000000 ) ;
#2724 = VECTOR ( 'NONE', #4830, 1000.000000000000000 ) ;
#2725 = DIRECTION ( 'NONE',  ( 0.000000000000000000, 0.000000000000000000, 1.000000000000000000 ) ) ;
#2726 = CARTESIAN_POINT ( 'NONE',  ( -12.92453134801365700, 20.50751173593046062, 28.55784406254934993 ) ) ;
#2727 = DIRECTION ( 'NONE',  ( -0.000000000000000000, 1.000000000000000000, -0.000000000000000000 ) ) ;
#2728 = CIRCLE ( 'NONE', #676, 16.42682846964513743 ) ;
#2729 = CIRCLE ( 'NONE', #210, 16.29999999999999361 ) ;
#2730 = CARTESIAN_POINT ( 'NONE',  ( 13.00000000000002487, 16.71448917956966085, -28.95034448157385754 ) ) ;
#2731 = CARTESIAN_POINT ( 'NONE',  ( 13.00000000000002487, -16.71448917956946190, 28.95034448157397833 ) ) ;
#2732 = AXIS2_PLACEMENT_3D ( 'NONE', #4942, #514, #2089 ) ;
#2733 = AXIS2_PLACEMENT_3D ( 'NONE', #4010, #3501, #4456 ) ;
#2734 = ORIENTED_EDGE ( 'NONE', *, *, #2157, .T. ) ;
#2735 = CARTESIAN_POINT ( 'NONE',  ( 13.99999999999999645, -16.66961349092445488, 30.94984096133299900 ) ) ;
#2736 = AXIS2_PLACEMENT_3D ( 'NONE', #2836, #2049, #4620 ) ;
#2737 = ORIENTED_EDGE ( 'NONE', *, *, #4584, .T. ) ;
#2738 = AXIS2_PLACEMENT_3D ( 'NONE', #3726, #600, #1412 ) ;
#2739 = EDGE_LOOP ( 'NONE', ( #4292, #1675 ) ) ;
#2740 = COORDINATED_UNIVERSAL_TIME_OFFSET ( 5, 30, .AHEAD. ) ;
#2741 = CARTESIAN_POINT ( 'NONE',  ( -8.785778021827159279, -17.52971900545513861, 0.000000000000000000 ) ) ;
#2742 = ORIENTED_EDGE ( 'NONE', *, *, #1823, .T. ) ;
#2743 = CARTESIAN_POINT ( 'NONE',  ( 12.99216802363015866, 18.02803394837516393, 30.46899844276633473 ) ) ;
#2744 = CARTESIAN_POINT ( 'NONE',  ( 15.99999999999999645, -16.71448917956882951, -28.95034448157433360 ) ) ;
#2745 = VECTOR ( 'NONE', #4959, 1000.000000000000000 ) ;
#2746 = ORIENTED_EDGE ( 'NONE', *, *, #2971, .T. ) ;
#2747 = DATE_TIME_ROLE ( 'classification_date' ) ;
#2748 = CC_DESIGN_PERSON_AND_ORGANIZATION_ASSIGNMENT ( #2365, #4150, ( #4247 ) ) ;
#2749 = ADVANCED_FACE ( 'NONE', ( #5462 ), #5488, .F. ) ;
#2750 = ORIENTED_EDGE ( 'NONE', *, *, #2675, .T. ) ;
#2751 = DIRECTION ( 'NONE',  ( 0.000000000000000000, 1.000000000000000000, 0.000000000000000000 ) ) ;
#2752 = ORIENTED_EDGE ( 'NONE', *, *, #2932, .T. ) ;
#2753 = DIRECTION ( 'NONE',  ( 0.000000000000000000, 1.000000000000000000, 0.000000000000000000 ) ) ;
#2754 = DIRECTION ( 'NONE',  ( 0.000000000000000000, 0.000000000000000000, -1.000000000000000000 ) ) ;
#2755 = AXIS2_PLACEMENT_3D ( 'NONE', #1202, #1712, #3812 ) ;
#2756 = DIRECTION ( 'NONE',  ( 1.000000000000000000, -0.000000000000000000, 0.000000000000000000 ) ) ;
#2757 = EDGE_CURVE ( 'NONE', #1410, #2796, #1713, .T. ) ;
#2758 = CARTESIAN_POINT ( 'NONE',  ( -12.51589965187379860, 23.23377606566805298, 26.40618857198587932 ) ) ;
#2759 = LOCAL_TIME ( 17, 36, 16.00000000000000000, #4563 ) ;
#2760 = DIRECTION ( 'NONE',  ( 0.000000000000000000, 0.000000000000000000, 1.000000000000000000 ) ) ;
#2761 = CARTESIAN_POINT ( 'NONE',  ( 2.301443560336440431E-15, 48.00000000000000000, 43.00000000000000000 ) ) ;
#2762 = CARTESIAN_POINT ( 'NONE',  ( -15.00000000000000000, 0.000000000000000000, 0.000000000000000000 ) ) ;
#2763 = APPROVAL_PERSON_ORGANIZATION ( #4791, #2601, #234 ) ;
#2764 = EDGE_CURVE ( 'NONE', #522, #2701, #3168, .T. ) ;
#2765 = VERTEX_POINT ( 'NONE', #2319 ) ;
#2766 = CARTESIAN_POINT ( 'NONE',  ( -12.00000000000000000, 0.000000000000000000, 0.000000000000000000 ) ) ;
#2767 = CC_DESIGN_APPROVAL ( #173, ( #1649 ) ) ;
#2768 = CARTESIAN_POINT ( 'NONE',  ( -2.999999999999998224, -3.892886739489597847, -16.31354737148741663 ) ) ;
#2769 = ORIENTED_EDGE ( 'NONE', *, *, #2328, .F. ) ;
#2770 = ORIENTED_EDGE ( 'NONE', *, *, #3298, .T. ) ;
#2771 = SECURITY_CLASSIFICATION_LEVEL ( 'unclassified' ) ;
#2772 = CARTESIAN_POINT ( 'NONE',  ( 1.242064828363594664, 43.71222551623881714, 10.47594992764645383 ) ) ;
#2773 = ORIENTED_EDGE ( 'NONE', *, *, #361, .F. ) ;
#2774 = VECTOR ( 'NONE', #5396, 1000.000000000000000 ) ;
#2775 = CARTESIAN_POINT ( 'NONE',  ( 7.094027214448808421E-16, 50.00000000000000000, 8.500000000000000000 ) ) ;
#2776 = FACE_OUTER_BOUND ( 'NONE', #4889, .T. ) ;
#2777 = EDGE_LOOP ( 'NONE', ( #4408, #1451, #4016, #962, #91, #1840 ) ) ;
#2778 = PERSON_AND_ORGANIZATION_ROLE ( 'design_owner' ) ;
#2779 = ORIENTED_EDGE ( 'NONE', *, *, #4068, .T. ) ;
#2780 = CARTESIAN_POINT ( 'NONE',  ( 0.000000000000000000, 46.00000000000000000, 12.06471530658119384 ) ) ;
#2781 = ORIENTED_EDGE ( 'NONE', *, *, #4688, .F. ) ;
#2782 = CARTESIAN_POINT ( 'NONE',  ( 13.46499247063070293, 28.89549379597854895, 23.36371742895224912 ) ) ;
#2783 = FACE_OUTER_BOUND ( 'NONE', #942, .T. ) ;
#2784 = CC_DESIGN_PERSON_AND_ORGANIZATION_ASSIGNMENT ( #4926, #3916, ( #4573 ) ) ;
#2785 = EDGE_CURVE ( 'NONE', #5425, #4173, #541, .T. ) ;
#2786 = CARTESIAN_POINT ( 'NONE',  ( 8.785778021827187700, -17.36237085265844371, 4.000000000000000000 ) ) ;
#2787 = CARTESIAN_POINT ( 'NONE',  ( 13.99999999999999645, -16.71448917956882951, -28.95034448157433360 ) ) ;
#2788 = FACE_BOUND ( 'NONE', #1517, .T. ) ;
#2789 = LINE ( 'NONE', #3345, #3087 ) ;
#2790 = ADVANCED_FACE ( 'NONE', ( #3281, #4629, #4097, #1879, #5375, #624, #940, #1467 ), #3663, .T. ) ;
#2791 = B_SPLINE_CURVE_WITH_KNOTS ( 'NONE', 3,
 ( #1391, #32, #2279, #3182, #554, #4530, #2743, #4498, #1423, #927 ),
 .UNSPECIFIED., .F., .F.,
 ( 4, 2, 2, 2, 4 ),
 ( 0.006272875490762528511, 0.006805388095903737097, 0.007337900701044945684, 0.007870413306186154270, 0.008402925911327362857 ),
 .UNSPECIFIED. ) ;
#2792 = CARTESIAN_POINT ( 'NONE',  ( -15.53241216860684304, 40.00000000000000000, 38.96764234670947502 ) ) ;
#2793 = LINE ( 'NONE', #5526, #5259 ) ;
#2794 = EDGE_LOOP ( 'NONE', ( #1946, #1127, #4489, #699, #3770, #3422, #5281, #4459, #2595, #2080, #152, #2055, #1043, #2552, #3925, #110, #465, #3767, #5089, #5708, #4662, #2734, #630, #1552, #4418, #1590, #736, #4224, #1227, #3515, #622, #4590, #1602, #88, #2314, #65 ) ) ;
#2795 = EDGE_CURVE ( 'NONE', #2835, #1387, #4693, .T. ) ;
#2796 = VERTEX_POINT ( 'NONE', #4598 ) ;
#2797 = APPROVAL_DATE_TIME ( #953, #5090 ) ;
#2798 = CARTESIAN_POINT ( 'NONE',  ( -2.665020710974054905E-11, 43.86002172591197024, 10.06471530658119384 ) ) ;
#2799 = CIRCLE ( 'NONE', #2700, 5.000000000000000888 ) ;
#2800 = DIRECTION ( 'NONE',  ( 0.000000000000000000, 1.000000000000000000, 0.000000000000000000 ) ) ;
#2801 = DIRECTION ( 'NONE',  ( 0.000000000000000000, 0.000000000000000000, 1.000000000000000000 ) ) ;
#2802 = ORIENTED_EDGE ( 'NONE', *, *, #4157, .F. ) ;
#2803 = APPROVAL_ROLE ( '' ) ;
#2804 = ORIENTED_EDGE ( 'NONE', *, *, #209, .T. ) ;
#2805 = DIRECTION ( 'NONE',  ( 0.000000000000000000, 0.000000000000000000, -1.000000000000000000 ) ) ;
#2806 = ORIENTED_EDGE ( 'NONE', *, *, #3794, .T. ) ;
#2807 = CARTESIAN_POINT ( 'NONE',  ( -15.99999999999999645, 0.000000000000000000, 0.000000000000000000 ) ) ;
#2808 = CARTESIAN_POINT ( 'NONE',  ( 13.99999999999999645, 0.000000000000000000, 0.000000000000000000 ) ) ;
#2809 = ORIENTED_EDGE ( 'NONE', *, *, #3936, .F. ) ;
#2810 = DIRECTION ( 'NONE',  ( 1.000000000000000000, 0.000000000000000000, 0.000000000000000000 ) ) ;
#2811 = DIRECTION ( 'NONE',  ( -1.000000000000000000, 0.000000000000000000, 0.000000000000000000 ) ) ;
#2812 = CARTESIAN_POINT ( 'NONE',  ( 13.99999999999999645, 0.000000000000000000, 0.000000000000000000 ) ) ;
#2813 = CARTESIAN_POINT ( 'NONE',  ( -15.00000000000000000, 30.00000000000000000, 1.734723475976807094E-15 ) ) ;
#2814 = AXIS2_PLACEMENT_3D ( 'NONE', #5659, #1189, #1667 ) ;
#2815 = CIRCLE ( 'NONE', #853, 2.000000000000001776 ) ;
#2816 = CIRCLE ( 'NONE', #765, 30.00000000000000000 ) ;
#2817 = AXIS2_PLACEMENT_3D ( 'NONE', #1039, #3271, #147 ) ;
#2818 = ADVANCED_FACE ( 'NONE', ( #3232 ), #3606, .F. ) ;
#2819 = DIRECTION ( 'NONE',  ( 1.000000000000000000, 0.000000000000000000, 0.000000000000000000 ) ) ;
#2820 = EDGE_CURVE ( 'NONE', #1260, #4710, #2428, .T. ) ;
#2821 = FACE_OUTER_BOUND ( 'NONE', #3772, .T. ) ;
#2822 = ORIENTED_EDGE ( 'NONE', *, *, #1961, .F. ) ;
#2823 = AXIS2_PLACEMENT_3D ( 'NONE', #3814, #2901, #4690 ) ;
#2824 = CIRCLE ( 'NONE', #5145, 17.99999999999999289 ) ;
#2825 = EDGE_LOOP ( 'NONE', ( #835, #2530, #5045, #5508 ) ) ;
#2826 = APPROVAL_STATUS ( 'not_yet_approved' ) ;
#2827 = CIRCLE ( 'NONE', #2554, 17.99999999999999645 ) ;
#2828 = CARTESIAN_POINT ( 'NONE',  ( 1.799157014613212091, 43.47705932785526528, 11.18184556470074753 ) ) ;
#2829 = EDGE_CURVE ( 'NONE', #926, #2199, #2179, .T. ) ;
#2830 = CARTESIAN_POINT ( 'NONE',  ( -15.53241216860690344, 46.00000000000000000, 23.03235765329063156 ) ) ;
#2831 = CARTESIAN_POINT ( 'NONE',  ( -15.00000000000000000, 14.28810658347096840, -7.517266640297473046 ) ) ;
#2832 = AXIS2_PLACEMENT_3D ( 'NONE', #1397, #474, #2254 ) ;
#2833 = ORIENTED_EDGE ( 'NONE', *, *, #2093, .T. ) ;
#2834 = APPROVAL_DATE_TIME ( #585, #1785 ) ;
#2835 = VERTEX_POINT ( 'NONE', #770 ) ;
#2836 = CARTESIAN_POINT ( 'NONE',  ( 7.094027214448808421E-16, 46.00000000000000000, 30.00000000000000000 ) ) ;
#2837 = EDGE_LOOP ( 'NONE', ( #5688, #5368 ) ) ;
#2838 = CARTESIAN_POINT ( 'NONE',  ( 7.094027214448808421E-16, 50.00000000000000000, 30.00000000000000000 ) ) ;
#2839 = CARTESIAN_POINT ( 'NONE',  ( 11.86542585527596216, -35.30487010754519872, 0.7171114815637796847 ) ) ;
#2840 = DIRECTION ( 'NONE',  ( 0.000000000000000000, 0.000000000000000000, 1.000000000000000000 ) ) ;
#2841 = FACE_OUTER_BOUND ( 'NONE', #5078, .T. ) ;
#2842 = AXIS2_PLACEMENT_3D ( 'NONE', #3156, #5418, #580 ) ;
#2843 = FACE_BOUND ( 'NONE', #783, .T. ) ;
#2844 = DIRECTION ( 'NONE',  ( 0.000000000000000000, 0.000000000000000000, -1.000000000000000000 ) ) ;
#2845 = B_SPLINE_CURVE_WITH_KNOTS ( 'NONE', 3,
 ( #772, #2031, #3465, #3406, #1652, #4369, #2522, #304, #4339, #3873, #340, #5202, #3901, #3811, #5175, #1200, #1232, #5608, #5642, #3053, #686, #2123, #1678, #5670 ),
 .UNSPECIFIED., .F., .F.,
 ( 4, 2, 2, 2, 2, 2, 2, 2, 2, 2, 2, 4 ),
 ( 0.02195500752734260222, 0.02332554491457684842, 0.02469608230181109809, 0.02538135099542821946, 0.02606661968904534082, 0.02743715707627958356, 0.02880769446351382282, 0.03017823185074806208, 0.03291930662521654061, 0.03566038139968501913, 0.03840145617415349766, 0.04388360572309046165 ),
 .UNSPECIFIED. ) ;
#2846 = AXIS2_PLACEMENT_3D ( 'NONE', #3311, #2840, #3693 ) ;
#2847 = CARTESIAN_POINT ( 'NONE',  ( 15.99999999999999645, 16.71448917956966085, -30.95034448157385754 ) ) ;
#2848 = CARTESIAN_POINT ( 'NONE',  ( 7.094027214448808421E-16, 48.00000000000000000, 30.00000000000000000 ) ) ;
#2849 = ORIENTED_EDGE ( 'NONE', *, *, #1653, .F. ) ;
#2850 = VECTOR ( 'NONE', #709, 1000.000000000000000 ) ;
#2851 = CC_DESIGN_PERSON_AND_ORGANIZATION_ASSIGNMENT ( #2683, #1338, ( #2478 ) ) ;
#2852 = EDGE_CURVE ( 'NONE', #2864, #879, #1583, .T. ) ;
#2853 = SECURITY_CLASSIFICATION ( '', '', #4231 ) ;
#2854 = VERTEX_POINT ( 'NONE', #5547 ) ;
#2855 = CYLINDRICAL_SURFACE ( 'NONE', #3002, 2.000000000000001776 ) ;
#2856 = CARTESIAN_POINT ( 'NONE',  ( -1.906819340293653742, 40.94045702715293800, 12.68187508296613153 ) ) ;
#2857 = PLANE ( 'NONE',  #1983 ) ;
#2858 = EDGE_CURVE ( 'NONE', #1752, #93, #592, .T. ) ;
#2859 = ORIENTED_EDGE ( 'NONE', *, *, #3061, .F. ) ;
#2860 = FACE_OUTER_BOUND ( 'NONE', #967, .T. ) ;
#2861 = VERTEX_POINT ( 'NONE', #5082 ) ;
#2862 = PRODUCT_DEFINITION_SHAPE ( 'NONE', 'NONE',  #5767 ) ;
#2863 = CARTESIAN_POINT ( 'NONE',  ( 2.546372920165910332E-15, 48.00000000000000000, 45.00000000000000000 ) ) ;
#2864 = VERTEX_POINT ( 'NONE', #712 ) ;
#2865 = CARTESIAN_POINT ( 'NONE',  ( -13.32414479071228897, 29.09791679209652315, 23.10412611268260008 ) ) ;
#2866 = DIRECTION ( 'NONE',  ( 0.000000000000000000, -0.7071067811865536790, -0.7071067811865414665 ) ) ;
#2867 = EDGE_CURVE ( 'NONE', #2701, #4261, #866, .T. ) ;
#2868 = CARTESIAN_POINT ( 'NONE',  ( 13.99999999999999645, 0.000000000000000000, 0.000000000000000000 ) ) ;
#2869 = EDGE_LOOP ( 'NONE', ( #4673, #1868, #1658, #3357 ) ) ;
#2870 = DIRECTION ( 'NONE',  ( -1.000000000000000000, 0.000000000000000000, 0.000000000000000000 ) ) ;
#2871 = DIRECTION ( 'NONE',  ( -1.000000000000000000, -0.000000000000000000, -0.000000000000000000 ) ) ;
#2872 = FACE_OUTER_BOUND ( 'NONE', #826, .T. ) ;
#2873 = AXIS2_PLACEMENT_3D ( 'NONE', #383, #4384, #358 ) ;
#2874 = CARTESIAN_POINT ( 'NONE',  ( -24.44100814187985549, -26.23182295088395222, 0.000000000000000000 ) ) ;
#2875 = DIRECTION ( 'NONE',  ( 0.000000000000000000, 0.000000000000000000, -1.000000000000000000 ) ) ;
#2876 = DIRECTION ( 'NONE',  ( -0.000000000000000000, 1.000000000000000000, -0.000000000000000000 ) ) ;
#2877 = ORIENTED_EDGE ( 'NONE', *, *, #3476, .T. ) ;
#2878 = ORIENTED_EDGE ( 'NONE', *, *, #1, .F. ) ;
#2879 = CARTESIAN_POINT ( 'NONE',  ( 23.85528960709137891, -26.23182295088395222, 0.000000000000000000 ) ) ;
#2880 = ADVANCED_FACE ( 'NONE', ( #2986, #1138 ), #4711, .F. ) ;
#2881 = CARTESIAN_POINT ( 'NONE',  ( -1.748574555557283589E-14, 40.63476077627159100, 14.06471530658119384 ) ) ;
#2882 = CARTESIAN_POINT ( 'NONE',  ( -15.00000000000000000, 3.124985970199051696E-13, 30.00000000000000000 ) ) ;
#2883 = AXIS2_PLACEMENT_3D ( 'NONE', #2401, #4073, #4548 ) ;
#2884 = ORIENTED_EDGE ( 'NONE', *, *, #4625, .F. ) ;
#2885 = DATE_AND_TIME ( #2448, #4163 ) ;
#2886 = CARTESIAN_POINT ( 'NONE',  ( 2.301443560336440431E-15, 0.000000000000000000, 43.00000000000000000 ) ) ;
#2887 = ORIENTED_EDGE ( 'NONE', *, *, #259, .F. ) ;
#2888 = DIRECTION ( 'NONE',  ( 0.000000000000000000, 1.000000000000000000, 0.000000000000000000 ) ) ;
#2889 = EDGE_CURVE ( 'NONE', #1482, #769, #3109, .T. ) ;
#2891 = ADVANCED_FACE ( 'NONE', ( #2028 ), #3809, .F. ) ;
#2890 = ORIENTED_EDGE ( 'NONE', *, *, #79, .F. ) ;
#2892 = CARTESIAN_POINT ( 'NONE',  ( -14.91361525702829560, 24.04831641126421360, 28.32970871901009602 ) ) ;
#2893 = FACE_OUTER_BOUND ( 'NONE', #151, .T. ) ;
#2894 = CARTESIAN_POINT ( 'NONE',  ( -1.998801501510741874, 43.25423123167700368, 11.91921695486999333 ) ) ;
#2895 = ORIENTED_EDGE ( 'NONE', *, *, #3682, .T. ) ;
#2896 = CARTESIAN_POINT ( 'NONE',  ( 13.18436255310560234, 0.000000000000000000, 0.000000000000000000 ) ) ;
#2897 = EDGE_CURVE ( 'NONE', #2985, #556, #3204, .T. ) ;
#2898 = CARTESIAN_POINT ( 'NONE',  ( 4.766913894364743776, 41.32095582895182417, 15.77183162722094600 ) ) ;
#2899 = CARTESIAN_POINT ( 'NONE',  ( 13.00000000000002487, 33.42897835913842641, 1.297247899378906055E-13 ) ) ;
#2900 = DIRECTION ( 'NONE',  ( 1.000000000000000000, 0.000000000000000000, 0.000000000000000000 ) ) ;
#2901 = DIRECTION ( 'NONE',  ( 1.000000000000000000, 0.000000000000000000, 0.000000000000000000 ) ) ;
#2902 = CIRCLE ( 'NONE', #3669, 16.29999999999999361 ) ;
#2903 = ADVANCED_FACE ( 'NONE', ( #1082 ), #3433, .T. ) ;
#2904 = DIRECTION ( 'NONE',  ( 1.000000000000000000, -0.000000000000000000, -0.000000000000000000 ) ) ;
#2905 = ORIENTED_EDGE ( 'NONE', *, *, #4401, .F. ) ;
#2906 = CIRCLE ( 'NONE', #396, 2.000000000000000000 ) ;
#2907 = CIRCLE ( 'NONE', #1711, 2.000000000000001776 ) ;
#2908 = ORIENTED_EDGE ( 'NONE', *, *, #906, .F. ) ;
#2909 = CARTESIAN_POINT ( 'NONE',  ( 11.93488257301923738, 0.000000000000000000, 35.15350152500624148 ) ) ;
#2910 = CIRCLE ( 'NONE', #3664, 2.000000000000001776 ) ;
#2911 = CIRCLE ( 'NONE', #2446, 15.00000000000000000 ) ;
#2912 = CARTESIAN_POINT ( 'NONE',  ( -0.5349897108501328047, 41.78337097375337805, 10.11975825890128888 ) ) ;
#2913 = CARTESIAN_POINT ( 'NONE',  ( -11.93488257301923738, 0.000000000000000000, 35.15350152500624148 ) ) ;
#2914 = AXIS2_PLACEMENT_3D ( 'NONE', #5363, #463, #5283 ) ;
#2915 = ORIENTED_EDGE ( 'NONE', *, *, #3261, .T. ) ;
#2916 = PERSON_AND_ORGANIZATION ( #1916, #341 ) ;
#2917 = CYLINDRICAL_SURFACE ( 'NONE', #1031, 2.000000000000001776 ) ;
#2918 = ORIENTED_EDGE ( 'NONE', *, *, #861, .T. ) ;
#2919 = CARTESIAN_POINT ( 'NONE',  ( -15.00000000000000000, 14.28810658347096840, 8.782733359702522336 ) ) ;
#2920 = ORIENTED_EDGE ( 'NONE', *, *, #749, .F. ) ;
#2921 = CARTESIAN_POINT ( 'NONE',  ( 9.032800280375143487, 33.53702196619600073, 20.63129412068844815 ) ) ;
#2922 = CARTESIAN_POINT ( 'NONE',  ( 5.999999999999996447, 16.71448917956966085, -28.95034448157385754 ) ) ;
#2923 = CIRCLE ( 'NONE', #3496, 11.49999999999999822 ) ;
#2924 = APPROVAL ( #439, 'UNSPECIFIED' ) ;
#2925 = ADVANCED_FACE ( 'NONE', ( #2553 ), #2056, .F. ) ;
#2926 = DIRECTION ( 'NONE',  ( 1.000000000000000000, -0.000000000000000000, 0.000000000000000000 ) ) ;
#2927 = VECTOR ( 'NONE', #3442, 1000.000000000000000 ) ;
#2928 = VERTEX_POINT ( 'NONE', #4769 ) ;
#2929 = CARTESIAN_POINT ( 'NONE',  ( -15.99999999999999645, 0.000000000000000000, 0.000000000000000000 ) ) ;
#2930 = CARTESIAN_POINT ( 'NONE',  ( 7.094027214448808421E-16, 48.00000000000000000, 30.00000000000000000 ) ) ;
#2931 = LINE ( 'NONE', #5265, #108 ) ;
#2932 = EDGE_CURVE ( 'NONE', #4298, #4692, #1170, .T. ) ;
#2933 = DIRECTION ( 'NONE',  ( 0.000000000000000000, 0.000000000000000000, -1.000000000000000000 ) ) ;
#2934 = FACE_OUTER_BOUND ( 'NONE', #175, .T. ) ;
#2935 = CIRCLE ( 'NONE', #4524, 35.15350152500624148 ) ;
#2936 = DIRECTION ( 'NONE',  ( -1.000000000000000000, -0.000000000000000000, -0.000000000000000000 ) ) ;
#2937 = CARTESIAN_POINT ( 'NONE',  ( 2.449293598294706414E-16, 40.00000000000000000, 10.06471530658119384 ) ) ;
#2938 = ORIENTED_EDGE ( 'NONE', *, *, #4996, .F. ) ;
#2939 = VECTOR ( 'NONE', #422, 1000.000000000000000 ) ;
#2940 = ORIENTED_EDGE ( 'NONE', *, *, #3942, .T. ) ;
#2941 = CARTESIAN_POINT ( 'NONE',  ( 8.785778021827187700, 17.36237085265844371, 4.000000000000000000 ) ) ;
#2942 = AXIS2_PLACEMENT_3D ( 'NONE', #2630, #2690, #2283 ) ;
#2943 = CARTESIAN_POINT ( 'NONE',  ( 1.997576932544065542, 41.19203382617072151, 11.79124131807085618 ) ) ;
#2944 = DIRECTION ( 'NONE',  ( 0.000000000000000000, 1.000000000000000000, 0.000000000000000000 ) ) ;
#2945 = APPROVAL_PERSON_ORGANIZATION ( #380, #2496, #5282 ) ;
#2946 = ORIENTED_EDGE ( 'NONE', *, *, #2705, .T. ) ;
#2947 = COORDINATED_UNIVERSAL_TIME_OFFSET ( 5, 30, .AHEAD. ) ;
#2948 = CYLINDRICAL_SURFACE ( 'NONE', #5712, 37.15350152500624858 ) ;
#2949 = ORIENTED_EDGE ( 'NONE', *, *, #586, .T. ) ;
#2950 = CARTESIAN_POINT ( 'NONE',  ( -15.99999999999999645, 0.000000000000000000, 0.000000000000000000 ) ) ;
#2951 = VERTEX_POINT ( 'NONE', #1614 ) ;
#2952 = CC_DESIGN_SECURITY_CLASSIFICATION ( #245, ( #5767 ) ) ;
#2953 = CARTESIAN_POINT ( 'NONE',  ( 15.99999999999999645, 16.71448917956903557, 28.95034448157421991 ) ) ;
#2954 = DIRECTION ( 'NONE',  ( 1.000000000000000000, 0.000000000000000000, 0.000000000000000000 ) ) ;
#2955 = ORIENTED_EDGE ( 'NONE', *, *, #5137, .T. ) ;
#2956 = CARTESIAN_POINT ( 'NONE',  ( -1.332105486236473846, 43.68107730654508458, 10.56728613768495428 ) ) ;
#2957 = EDGE_LOOP ( 'NONE', ( #1160, #3729 ) ) ;
#2958 = DIRECTION ( 'NONE',  ( 0.000000000000000000, 0.000000000000000000, 1.000000000000000000 ) ) ;
#2959 = CARTESIAN_POINT ( 'NONE',  ( -2.999999999999999112, 0.000000000000000000, 0.000000000000000000 ) ) ;
#2960 = DIRECTION ( 'NONE',  ( -1.000000000000000000, -0.000000000000000000, -0.000000000000000000 ) ) ;
#2961 = EDGE_CURVE ( 'NONE', #3145, #4239, #5522, .T. ) ;
#2962 = DIRECTION ( 'NONE',  ( 0.000000000000000000, 0.000000000000000000, -1.000000000000000000 ) ) ;
#2963 = DIRECTION ( 'NONE',  ( -1.000000000000000000, -0.000000000000000000, -0.000000000000000000 ) ) ;
#2964 = CARTESIAN_POINT ( 'NONE',  ( 13.00000000000002487, 14.79998848622210339, 28.37182300818354719 ) ) ;
#2965 = CARTESIAN_POINT ( 'NONE',  ( -15.00000000000000000, -30.00000000000000000, -1.734723475976807094E-15 ) ) ;
#2966 = ORIENTED_EDGE ( 'NONE', *, *, #253, .T. ) ;
#2967 = EDGE_CURVE ( 'NONE', #5709, #1627, #4653, .T. ) ;
#2968 = CIRCLE ( 'NONE', #3158, 21.50000000000000000 ) ;
#2969 = VERTEX_POINT ( 'NONE', #4741 ) ;
#2970 = CARTESIAN_POINT ( 'NONE',  ( 12.81677095356965346, 14.08667762549192659, 32.24016134050447846 ) ) ;
#2971 = EDGE_CURVE ( 'NONE', #2562, #1060, #2827, .T. ) ;
#2972 = DIRECTION ( 'NONE',  ( -1.000000000000000000, -0.000000000000000000, -0.000000000000000000 ) ) ;
#2973 = CARTESIAN_POINT ( 'NONE',  ( 10.99999999999999645, -14.79998848622190089, -28.37182300818365377 ) ) ;
#2974 = VERTEX_POINT ( 'NONE', #800 ) ;
#2975 = COORDINATED_UNIVERSAL_TIME_OFFSET ( 5, 30, .AHEAD. ) ;
#2976 = CARTESIAN_POINT ( 'NONE',  ( 25.85528960709137891, -26.23182295088395222, -5.000000000000000000 ) ) ;
#2977 = EDGE_LOOP ( 'NONE', ( #3327, #3264 ) ) ;
#2978 = DIRECTION ( 'NONE',  ( 0.000000000000000000, 1.776356839400250465E-15, -1.000000000000000000 ) ) ;
#2979 = VERTEX_POINT ( 'NONE', #4005 ) ;
#2980 = EDGE_CURVE ( 'NONE', #4813, #1387, #1315, .T. ) ;
#2981 = DIRECTION ( 'NONE',  ( 1.000000000000000000, 0.000000000000000000, 0.000000000000000000 ) ) ;
#2982 = CARTESIAN_POINT ( 'NONE',  ( 15.53241216860696561, 50.00000000000000000, 38.96764234670925475 ) ) ;
#2983 = ORIENTED_EDGE ( 'NONE', *, *, #156, .T. ) ;
#2984 = CARTESIAN_POINT ( 'NONE',  ( -0.2681481229113488185, 43.86002172591068415, 10.06471530658476254 ) ) ;
#2985 = VERTEX_POINT ( 'NONE', #4389 ) ;
#2986 = FACE_BOUND ( 'NONE', #3558, .T. ) ;
#2987 = AXIS2_PLACEMENT_3D ( 'NONE', #2091, #4654, #5578 ) ;
#2988 = CARTESIAN_POINT ( 'NONE',  ( 8.785778021827187700, 17.36237085265844371, 4.000000000000000000 ) ) ;
#2989 = CARTESIAN_POINT ( 'NONE',  ( -2.999999999999999112, 0.000000000000000000, 0.000000000000000000 ) ) ;
#2990 = CARTESIAN_POINT ( 'NONE',  ( 15.99999999999999645, 0.000000000000000000, 0.000000000000000000 ) ) ;
#2991 = DIRECTION ( 'NONE',  ( 1.000000000000000000, -0.000000000000000000, -0.000000000000000000 ) ) ;
#2992 = LINE ( 'NONE', #2035, #2262 ) ;
#2993 = FACE_OUTER_BOUND ( 'NONE', #1190, .T. ) ;
#2994 = ORIENTED_EDGE ( 'NONE', *, *, #4068, .F. ) ;
#2995 = B_SPLINE_CURVE_WITH_KNOTS ( 'NONE', 3,
 ( #5246, #2564, #2970, #5119, #227, #1115, #751, #2999, #2009, #2909 ),
 .UNSPECIFIED., .F., .F.,
 ( 4, 2, 2, 2, 4 ),
 ( 0.01032073707279377271, 0.01467298006805818796, 0.01902522306332260493, 0.02337746605858701671, 0.02772970905385143542 ),
 .UNSPECIFIED. ) ;
#2996 = EDGE_CURVE ( 'NONE', #4294, #4874, #4510, .T. ) ;
#2997 = EDGE_CURVE ( 'NONE', #1907, #1098, #1049, .T. ) ;
#2998 = ORIENTED_EDGE ( 'NONE', *, *, #4008, .F. ) ;
#2999 = CARTESIAN_POINT ( 'NONE',  ( 11.97532114498886990, 2.910906297551594246, 35.06247780218039622 ) ) ;
#3000 = FACE_BOUND ( 'NONE', #931, .T. ) ;
#3001 = CARTESIAN_POINT ( 'NONE',  ( 13.99999999999999645, -31.97071371987383870, -1.368745499306162738 ) ) ;
#3002 = AXIS2_PLACEMENT_3D ( 'NONE', #4194, #1009, #4144 ) ;
#3003 = VECTOR ( 'NONE', #1400, 1000.000000000000000 ) ;
#3004 = ADVANCED_FACE ( 'NONE', ( #1346 ), #1288, .F. ) ;
#3005 = ORIENTED_EDGE ( 'NONE', *, *, #296, .T. ) ;
#3006 = PERSON_AND_ORGANIZATION_ROLE ( 'creator' ) ;
#3007 = CIRCLE ( 'NONE', #3104, 17.99999999999999645 ) ;
#3008 = FACE_OUTER_BOUND ( 'NONE', #1777, .T. ) ;
#3009 = CIRCLE ( 'NONE', #4312, 2.000000000000002220 ) ;
#3010 = ORIENTED_EDGE ( 'NONE', *, *, #512, .F. ) ;
#3011 = PLANE ( 'NONE',  #4332 ) ;
#3012 = VERTEX_POINT ( 'NONE', #2663 ) ;
#3013 = FACE_OUTER_BOUND ( 'NONE', #1639, .T. ) ;
#3014 = DIRECTION ( 'NONE',  ( 0.000000000000000000, 0.000000000000000000, -1.000000000000000000 ) ) ;
#3015 = AXIS2_PLACEMENT_3D ( 'NONE', #880, #3075, #908 ) ;
#3016 = CIRCLE ( 'NONE', #4784, 17.99999999999999645 ) ;
#3017 = VERTEX_POINT ( 'NONE', #4367 ) ;
#3018 = DIRECTION ( 'NONE',  ( 0.000000000000000000, 0.000000000000000000, 1.000000000000000000 ) ) ;
#3019 = EDGE_LOOP ( 'NONE', ( #2018, #2781, #1829, #4866 ) ) ;
#3020 = FACE_BOUND ( 'NONE', #2977, .T. ) ;
#3021 = VECTOR ( 'NONE', #1988, 1000.000000000000000 ) ;
#3022 = DIRECTION ( 'NONE',  ( -0.000000000000000000, 0.000000000000000000, 1.000000000000000000 ) ) ;
#3023 = CARTESIAN_POINT ( 'NONE',  ( 15.99999999999999645, 33.42897835913842641, 2.000000000000130118 ) ) ;
#3024 = VECTOR ( 'NONE', #69, 1000.000000000000000 ) ;
#3025 = CARTESIAN_POINT ( 'NONE',  ( 11.81211110202390557, 35.42900034930172382, -0.1838901779400307079 ) ) ;
#3026 = DIRECTION ( 'NONE',  ( 0.000000000000000000, 1.000000000000000000, 0.000000000000000000 ) ) ;
#3027 = DIRECTION ( 'NONE',  ( 1.000000000000000000, -0.000000000000000000, -0.000000000000000000 ) ) ;
#3028 = LINE ( 'NONE', #254, #2927 ) ;
#3029 = EDGE_LOOP ( 'NONE', ( #4466, #1358, #1064, #2393, #4564, #5163, #5764, #2414 ) ) ;
#3030 = VECTOR ( 'NONE', #5474, 1000.000000000000000 ) ;
#3031 = VERTEX_POINT ( 'NONE', #365 ) ;
#3032 = DIRECTION ( 'NONE',  ( -1.000000000000000000, 0.000000000000000000, 0.000000000000000000 ) ) ;
#3033 = DIRECTION ( 'NONE',  ( 1.000000000000000000, 0.000000000000000000, 0.000000000000000000 ) ) ;
#3034 = CIRCLE ( 'NONE', #883, 30.00000000000000000 ) ;
#3035 = CARTESIAN_POINT ( 'NONE',  ( 8.785778021827187700, 17.36237085265844371, 4.000000000000000000 ) ) ;
#3036 = CC_DESIGN_PERSON_AND_ORGANIZATION_ASSIGNMENT ( #3559, #5686, ( #4907 ) ) ;
#3037 = ADVANCED_FACE ( 'NONE', ( #3463 ), #3958, .F. ) ;
#3038 = ORIENTED_EDGE ( 'NONE', *, *, #5684, .F. ) ;
#3039 = COORDINATED_UNIVERSAL_TIME_OFFSET ( 5, 30, .AHEAD. ) ;
#3040 = DIRECTION ( 'NONE',  ( 1.000000000000000000, -0.000000000000000000, -0.000000000000000000 ) ) ;
#3041 = VERTEX_POINT ( 'NONE', #5668 ) ;
#3042 = CARTESIAN_POINT ( 'NONE',  ( 2.449293598294706414E-16, 46.00000000000000000, 10.06471530658119384 ) ) ;
#3043 = CARTESIAN_POINT ( 'NONE',  ( 11.92546950110327408, -16.71448917956882951, -30.95034448157433715 ) ) ;
#3044 = ADVANCED_FACE ( 'NONE', ( #3051 ), #5725, .T. ) ;
#3045 = AXIS2_PLACEMENT_3D ( 'NONE', #4800, #798, #823 ) ;
#3046 = VERTEX_POINT ( 'NONE', #848 ) ;
#3047 = VERTEX_POINT ( 'NONE', #3101 ) ;
#3048 = DIRECTION ( 'NONE',  ( -1.000000000000000000, -0.000000000000000000, -0.000000000000000000 ) ) ;
#3049 = ORIENTED_EDGE ( 'NONE', *, *, #4033, .T. ) ;
#3050 = LOCAL_TIME ( 17, 36, 16.00000000000000000, #3295 ) ;
#3051 = FACE_OUTER_BOUND ( 'NONE', #3507, .T. ) ;
#3052 = CARTESIAN_POINT ( 'NONE',  ( 5.999999999999996447, -16.71448917956946190, 30.95034448157397833 ) ) ;
#3053 = CARTESIAN_POINT ( 'NONE',  ( -10.13590865308884403, 31.29661439896826991, 21.84237474637923171 ) ) ;
#3054 = EDGE_CURVE ( 'NONE', #3225, #4375, #5247, .T. ) ;
#3055 = LINE ( 'NONE', #5673, #2198 ) ;
#3056 = DIRECTION ( 'NONE',  ( 0.000000000000000000, 0.000000000000000000, -1.000000000000000000 ) ) ;
#3057 = AXIS2_PLACEMENT_3D ( 'NONE', #2256, #2633, #4424 ) ;
#3058 = FACE_OUTER_BOUND ( 'NONE', #2544, .T. ) ;
#3059 = CARTESIAN_POINT ( 'NONE',  ( -15.00000000000000000, 8.131727983645285818, -8.131727983645308910 ) ) ;
#3060 = EDGE_LOOP ( 'NONE', ( #1648, #4088, #4434, #4581 ) ) ;
#3061 = EDGE_CURVE ( 'NONE', #1070, #125, #1676, .T. ) ;
#3062 = ORIENTED_EDGE ( 'NONE', *, *, #2398, .T. ) ;
#3063 = LINE ( 'NONE', #1299, #305 ) ;
#3064 = ORIENTED_EDGE ( 'NONE', *, *, #4371, .F. ) ;
#3065 = CALENDAR_DATE ( 2026, 8, 7 ) ;
#3066 = CARTESIAN_POINT ( 'NONE',  ( 1.418805442889761684E-15, 46.00000000000000000, 49.93528469341880793 ) ) ;
#3067 = VERTEX_POINT ( 'NONE', #336 ) ;
#3068 = CARTESIAN_POINT ( 'NONE',  ( 7.618829435013521945, 35.59662352465361579, 19.44387581574116197 ) ) ;
#3069 = CARTESIAN_POINT ( 'NONE',  ( -2.999999999999999112, 0.000000000000000000, 0.000000000000000000 ) ) ;
#3070 = VERTEX_POINT ( 'NONE', #2121 ) ;
#3071 = CYLINDRICAL_SURFACE ( 'NONE', #4064, 16.29999999999999716 ) ;
#3072 = EDGE_CURVE ( 'NONE', #4536, #293, #5312, .T. ) ;
#3073 = EDGE_CURVE ( 'NONE', #5568, #2278, #2267, .T. ) ;
#3074 = ORIENTED_EDGE ( 'NONE', *, *, #930, .F. ) ;
#3075 = DIRECTION ( 'NONE',  ( 1.000000000000000000, 0.000000000000000000, -0.000000000000000000 ) ) ;
#3076 = CARTESIAN_POINT ( 'NONE',  ( 11.86018600971709702, 17.06670454853272645, -30.92731056290530844 ) ) ;
#3077 = CARTESIAN_POINT ( 'NONE',  ( 12.96524134365187741, 16.67709667222205283, 30.95000891007301647 ) ) ;
#3078 = DIRECTION ( 'NONE',  ( 1.000000000000000000, 0.000000000000000000, 0.000000000000000000 ) ) ;
#3079 = EDGE_CURVE ( 'NONE', #1718, #127, #1139, .T. ) ;
#3080 = DIRECTION ( 'NONE',  ( 1.000000000000000000, 0.000000000000000000, 0.000000000000000000 ) ) ;
#3081 = CIRCLE ( 'NONE', #3635, 2.000000000000001776 ) ;
#3082 = LINE ( 'NONE', #2154, #2355 ) ;
#3083 = CARTESIAN_POINT ( 'NONE',  ( 0.000000000000000000, 3.673940397442059178E-15, -30.00000000000000000 ) ) ;
#3084 = ORIENTED_EDGE ( 'NONE', *, *, #1679, .T. ) ;
#3085 = ORIENTED_EDGE ( 'NONE', *, *, #5376, .T. ) ;
#3086 = DIRECTION ( 'NONE',  ( 0.000000000000000000, 0.000000000000000000, 1.000000000000000000 ) ) ;
#3087 = VECTOR ( 'NONE', #4574, 1000.000000000000000 ) ;
#3088 = EDGE_LOOP ( 'NONE', ( #1458, #799 ) ) ;
#3089 = COORDINATED_UNIVERSAL_TIME_OFFSET ( 5, 30, .AHEAD. ) ;
#3090 = DIRECTION ( 'NONE',  ( 0.000000000000000000, 0.000000000000000000, 1.000000000000000000 ) ) ;
#3091 = ORIENTED_EDGE ( 'NONE', *, *, #2713, .F. ) ;
#3092 = AXIS2_PLACEMENT_3D ( 'NONE', #3735, #4071, #639 ) ;
#3093 = VECTOR ( 'NONE', #207, 1000.000000000000000 ) ;
#3094 = CARTESIAN_POINT ( 'NONE',  ( 13.99999999999999645, 35.13815526106478160, -1.038611726258283907 ) ) ;
#3095 = DIRECTION ( 'NONE',  ( 0.000000000000000000, 0.000000000000000000, 1.000000000000000000 ) ) ;
#3096 = CIRCLE ( 'NONE', #200, 5.000000000000001776 ) ;
#3097 = VECTOR ( 'NONE', #4991, 1000.000000000000000 ) ;
#3098 = VERTEX_POINT ( 'NONE', #4452 ) ;
#3099 =( NAMED_UNIT ( * ) SI_UNIT ( $, .STERADIAN. ) SOLID_ANGLE_UNIT ( ) );
#3100 = VERTEX_POINT ( 'NONE', #4911 ) ;
#3101 = CARTESIAN_POINT ( 'NONE',  ( -1.748574555557283589E-14, 40.63476077627159100, 14.06471530658119384 ) ) ;
#3102 = FACE_OUTER_BOUND ( 'NONE', #1783, .T. ) ;
#3103 = CARTESIAN_POINT ( 'NONE',  ( 12.96522289402211747, 16.69205912955886362, 30.95026066213856453 ) ) ;
#3104 = AXIS2_PLACEMENT_3D ( 'NONE', #344, #5553, #4719 ) ;
#3105 = AXIS2_PLACEMENT_3D ( 'NONE', #1981, #1632, #3420 ) ;
#3106 = CC_DESIGN_PERSON_AND_ORGANIZATION_ASSIGNMENT ( #323, #790, ( #4321 ) ) ;
#3107 = ADVANCED_FACE ( 'NONE', ( #3020, #3544 ), #4337, .F. ) ;
#3108 = FACE_OUTER_BOUND ( 'NONE', #5063, .T. ) ;
#3109 = CIRCLE ( 'NONE', #3855, 15.00000000000000000 ) ;
#3110 = DIRECTION ( 'NONE',  ( -1.000000000000000000, 0.000000000000000000, -0.000000000000000000 ) ) ;
#3111 = CARTESIAN_POINT ( 'NONE',  ( -30.00000000000000000, 30.00000000000000000, 0.000000000000000000 ) ) ;
#3112 = CARTESIAN_POINT ( 'NONE',  ( -13.99999999999999467, 0.000000000000000000, 3.000000000000000444 ) ) ;
#3113 = EDGE_LOOP ( 'NONE', ( #4525, #2806, #532, #5652 ) ) ;
#3114 = AXIS2_PLACEMENT_3D ( 'NONE', #1546, #292, #1074 ) ;
#3115 = ADVANCED_FACE ( 'NONE', ( #4802 ), #3926, .T. ) ;
#3116 = VERTEX_POINT ( 'NONE', #1761 ) ;
#3117 = AXIS2_PLACEMENT_3D ( 'NONE', #3321, #4105, #1059 ) ;
#3118 = DIRECTION ( 'NONE',  ( 1.000000000000000000, -0.000000000000000000, 0.000000000000000000 ) ) ;
#3119 = DIRECTION ( 'NONE',  ( 1.000000000000000000, 0.000000000000000000, -0.000000000000000000 ) ) ;
#3120 = ORIENTED_EDGE ( 'NONE', *, *, #1866, .F. ) ;
#3121 = EDGE_CURVE ( 'NONE', #1694, #3416, #533, .T. ) ;
#3122 = ORIENTED_EDGE ( 'NONE', *, *, #2615, .F. ) ;
#3123 = CALENDAR_DATE ( 2026, 8, 7 ) ;
#3124 = CARTESIAN_POINT ( 'NONE',  ( -19.99999999999998934, 0.000000000000000000, -6.000000000000000888 ) ) ;
#3125 = ORIENTED_EDGE ( 'NONE', *, *, #2463, .F. ) ;
#3126 = AXIS2_PLACEMENT_3D ( 'NONE', #4188, #1526, #1556 ) ;
#3127 = CARTESIAN_POINT ( 'NONE',  ( -2.999999999999998224, -21.21320343559653665, -21.21320343559631283 ) ) ;
#3128 = CYLINDRICAL_SURFACE ( 'NONE', #306, 30.00000000000000000 ) ;
#3129 = CIRCLE ( 'NONE', #2755, 35.15350152500624148 ) ;
#3130 = VERTEX_POINT ( 'NONE', #2285 ) ;
#3131 = CARTESIAN_POINT ( 'NONE',  ( 0.000000000000000000, 0.000000000000000000, 0.000000000000000000 ) ) ;
#3132 = VERTEX_POINT ( 'NONE', #1372 ) ;
#3133 = DIRECTION ( 'NONE',  ( 1.000000000000000000, 0.000000000000000000, 0.000000000000000000 ) ) ;
#3134 = CIRCLE ( 'NONE', #1446, 30.00000000000000000 ) ;
#3135 = CARTESIAN_POINT ( 'NONE',  ( 11.82473345307674428, 18.03139132070858608, -30.46601431133406734 ) ) ;
#3136 = CARTESIAN_POINT ( 'NONE',  ( 15.99999999999999645, 33.42897835913842641, 1.297247899378906055E-13 ) ) ;
#3137 = LOCAL_TIME ( 17, 36, 16.00000000000000000, #898 ) ;
#3138 = CARTESIAN_POINT ( 'NONE',  ( 15.53241216860677731, 46.00000000000000000, 19.03235765329041485 ) ) ;
#3139 = B_SPLINE_CURVE_WITH_KNOTS ( 'NONE', 3,
 ( #3448, #3765, #4786, #4727, #2505, #5095, #4699, #1214, #664, #4287 ),
 .UNSPECIFIED., .F., .F.,
 ( 4, 2, 2, 2, 4 ),
 ( 0.01115555606638311131, 0.01169167671648764679, 0.01222779736659218228, 0.01276391801669671949, 0.01330003866680125497 ),
 .UNSPECIFIED. ) ;
#3140 = DIRECTION ( 'NONE',  ( 0.000000000000000000, -0.7071067811865537900, -0.7071067811865413555 ) ) ;
#3141 = DIRECTION ( 'NONE',  ( 1.000000000000000000, 0.000000000000000000, 0.000000000000000000 ) ) ;
#3142 = EDGE_CURVE ( 'NONE', #2647, #702, #3751, .T. ) ;
#3143 = DIRECTION ( 'NONE',  ( 0.000000000000000000, 0.000000000000000000, -1.000000000000000000 ) ) ;
#3144 = VERTEX_POINT ( 'NONE', #4968 ) ;
#3145 = VERTEX_POINT ( 'NONE', #4998 ) ;
#3146 = EDGE_CURVE ( 'NONE', #4750, #2718, #1615, .T. ) ;
#3147 = DIRECTION ( 'NONE',  ( 0.000000000000000000, 1.000000000000000000, 0.000000000000000000 ) ) ;
#3148 = EDGE_CURVE ( 'NONE', #1673, #4437, #933, .T. ) ;
#3149 = LINE ( 'NONE', #4922, #4797 ) ;
#3150 = ORIENTED_EDGE ( 'NONE', *, *, #1212, .T. ) ;
#3151 = ORIENTED_EDGE ( 'NONE', *, *, #469, .T. ) ;
#3152 = PERSON_AND_ORGANIZATION_ROLE ( 'creator' ) ;
#3153 = CARTESIAN_POINT ( 'NONE',  ( -19.99999999999998934, 0.000000000000000000, 0.000000000000000000 ) ) ;
#3154 = ADVANCED_FACE ( 'NONE', ( #3655 ), #965, .T. ) ;
#3155 = ORIENTED_EDGE ( 'NONE', *, *, #1257, .T. ) ;
#3156 = CARTESIAN_POINT ( 'NONE',  ( 13.00000000000002487, 16.71448917956966085, -28.95034448157385754 ) ) ;
#3157 = CARTESIAN_POINT ( 'NONE',  ( 11.93488257301923738, -18.46854177014083476, 29.91122923507455411 ) ) ;
#3158 = AXIS2_PLACEMENT_3D ( 'NONE', #3193, #2753, #509 ) ;
#3159 = ORIENTED_EDGE ( 'NONE', *, *, #4180, .F. ) ;
#3160 =( LENGTH_UNIT ( ) NAMED_UNIT ( * ) SI_UNIT ( .MILLI., .METRE. ) );
#3161 = EDGE_CURVE ( 'NONE', #5760, #5072, #3191, .T. ) ;
#3162 = EDGE_LOOP ( 'NONE', ( #2369, #4766 ) ) ;
#3163 = CARTESIAN_POINT ( 'NONE',  ( 11.93328606121703750, 16.67709864566957023, -30.95000895436371025 ) ) ;
#3164 = CARTESIAN_POINT ( 'NONE',  ( 13.73393518694259896, 9.078942522176523866, 36.03403113443627603 ) ) ;
#3165 = DIRECTION ( 'NONE',  ( 0.000000000000000000, 0.000000000000000000, 1.000000000000000000 ) ) ;
#3166 = DIRECTION ( 'NONE',  ( 1.000000000000000000, 0.000000000000000000, 0.000000000000000000 ) ) ;
#3167 = DIRECTION ( 'NONE',  ( 0.000000000000000000, 0.000000000000000000, 1.000000000000000000 ) ) ;
#3168 = LINE ( 'NONE', #5052, #1807 ) ;
#3169 = LINE ( 'NONE', #3059, #4386 ) ;
#3170 = ORIENTED_EDGE ( 'NONE', *, *, #3968, .T. ) ;
#3171 = AXIS2_PLACEMENT_3D ( 'NONE', #3607, #5297, #1378 ) ;
#3172 = VERTEX_POINT ( 'NONE', #4062 ) ;
#3173 = DIRECTION ( 'NONE',  ( -1.000000000000000000, -0.000000000000000000, -0.000000000000000000 ) ) ;
#3174 = FACE_OUTER_BOUND ( 'NONE', #4045, .T. ) ;
#3175 = VERTEX_POINT ( 'NONE', #3687 ) ;
#3176 = EDGE_CURVE ( 'NONE', #114, #2129, #2923, .T. ) ;
#3177 = EDGE_CURVE ( 'NONE', #1752, #1904, #1818, .T. ) ;
#3178 = ORIENTED_EDGE ( 'NONE', *, *, #5105, .F. ) ;
#3179 = PERSON_AND_ORGANIZATION ( #5523, #5738 ) ;
#3180 = CYLINDRICAL_SURFACE ( 'NONE', #130, 6.000000000000000888 ) ;
#3181 = ORIENTED_EDGE ( 'NONE', *, *, #4650, .T. ) ;
#3182 = CARTESIAN_POINT ( 'NONE',  ( 12.97344003489718034, 17.41562171642882717, 30.83192296127399956 ) ) ;
#3183 = CARTESIAN_POINT ( 'NONE',  ( -15.99999999999999645, 3.673940397442060361E-16, -3.000000000000000444 ) ) ;
#3184 = VECTOR ( 'NONE', #217, 1000.000000000000000 ) ;
#3185 = EDGE_CURVE ( 'NONE', #5709, #896, #4137, .T. ) ;
#3186 = EDGE_LOOP ( 'NONE', ( #2884, #4652 ) ) ;
#3187 = DATE_AND_TIME ( #1512, #3600 ) ;
#3188 = CIRCLE ( 'NONE', #5416, 2.000000000000001332 ) ;
#3189 = AXIS2_PLACEMENT_3D ( 'NONE', #41, #3602, #1850 ) ;
#3190 = EDGE_LOOP ( 'NONE', ( #601, #1837, #4983, #5660 ) ) ;
#3191 = LINE ( 'NONE', #4035, #3024 ) ;
#3192 = ORIENTED_EDGE ( 'NONE', *, *, #2589, .T. ) ;
#3193 = CARTESIAN_POINT ( 'NONE',  ( 7.094027214448808421E-16, 50.00000000000000000, 30.00000000000000000 ) ) ;
#3194 = CARTESIAN_POINT ( 'NONE',  ( 11.82320031832374241, -35.40359365053785723, 0.3662146634186578820 ) ) ;
#3195 = CIRCLE ( 'NONE', #2541, 6.000000000000000888 ) ;
#3196 = VECTOR ( 'NONE', #2545, 1000.000000000000000 ) ;
#3197 = DIRECTION ( 'NONE',  ( 1.000000000000000000, -0.000000000000000000, -0.000000000000000000 ) ) ;
#3198 = CARTESIAN_POINT ( 'NONE',  ( -11.96033779840554523, 2.321758306822866214, 35.09562841498006236 ) ) ;
#3199 = DIRECTION ( 'NONE',  ( 0.000000000000000000, 1.000000000000000000, -0.000000000000000000 ) ) ;
#3200 = CIRCLE ( 'NONE', #4410, 2.000000000000000444 ) ;
#3201 = AXIS2_PLACEMENT_3D ( 'NONE', #2153, #3931, #3988 ) ;
#3202 = CYLINDRICAL_SURFACE ( 'NONE', #1776, 17.99999999999999289 ) ;
#3203 = DIRECTION ( 'NONE',  ( 0.000000000000000000, 1.000000000000000000, 0.000000000000000000 ) ) ;
#3204 = CIRCLE ( 'NONE', #4877, 16.29999999999999361 ) ;
#3205 = AXIS2_PLACEMENT_3D ( 'NONE', #2976, #355, #4702 ) ;
#3206 = ORIENTED_EDGE ( 'NONE', *, *, #2867, .F. ) ;
#3207 = DIRECTION ( 'NONE',  ( 0.000000000000000000, 0.000000000000000000, 1.000000000000000000 ) ) ;
#3208 = DIRECTION ( 'NONE',  ( 1.000000000000000000, -0.000000000000000000, -0.000000000000000000 ) ) ;
#3209 = AXIS2_PLACEMENT_3D ( 'NONE', #38, #2751, #4537 ) ;
#3210 = ORIENTED_EDGE ( 'NONE', *, *, #5287, .T. ) ;
#3211 = VECTOR ( 'NONE', #1657, 1000.000000000000000 ) ;
#3212 = ORIENTED_EDGE ( 'NONE', *, *, #4919, .F. ) ;
#3213 = APPROVAL_ROLE ( '' ) ;
#3214 = CARTESIAN_POINT ( 'NONE',  ( 0.6559938251742951643, 43.82135981572529460, 10.17076140862370437 ) ) ;
#3215 = ORIENTED_EDGE ( 'NONE', *, *, #2039, .T. ) ;
#3216 = CC_DESIGN_PERSON_AND_ORGANIZATION_ASSIGNMENT ( #289, #2074, ( #5556 ) ) ;
#3217 = ADVANCED_FACE ( 'NONE', ( #3599 ), #4513, .F. ) ;
#3218 = CARTESIAN_POINT ( 'NONE',  ( 13.99999999999999645, 31.97071371987383159, 1.368745499306165181 ) ) ;
#3219 = CARTESIAN_POINT ( 'NONE',  ( 12.34177747055855612, 23.92655324570442232, 25.78881755613257454 ) ) ;
#3220 = AXIS2_PLACEMENT_3D ( 'NONE', #5015, #2800, #4585 ) ;
#3221 = ORIENTED_EDGE ( 'NONE', *, *, #1320, .T. ) ;
#3222 = APPLICATION_PROTOCOL_DEFINITION ( 'international standard', 'config_control_design', 1994, #429 ) ;
#3223 = VERTEX_POINT ( 'NONE', #126 ) ;
#3224 = CARTESIAN_POINT ( 'NONE',  ( -2.999999999999999112, 9.317260981704132305, -6.740819519822034422 ) ) ;
#3226 = ADVANCED_FACE ( 'NONE', ( #2338 ), #4120, .T. ) ;
#3225 = VERTEX_POINT ( 'NONE', #3224 ) ;
#3227 = CARTESIAN_POINT ( 'NONE',  ( 15.98174859208560683, 17.36237085265844371, 4.000000000000000000 ) ) ;
#3228 = DIRECTION ( 'NONE',  ( 1.000000000000000000, 0.000000000000000000, 0.000000000000000000 ) ) ;
#3229 = CIRCLE ( 'NONE', #2007, 30.00000000000000000 ) ;
#3230 = DIRECTION ( 'NONE',  ( 0.000000000000000000, 0.000000000000000000, -1.000000000000000000 ) ) ;
#3231 = AXIS2_PLACEMENT_3D ( 'NONE', #2026, #768, #2489 ) ;
#3232 = FACE_OUTER_BOUND ( 'NONE', #589, .T. ) ;
#3233 = ADVANCED_FACE ( 'NONE', ( #5394 ), #1905, .F. ) ;
#3234 = FACE_OUTER_BOUND ( 'NONE', #2592, .T. ) ;
#3235 = DIRECTION ( 'NONE',  ( 1.000000000000000000, -0.000000000000000000, -0.000000000000000000 ) ) ;
#3236 = LOCAL_TIME ( 17, 36, 16.00000000000000000, #2740 ) ;
#3237 = CYLINDRICAL_SURFACE ( 'NONE', #668, 32.00000000000000000 ) ;
#3238 = EDGE_CURVE ( 'NONE', #3557, #2227, #5480, .T. ) ;
#3239 = DIRECTION ( 'NONE',  ( 0.000000000000000000, 1.000000000000000000, 0.000000000000000000 ) ) ;
#3240 = ORIENTED_EDGE ( 'NONE', *, *, #3444, .F. ) ;
#3241 = VERTEX_POINT ( 'NONE', #1483 ) ;
#3242 = DATE_AND_TIME ( #1449, #2485 ) ;
#3243 = CARTESIAN_POINT ( 'NONE',  ( -2.454646196293976880E-16, 42.74557033594031452, 14.06471530658119384 ) ) ;
#3244 = EDGE_LOOP ( 'NONE', ( #4138, #979, #822, #4235 ) ) ;
#3245 = CARTESIAN_POINT ( 'NONE',  ( -13.18436255310560234, 0.000000000000000000, 0.000000000000000000 ) ) ;
#3246 = CARTESIAN_POINT ( 'NONE',  ( 12.97948689172724102, 19.63354253547865724, 29.16797819886071608 ) ) ;
#3247 = ORIENTED_EDGE ( 'NONE', *, *, #893, .T. ) ;
#3248 = DIRECTION ( 'NONE',  ( -9.714451465470119729E-17, 0.1581940377797240449, 0.9874080445342480195 ) ) ;
#3249 = ORIENTED_EDGE ( 'NONE', *, *, #5672, .T. ) ;
#3250 = DIRECTION ( 'NONE',  ( -0.000000000000000000, -0.000000000000000000, 1.000000000000000000 ) ) ;
#3251 = ORIENTED_EDGE ( 'NONE', *, *, #5711, .T. ) ;
#3252 = FACE_OUTER_BOUND ( 'NONE', #3983, .T. ) ;
#3253 = CARTESIAN_POINT ( 'NONE',  ( 11.81216076345757848, -35.42888583372673139, -0.1852231314373514737 ) ) ;
#3254 = EDGE_CURVE ( 'NONE', #3915, #3445, #5433, .T. ) ;
#3255 = EDGE_CURVE ( 'NONE', #3978, #4761, #1427, .T. ) ;
#3256 = ORIENTED_EDGE ( 'NONE', *, *, #2688, .F. ) ;
#3257 = CARTESIAN_POINT ( 'NONE',  ( 0.000000000000000000, 0.000000000000000000, 0.000000000000000000 ) ) ;
#3258 = CARTESIAN_POINT ( 'NONE',  ( 7.094027214448808421E-16, 50.00000000000000000, 30.00000000000000000 ) ) ;
#3259 = DIRECTION ( 'NONE',  ( 0.000000000000000000, 0.000000000000000000, -1.000000000000000000 ) ) ;
#3260 = CARTESIAN_POINT ( 'NONE',  ( -2.999999999999999112, 1.170938346284344789E-13, 11.50000000000000000 ) ) ;
#3261 = EDGE_CURVE ( 'NONE', #746, #2704, #3398, .T. ) ;
#3262 = DIRECTION ( 'NONE',  ( 0.000000000000000000, 0.000000000000000000, -1.000000000000000000 ) ) ;
#3263 = DIRECTION ( 'NONE',  ( 0.000000000000000000, 0.000000000000000000, -1.000000000000000000 ) ) ;
#3264 = ORIENTED_EDGE ( 'NONE', *, *, #4464, .T. ) ;
#3265 = VECTOR ( 'NONE', #3959, 1000.000000000000000 ) ;
#3266 = ORIENTED_EDGE ( 'NONE', *, *, #1186, .T. ) ;
#3267 = CALENDAR_DATE ( 2026, 8, 7 ) ;
#3268 = CARTESIAN_POINT ( 'NONE',  ( 25.85528960709137891, 26.81754148567247142, 0.000000000000000000 ) ) ;
#3269 = AXIS2_PLACEMENT_3D ( 'NONE', #4044, #3990, #859 ) ;
#3270 = DIRECTION ( 'NONE',  ( 1.000000000000000000, 0.000000000000000000, 0.000000000000000000 ) ) ;
#3271 = DIRECTION ( 'NONE',  ( -0.000000000000000000, 1.000000000000000000, 0.000000000000000000 ) ) ;
#3272 = VERTEX_POINT ( 'NONE', #2863 ) ;
#3273 = DIRECTION ( 'NONE',  ( 1.000000000000000000, 0.000000000000000000, 0.000000000000000000 ) ) ;
#3274 = ORIENTED_EDGE ( 'NONE', *, *, #1860, .F. ) ;
#3275 = CARTESIAN_POINT ( 'NONE',  ( 11.93488257301923738, 16.66961349092467159, -30.94984096133286045 ) ) ;
#3276 = ORIENTED_EDGE ( 'NONE', *, *, #4281, .T. ) ;
#3277 = CARTESIAN_POINT ( 'NONE',  ( 1.418805442889761684E-15, 40.00000000000000000, 49.93528469341880793 ) ) ;
#3278 = DIRECTION ( 'NONE',  ( 0.000000000000000000, 0.000000000000000000, -1.000000000000000000 ) ) ;
#3279 = CIRCLE ( 'NONE', #1589, 2.000000000000001776 ) ;
#3280 = DIRECTION ( 'NONE',  ( -1.000000000000000000, -0.000000000000000000, -0.000000000000000000 ) ) ;
#3281 = FACE_BOUND ( 'NONE', #4494, .T. ) ;
#3282 = LINE ( 'NONE', #5519, #2520 ) ;
#3284 = DIRECTION ( 'NONE',  ( 0.000000000000000000, 0.000000000000000000, -1.000000000000000000 ) ) ;
#3283 = CC_DESIGN_DATE_AND_TIME_ASSIGNMENT ( #354, #5362, ( #348 ) ) ;
#3285 = EDGE_CURVE ( 'NONE', #4375, #2928, #4607, .T. ) ;
#3286 = CIRCLE ( 'NONE', #3939, 2.000000000000000000 ) ;
#3287 = AXIS2_PLACEMENT_3D ( 'NONE', #4237, #2454, #1132 ) ;
#3288 = CARTESIAN_POINT ( 'NONE',  ( 7.094027214448808421E-16, 0.000000000000000000, 0.000000000000000000 ) ) ;
#3289 = FACE_OUTER_BOUND ( 'NONE', #731, .T. ) ;
#3290 = VERTEX_POINT ( 'NONE', #641 ) ;
#3291 = EDGE_CURVE ( 'NONE', #1817, #4324, #177, .T. ) ;
#3292 = TOROIDAL_SURFACE ( 'NONE', #1414, 30.00000000000000000, 13.00000000000000000 ) ;
#3293 = CIRCLE ( 'NONE', #3492, 17.99999999999999645 ) ;
#3294 = VERTEX_POINT ( 'NONE', #2394 ) ;
#3295 = COORDINATED_UNIVERSAL_TIME_OFFSET ( 5, 30, .AHEAD. ) ;
#3296 = AXIS2_PLACEMENT_3D ( 'NONE', #1789, #2229, #448 ) ;
#3297 = PLANE ( 'NONE',  #5601 ) ;
#3298 = EDGE_CURVE ( 'NONE', #4413, #1857, #3336, .T. ) ;
#3299 = CARTESIAN_POINT ( 'NONE',  ( 1.017339361200220615, 41.69827840633145399, 10.33786244326120318 ) ) ;
#3300 = CARTESIAN_POINT ( 'NONE',  ( 25.85528960709137891, -26.23182295088395222, 0.000000000000000000 ) ) ;
#3301 = AXIS2_PLACEMENT_3D ( 'NONE', #521, #2139, #2302 ) ;
#3302 = ORIENTED_EDGE ( 'NONE', *, *, #2006, .F. ) ;
#3303 = CARTESIAN_POINT ( 'NONE',  ( -31.19791284950679255, 2.829079854902827318, -6.165529537887098677 ) ) ;
#3304 = CARTESIAN_POINT ( 'NONE',  ( -12.00000000000000000, 0.000000000000000000, 0.9999999999999731326 ) ) ;
#3305 = ORIENTED_EDGE ( 'NONE', *, *, #469, .F. ) ;
#3306 = CARTESIAN_POINT ( 'NONE',  ( 13.00000000000002487, 0.000000000000000000, 0.000000000000000000 ) ) ;
#3307 = ORIENTED_EDGE ( 'NONE', *, *, #3545, .F. ) ;
#3308 = DIRECTION ( 'NONE',  ( 0.000000000000000000, 1.000000000000000000, 0.000000000000000000 ) ) ;
#3309 = LINE ( 'NONE', #1909, #3093 ) ;
#3310 = ORIENTED_EDGE ( 'NONE', *, *, #4788, .F. ) ;
#3311 = CARTESIAN_POINT ( 'NONE',  ( -26.44100814187985549, 26.81754148567247142, -5.000000000000000000 ) ) ;
#3312 = ORIENTED_EDGE ( 'NONE', *, *, #183, .F. ) ;
#3313 = CARTESIAN_POINT ( 'NONE',  ( -15.00000000000000000, -21.21320343559653665, -21.21320343559631283 ) ) ;
#3314 = AXIS2_PLACEMENT_3D ( 'NONE', #4378, #3447, #5654 ) ;
#3315 = DIRECTION ( 'NONE',  ( -1.000000000000000000, -0.000000000000000000, -0.000000000000000000 ) ) ;
#3316 = CARTESIAN_POINT ( 'NONE',  ( 10.99999999999999645, 18.46854177014039422, 29.91122923507481701 ) ) ;
#3317 = CIRCLE ( 'NONE', #3783, 5.000000000000000888 ) ;
#3318 = EDGE_CURVE ( 'NONE', #2718, #4750, #4225, .T. ) ;
#3319 = CARTESIAN_POINT ( 'NONE',  ( -2.999999999999998224, -14.28810658347096840, -8.782733359702522336 ) ) ;
#3320 = CARTESIAN_POINT ( 'NONE',  ( -2.999999999999998224, 14.28810658347096840, -9.217266640297472335 ) ) ;
#3321 = CARTESIAN_POINT ( 'NONE',  ( -26.44100814187985549, -26.23182295088395222, 0.000000000000000000 ) ) ;
#3322 = VERTEX_POINT ( 'NONE', #3737 ) ;
#3323 = APPROVAL_PERSON_ORGANIZATION ( #3946, #2674, #4870 ) ;
#3324 = EDGE_CURVE ( 'NONE', #1547, #4735, #3860, .T. ) ;
#3325 = EDGE_CURVE ( 'NONE', #5595, #37, #594, .T. ) ;
#3326 = LOCAL_TIME ( 17, 36, 16.00000000000000000, #5443 ) ;
#3327 = ORIENTED_EDGE ( 'NONE', *, *, #3566, .T. ) ;
#3328 = DIRECTION ( 'NONE',  ( 0.000000000000000000, 0.000000000000000000, -1.000000000000000000 ) ) ;
#3329 = CARTESIAN_POINT ( 'NONE',  ( 1.334144680546125228, 41.61049030075177058, 10.56910879471380049 ) ) ;
#3330 = CYLINDRICAL_SURFACE ( 'NONE', #2356, 16.29999999999999361 ) ;
#3331 = EDGE_CURVE ( 'NONE', #3070, #1885, #5073, .T. ) ;
#3332 = ORIENTED_EDGE ( 'NONE', *, *, #2011, .T. ) ;
#3333 = APPROVAL_STATUS ( 'not_yet_approved' ) ;
#3334 = DIRECTION ( 'NONE',  ( 1.000000000000000000, 0.000000000000000000, 0.000000000000000000 ) ) ;
#3335 = VERTEX_POINT ( 'NONE', #4177 ) ;
#3336 = LINE ( 'NONE', #5630, #1900 ) ;
#3337 = ORIENTED_EDGE ( 'NONE', *, *, #3255, .T. ) ;
#3338 = CARTESIAN_POINT ( 'NONE',  ( 10.13473290511730873, 31.29947789443766126, 21.84088616315130693 ) ) ;
#3339 = CARTESIAN_POINT ( 'NONE',  ( -15.00000000000000000, 11.50000000000000000, -1.569924745759010420E-13 ) ) ;
#3340 = ADVANCED_FACE ( 'NONE', ( #3829 ), #5539, .T. ) ;
#3341 = CARTESIAN_POINT ( 'NONE',  ( -1.896429618543493012, 43.40348760418238072, 11.41672315825425876 ) ) ;
#3342 = ORIENTED_EDGE ( 'NONE', *, *, #4580, .F. ) ;
#3343 = DIRECTION ( 'NONE',  ( -1.000000000000000000, -0.000000000000000000, -0.000000000000000000 ) ) ;
#3344 = CARTESIAN_POINT ( 'NONE',  ( 1.812126046387839917, 42.28068882610943291, 15.10288977000387511 ) ) ;
#3345 = CARTESIAN_POINT ( 'NONE',  ( -15.00000000000000000, 1.170938346284344789E-13, 11.50000000000000000 ) ) ;
#3346 = FACE_OUTER_BOUND ( 'NONE', #2284, .T. ) ;
#3347 = FACE_BOUND ( 'NONE', #4151, .T. ) ;
#3348 = DIRECTION ( 'NONE',  ( -1.000000000000000000, -0.000000000000000000, -0.000000000000000000 ) ) ;
#3349 = ORIENTED_EDGE ( 'NONE', *, *, #1295, .F. ) ;
#3350 = VERTEX_POINT ( 'NONE', #204 ) ;
#3351 = CARTESIAN_POINT ( 'NONE',  ( 15.98174859208560683, -17.36237085265844371, 4.000000000000000000 ) ) ;
#3352 = CARTESIAN_POINT ( 'NONE',  ( -0.6582036085090471333, 40.65456156154360201, 13.95799902754041355 ) ) ;
#3353 = DIRECTION ( 'NONE',  ( -1.000000000000000000, -0.000000000000000000, -0.000000000000000000 ) ) ;
#3354 = EDGE_CURVE ( 'NONE', #1179, #1694, #2455, .T. ) ;
#3355 = EDGE_CURVE ( 'NONE', #5191, #4200, #4201, .T. ) ;
#3356 = VECTOR ( 'NONE', #1023, 1000.000000000000000 ) ;
#3357 = ORIENTED_EDGE ( 'NONE', *, *, #920, .T. ) ;
#3358 = APPROVAL_STATUS ( 'not_yet_approved' ) ;
#3359 = CARTESIAN_POINT ( 'NONE',  ( -28.44100814187985904, 26.81754148567247142, -5.000000000000000000 ) ) ;
#3360 = ORIENTED_EDGE ( 'NONE', *, *, #43, .T. ) ;
#3361 = CARTESIAN_POINT ( 'NONE',  ( -15.00000000000000000, 9.317260981704132305, -6.740819519822033534 ) ) ;
#3362 = EDGE_LOOP ( 'NONE', ( #3452, #5116 ) ) ;
#3363 = CARTESIAN_POINT ( 'NONE',  ( -14.22471254735893176, 13.12110333017997732, 34.76656442282832415 ) ) ;
#3364 = CARTESIAN_POINT ( 'NONE',  ( 13.99999999999999645, 16.71448917956966085, -28.95034448157385754 ) ) ;
#3365 = EDGE_CURVE ( 'NONE', #1089, #3493, #672, .T. ) ;
#3366 = DIRECTION ( 'NONE',  ( 1.000000000000000000, 0.000000000000000000, 0.000000000000000000 ) ) ;
#3367 = VERTEX_POINT ( 'NONE', #2451 ) ;
#3368 = CARTESIAN_POINT ( 'NONE',  ( -15.00000000000000000, -16.31354737148740242, 3.892886739489654246 ) ) ;
#3369 = CARTESIAN_POINT ( 'NONE',  ( -15.00000000000000000, -21.21320343559653665, -21.21320343559631283 ) ) ;
#3370 = CARTESIAN_POINT ( 'NONE',  ( 15.53241216860677731, 50.00000000000000000, 21.03235765329041485 ) ) ;
#3371 = CIRCLE ( 'NONE', #5321, 30.00000000000000000 ) ;
#3372 = ADVANCED_BREP_SHAPE_REPRESENTATION ( '', ( #5691, #2942 ), #2297 ) ;
#3373 = DIRECTION ( 'NONE',  ( 1.000000000000000000, 0.000000000000000000, 0.000000000000000000 ) ) ;
#3374 = DIRECTION ( 'NONE',  ( 0.000000000000000000, -1.224646799147353207E-16, 1.000000000000000000 ) ) ;
#3375 = CARTESIAN_POINT ( 'NONE',  ( -19.99999999999998934, 0.000000000000000000, 0.000000000000000000 ) ) ;
#3376 = VECTOR ( 'NONE', #4264, 1000.000000000000000 ) ;
#3377 = AXIS2_PLACEMENT_3D ( 'NONE', #4509, #5372, #882 ) ;
#3378 = DIRECTION ( 'NONE',  ( 0.000000000000000000, 0.000000000000000000, -1.000000000000000000 ) ) ;
#3379 = EDGE_LOOP ( 'NONE', ( #5574, #2515, #262, #5389, #4090 ) ) ;
#3380 = CIRCLE ( 'NONE', #944, 16.29999999999999716 ) ;
#3381 = VERTEX_POINT ( 'NONE', #4234 ) ;
#3382 = DIRECTION ( 'NONE',  ( -1.000000000000000000, -0.000000000000000000, -0.000000000000000000 ) ) ;
#3383 = AXIS2_PLACEMENT_3D ( 'NONE', #278, #4746, #2875 ) ;
#3384 = AXIS2_PLACEMENT_3D ( 'NONE', #4372, #4856, #5730 ) ;
#3385 = CARTESIAN_POINT ( 'NONE',  ( 1.811155423574037471, 40.87951467623773283, 12.92289112626623293 ) ) ;
#3386 = CARTESIAN_POINT ( 'NONE',  ( -15.00000000000000000, -8.782733359702373122, 14.28810658347105900 ) ) ;
#3387 = VECTOR ( 'NONE', #412, 1000.000000000000000 ) ;
#3388 = ORIENTED_EDGE ( 'NONE', *, *, #460, .T. ) ;
#3389 = DATE_AND_TIME ( #199, #3886 ) ;
#3390 = CC_DESIGN_DATE_AND_TIME_ASSIGNMENT ( #4955, #86, ( #2301 ) ) ;
#3391 = DIRECTION ( 'NONE',  ( 0.000000000000000000, 0.000000000000000000, -1.000000000000000000 ) ) ;
#3392 = EDGE_CURVE ( 'NONE', #293, #3611, #237, .T. ) ;
#3393 = VERTEX_POINT ( 'NONE', #3361 ) ;
#3394 = FACE_OUTER_BOUND ( 'NONE', #3686, .T. ) ;
#3395 = ORIENTED_EDGE ( 'NONE', *, *, #4847, .T. ) ;
#3396 = CARTESIAN_POINT ( 'NONE',  ( -13.81169090733786753, 28.24284711524074609, 24.14211532006777361 ) ) ;
#3397 = LINE ( 'NONE', #675, #1703 ) ;
#3398 = CIRCLE ( 'NONE', #501, 17.99999999999999645 ) ;
#3399 = ORIENTED_EDGE ( 'NONE', *, *, #2980, .T. ) ;
#3400 = DIRECTION ( 'NONE',  ( 0.000000000000000000, 0.000000000000000000, -1.000000000000000000 ) ) ;
#3401 = VECTOR ( 'NONE', #720, 1000.000000000000000 ) ;
#3402 = ADVANCED_FACE ( 'NONE', ( #5126 ), #1129, .F. ) ;
#3403 = EDGE_LOOP ( 'NONE', ( #3459, #3399, #2506, #2100 ) ) ;
#3404 = DIRECTION ( 'NONE',  ( 1.000000000000000000, 0.000000000000000000, 0.000000000000000000 ) ) ;
#3405 = CARTESIAN_POINT ( 'NONE',  ( 7.881818552081301554, 39.14241103876639016, 17.23297216289061495 ) ) ;
#3406 = CARTESIAN_POINT ( 'NONE',  ( -1.839160016430317457, 39.31042018941996474, 17.12247034880192942 ) ) ;
#3407 = CARTESIAN_POINT ( 'NONE',  ( 11.89687472701893789, 35.23071763518974109, 0.8862877462358905722 ) ) ;
#3408 = ADVANCED_FACE ( 'NONE', ( #3394 ), #4734, .T. ) ;
#3409 = DIRECTION ( 'NONE',  ( 0.000000000000000000, 0.000000000000000000, 1.000000000000000000 ) ) ;
#3410 = AXIS2_PLACEMENT_3D ( 'NONE', #3875, #2963, #1203 ) ;
#3411 = FACE_OUTER_BOUND ( 'NONE', #1433, .T. ) ;
#3412 = CARTESIAN_POINT ( 'NONE',  ( -15.00000000000000000, 11.35477761546865061, 1.821819229026875320 ) ) ;
#3413 = ORIENTED_EDGE ( 'NONE', *, *, #3438, .T. ) ;
#3414 = AXIS2_PLACEMENT_3D ( 'NONE', #2868, #1080, #3230 ) ;
#3415 = EDGE_CURVE ( 'NONE', #964, #3678, #2186, .T. ) ;
#3416 = VERTEX_POINT ( 'NONE', #4293 ) ;
#3417 = CARTESIAN_POINT ( 'NONE',  ( -12.73677167095131324, 30.87276380790747154, 22.06213678936281042 ) ) ;
#3418 = CIRCLE ( 'NONE', #3231, 30.00000000000000000 ) ;
#3419 = CARTESIAN_POINT ( 'NONE',  ( 0.6583144948975760968, 40.65456350053849377, 13.95798618806691316 ) ) ;
#3420 = DIRECTION ( 'NONE',  ( 0.000000000000000000, 1.000000000000000000, -3.469446951953614978E-15 ) ) ;
#3421 = CC_DESIGN_SECURITY_CLASSIFICATION ( #3603, ( #2478 ) ) ;
#3422 = ORIENTED_EDGE ( 'NONE', *, *, #861, .F. ) ;
#3423 = APPROVAL_STATUS ( 'not_yet_approved' ) ;
#3424 = CYLINDRICAL_SURFACE ( 'NONE', #3652, 3.000000000000000444 ) ;
#3425 = ORIENTED_EDGE ( 'NONE', *, *, #4288, .T. ) ;
#3426 = DIRECTION ( 'NONE',  ( 0.000000000000000000, 0.000000000000000000, 1.000000000000000000 ) ) ;
#3427 = EDGE_LOOP ( 'NONE', ( #3625, #1637, #2500, #4647, #5092, #2802 ) ) ;
#3428 = CARTESIAN_POINT ( 'NONE',  ( -13.39760048874775400, 5.656066965901802135, 36.74818143827801009 ) ) ;
#3429 = CARTESIAN_POINT ( 'NONE',  ( 15.53241216860696561, 40.00000000000000000, 36.96764234670925475 ) ) ;
#3430 = VERTEX_POINT ( 'NONE', #4522 ) ;
#3431 = CARTESIAN_POINT ( 'NONE',  ( -1.798507289959193178, 43.47746694460306571, 11.18057128531202515 ) ) ;
#3432 = EDGE_LOOP ( 'NONE', ( #3302, #1448 ) ) ;
#3433 = PLANE ( 'NONE',  #683 ) ;
#3434 = FACE_OUTER_BOUND ( 'NONE', #117, .T. ) ;
#3435 = CARTESIAN_POINT ( 'NONE',  ( 10.99999999999999645, 14.79998848622210339, 28.37182300818354719 ) ) ;
#3436 = PRODUCT_DEFINITION_SHAPE ( 'NONE', 'NONE',  #4573 ) ;
#3437 = EDGE_CURVE ( 'NONE', #531, #4820, #3487, .T. ) ;
#3438 = EDGE_CURVE ( 'NONE', #54, #1514, #2646, .T. ) ;
#3439 = FACE_OUTER_BOUND ( 'NONE', #721, .T. ) ;
#3440 = CARTESIAN_POINT ( 'NONE',  ( 15.53241216860696561, 40.00000000000000000, 38.96764234670925475 ) ) ;
#3441 = CARTESIAN_POINT ( 'NONE',  ( 15.99999999999999645, 0.000000000000000000, 0.000000000000000000 ) ) ;
#3442 = DIRECTION ( 'NONE',  ( 0.000000000000000000, 1.000000000000000000, -0.000000000000000000 ) ) ;
#3443 = ORIENTED_EDGE ( 'NONE', *, *, #3254, .F. ) ;
#3444 = EDGE_CURVE ( 'NONE', #2078, #4549, #3866, .T. ) ;
#3445 = VERTEX_POINT ( 'NONE', #948 ) ;
#3446 = DIRECTION ( 'NONE',  ( 0.000000000000000000, 0.000000000000000000, 1.000000000000000000 ) ) ;
#3447 = DIRECTION ( 'NONE',  ( 0.000000000000000000, 0.000000000000000000, -1.000000000000000000 ) ) ;
#3448 = CARTESIAN_POINT ( 'NONE',  ( 11.92546950110327408, -16.71448917956882951, -30.95034448157433715 ) ) ;
#3449 = VERTEX_POINT ( 'NONE', #2735 ) ;
#3450 = APPROVAL_DATE_TIME ( #1666, #1644 ) ;
#3451 = CARTESIAN_POINT ( 'NONE',  ( -15.00000000000000000, 0.000000000000000000, -0.000000000000000000 ) ) ;
#3452 = ORIENTED_EDGE ( 'NONE', *, *, #5611, .T. ) ;
#3453 = DIRECTION ( 'NONE',  ( -1.000000000000000000, -0.000000000000000000, -0.000000000000000000 ) ) ;
#3454 = ORIENTED_EDGE ( 'NONE', *, *, #2093, .F. ) ;
#3455 = CARTESIAN_POINT ( 'NONE',  ( 2.285464530046095621, 39.19988286107537334, 17.19490943418034945 ) ) ;
#3456 = CARTESIAN_POINT ( 'NONE',  ( 15.99999999999999645, 4.549991671971520484E-15, -37.15350152500624858 ) ) ;
#3457 = AXIS2_PLACEMENT_3D ( 'NONE', #2062, #3846, #2526 ) ;
#3458 = AXIS2_PLACEMENT_3D ( 'NONE', #3601, #5726, #3927 ) ;
#3459 = ORIENTED_EDGE ( 'NONE', *, *, #831, .T. ) ;
#3460 = AXIS2_PLACEMENT_3D ( 'NONE', #3979, #5745, #1305 ) ;
#3461 = DIRECTION ( 'NONE',  ( 1.000000000000000000, 0.000000000000000000, 0.000000000000000000 ) ) ;
#3462 = VERTEX_POINT ( 'NONE', #5357 ) ;
#3463 = FACE_OUTER_BOUND ( 'NONE', #3029, .T. ) ;
#3464 = DIRECTION ( 'NONE',  ( 0.000000000000000000, 0.000000000000000000, 1.000000000000000000 ) ) ;
#3465 = CARTESIAN_POINT ( 'NONE',  ( -0.9207346302806209692, 39.45978316994554547, 17.02442574588224389 ) ) ;
#3466 = CARTESIAN_POINT ( 'NONE',  ( -7.999999999999972466, 0.000000000000000000, 0.000000000000000000 ) ) ;
#3467 = CYLINDRICAL_SURFACE ( 'NONE', #863, 2.000000000000001776 ) ;
#3468 = APPROVAL ( #2596, 'UNSPECIFIED' ) ;
#3469 = CYLINDRICAL_SURFACE ( 'NONE', #950, 2.000000000000000444 ) ;
#3470 = ADVANCED_FACE ( 'NONE', ( #3174 ), #1361, .F. ) ;
#3471 = DIRECTION ( 'NONE',  ( 0.000000000000000000, 0.000000000000000000, 1.000000000000000000 ) ) ;
#3472 = ORIENTED_EDGE ( 'NONE', *, *, #3787, .F. ) ;
#3473 = CIRCLE ( 'NONE', #766, 2.000000000000000000 ) ;
#3474 = VERTEX_POINT ( 'NONE', #793 ) ;
#3475 = CARTESIAN_POINT ( 'NONE',  ( -15.00000000000000000, -14.28810658347096840, -8.782733359702522336 ) ) ;
#3476 = EDGE_CURVE ( 'NONE', #3031, #1673, #759, .T. ) ;
#3477 = FACE_BOUND ( 'NONE', #1729, .T. ) ;
#3478 = CARTESIAN_POINT ( 'NONE',  ( 8.785778021827187700, -17.36237085265844371, 4.000000000000000000 ) ) ;
#3479 = CIRCLE ( 'NONE', #5609, 17.99999999999999645 ) ;
#3480 = AXIS2_PLACEMENT_3D ( 'NONE', #2493, #4275, #275 ) ;
#3481 = VERTEX_POINT ( 'NONE', #5383 ) ;
#3482 = COORDINATED_UNIVERSAL_TIME_OFFSET ( 5, 30, .AHEAD. ) ;
#3483 = DIRECTION ( 'NONE',  ( 0.000000000000000000, 0.000000000000000000, 1.000000000000000000 ) ) ;
#3484 = VECTOR ( 'NONE', #468, 1000.000000000000000 ) ;
#3485 = EDGE_CURVE ( 'NONE', #335, #3481, #317, .T. ) ;
#3486 = ORIENTED_EDGE ( 'NONE', *, *, #3325, .T. ) ;
#3487 = LINE ( 'NONE', #5192, #5153 ) ;
#3488 = DIRECTION ( 'NONE',  ( 1.000000000000000000, 0.000000000000000000, 0.000000000000000000 ) ) ;
#3489 = CARTESIAN_POINT ( 'NONE',  ( 11.81309731930346807, -17.89030784318589440, 30.57828571013868668 ) ) ;
#3490 = VERTEX_POINT ( 'NONE', #4078 ) ;
#3491 = AXIS2_PLACEMENT_3D ( 'NONE', #2294, #101, #4072 ) ;
#3492 = AXIS2_PLACEMENT_3D ( 'NONE', #370, #4342, #1742 ) ;
#3493 = VERTEX_POINT ( 'NONE', #895 ) ;
#3494 = ORIENTED_EDGE ( 'NONE', *, *, #1249, .F. ) ;
#3495 = DIRECTION ( 'NONE',  ( 1.000000000000000000, 0.000000000000000000, 0.000000000000000000 ) ) ;
#3496 = AXIS2_PLACEMENT_3D ( 'NONE', #4152, #5454, #1459 ) ;
#3497 = CARTESIAN_POINT ( 'NONE',  ( 13.99999999999999645, 35.13815526106478160, 1.038611726258556800 ) ) ;
#3498 = CARTESIAN_POINT ( 'NONE',  ( 5.999999999999996447, 16.71448917956903557, 28.95034448157421991 ) ) ;
#3499 = CIRCLE ( 'NONE', #223, 2.000000000000001776 ) ;
#3500 = FACE_BOUND ( 'NONE', #5025, .T. ) ;
#3501 = DIRECTION ( 'NONE',  ( -1.000000000000000000, 0.000000000000000000, 0.000000000000000000 ) ) ;
#3502 = CARTESIAN_POINT ( 'NONE',  ( -15.00000000000000000, -30.00000000000000000, -1.734723475976807094E-15 ) ) ;
#3503 = DIRECTION ( 'NONE',  ( 0.000000000000000000, 0.7071067811865487940, 0.7071067811865462405 ) ) ;
#3504 = ORIENTED_EDGE ( 'NONE', *, *, #2418, .T. ) ;
#3505 = ADVANCED_FACE ( 'NONE', ( #82 ), #3011, .T. ) ;
#3506 = AXIS2_PLACEMENT_3D ( 'NONE', #1477, #3270, #5365 ) ;
#3507 = EDGE_LOOP ( 'NONE', ( #2459, #333, #2877, #919 ) ) ;
#3508 = CARTESIAN_POINT ( 'NONE',  ( -15.00000000000000000, 16.31354737148743084, -3.892886739489540560 ) ) ;
#3509 = CIRCLE ( 'NONE', #978, 2.000000000000000444 ) ;
#3510 = EDGE_CURVE ( 'NONE', #482, #4864, #1809, .T. ) ;
#3511 = EDGE_CURVE ( 'NONE', #767, #3367, #784, .T. ) ;
#3512 = ORIENTED_EDGE ( 'NONE', *, *, #2150, .F. ) ;
#3513 = SHAPE_DEFINITION_REPRESENTATION ( #3436, #4315 ) ;
#3514 = DIRECTION ( 'NONE',  ( 1.000000000000000000, 0.000000000000000000, 0.000000000000000000 ) ) ;
#3515 = ORIENTED_EDGE ( 'NONE', *, *, #225, .T. ) ;
#3516 = PLANE ( 'NONE',  #3460 ) ;
#3517 = FACE_OUTER_BOUND ( 'NONE', #1856, .T. ) ;
#3518 = APPROVAL_PERSON_ORGANIZATION ( #143, #1205, #59 ) ;
#3519 = EDGE_CURVE ( 'NONE', #299, #4980, #3149, .T. ) ;
#3520 = ORIENTED_EDGE ( 'NONE', *, *, #2389, .F. ) ;
#3521 = ORIENTED_EDGE ( 'NONE', *, *, #604, .T. ) ;
#3522 = DIRECTION ( 'NONE',  ( 0.8660254037844397068, 0.000000000000000000, 0.4999999999999983902 ) ) ;
#3523 = DIRECTION ( 'NONE',  ( 0.000000000000000000, 0.7071067811865487940, 0.7071067811865462405 ) ) ;
#3524 = CYLINDRICAL_SURFACE ( 'NONE', #3562, 2.000000000000001776 ) ;
#3525 = APPROVAL_PERSON_ORGANIZATION ( #606, #5278, #4611 ) ;
#3526 = CARTESIAN_POINT ( 'NONE',  ( -15.00000000000000000, -23.66148492442907170, 18.44272569798226868 ) ) ;
#3527 = DIRECTION ( 'NONE',  ( 0.000000000000000000, 0.000000000000000000, 1.000000000000000000 ) ) ;
#3528 = DIRECTION ( 'NONE',  ( -1.000000000000000000, -0.000000000000000000, -0.000000000000000000 ) ) ;
#3529 = CARTESIAN_POINT ( 'NONE',  ( -16.31644489767901263, 17.52971900545513861, 4.000000000000000000 ) ) ;
#3530 = DIRECTION ( 'NONE',  ( 0.000000000000000000, 1.000000000000000000, -3.491481338843132961E-15 ) ) ;
#3531 = ORIENTED_EDGE ( 'NONE', *, *, #2764, .F. ) ;
#3532 = DIRECTION ( 'NONE',  ( 0.000000000000000000, 0.000000000000000000, -1.000000000000000000 ) ) ;
#3533 = VERTEX_POINT ( 'NONE', #5222 ) ;
#3534 = DATE_AND_TIME ( #3123, #4631 ) ;
#3535 = DIRECTION ( 'NONE',  ( 0.000000000000000000, 0.7071067811865487940, 0.7071067811865462405 ) ) ;
#3536 = VERTEX_POINT ( 'NONE', #2239 ) ;
#3537 = CC_DESIGN_PERSON_AND_ORGANIZATION_ASSIGNMENT ( #1811, #3590, ( #3603 ) ) ;
#3538 = ADVANCED_FACE ( 'NONE', ( #1221 ), #3891, .T. ) ;
#3539 = CARTESIAN_POINT ( 'NONE',  ( 1.663734802719232178E-15, 50.00000000000000000, 45.93528469341880083 ) ) ;
#3540 = FACE_OUTER_BOUND ( 'NONE', #3190, .T. ) ;
#3541 = ORIENTED_EDGE ( 'NONE', *, *, #1329, .F. ) ;
#3542 = DIRECTION ( 'NONE',  ( 1.000000000000000000, -0.000000000000000000, 0.000000000000000000 ) ) ;
#3543 = ORIENTED_EDGE ( 'NONE', *, *, #3519, .F. ) ;
#3544 = FACE_OUTER_BOUND ( 'NONE', #1984, .T. ) ;
#3545 = EDGE_CURVE ( 'NONE', #3393, #3225, #5689, .T. ) ;
#3546 = CARTESIAN_POINT ( 'NONE',  ( 0.000000000000000000, 0.000000000000000000, 4.000000000000000000 ) ) ;
#3547 = CARTESIAN_POINT ( 'NONE',  ( -2.999999999999997335, 6.123233995736768255E-16, -5.000000000000001776 ) ) ;
#3548 = LINE ( 'NONE', #2637, #4812 ) ;
#3549 = DIRECTION ( 'NONE',  ( 1.000000000000000000, -0.000000000000000000, -0.000000000000000000 ) ) ;
#3550 = CIRCLE ( 'NONE', #5117, 2.000000000000000000 ) ;
#3551 = DIRECTION ( 'NONE',  ( 1.000000000000000000, 0.000000000000000000, 0.000000000000000000 ) ) ;
#3552 = ADVANCED_FACE ( 'NONE', ( #1698 ), #3613, .F. ) ;
#3553 = DIRECTION ( 'NONE',  ( 0.000000000000000000, 0.000000000000000000, -1.000000000000000000 ) ) ;
#3554 = EDGE_LOOP ( 'NONE', ( #5497, #5384, #4336, #1013 ) ) ;
#3555 = EDGE_LOOP ( 'NONE', ( #2050, #789, #3584, #4920 ) ) ;
#3556 = DIRECTION ( 'NONE',  ( 0.000000000000000000, 0.000000000000000000, -1.000000000000000000 ) ) ;
#3557 = VERTEX_POINT ( 'NONE', #2678 ) ;
#3558 = EDGE_LOOP ( 'NONE', ( #5102, #3736 ) ) ;
#3559 = PERSON_AND_ORGANIZATION ( #1916, #341 ) ;
#3560 = DIRECTION ( 'NONE',  ( 0.000000000000000000, -0.000000000000000000, -1.000000000000000000 ) ) ;
#3561 = ORIENTED_EDGE ( 'NONE', *, *, #2852, .T. ) ;
#3562 = AXIS2_PLACEMENT_3D ( 'NONE', #1317, #4066, #5753 ) ;
#3563 = CYLINDRICAL_SURFACE ( 'NONE', #1577, 11.50000000000000000 ) ;
#3564 = DIRECTION ( 'NONE',  ( 0.000000000000000000, -0.000000000000000000, -1.000000000000000000 ) ) ;
#3565 = AXIS2_PLACEMENT_3D ( 'NONE', #2792, #3700, #2325 ) ;
#3566 = EDGE_CURVE ( 'NONE', #2631, #531, #2648, .T. ) ;
#3567 = AXIS2_PLACEMENT_3D ( 'NONE', #3952, #1342, #1732 ) ;
#3568 = ORIENTED_EDGE ( 'NONE', *, *, #3061, .T. ) ;
#3569 = ORIENTED_EDGE ( 'NONE', *, *, #3238, .F. ) ;
#3570 = DIRECTION ( 'NONE',  ( 0.000000000000000000, 0.000000000000000000, -1.000000000000000000 ) ) ;
#3571 = CARTESIAN_POINT ( 'NONE',  ( 11.93328674064191652, -16.67709546022463485, 30.95000888287131957 ) ) ;
#3572 = DIRECTION ( 'NONE',  ( 0.000000000000000000, 0.000000000000000000, -1.000000000000000000 ) ) ;
#3573 = AXIS2_PLACEMENT_3D ( 'NONE', #190, #3755, #2468 ) ;
#3574 = AXIS2_PLACEMENT_3D ( 'NONE', #4259, #2944, #1593 ) ;
#3575 = EDGE_CURVE ( 'NONE', #4081, #5423, #489, .T. ) ;
#3576 = DIRECTION ( 'NONE',  ( 1.000000000000000000, 0.000000000000000000, 0.000000000000000000 ) ) ;
#3577 = AXIS2_PLACEMENT_3D ( 'NONE', #4681, #1553, #5108 ) ;
#3578 = PLANE ( 'NONE',  #5333 ) ;
#3579 = CYLINDRICAL_SURFACE ( 'NONE', #5513, 30.00000000000000000 ) ;
#3580 = FACE_OUTER_BOUND ( 'NONE', #1327, .T. ) ;
#3581 = VERTEX_POINT ( 'NONE', #2353 ) ;
#3582 = AXIS2_PLACEMENT_3D ( 'NONE', #1931, #506, #2805 ) ;
#3583 = ADVANCED_FACE ( 'NONE', ( #547, #658 ), #164, .T. ) ;
#3584 = ORIENTED_EDGE ( 'NONE', *, *, #1257, .F. ) ;
#3585 = AXIS2_PLACEMENT_3D ( 'NONE', #2848, #1472, #1887 ) ;
#3586 = DIRECTION ( 'NONE',  ( 0.000000000000000000, 1.000000000000000000, 0.000000000000000000 ) ) ;
#3587 = CARTESIAN_POINT ( 'NONE',  ( -15.00000000000000000, 9.317260981704132305, -6.740819519822033534 ) ) ;
#3588 = EDGE_LOOP ( 'NONE', ( #5677, #891, #4399, #3521 ) ) ;
#3589 = EDGE_LOOP ( 'NONE', ( #5442, #4473 ) ) ;
#3590 = PERSON_AND_ORGANIZATION_ROLE ( 'classification_officer' ) ;
#3591 = DIRECTION ( 'NONE',  ( -1.000000000000000000, 0.000000000000000000, 0.000000000000000000 ) ) ;
#3592 = ORIENTED_EDGE ( 'NONE', *, *, #3415, .F. ) ;
#3593 = CIRCLE ( 'NONE', #3506, 35.15350152500624148 ) ;
#3594 = DIRECTION ( 'NONE',  ( 0.000000000000000000, 0.000000000000000000, 1.000000000000000000 ) ) ;
#3595 = DIRECTION ( 'NONE',  ( -1.000000000000000000, -0.000000000000000000, -0.000000000000000000 ) ) ;
#3596 = CIRCLE ( 'NONE', #232, 37.15350152500624858 ) ;
#3597 = ORIENTED_EDGE ( 'NONE', *, *, #1436, .F. ) ;
#3598 = VERTEX_POINT ( 'NONE', #1530 ) ;
#3599 = FACE_OUTER_BOUND ( 'NONE', #637, .T. ) ;
#3600 = LOCAL_TIME ( 17, 36, 16.00000000000000000, #5504 ) ;
#3601 = CARTESIAN_POINT ( 'NONE',  ( 5.999999999999996447, -33.42897835913842641, -1.297247899378906055E-13 ) ) ;
#3602 = DIRECTION ( 'NONE',  ( -1.000000000000000000, 0.000000000000000000, 0.000000000000000000 ) ) ;
#3603 = SECURITY_CLASSIFICATION ( '', '', #27 ) ;
#3604 = CARTESIAN_POINT ( 'NONE',  ( 15.99999999999999645, -16.71448917956946190, 28.95034448157397833 ) ) ;
#3605 = DIRECTION ( 'NONE',  ( -0.000000000000000000, -1.000000000000000000, -0.000000000000000000 ) ) ;
#3606 = CYLINDRICAL_SURFACE ( 'NONE', #2732, 11.50000000000000000 ) ;
#3607 = CARTESIAN_POINT ( 'NONE',  ( 15.99999999999999645, 0.000000000000000000, 0.000000000000000000 ) ) ;
#3609 = EDGE_CURVE ( 'NONE', #896, #2796, #2793, .T. ) ;
#3608 = DIRECTION ( 'NONE',  ( 1.000000000000000000, 0.000000000000000000, 0.000000000000000000 ) ) ;
#3610 = EDGE_CURVE ( 'NONE', #901, #3581, #1028, .T. ) ;
#3611 = VERTEX_POINT ( 'NONE', #4633 ) ;
#3612 = LINE ( 'NONE', #4921, #3943 ) ;
#3613 = CYLINDRICAL_SURFACE ( 'NONE', #1994, 11.50000000000000000 ) ;
#3614 = ORIENTED_EDGE ( 'NONE', *, *, #113, .F. ) ;
#3615 = EDGE_CURVE ( 'NONE', #5072, #1816, #416, .T. ) ;
#3616 = VERTEX_POINT ( 'NONE', #1006 ) ;
#3617 = APPROVAL_STATUS ( 'not_yet_approved' ) ;
#3618 = FACE_OUTER_BOUND ( 'NONE', #2518, .T. ) ;
#3619 = ORIENTED_EDGE ( 'NONE', *, *, #183, .T. ) ;
#3620 = LINE ( 'NONE', #528, #5534 ) ;
#3621 = DIRECTION ( 'NONE',  ( 0.000000000000000000, 0.000000000000000000, -1.000000000000000000 ) ) ;
#3622 = B_SPLINE_CURVE_WITH_KNOTS ( 'NONE', 3,
 ( #1680, #3407, #4806, #1584, #5177, #3025, #4831, #806, #2586, #1175 ),
 .UNSPECIFIED., .F., .F.,
 ( 4, 2, 2, 2, 4 ),
 ( 0.006529236900384099637, 0.007077130275426493297, 0.007625023650468887824, 0.008172917025511282352, 0.008720810400553676012 ),
 .UNSPECIFIED. ) ;
#3623 = ORIENTED_EDGE ( 'NONE', *, *, #4140, .T. ) ;
#3624 =( NAMED_UNIT ( * ) PLANE_ANGLE_UNIT ( ) SI_UNIT ( $, .RADIAN. ) );
#3625 = ORIENTED_EDGE ( 'NONE', *, *, #4322, .T. ) ;
#3626 = DIRECTION ( 'NONE',  ( -0.000000000000000000, -0.000000000000000000, 1.000000000000000000 ) ) ;
#3627 = ORIENTED_EDGE ( 'NONE', *, *, #3142, .F. ) ;
#3628 = CARTESIAN_POINT ( 'NONE',  ( -15.00000000000000000, -3.642919299551294898E-14, -11.50000000000000355 ) ) ;
#3629 = CARTESIAN_POINT ( 'NONE',  ( 8.785778021827187700, 17.36237085265844371, 0.000000000000000000 ) ) ;
#3630 = DIRECTION ( 'NONE',  ( -1.000000000000000000, -0.000000000000000000, -0.000000000000000000 ) ) ;
#3631 = CARTESIAN_POINT ( 'NONE',  ( -2.999999999999999112, -23.66148492442907525, 18.44272569798226868 ) ) ;
#3632 = FACE_OUTER_BOUND ( 'NONE', #1704, .T. ) ;
#3633 = CARTESIAN_POINT ( 'NONE',  ( 15.53241216860677731, 46.00000000000000000, 21.03235765329041485 ) ) ;
#3634 = ORIENTED_EDGE ( 'NONE', *, *, #1212, .F. ) ;
#3635 = AXIS2_PLACEMENT_3D ( 'NONE', #834, #481, #5707 ) ;
#3636 = APPROVAL ( #5536, 'UNSPECIFIED' ) ;
#3637 = EDGE_CURVE ( 'NONE', #4354, #1685, #5010, .T. ) ;
#3638 = ORIENTED_EDGE ( 'NONE', *, *, #1363, .F. ) ;
#3639 = FACE_OUTER_BOUND ( 'NONE', #847, .T. ) ;
#3640 = DIRECTION ( 'NONE',  ( 1.000000000000000000, -0.000000000000000000, -0.000000000000000000 ) ) ;
#3641 = VERTEX_POINT ( 'NONE', #5088 ) ;
#3642 = VECTOR ( 'NONE', #2521, 1000.000000000000000 ) ;
#3643 = EDGE_CURVE ( 'NONE', #387, #1588, #1906, .T. ) ;
#3644 = ORIENTED_EDGE ( 'NONE', *, *, #1470, .T. ) ;
#3645 = APPROVAL_DATE_TIME ( #1864, #1205 ) ;
#3646 = CARTESIAN_POINT ( 'NONE',  ( 1.237893066729817804, 42.82941610727142034, 13.64113134523778292 ) ) ;
#3647 = ORIENTED_EDGE ( 'NONE', *, *, #3354, .F. ) ;
#3648 = CARTESIAN_POINT ( 'NONE',  ( -13.18436255310560234, 4.549991671971520484E-15, -37.15350152500624858 ) ) ;
#3649 = FACE_OUTER_BOUND ( 'NONE', #4705, .T. ) ;
#3650 = ADVANCED_FACE ( 'NONE', ( #3289 ), #3671, .F. ) ;
#3651 = EDGE_LOOP ( 'NONE', ( #4523, #3619 ) ) ;
#3652 = AXIS2_PLACEMENT_3D ( 'NONE', #324, #2481, #3483 ) ;
#3653 = AXIS2_PLACEMENT_3D ( 'NONE', #5002, #4155, #2371 ) ;
#3654 = ORIENTED_EDGE ( 'NONE', *, *, #3615, .T. ) ;
#3655 = FACE_OUTER_BOUND ( 'NONE', #5012, .T. ) ;
#3656 = ORIENTED_EDGE ( 'NONE', *, *, #5346, .T. ) ;
#3657 = CARTESIAN_POINT ( 'NONE',  ( 14.87720851215528661, 24.59383983997142664, 27.88425759104663371 ) ) ;
#3658 = CARTESIAN_POINT ( 'NONE',  ( 11.93488257301923738, -35.13815526106477449, 1.038611726258275025 ) ) ;
#3659 = AXIS2_PLACEMENT_3D ( 'NONE', #3971, #5710, #3556 ) ;
#3660 = CIRCLE ( 'NONE', #5610, 1.999999999999998890 ) ;
#3661 = EDGE_CURVE ( 'NONE', #3819, #4878, #3766, .T. ) ;
#3662 = DIRECTION ( 'NONE',  ( 0.000000000000000000, 0.000000000000000000, -1.000000000000000000 ) ) ;
#3663 = PLANE ( 'NONE',  #2445 ) ;
#3664 = AXIS2_PLACEMENT_3D ( 'NONE', #3786, #4219, #2560 ) ;
#3665 = CIRCLE ( 'NONE', #3384, 2.000000000000001776 ) ;
#3666 = DIRECTION ( 'NONE',  ( 1.000000000000000000, 0.000000000000000000, 0.000000000000000000 ) ) ;
#3667 = LINE ( 'NONE', #2813, #3184 ) ;
#3668 = VECTOR ( 'NONE', #3133, 1000.000000000000000 ) ;
#3669 = AXIS2_PLACEMENT_3D ( 'NONE', #1839, #2654, #2192 ) ;
#3670 = DIRECTION ( 'NONE',  ( -0.000000000000000000, 1.000000000000000000, -0.000000000000000000 ) ) ;
#3671 = CYLINDRICAL_SURFACE ( 'NONE', #4426, 11.50000000000000000 ) ;
#3672 = AXIS2_PLACEMENT_3D ( 'NONE', #559, #1847, #1017 ) ;
#3673 = EDGE_LOOP ( 'NONE', ( #5227, #3337 ) ) ;
#3674 = AXIS2_PLACEMENT_3D ( 'NONE', #2768, #1943, #4191 ) ;
#3675 = ORIENTED_EDGE ( 'NONE', *, *, #788, .F. ) ;
#3676 = COORDINATED_UNIVERSAL_TIME_OFFSET ( 5, 30, .AHEAD. ) ;
#3677 = CARTESIAN_POINT ( 'NONE',  ( -2.999999999999999112, -29.77217284761369243, -3.690220038400653380 ) ) ;
#3678 = VERTEX_POINT ( 'NONE', #5439 ) ;
#3679 = DIRECTION ( 'NONE',  ( 0.000000000000000000, 0.000000000000000000, -1.000000000000000000 ) ) ;
#3680 = CARTESIAN_POINT ( 'NONE',  ( 0.000000000000000000, 40.00000000000000000, 12.06471530658119384 ) ) ;
#3681 = EDGE_CURVE ( 'NONE', #5403, #4817, #966, .T. ) ;
#3682 = EDGE_CURVE ( 'NONE', #702, #2324, #3756, .T. ) ;
#3683 = CIRCLE ( 'NONE', #2002, 4.000000000000000000 ) ;
#3684 = VERTEX_POINT ( 'NONE', #5469 ) ;
#3685 = COORDINATED_UNIVERSAL_TIME_OFFSET ( 5, 30, .AHEAD. ) ;
#3686 = EDGE_LOOP ( 'NONE', ( #4021, #4969, #2918, #2998 ) ) ;
#3687 = CARTESIAN_POINT ( 'NONE',  ( 11.92546950110327764, -16.71448917956946190, 30.95034448157397833 ) ) ;
#3688 = EDGE_LOOP ( 'NONE', ( #1209, #3761 ) ) ;
#3689 = CARTESIAN_POINT ( 'NONE',  ( 15.00203845416851323, 22.38479369919069839, 29.66165061513879309 ) ) ;
#3690 = PLANE ( 'NONE',  #5044 ) ;
#3691 = EDGE_CURVE ( 'NONE', #299, #461, #5624, .T. ) ;
#3692 = CIRCLE ( 'NONE', #2378, 35.15350152500624148 ) ;
#3693 = DIRECTION ( 'NONE',  ( 1.000000000000000000, 0.000000000000000000, 0.000000000000000000 ) ) ;
#3694 = DIRECTION ( 'NONE',  ( 0.000000000000000000, 0.000000000000000000, -1.000000000000000000 ) ) ;
#3695 = DIRECTION ( 'NONE',  ( 1.000000000000000000, 0.000000000000000000, 0.000000000000000000 ) ) ;
#3696 = DIRECTION ( 'NONE',  ( 1.000000000000000000, 0.000000000000000000, 0.000000000000000000 ) ) ;
#3697 = EDGE_CURVE ( 'NONE', #2951, #1804, #572, .T. ) ;
#3698 = LOCAL_TIME ( 17, 36, 16.00000000000000000, #2276 ) ;
#3699 = B_SPLINE_CURVE_WITH_KNOTS ( 'NONE', 3,
 ( #5483, #620, #4649, #646, #3253, #1991, #3194, #2839, #129, #3658 ),
 .UNSPECIFIED., .F., .F.,
 ( 4, 2, 2, 2, 4 ),
 ( 0.0001210364957762028582, 0.0006692536813565486261, 0.001217470866936894245, 0.001765688052517239755, 0.002313905238097585266 ),
 .UNSPECIFIED. ) ;
#3700 = DIRECTION ( 'NONE',  ( 0.000000000000000000, 1.000000000000000000, -0.000000000000000000 ) ) ;
#3701 = CYLINDRICAL_SURFACE ( 'NONE', #321, 2.000000000000001776 ) ;
#3702 = EDGE_LOOP ( 'NONE', ( #1726, #3178, #473, #5211 ) ) ;
#3703 = ORIENTED_EDGE ( 'NONE', *, *, #2615, .T. ) ;
#3704 = SECURITY_CLASSIFICATION_LEVEL ( 'unclassified' ) ;
#3705 = DIRECTION ( 'NONE',  ( 0.000000000000000000, 0.000000000000000000, -1.000000000000000000 ) ) ;
#3706 = AXIS2_PLACEMENT_3D ( 'NONE', #4852, #849, #1347 ) ;
#3707 = CARTESIAN_POINT ( 'NONE',  ( -2.999999999999999112, -18.44272569798218697, -23.66148492442913565 ) ) ;
#3708 = CARTESIAN_POINT ( 'NONE',  ( 11.93488257301924094, 24.86805547285037221, 24.84649847499358088 ) ) ;
#3709 = ORIENTED_EDGE ( 'NONE', *, *, #4257, .T. ) ;
#3710 = PERSON_AND_ORGANIZATION_ROLE ( 'classification_officer' ) ;
#3711 = APPROVAL ( #2046, 'UNSPECIFIED' ) ;
#3712 = ADVANCED_FACE ( 'NONE', ( #222 ), #109, .F. ) ;
#3713 = ORIENTED_EDGE ( 'NONE', *, *, #5671, .F. ) ;
#3714 = CARTESIAN_POINT ( 'NONE',  ( 27.85528960709138246, 26.81754148567247142, -5.000000000000000000 ) ) ;
#3715 = ORIENTED_EDGE ( 'NONE', *, *, #571, .T. ) ;
#3716 = FACE_OUTER_BOUND ( 'NONE', #4289, .T. ) ;
#3717 = DIRECTION ( 'NONE',  ( 0.000000000000000000, 0.000000000000000000, 1.000000000000000000 ) ) ;
#3718 = ORIENTED_EDGE ( 'NONE', *, *, #4407, .T. ) ;
#3719 = DIRECTION ( 'NONE',  ( -0.000000000000000000, -0.000000000000000000, -1.000000000000000000 ) ) ;
#3720 = EDGE_CURVE ( 'NONE', #5425, #901, #3499, .T. ) ;
#3721 = DIRECTION ( 'NONE',  ( 0.000000000000000000, 0.000000000000000000, -1.000000000000000000 ) ) ;
#3722 = CARTESIAN_POINT ( 'NONE',  ( 12.96521674968611570, 16.71448917956903557, 30.95034448157422347 ) ) ;
#3723 = CARTESIAN_POINT ( 'NONE',  ( 8.785778021827187700, -17.36237085265844371, 4.000000000000000000 ) ) ;
#3724 = ADVANCED_FACE ( 'NONE', ( #2821 ), #3701, .F. ) ;
#3725 = DIRECTION ( 'NONE',  ( -1.000000000000000000, -0.000000000000000000, -0.000000000000000000 ) ) ;
#3726 = CARTESIAN_POINT ( 'NONE',  ( 13.00000000000002487, 0.000000000000000000, 0.000000000000000000 ) ) ;
#3727 = ORIENTED_EDGE ( 'NONE', *, *, #2118, .F. ) ;
#3728 = VECTOR ( 'NONE', #2184, 1000.000000000000000 ) ;
#3729 = ORIENTED_EDGE ( 'NONE', *, *, #113, .T. ) ;
#3730 = CARTESIAN_POINT ( 'NONE',  ( 1.941779412073035171, 43.08020335187682548, 12.56071155017448859 ) ) ;
#3731 = CIRCLE ( 'NONE', #2987, 35.15350152500624148 ) ;
#3732 = CARTESIAN_POINT ( 'NONE',  ( -1.239674280572171217, 40.71744361025774595, 13.63981827259380530 ) ) ;
#3733 = CARTESIAN_POINT ( 'NONE',  ( 12.90398720277095990, 20.76554966216195197, 28.37320729015226561 ) ) ;
#3734 = ORIENTED_EDGE ( 'NONE', *, *, #4257, .F. ) ;
#3735 = CARTESIAN_POINT ( 'NONE',  ( -13.99999999999999467, 0.000000000000000000, 0.000000000000000000 ) ) ;
#3736 = ORIENTED_EDGE ( 'NONE', *, *, #3415, .T. ) ;
#3737 = CARTESIAN_POINT ( 'NONE',  ( -24.44100814187985549, 26.81754148567247142, 0.000000000000000000 ) ) ;
#3738 = ORIENTED_EDGE ( 'NONE', *, *, #4962, .T. ) ;
#3739 = CARTESIAN_POINT ( 'NONE',  ( -14.57620049507555393, 26.12940210309297839, 26.42197121640375812 ) ) ;
#3740 = DIRECTION ( 'NONE',  ( 1.000000000000000000, 0.000000000000000000, 0.000000000000000000 ) ) ;
#3741 = ADVANCED_FACE ( 'NONE', ( #5060 ), #629, .T. ) ;
#3742 = CARTESIAN_POINT ( 'NONE',  ( 15.99999999999999645, 16.71448917956966085, -26.95034448157385398 ) ) ;
#3743 = ORIENTED_EDGE ( 'NONE', *, *, #5065, .F. ) ;
#3744 = CARTESIAN_POINT ( 'NONE',  ( -2.999999999999998224, 0.000000000000000000, -0.000000000000000000 ) ) ;
#3745 = DIRECTION ( 'NONE',  ( -0.000000000000000000, -1.000000000000000000, -0.000000000000000000 ) ) ;
#3746 = CARTESIAN_POINT ( 'NONE',  ( -15.99999999999999645, 0.000000000000000000, 0.000000000000000000 ) ) ;
#3747 = VECTOR ( 'NONE', #3670, 1000.000000000000000 ) ;
#3748 = AXIS2_PLACEMENT_3D ( 'NONE', #3498, #5579, #1582 ) ;
#3749 = ADVANCED_FACE ( 'NONE', ( #2993 ), #4691, .F. ) ;
#3750 = ADVANCED_FACE ( 'NONE', ( #2098 ), #2469, .F. ) ;
#3751 = B_SPLINE_CURVE_WITH_KNOTS ( 'NONE', 3,
 ( #2367, #4091, #94, #3163, #3275 ),
 .UNSPECIFIED., .F., .F.,
 ( 4, 1, 4 ),
 ( 0.01157897238561116787, 0.01160161649393660552, 0.01162426060226204143 ),
 .UNSPECIFIED. ) ;
#3752 = TOROIDAL_SURFACE ( 'NONE', #5331, 30.00000000000000000, 15.00000000000000000 ) ;
#3753 = CIRCLE ( 'NONE', #2351, 2.000000000000001776 ) ;
#3754 = DIRECTION ( 'NONE',  ( -1.000000000000000000, 0.000000000000000000, 0.000000000000000000 ) ) ;
#3755 = DIRECTION ( 'NONE',  ( -1.000000000000000000, -0.000000000000000000, -0.000000000000000000 ) ) ;
#3756 = LINE ( 'NONE', #4136, #4229 ) ;
#3757 = EDGE_LOOP ( 'NONE', ( #4993, #4538, #255, #4932 ) ) ;
#3758 = AXIS2_PLACEMENT_3D ( 'NONE', #3779, #3343, #2958 ) ;
#3759 = VECTOR ( 'NONE', #3549, 1000.000000000000000 ) ;
#3760 = EDGE_CURVE ( 'NONE', #4030, #2969, #2036, .T. ) ;
#3761 = ORIENTED_EDGE ( 'NONE', *, *, #3146, .T. ) ;
#3762 = AXIS2_PLACEMENT_3D ( 'NONE', #326, #4794, #3919 ) ;
#3763 = CARTESIAN_POINT ( 'NONE',  ( -19.99999999999998934, 0.000000000000000000, -6.000000000000000888 ) ) ;
#3764 = CARTESIAN_POINT ( 'NONE',  ( -1.232034422109338001, 41.64261008827214994, 10.48379240581499516 ) ) ;
#3765 = CARTESIAN_POINT ( 'NONE',  ( 11.88917445232775982, -16.89049858076168675, -30.95034448157434070 ) ) ;
#3766 = CIRCLE ( 'NONE', #3674, 16.29999999999999361 ) ;
#3767 = ORIENTED_EDGE ( 'NONE', *, *, #1415, .T. ) ;
#3768 = PERSON_AND_ORGANIZATION ( #1916, #341 ) ;
#3769 = CARTESIAN_POINT ( 'NONE',  ( 13.00000000000002487, -16.71448917956882951, -28.95034448157433360 ) ) ;
#3770 = ORIENTED_EDGE ( 'NONE', *, *, #1962, .F. ) ;
#3771 = DIRECTION ( 'NONE',  ( 1.000000000000000000, -0.000000000000000000, -0.000000000000000000 ) ) ;
#3772 = EDGE_LOOP ( 'NONE', ( #666, #5240, #2624, #3520, #1301, #4297, #681, #4469 ) ) ;
#3773 = CARTESIAN_POINT ( 'NONE',  ( 11.24148227967607028, 28.17962788477062830, 23.40305091212494304 ) ) ;
#3774 = CARTESIAN_POINT ( 'NONE',  ( -15.00000000000000000, -23.66148492442907170, 18.44272569798226868 ) ) ;
#3775 = AXIS2_PLACEMENT_3D ( 'NONE', #5215, #319, #2565 ) ;
#3776 = ORIENTED_EDGE ( 'NONE', *, *, #3146, .F. ) ;
#3777 = CARTESIAN_POINT ( 'NONE',  ( -1.954072195289442426, 43.07855031423738978, 12.56344120930683417 ) ) ;
#3778 = VERTEX_POINT ( 'NONE', #2965 ) ;
#3779 = CARTESIAN_POINT ( 'NONE',  ( -2.999999999999999112, 0.000000000000000000, 0.000000000000000000 ) ) ;
#3780 = VECTOR ( 'NONE', #775, 1000.000000000000000 ) ;
#3781 = CARTESIAN_POINT ( 'NONE',  ( 15.98174859208560683, 17.36237085265844371, 0.000000000000000000 ) ) ;
#3782 = DIRECTION ( 'NONE',  ( 0.000000000000000000, 0.000000000000000000, -1.000000000000000000 ) ) ;
#3783 = AXIS2_PLACEMENT_3D ( 'NONE', #3466, #5234, #5267 ) ;
#3784 = DIRECTION ( 'NONE',  ( 1.000000000000000000, 0.000000000000000000, -0.000000000000000000 ) ) ;
#3785 = ADVANCED_FACE ( 'NONE', ( #279 ), #1208, .F. ) ;
#3786 = CARTESIAN_POINT ( 'NONE',  ( 13.99999999999999645, 16.71448917956903557, 28.95034448157421991 ) ) ;
#3787 = EDGE_CURVE ( 'NONE', #4729, #5565, #1240, .T. ) ;
#3788 = LINE ( 'NONE', #2937, #1147 ) ;
#3789 = ORIENTED_EDGE ( 'NONE', *, *, #3787, .T. ) ;
#3790 = AXIS2_PLACEMENT_3D ( 'NONE', #363, #4678, #5106 ) ;
#3791 = LOCAL_TIME ( 17, 36, 16.00000000000000000, #2947 ) ;
#3792 = ORIENTED_EDGE ( 'NONE', *, *, #5388, .T. ) ;
#3793 = CARTESIAN_POINT ( 'NONE',  ( -2.245219183425080534, 42.19614180558698280, 15.16248422784452288 ) ) ;
#3794 = EDGE_CURVE ( 'NONE', #2512, #1060, #1146, .T. ) ;
#3795 = CARTESIAN_POINT ( 'NONE',  ( 1.596639040329289827, 41.50636528543991943, 10.85342817190077547 ) ) ;
#3796 = DIRECTION ( 'NONE',  ( 1.000000000000000000, -0.000000000000000000, -0.000000000000000000 ) ) ;
#3797 = DESIGN_CONTEXT ( 'detailed design', #2145, 'design' ) ;
#3798 = ORIENTED_EDGE ( 'NONE', *, *, #3510, .T. ) ;
#3799 = COORDINATED_UNIVERSAL_TIME_OFFSET ( 5, 30, .AHEAD. ) ;
#3800 = CARTESIAN_POINT ( 'NONE',  ( -12.27746616644625099, 24.07536129519941426, 25.63988039972097965 ) ) ;
#3801 = VERTEX_POINT ( 'NONE', #4776 ) ;
#3802 = DIRECTION ( 'NONE',  ( -0.000000000000000000, 1.000000000000000000, -0.000000000000000000 ) ) ;
#3803 = ORIENTED_EDGE ( 'NONE', *, *, #5551, .T. ) ;
#3804 = CARTESIAN_POINT ( 'NONE',  ( 11.63378604115930770, 26.55046189522339972, 24.14919553766938876 ) ) ;
#3805 = DIRECTION ( 'NONE',  ( 0.000000000000000000, 0.000000000000000000, -1.000000000000000000 ) ) ;
#3806 = EDGE_LOOP ( 'NONE', ( #2994, #1628, #4084, #3332, #3342, #2604 ) ) ;
#3807 = LINE ( 'NONE', #5228, #1540 ) ;
#3808 = ORIENTED_EDGE ( 'NONE', *, *, #56, .F. ) ;
#3809 = CYLINDRICAL_SURFACE ( 'NONE', #214, 2.000000000000001776 ) ;
#3810 = CARTESIAN_POINT ( 'NONE',  ( 0.4516581955143569860, 42.42640687119286014, 14.99999999999999822 ) ) ;
#3811 = CARTESIAN_POINT ( 'NONE',  ( -6.453687386673863102, 36.81027849619071901, 18.70902191894963451 ) ) ;
#3812 = DIRECTION ( 'NONE',  ( 0.000000000000000000, 0.000000000000000000, -1.000000000000000000 ) ) ;
#3813 = DIRECTION ( 'NONE',  ( 0.000000000000000000, 0.000000000000000000, -1.000000000000000000 ) ) ;
#3814 = CARTESIAN_POINT ( 'NONE',  ( -13.99999999999999467, 0.000000000000000000, 0.000000000000000000 ) ) ;
#3815 = DIRECTION ( 'NONE',  ( 0.000000000000000000, 0.000000000000000000, -1.000000000000000000 ) ) ;
#3816 = ORIENTED_EDGE ( 'NONE', *, *, #368, .F. ) ;
#3817 = PRODUCT_RELATED_PRODUCT_CATEGORY ( 'detail', '', ( #162 ) ) ;
#3818 = EDGE_CURVE ( 'NONE', #3474, #842, #3028, .T. ) ;
#3819 = VERTEX_POINT ( 'NONE', #4720 ) ;
#3820 = CARTESIAN_POINT ( 'NONE',  ( -8.722373696564625689, 38.27555179481317538, 17.79231888893590607 ) ) ;
#3821 = MANIFOLD_SOLID_BREP ( 'Fillet1', #1312 ) ;
#3822 = CARTESIAN_POINT ( 'NONE',  ( 1.750896250237332863, 40.85105543575252796, 13.04027852264932363 ) ) ;
#3823 = DIRECTION ( 'NONE',  ( 0.000000000000000000, 1.000000000000000000, -3.491481338843133355E-15 ) ) ;
#3824 = EDGE_CURVE ( 'NONE', #673, #244, #1626, .T. ) ;
#3825 = ORIENTED_EDGE ( 'NONE', *, *, #3073, .F. ) ;
#3826 = DATE_TIME_ROLE ( 'classification_date' ) ;
#3827 = DIRECTION ( 'NONE',  ( 1.000000000000000000, 0.000000000000000000, 0.000000000000000000 ) ) ;
#3828 = ORIENTED_EDGE ( 'NONE', *, *, #4288, .F. ) ;
#3829 = FACE_OUTER_BOUND ( 'NONE', #1334, .T. ) ;
#3830 = ORIENTED_EDGE ( 'NONE', *, *, #401, .F. ) ;
#3831 = CARTESIAN_POINT ( 'NONE',  ( -2.999999999999998224, 16.31354737148743084, -20.19288673948953416 ) ) ;
#3832 = DIRECTION ( 'NONE',  ( 1.000000000000000000, 0.000000000000000000, 0.000000000000000000 ) ) ;
#3833 = EDGE_CURVE ( 'NONE', #125, #1697, #5207, .T. ) ;
#3834 = EDGE_LOOP ( 'NONE', ( #4193, #5516, #5404, #5392 ) ) ;
#3835 = CARTESIAN_POINT ( 'NONE',  ( -15.00000000000000000, 0.000000000000000000, -0.000000000000000000 ) ) ;
#3836 = ORIENTED_EDGE ( 'NONE', *, *, #4516, .T. ) ;
#3837 = DIRECTION ( 'NONE',  ( 0.000000000000000000, 0.000000000000000000, -1.000000000000000000 ) ) ;
#3838 = DIRECTION ( 'NONE',  ( 1.000000000000000000, -0.000000000000000000, -0.000000000000000000 ) ) ;
#3839 = DIRECTION ( 'NONE',  ( 0.000000000000000000, 1.224646799147352961E-16, 1.000000000000000000 ) ) ;
#3840 = EDGE_CURVE ( 'NONE', #1972, #5744, #1432, .T. ) ;
#3841 = CARTESIAN_POINT ( 'NONE',  ( -2.999999999999999112, 30.00000000000000000, -5.204170427930421283E-15 ) ) ;
#3842 = CARTESIAN_POINT ( 'NONE',  ( -30.00000000000000000, -30.00000000000000000, 0.000000000000000000 ) ) ;
#3843 = DIRECTION ( 'NONE',  ( 0.000000000000000000, 0.000000000000000000, 1.000000000000000000 ) ) ;
#3844 = AXIS2_PLACEMENT_3D ( 'NONE', #3451, #5687, #5220 ) ;
#3845 = CIRCLE ( 'NONE', #1792, 2.000000000000000000 ) ;
#3846 = DIRECTION ( 'NONE',  ( 1.000000000000000000, 0.000000000000000000, 0.000000000000000000 ) ) ;
#3847 = ORIENTED_EDGE ( 'NONE', *, *, #3609, .T. ) ;
#3848 = VECTOR ( 'NONE', #2066, 1000.000000000000000 ) ;
#3849 = ORIENTED_EDGE ( 'NONE', *, *, #131, .F. ) ;
#3850 = DIRECTION ( 'NONE',  ( 0.000000000000000000, 0.000000000000000000, -1.000000000000000000 ) ) ;
#3851 = AXIS2_PLACEMENT_3D ( 'NONE', #371, #3528, #2697 ) ;
#3852 = CIRCLE ( 'NONE', #1510, 2.000000000000001776 ) ;
#3853 = CARTESIAN_POINT ( 'NONE',  ( 1.954401863719063881, 40.97076217619633098, 12.56202022152411857 ) ) ;
#3854 = LINE ( 'NONE', #2882, #1237 ) ;
#3855 = AXIS2_PLACEMENT_3D ( 'NONE', #2460, #4242, #246 ) ;
#3856 = EDGE_LOOP ( 'NONE', ( #4635, #5324, #2822, #2022 ) ) ;
#3857 = COORDINATED_UNIVERSAL_TIME_OFFSET ( 5, 30, .AHEAD. ) ;
#3858 = FACE_OUTER_BOUND ( 'NONE', #2381, .T. ) ;
#3859 = EDGE_LOOP ( 'NONE', ( #5135, #48, #508, #1976 ) ) ;
#3860 = LINE ( 'NONE', #2079, #5251 ) ;
#3861 = ADVANCED_FACE ( 'NONE', ( #4278 ), #780, .T. ) ;
#3863 = EDGE_CURVE ( 'NONE', #5744, #1972, #598, .T. ) ;
#3862 = ORIENTED_EDGE ( 'NONE', *, *, #998, .T. ) ;
#3864 = DIRECTION ( 'NONE',  ( 1.000000000000000000, 0.000000000000000000, 0.000000000000000000 ) ) ;
#3865 = CARTESIAN_POINT ( 'NONE',  ( 13.00000000000002487, 0.000000000000000000, 0.000000000000000000 ) ) ;
#3866 = CIRCLE ( 'NONE', #4881, 16.29999999999999716 ) ;
#3867 = ORIENTED_EDGE ( 'NONE', *, *, #4575, .F. ) ;
#3868 = DIRECTION ( 'NONE',  ( 0.000000000000000000, 0.000000000000000000, -1.000000000000000000 ) ) ;
#3869 = EDGE_LOOP ( 'NONE', ( #2510, #1313, #192, #2452 ) ) ;
#3870 = CARTESIAN_POINT ( 'NONE',  ( 11.93488257301923738, -16.66961349092377986, -30.94984096133333651 ) ) ;
#3871 = EDGE_CURVE ( 'NONE', #441, #1484, #3788, .T. ) ;
#3872 = CARTESIAN_POINT ( 'NONE',  ( -12.00000000000000000, 0.000000000000000000, 5.000000000000000888 ) ) ;
#3873 = CARTESIAN_POINT ( 'NONE',  ( -4.363919668425252141, 38.34554684896077248, 17.74715578177126574 ) ) ;
#3874 = FACE_BOUND ( 'NONE', #2005, .T. ) ;
#3875 = CARTESIAN_POINT ( 'NONE',  ( 15.99999999999999645, 0.000000000000000000, 0.000000000000000000 ) ) ;
#3876 = DIRECTION ( 'NONE',  ( 1.000000000000000000, 0.000000000000000000, 0.000000000000000000 ) ) ;
#3877 = ADVANCED_FACE ( 'NONE', ( #5583 ), #2499, .T. ) ;
#3878 = DIRECTION ( 'NONE',  ( 1.000000000000000000, -0.000000000000000000, -0.000000000000000000 ) ) ;
#3879 = VERTEX_POINT ( 'NONE', #5617 ) ;
#3880 = AXIS2_PLACEMENT_3D ( 'NONE', #2095, #1235, #3373 ) ;
#3881 = EDGE_LOOP ( 'NONE', ( #4703, #375, #3862, #194 ) ) ;
#3882 = CARTESIAN_POINT ( 'NONE',  ( -2.999999999999997335, 0.000000000000000000, 0.000000000000000000 ) ) ;
#3883 = AXIS2_PLACEMENT_3D ( 'NONE', #2344, #4597, #3662 ) ;
#3884 = PLANE ( 'NONE',  #3314 ) ;
#3885 = CARTESIAN_POINT ( 'NONE',  ( -30.00000000000000000, -30.00000000000000000, -5.000000000000000000 ) ) ;
#3886 = LOCAL_TIME ( 17, 36, 16.00000000000000000, #5189 ) ;
#3887 = ORIENTED_EDGE ( 'NONE', *, *, #2426, .F. ) ;
#3888 = APPLICATION_PROTOCOL_DEFINITION ( 'international standard', 'config_control_design', 1994, #5112 ) ;
#3889 = CARTESIAN_POINT ( 'NONE',  ( 13.99999999999999645, -33.42897835913842641, -2.000000000000130118 ) ) ;
#3890 = ORIENTED_EDGE ( 'NONE', *, *, #4516, .F. ) ;
#3891 = CYLINDRICAL_SURFACE ( 'NONE', #3762, 3.000000000000000444 ) ;
#3892 = ORIENTED_EDGE ( 'NONE', *, *, #5573, .T. ) ;
#3893 = DIRECTION ( 'NONE',  ( 0.8660254037844397068, 0.000000000000000000, 0.4999999999999983902 ) ) ;
#3894 = CARTESIAN_POINT ( 'NONE',  ( 7.094027214448808421E-16, 50.00000000000000000, 30.00000000000000000 ) ) ;
#3895 = EDGE_CURVE ( 'NONE', #2078, #2854, #1625, .T. ) ;
#3896 = ORIENTED_EDGE ( 'NONE', *, *, #2298, .F. ) ;
#3897 = DIRECTION ( 'NONE',  ( 0.000000000000000000, 0.000000000000000000, -1.000000000000000000 ) ) ;
#3898 = ORIENTED_EDGE ( 'NONE', *, *, #5493, .T. ) ;
#3899 = DIRECTION ( 'NONE',  ( 0.000000000000000000, 0.000000000000000000, -1.000000000000000000 ) ) ;
#3900 = CARTESIAN_POINT ( 'NONE',  ( 13.18436255310833438, 29.29880855939615003, 22.84649847499878916 ) ) ;
#3901 = CARTESIAN_POINT ( 'NONE',  ( -5.802575619114803018, 37.37324649199845794, 18.36099733241170995 ) ) ;
#3902 = EDGE_CURVE ( 'NONE', #31, #5535, #2799, .T. ) ;
#3903 = B_SPLINE_CURVE_WITH_KNOTS ( 'NONE', 3,
 ( #2798, #1535, #116, #1450, #3214, #1034, #2772, #988, #5444, #4612, #2828, #5093, #1090, #1948, #5499, #607, #1065, #3730, #2386, #1865, #552, #5064, #3646, #4583, #87, #2359, #1896, #4169, #5038, #3243 ),
 .UNSPECIFIED., .F., .F.,
 ( 4, 2, 2, 2, 2, 2, 2, 2, 2, 2, 2, 2, 2, 2, 4 ),
 ( 0.004961667929032879606, 0.005360023640113097294, 0.005758379351193314982, 0.006555090773353747756, 0.006953446484433961974, 0.007351802195514177060, 0.007750157906594390411, 0.008148513617674605497, 0.008546869328754820583, 0.008945225039835035669, 0.009741936461995464105, 0.01014029217307567919, 0.01053864788415589428, 0.01093700359523611110, 0.01133535930631632618 ),
 .UNSPECIFIED. ) ;
#3904 = CARTESIAN_POINT ( 'NONE',  ( 13.18436255310560234, 0.000000000000000000, 0.000000000000000000 ) ) ;
#3905 = DIRECTION ( 'NONE',  ( -1.000000000000000000, -0.000000000000000000, 0.000000000000000000 ) ) ;
#3906 = DIRECTION ( 'NONE',  ( 0.000000000000000000, 0.000000000000000000, -1.000000000000000000 ) ) ;
#3907 = DIRECTION ( 'NONE',  ( -1.000000000000000000, -0.000000000000000000, -0.000000000000000000 ) ) ;
#3908 = ORIENTED_EDGE ( 'NONE', *, *, #4640, .F. ) ;
#3909 = AXIS2_PLACEMENT_3D ( 'NONE', #5632, #4736, #2513 ) ;
#3910 = EDGE_CURVE ( 'NONE', #4579, #659, #5398, .T. ) ;
#3911 = ORIENTED_EDGE ( 'NONE', *, *, #4847, .F. ) ;
#3912 = CARTESIAN_POINT ( 'NONE',  ( 10.99999999999999645, -18.46854177014083476, 29.91122923507455411 ) ) ;
#3913 = DIRECTION ( 'NONE',  ( 0.000000000000000000, 0.000000000000000000, -1.000000000000000000 ) ) ;
#3914 = LINE ( 'NONE', #3035, #1714 ) ;
#3915 = VERTEX_POINT ( 'NONE', #4917 ) ;
#3916 = PERSON_AND_ORGANIZATION_ROLE ( 'creator' ) ;
#3917 = DIRECTION ( 'NONE',  ( -1.000000000000000000, -0.000000000000000000, -0.000000000000000000 ) ) ;
#3918 = ORIENTED_EDGE ( 'NONE', *, *, #3185, .T. ) ;
#3919 = DIRECTION ( 'NONE',  ( 0.000000000000000000, 0.000000000000000000, 1.000000000000000000 ) ) ;
#3920 = DIRECTION ( 'NONE',  ( 1.000000000000000000, -0.000000000000000000, 0.000000000000000000 ) ) ;
#3921 = LINE ( 'NONE', #3339, #1798 ) ;
#3922 = AXIS2_PLACEMENT_3D ( 'NONE', #15, #889, #1326 ) ;
#3923 = ORIENTED_EDGE ( 'NONE', *, *, #1356, .F. ) ;
#3924 = LINE ( 'NONE', #5198, #2850 ) ;
#3925 = ORIENTED_EDGE ( 'NONE', *, *, #2323, .F. ) ;
#3926 = PLANE ( 'NONE',  #5150 ) ;
#3927 = DIRECTION ( 'NONE',  ( 0.000000000000000000, 0.000000000000000000, -1.000000000000000000 ) ) ;
#3928 = CYLINDRICAL_SURFACE ( 'NONE', #3748, 2.000000000000001776 ) ;
#3929 = EDGE_CURVE ( 'NONE', #2974, #1298, #3550, .T. ) ;
#3930 = DIRECTION ( 'NONE',  ( 0.000000000000000000, 0.000000000000000000, -1.000000000000000000 ) ) ;
#3931 = DIRECTION ( 'NONE',  ( 1.000000000000000000, -0.000000000000000000, -0.000000000000000000 ) ) ;
#3932 = DIRECTION ( 'NONE',  ( 1.000000000000000000, -0.000000000000000000, -0.000000000000000000 ) ) ;
#3933 = DIRECTION ( 'NONE',  ( 0.000000000000000000, 1.000000000000000000, 0.000000000000000000 ) ) ;
#3935 = EDGE_CURVE ( 'NONE', #2409, #2951, #377, .T. ) ;
#3934 = ORIENTED_EDGE ( 'NONE', *, *, #3643, .F. ) ;
#3936 = EDGE_CURVE ( 'NONE', #3481, #335, #3081, .T. ) ;
#3937 = CIRCLE ( 'NONE', #660, 30.00000000000000000 ) ;
#3938 = AXIS2_PLACEMENT_3D ( 'NONE', #2277, #526, #4956 ) ;
#3939 = AXIS2_PLACEMENT_3D ( 'NONE', #1519, #3228, #4568 ) ;
#3940 = ORIENTED_EDGE ( 'NONE', *, *, #361, .T. ) ;
#3941 = DIRECTION ( 'NONE',  ( -1.000000000000000000, -0.000000000000000000, -0.000000000000000000 ) ) ;
#3942 = EDGE_CURVE ( 'NONE', #1685, #3041, #4479, .T. ) ;
#3943 = VECTOR ( 'NONE', #1331, 1000.000000000000000 ) ;
#3944 = VECTOR ( 'NONE', #2052, 1000.000000000000000 ) ;
#3945 = ORIENTED_EDGE ( 'NONE', *, *, #2390, .F. ) ;
#3946 = PERSON_AND_ORGANIZATION ( #1916, #341 ) ;
#3947 = FACE_OUTER_BOUND ( 'NONE', #5662, .T. ) ;
#3948 = CIRCLE ( 'NONE', #4687, 3.000000000000000444 ) ;
#3949 = ORIENTED_EDGE ( 'NONE', *, *, #1933, .T. ) ;
#3950 = EDGE_CURVE ( 'NONE', #272, #3067, #1107, .T. ) ;
#3951 = CARTESIAN_POINT ( 'NONE',  ( 5.814963403477044324, 37.39764023644930546, 18.34708190042215392 ) ) ;
#3952 = CARTESIAN_POINT ( 'NONE',  ( 13.99999999999999645, -33.42897835913842641, -1.297247899378906055E-13 ) ) ;
#3953 = AXIS2_PLACEMENT_3D ( 'NONE', #419, #2605, #827 ) ;
#3954 = CIRCLE ( 'NONE', #3844, 30.00000000000000000 ) ;
#3955 = VERTEX_POINT ( 'NONE', #3112 ) ;
#3956 =( LENGTH_UNIT ( ) NAMED_UNIT ( * ) SI_UNIT ( .MILLI., .METRE. ) );
#3957 = ORIENTED_EDGE ( 'NONE', *, *, #642, .F. ) ;
#3958 = CYLINDRICAL_SURFACE ( 'NONE', #4789, 2.000000000000001776 ) ;
#3959 = DIRECTION ( 'NONE',  ( 1.000000000000000000, -0.000000000000000000, -0.000000000000000000 ) ) ;
#3960 = CARTESIAN_POINT ( 'NONE',  ( -19.99999999999998934, 0.000000000000000000, 0.000000000000000000 ) ) ;
#3961 = AXIS2_PLACEMENT_3D ( 'NONE', #5115, #313, #1178 ) ;
#3962 = DIRECTION ( 'NONE',  ( 1.000000000000000000, 0.000000000000000000, 0.000000000000000000 ) ) ;
#3963 = CYLINDRICAL_SURFACE ( 'NONE', #777, 16.29999999999999361 ) ;
#3964 = DIRECTION ( 'NONE',  ( 0.000000000000000000, 0.000000000000000000, -1.000000000000000000 ) ) ;
#3965 = CARTESIAN_POINT ( 'NONE',  ( 15.53241216860696561, 50.00000000000000000, 38.96764234670925475 ) ) ;
#3966 = FACE_OUTER_BOUND ( 'NONE', #2569, .T. ) ;
#3967 = CIRCLE ( 'NONE', #4433, 2.000000000000001776 ) ;
#3968 = EDGE_CURVE ( 'NONE', #4562, #1897, #1021, .T. ) ;
#3969 = EDGE_CURVE ( 'NONE', #1337, #3393, #652, .T. ) ;
#3970 = ORIENTED_EDGE ( 'NONE', *, *, #5176, .F. ) ;
#3971 = CARTESIAN_POINT ( 'NONE',  ( 13.99999999999999645, 0.000000000000000000, 0.000000000000000000 ) ) ;
#3972 = AXIS2_PLACEMENT_3D ( 'NONE', #4276, #342, #2124 ) ;
#3973 = EDGE_CURVE ( 'NONE', #5761, #1817, #5271, .T. ) ;
#3974 = AXIS2_PLACEMENT_3D ( 'NONE', #3835, #2926, #3400 ) ;
#3975 = ORIENTED_EDGE ( 'NONE', *, *, #3969, .T. ) ;
#3976 = APPROVAL_DATE_TIME ( #411, #3468 ) ;
#3977 = CARTESIAN_POINT ( 'NONE',  ( -16.31644489767901263, 17.52971900545513861, 4.000000000000000000 ) ) ;
#3978 = VERTEX_POINT ( 'NONE', #398 ) ;
#3979 = CARTESIAN_POINT ( 'NONE',  ( -15.00000000000000000, 8.156773685743715419, -1.946443369744770280 ) ) ;
#3980 = DIRECTION ( 'NONE',  ( 1.000000000000000000, 0.000000000000000000, 0.000000000000000000 ) ) ;
#3981 = LOCAL_TIME ( 17, 36, 16.00000000000000000, #3685 ) ;
#3982 = VERTEX_POINT ( 'NONE', #1828 ) ;
#3983 = EDGE_LOOP ( 'NONE', ( #2384, #3413 ) ) ;
#3984 = DIRECTION ( 'NONE',  ( 1.000000000000000000, 0.000000000000000000, 0.000000000000000000 ) ) ;
#3985 = CARTESIAN_POINT ( 'NONE',  ( 11.93012196651584667, -16.69205668597196279, 30.95026063461442689 ) ) ;
#3986 = DIRECTION ( 'NONE',  ( 0.000000000000000000, 0.000000000000000000, -1.000000000000000000 ) ) ;
#3987 = CARTESIAN_POINT ( 'NONE',  ( 7.094027214448808421E-16, 48.00000000000000000, 15.00000000000000000 ) ) ;
#3988 = DIRECTION ( 'NONE',  ( 0.000000000000000000, 0.000000000000000000, -1.000000000000000000 ) ) ;
#3989 = CARTESIAN_POINT ( 'NONE',  ( -15.99999999999999289, 2.991423729867234830E-15, 24.42682846964513033 ) ) ;
#3990 = DIRECTION ( 'NONE',  ( 1.000000000000000000, -0.000000000000000000, -0.000000000000000000 ) ) ;
#3991 = CARTESIAN_POINT ( 'NONE',  ( -15.00000000000000000, 0.000000000000000000, -0.000000000000000000 ) ) ;
#3992 = EDGE_LOOP ( 'NONE', ( #314, #2086, #2421, #428 ) ) ;
#3993 = DIRECTION ( 'NONE',  ( 1.000000000000000000, -0.000000000000000000, -0.000000000000000000 ) ) ;
#3994 = ORIENTED_EDGE ( 'NONE', *, *, #5638, .T. ) ;
#3995 = ADVANCED_FACE ( 'NONE', ( #3580 ), #427, .F. ) ;
#3996 = ORIENTED_EDGE ( 'NONE', *, *, #337, .T. ) ;
#3997 = COORDINATED_UNIVERSAL_TIME_OFFSET ( 5, 30, .AHEAD. ) ;
#3998 = DIRECTION ( 'NONE',  ( 1.000000000000000000, -0.000000000000000000, -0.000000000000000000 ) ) ;
#3999 = EDGE_LOOP ( 'NONE', ( #1187, #3923 ) ) ;
#4000 = CARTESIAN_POINT ( 'NONE',  ( 0.4610375857649746667, 39.48753503963051514, 17.00612438002243465 ) ) ;
#4001 = DIRECTION ( 'NONE',  ( 0.000000000000000000, 0.000000000000000000, 1.000000000000000000 ) ) ;
#4002 = ADVANCED_FACE ( 'NONE', ( #2155 ), #4834, .F. ) ;
#4003 = EDGE_LOOP ( 'NONE', ( #3828, #2920, #1422, #4520 ) ) ;
#4004 = ORIENTED_EDGE ( 'NONE', *, *, #3871, .T. ) ;
#4005 = CARTESIAN_POINT ( 'NONE',  ( -2.999999999999999112, -8.131727983645284041, 8.131727983645307134 ) ) ;
#4006 = CARTESIAN_POINT ( 'NONE',  ( 13.99999999999999645, 0.000000000000000000, 0.000000000000000000 ) ) ;
#4007 = CARTESIAN_POINT ( 'NONE',  ( 15.53241216860696561, 46.00000000000000000, 36.96764234670925475 ) ) ;
#4008 = EDGE_CURVE ( 'NONE', #1337, #5, #3169, .T. ) ;
#4009 = DIRECTION ( 'NONE',  ( 1.000000000000000000, -0.000000000000000000, -0.000000000000000000 ) ) ;
#4010 = CARTESIAN_POINT ( 'NONE',  ( -19.99999999999998934, 0.000000000000000000, 0.000000000000000000 ) ) ;
#4011 = CIRCLE ( 'NONE', #1487, 16.29999999999999716 ) ;
#4012 = CARTESIAN_POINT ( 'NONE',  ( 5.999999999999996447, 16.71448917956966085, -28.95034448157385754 ) ) ;
#4013 = DIRECTION ( 'NONE',  ( 1.000000000000000000, 0.000000000000000000, 0.000000000000000000 ) ) ;
#4014 = CARTESIAN_POINT ( 'NONE',  ( -26.44100814187985549, -26.23182295088395222, -5.000000000000000000 ) ) ;
#4015 = EDGE_CURVE ( 'NONE', #3481, #4503, #1296, .T. ) ;
#4016 = ORIENTED_EDGE ( 'NONE', *, *, #1606, .T. ) ;
#4017 = DIRECTION ( 'NONE',  ( 1.000000000000000000, -0.000000000000000000, -0.000000000000000000 ) ) ;
#4018 = DIRECTION ( 'NONE',  ( 1.000000000000000000, -0.000000000000000000, -0.000000000000000000 ) ) ;
#4019 = ORIENTED_EDGE ( 'NONE', *, *, #512, .T. ) ;
#4020 = VECTOR ( 'NONE', #5698, 1000.000000000000000 ) ;
#4021 = ORIENTED_EDGE ( 'NONE', *, *, #1173, .F. ) ;
#4022 = PERSON_AND_ORGANIZATION_ROLE ( 'design_supplier' ) ;
#4023 = DIRECTION ( 'NONE',  ( 1.000000000000000000, 0.000000000000000000, -0.000000000000000000 ) ) ;
#4024 = ORIENTED_EDGE ( 'NONE', *, *, #296, .F. ) ;
#4025 = AXIS2_PLACEMENT_3D ( 'NONE', #5429, #591, #3278 ) ;
#4026 = CARTESIAN_POINT ( 'NONE',  ( 13.00000000000002487, -31.97071371987384580, 1.368745499305912716 ) ) ;
#4027 = LINE ( 'NONE', #1256, #5242 ) ;
#4028 = CIRCLE ( 'NONE', #2349, 35.15350152500624148 ) ;
#4029 = VECTOR ( 'NONE', #2626, 1000.000000000000000 ) ;
#4030 = VERTEX_POINT ( 'NONE', #3083 ) ;
#4031 = SHAPE_REPRESENTATION_RELATIONSHIP ( 'NONE' , 'NONE' ,  #4315, #1771 ) ;
#4032 = EDGE_CURVE ( 'NONE', #4503, #3098, #4845, .T. ) ;
#4033 = EDGE_CURVE ( 'NONE', #4054, #1070, #4431, .T. ) ;
#4034 = VERTEX_POINT ( 'NONE', #2642 ) ;
#4035 = CARTESIAN_POINT ( 'NONE',  ( -24.44100814187985549, -26.23182295088395222, -5.000000000000000000 ) ) ;
#4036 = CARTESIAN_POINT ( 'NONE',  ( -19.99999999999998934, 2.501565010208294237E-15, 16.42682846964513743 ) ) ;
#4037 = CARTESIAN_POINT ( 'NONE',  ( 10.99999999999999645, 18.46854177014104081, -29.91122923507442266 ) ) ;
#4038 = AXIS2_PLACEMENT_3D ( 'NONE', #4428, #423, #1238 ) ;
#4039 = CARTESIAN_POINT ( 'NONE',  ( 7.094027214448808421E-16, 48.00000000000000000, 30.00000000000000000 ) ) ;
#4040 = AXIS2_PLACEMENT_3D ( 'NONE', #184, #1965, #3837 ) ;
#4041 = ADVANCED_FACE ( 'NONE', ( #2211 ), #941, .T. ) ;
#4042 = CARTESIAN_POINT ( 'NONE',  ( 10.00000000000000000, 0.000000000000000000, 3.000000000000000444 ) ) ;
#4043 = DIRECTION ( 'NONE',  ( -0.000000000000000000, 1.000000000000000000, -0.000000000000000000 ) ) ;
#4044 = CARTESIAN_POINT ( 'NONE',  ( -15.00000000000000000, 0.000000000000000000, 0.000000000000000000 ) ) ;
#4045 = EDGE_LOOP ( 'NONE', ( #2237, #575, #5625, #5724 ) ) ;
#4046 = EDGE_CURVE ( 'NONE', #842, #4710, #98, .T. ) ;
#4047 = ORIENTED_EDGE ( 'NONE', *, *, #2217, .T. ) ;
#4048 = DIRECTION ( 'NONE',  ( 0.000000000000000000, 0.7071067811865487940, 0.7071067811865462405 ) ) ;
#4049 = CARTESIAN_POINT ( 'NONE',  ( 15.53241216860696561, 46.00000000000000000, 38.96764234670925475 ) ) ;
#4050 = ORIENTED_EDGE ( 'NONE', *, *, #5671, .T. ) ;
#4051 = ORIENTED_EDGE ( 'NONE', *, *, #131, .T. ) ;
#4052 = PERSON_AND_ORGANIZATION_ROLE ( 'classification_officer' ) ;
#4053 = CARTESIAN_POINT ( 'NONE',  ( -11.93488257301924094, 4.305062312142058865E-15, -35.15350152500631964 ) ) ;
#4054 = VERTEX_POINT ( 'NONE', #1799 ) ;
#4055 = AXIS2_PLACEMENT_3D ( 'NONE', #467, #2443, #1116 ) ;
#4056 = LINE ( 'NONE', #5449, #1439 ) ;
#4057 = CARTESIAN_POINT ( 'NONE',  ( -15.00000000000000000, 4.391366679851236299, -7.144053291735499300 ) ) ;
#4058 = AXIS2_PLACEMENT_3D ( 'NONE', #308, #742, #2558 ) ;
#4059 = ORIENTED_EDGE ( 'NONE', *, *, #219, .F. ) ;
#4060 = DIRECTION ( 'NONE',  ( 0.000000000000000000, 0.000000000000000000, 1.000000000000000000 ) ) ;
#4061 = ORIENTED_EDGE ( 'NONE', *, *, #3331, .F. ) ;
#4062 = CARTESIAN_POINT ( 'NONE',  ( 13.99999999999999645, -35.13815526106478160, 1.038611726258283907 ) ) ;
#4063 = ORIENTED_EDGE ( 'NONE', *, *, #4207, .F. ) ;
#4064 = AXIS2_PLACEMENT_3D ( 'NONE', #1784, #3542, #446 ) ;
#4065 = FACE_BOUND ( 'NONE', #106, .T. ) ;
#4066 = DIRECTION ( 'NONE',  ( -0.000000000000000000, 1.000000000000000000, -0.000000000000000000 ) ) ;
#4067 = CC_DESIGN_PERSON_AND_ORGANIZATION_ASSIGNMENT ( #3179, #4052, ( #2301 ) ) ;
#4068 = EDGE_CURVE ( 'NONE', #37, #1482, #4572, .T. ) ;
#4069 = LOCAL_TIME ( 17, 36, 16.00000000000000000, #462 ) ;
#4070 = LINE ( 'NONE', #3526, #4529 ) ;
#4071 = DIRECTION ( 'NONE',  ( 1.000000000000000000, 0.000000000000000000, 0.000000000000000000 ) ) ;
#4072 = DIRECTION ( 'NONE',  ( 0.000000000000000000, 0.000000000000000000, 1.000000000000000000 ) ) ;
#4073 = DIRECTION ( 'NONE',  ( -0.000000000000000000, 0.000000000000000000, 1.000000000000000000 ) ) ;
#4074 = ORIENTED_EDGE ( 'NONE', *, *, #2713, .T. ) ;
#4075 = EDGE_CURVE ( 'NONE', #1081, #3070, #838, .T. ) ;
#4076 = ORIENTED_EDGE ( 'NONE', *, *, #3291, .T. ) ;
#4077 = LINE ( 'NONE', #1026, #4595 ) ;
#4078 = CARTESIAN_POINT ( 'NONE',  ( -15.00000000000000000, 8.131727983645394175, 8.131727983645200553 ) ) ;
#4079 = VERTEX_POINT ( 'NONE', #2761 ) ;
#4080 = ADVANCED_FACE ( 'NONE', ( #2320 ), #1468, .T. ) ;
#4081 = VERTEX_POINT ( 'NONE', #3722 ) ;
#4082 = ITEM_DEFINED_TRANSFORMATION ( 'NONE', 'NONE', #57,  #2942 ) ;
#4083 = DIRECTION ( 'NONE',  ( 1.000000000000000000, 0.000000000000000000, 0.000000000000000000 ) ) ;
#4084 = ORIENTED_EDGE ( 'NONE', *, *, #4575, .T. ) ;
#4085 = CARTESIAN_POINT ( 'NONE',  ( 15.99999999999999645, 0.000000000000000000, 0.000000000000000000 ) ) ;
#4086 = CARTESIAN_POINT ( 'NONE',  ( 12.60099062116559310, 22.91989189567811280, 26.68914725863566773 ) ) ;
#4087 = ADVANCED_FACE ( 'NONE', ( #3234 ), #5494, .T. ) ;
#4088 = ORIENTED_EDGE ( 'NONE', *, *, #3324, .T. ) ;
#4089 = PERSON_AND_ORGANIZATION ( #1916, #341 ) ;
#4090 = ORIENTED_EDGE ( 'NONE', *, *, #2291, .F. ) ;
#4091 = CARTESIAN_POINT ( 'NONE',  ( 11.92701060541346259, 16.70701574019001256, -30.95034448157385398 ) ) ;
#4092 = ORIENTED_EDGE ( 'NONE', *, *, #3895, .T. ) ;
#4093 = DIRECTION ( 'NONE',  ( 0.000000000000000000, 0.000000000000000000, -1.000000000000000000 ) ) ;
#4094 = CYLINDRICAL_SURFACE ( 'NONE', #298, 2.000000000000000000 ) ;
#4095 = CARTESIAN_POINT ( 'NONE',  ( -15.00000000000000000, 16.31354737148743084, -3.892886739489540560 ) ) ;
#4096 = DIRECTION ( 'NONE',  ( 0.000000000000000000, 0.000000000000000000, -1.000000000000000000 ) ) ;
#4097 = FACE_BOUND ( 'NONE', #3186, .T. ) ;
#4098 = DIRECTION ( 'NONE',  ( 0.000000000000000000, 0.000000000000000000, -1.000000000000000000 ) ) ;
#4099 = FACE_OUTER_BOUND ( 'NONE', #498, .T. ) ;
#4100 = AXIS2_PLACEMENT_3D ( 'NONE', #4888, #2672, #1744 ) ;
#4101 = ORIENTED_EDGE ( 'NONE', *, *, #4357, .F. ) ;
#4102 = ADVANCED_FACE ( 'NONE', ( #1002 ), #2376, .T. ) ;
#4103 = CARTESIAN_POINT ( 'NONE',  ( 13.00000000000002487, 0.000000000000000000, -32.00000000000000000 ) ) ;
#4104 = ADVANCED_FACE ( 'NONE', ( #5006 ), #76, .F. ) ;
#4105 = DIRECTION ( 'NONE',  ( 0.000000000000000000, 0.000000000000000000, 1.000000000000000000 ) ) ;
#4106 = ORIENTED_EDGE ( 'NONE', *, *, #4891, .F. ) ;
#4107 = ORIENTED_EDGE ( 'NONE', *, *, #5309, .F. ) ;
#4108 = APPROVAL_STATUS ( 'not_yet_approved' ) ;
#4109 = DIRECTION ( 'NONE',  ( 1.000000000000000000, -0.000000000000000000, 0.000000000000000000 ) ) ;
#4110 = EDGE_CURVE ( 'NONE', #901, #5425, #1300, .T. ) ;
#4111 = ORIENTED_EDGE ( 'NONE', *, *, #4798, .F. ) ;
#4112 = DIRECTION ( 'NONE',  ( 1.000000000000000000, -0.000000000000000000, -0.000000000000000000 ) ) ;
#4113 = LINE ( 'NONE', #4586, #670 ) ;
#4114 = VECTOR ( 'NONE', #3235, 1000.000000000000000 ) ;
#4115 = ORIENTED_EDGE ( 'NONE', *, *, #4891, .T. ) ;
#4116 = CALENDAR_DATE ( 2026, 8, 7 ) ;
#4117 = CIRCLE ( 'NONE', #684, 11.50000000000000000 ) ;
#4118 = CIRCLE ( 'NONE', #5602, 11.49999999999999822 ) ;
#4119 = ORIENTED_EDGE ( 'NONE', *, *, #4779, .F. ) ;
#4120 = CYLINDRICAL_SURFACE ( 'NONE', #4423, 17.99999999999999645 ) ;
#4121 = VERTEX_POINT ( 'NONE', #542 ) ;
#4122 = PLANE ( 'NONE',  #1659 ) ;
#4123 = CARTESIAN_POINT ( 'NONE',  ( 0.000000000000000000, 40.00000000000000000, 12.06471530658119384 ) ) ;
#4124 = AXIS2_PLACEMENT_3D ( 'NONE', #3475, #284, #3850 ) ;
#4125 = AXIS2_PLACEMENT_3D ( 'NONE', #5286, #3, #3564 ) ;
#4126 = CIRCLE ( 'NONE', #4500, 2.000000000000000000 ) ;
#4127 = ORIENTED_EDGE ( 'NONE', *, *, #5600, .T. ) ;
#4128 = DIRECTION ( 'NONE',  ( 1.000000000000000000, -0.000000000000000000, -0.000000000000000000 ) ) ;
#4129 = CYLINDRICAL_SURFACE ( 'NONE', #954, 35.15350152500624148 ) ;
#4130 = AXIS2_PLACEMENT_3D ( 'NONE', #1623, #1656, #1086 ) ;
#4131 = CIRCLE ( 'NONE', #5248, 2.000000000000001776 ) ;
#4132 = DIRECTION ( 'NONE',  ( 0.000000000000000000, 1.000000000000000000, 0.000000000000000000 ) ) ;
#4133 = DIRECTION ( 'NONE',  ( 0.000000000000000000, 0.000000000000000000, 1.000000000000000000 ) ) ;
#4134 = VECTOR ( 'NONE', #4023, 1000.000000000000000 ) ;
#4135 = CARTESIAN_POINT ( 'NONE',  ( 13.00000000000002487, 0.000000000000000000, -30.00000000000000000 ) ) ;
#4136 = CARTESIAN_POINT ( 'NONE',  ( 10.99999999999999645, 16.66961349092467159, -30.94984096133286045 ) ) ;
#4137 = CIRCLE ( 'NONE', #3672, 35.15350152500624148 ) ;
#4138 = ORIENTED_EDGE ( 'NONE', *, *, #3833, .T. ) ;
#4139 = CC_DESIGN_PERSON_AND_ORGANIZATION_ASSIGNMENT ( #606, #2385, ( #245 ) ) ;
#4140 = EDGE_CURVE ( 'NONE', #3598, #2424, #4161, .T. ) ;
#4141 = AXIS2_PLACEMENT_3D ( 'NONE', #4748, #5148, #3471 ) ;
#4142 = EDGE_LOOP ( 'NONE', ( #505, #3830, #3709, #870, #301, #3038, #1344, #2542 ) ) ;
#4143 = ITEM_DEFINED_TRANSFORMATION ( 'NONE', 'NONE', #5546,  #2942 ) ;
#4144 = DIRECTION ( 'NONE',  ( 0.000000000000000000, 0.000000000000000000, -1.000000000000000000 ) ) ;
#4145 = LINE ( 'NONE', #1010, #2289 ) ;
#4146 = CARTESIAN_POINT ( 'NONE',  ( 11.81126251244359082, -17.57903367666994399, 30.76288551170343766 ) ) ;
#4147 = ADVANCED_FACE ( 'NONE', ( #1440, #2788, #159, #2843, #1083, #186, #4186, #2346 ), #1939, .F. ) ;
#4148 = CIRCLE ( 'NONE', #332, 37.15350152500624858 ) ;
#4149 = ORIENTED_EDGE ( 'NONE', *, *, #218, .F. ) ;
#4150 = PERSON_AND_ORGANIZATION_ROLE ( 'design_supplier' ) ;
#4151 = EDGE_LOOP ( 'NONE', ( #4252, #4272 ) ) ;
#4152 = CARTESIAN_POINT ( 'NONE',  ( -2.999999999999998224, -0.000000000000000000, 0.000000000000000000 ) ) ;
#4153 = ORIENTED_EDGE ( 'NONE', *, *, #444, .T. ) ;
#4154 = CARTESIAN_POINT ( 'NONE',  ( 13.97378788187816312, 11.12122451842481574, 35.45705425321940396 ) ) ;
#4155 = DIRECTION ( 'NONE',  ( -0.000000000000000000, -0.000000000000000000, 1.000000000000000000 ) ) ;
#4156 = AXIS2_PLACEMENT_3D ( 'NONE', #1489, #2317, #4570 ) ;
#4157 = EDGE_CURVE ( 'NONE', #3335, #3801, #1880, .T. ) ;
#4158 = DIRECTION ( 'NONE',  ( -1.000000000000000000, -0.000000000000000000, -0.000000000000000000 ) ) ;
#4159 = AXIS2_PLACEMENT_3D ( 'NONE', #2716, #4060, #3273 ) ;
#4160 = CARTESIAN_POINT ( 'NONE',  ( 8.785778021827187700, 17.36237085265844371, 4.000000000000000000 ) ) ;
#4161 = LINE ( 'NONE', #1054, #185 ) ;
#4162 = DIRECTION ( 'NONE',  ( -1.000000000000000000, -0.000000000000000000, -0.000000000000000000 ) ) ;
#4163 = LOCAL_TIME ( 17, 36, 16.00000000000000000, #3857 ) ;
#4164 = LINE ( 'NONE', #5405, #3747 ) ;
#4165 = DIRECTION ( 'NONE',  ( 0.000000000000000000, 0.000000000000000000, 1.000000000000000000 ) ) ;
#4166 = ORIENTED_EDGE ( 'NONE', *, *, #4246, .T. ) ;
#4167 = ORIENTED_EDGE ( 'NONE', *, *, #1174, .F. ) ;
#4168 = SHAPE_DEFINITION_REPRESENTATION ( #1128, #1892 ) ;
#4169 = CARTESIAN_POINT ( 'NONE',  ( 0.2673233781865547165, 42.74809342767065345, 14.05127873994781318 ) ) ;
#4170 = EDGE_CURVE ( 'NONE', #1921, #3982, #1682, .T. ) ;
#4171 = CARTESIAN_POINT ( 'NONE',  ( 1.526088925462657730, 40.77642041947726170, 13.36409378229835099 ) ) ;
#4172 = CARTESIAN_POINT ( 'NONE',  ( 7.094027214448808421E-16, 46.00000000000000000, 8.500000000000000000 ) ) ;
#4173 = VERTEX_POINT ( 'NONE', #5435 ) ;
#4174 = SECURITY_CLASSIFICATION_LEVEL ( 'unclassified' ) ;
#4175 = VECTOR ( 'NONE', #1990, 1000.000000000000000 ) ;
#4176 = ORIENTED_EDGE ( 'NONE', *, *, #2757, .F. ) ;
#4177 = CARTESIAN_POINT ( 'NONE',  ( 7.094027214448808421E-16, 48.00000000000000000, 16.99999999999999645 ) ) ;
#4178 = ADVANCED_FACE ( 'NONE', ( #5028 ), #3202, .T. ) ;
#4180 = EDGE_CURVE ( 'NONE', #322, #3017, #3282, .T. ) ;
#4179 = ORIENTED_EDGE ( 'NONE', *, *, #4216, .T. ) ;
#4181 = CARTESIAN_POINT ( 'NONE',  ( 14.47589977446261855, 15.08730792134588583, 33.98132817808259887 ) ) ;
#4182 = CARTESIAN_POINT ( 'NONE',  ( -15.53241216860690344, 46.00000000000000000, 21.03235765329063156 ) ) ;
#4183 = DIRECTION ( 'NONE',  ( 0.000000000000000000, 0.000000000000000000, 1.000000000000000000 ) ) ;
#4184 = DIRECTION ( 'NONE',  ( 0.000000000000000000, 0.000000000000000000, -1.000000000000000000 ) ) ;
#4185 = EDGE_CURVE ( 'NONE', #1863, #1029, #5031, .T. ) ;
#4186 = FACE_OUTER_BOUND ( 'NONE', #2220, .T. ) ;
#4187 = CARTESIAN_POINT ( 'NONE',  ( 25.85528960709137891, 26.81754148567247142, -5.000000000000000000 ) ) ;
#4188 = CARTESIAN_POINT ( 'NONE',  ( -8.000000000000000000, 0.000000000000000000, 0.000000000000000000 ) ) ;
#4189 = DIRECTION ( 'NONE',  ( 0.000000000000000000, 1.000000000000000000, -3.512016853204580186E-15 ) ) ;
#4190 = EDGE_CURVE ( 'NONE', #2854, #2199, #4011, .T. ) ;
#4191 = DIRECTION ( 'NONE',  ( 0.000000000000000000, 0.7071067811865439090, -0.7071067811865512365 ) ) ;
#4192 = ORIENTED_EDGE ( 'NONE', *, *, #1249, .T. ) ;
#4193 = ORIENTED_EDGE ( 'NONE', *, *, #2705, .F. ) ;
#4194 = CARTESIAN_POINT ( 'NONE',  ( 5.999999999999996447, -16.71448917956882951, -28.95034448157433360 ) ) ;
#4195 = CARTESIAN_POINT ( 'NONE',  ( -1.748892552832937319, 41.43186119547729618, 11.06105569016940571 ) ) ;
#4196 = CARTESIAN_POINT ( 'NONE',  ( 13.99999999999999645, -14.79998848622252083, 28.37182300818333403 ) ) ;
#4197 = ORIENTED_EDGE ( 'NONE', *, *, #3691, .T. ) ;
#4198 = DATE_AND_TIME ( #2480, #4447 ) ;
#4199 = CARTESIAN_POINT ( 'NONE',  ( 13.00000000000002487, -16.71448917956946190, 26.95034448157397478 ) ) ;
#4200 = VERTEX_POINT ( 'NONE', #713 ) ;
#4201 = LINE ( 'NONE', #4672, #3021 ) ;
#4202 = ORIENTED_EDGE ( 'NONE', *, *, #5316, .F. ) ;
#4203 = CIRCLE ( 'NONE', #2717, 4.000000000000000000 ) ;
#4204 = DIRECTION ( 'NONE',  ( 0.000000000000000000, 0.7071067811865437980, -0.7071067811865512365 ) ) ;
#4205 = CARTESIAN_POINT ( 'NONE',  ( -15.00000000000000000, -0.000000000000000000, 0.000000000000000000 ) ) ;
#4206 = EDGE_CURVE ( 'NONE', #4261, #3046, #1011, .T. ) ;
#4207 = EDGE_CURVE ( 'NONE', #5455, #3272, #4756, .T. ) ;
#4208 = AXIS2_PLACEMENT_3D ( 'NONE', #803, #2585, #3839 ) ;
#4209 = CARTESIAN_POINT ( 'NONE',  ( -1.525503942898111198, 42.88850630662312824, 13.36477705840017904 ) ) ;
#4210 = ORIENTED_EDGE ( 'NONE', *, *, #5252, .F. ) ;
#4211 = CARTESIAN_POINT ( 'NONE',  ( 11.93328621479236418, -16.67709792563980997, -30.95000893820422405 ) ) ;
#4212 = DIRECTION ( 'NONE',  ( -1.000000000000000000, -0.000000000000000000, -0.000000000000000000 ) ) ;
#4213 = CARTESIAN_POINT ( 'NONE',  ( -16.31644489767901263, 17.52971900545513861, 4.000000000000000000 ) ) ;
#4214 = AXIS2_PLACEMENT_3D ( 'NONE', #1748, #3586, #2593 ) ;
#4215 = VECTOR ( 'NONE', #5419, 1000.000000000000000 ) ;
#4216 = EDGE_CURVE ( 'NONE', #1588, #5535, #4338, .T. ) ;
#4217 = VECTOR ( 'NONE', #4887, 1000.000000000000000 ) ;
#4218 = DIRECTION ( 'NONE',  ( 0.000000000000000000, 1.776356839400250465E-15, 1.000000000000000000 ) ) ;
#4219 = DIRECTION ( 'NONE',  ( 1.000000000000000000, 0.000000000000000000, 0.000000000000000000 ) ) ;
#4220 = CARTESIAN_POINT ( 'NONE',  ( 5.999999999999996447, -16.71448917956946190, 28.95034448157397833 ) ) ;
#4221 = EDGE_LOOP ( 'NONE', ( #5019, #203, #5122, #2940, #904, #456, #4534, #2804, #797, #5262, #4019, #2572, #3074, #5256, #2673, #989, #4850, #4918, #349, #3627 ) ) ;
#4222 = AXIS2_PLACEMENT_3D ( 'NONE', #2787, #1404, #3721 ) ;
#4223 = CIRCLE ( 'NONE', #5614, 17.99999999999999645 ) ;
#4224 = ORIENTED_EDGE ( 'NONE', *, *, #3176, .F. ) ;
#4225 = CIRCLE ( 'NONE', #2557, 2.000000000000000000 ) ;
#4226 = CARTESIAN_POINT ( 'NONE',  ( -11.89590156047332314, 33.14926477111148273, 20.84716679017054020 ) ) ;
#4227 = CARTESIAN_POINT ( 'NONE',  ( 0.6561769047187500092, 41.76343168273124462, 10.17073889097817485 ) ) ;
#4228 = CYLINDRICAL_SURFACE ( 'NONE', #2548, 17.99999999999999645 ) ;
#4229 = VECTOR ( 'NONE', #4578, 1000.000000000000000 ) ;
#4230 = ORIENTED_EDGE ( 'NONE', *, *, #368, .T. ) ;
#4231 = SECURITY_CLASSIFICATION_LEVEL ( 'unclassified' ) ;
#4232 = CARTESIAN_POINT ( 'NONE',  ( 2.546372920165910332E-15, 50.00000000000000000, 45.00000000000000000 ) ) ;
#4233 = ORIENTED_EDGE ( 'NONE', *, *, #679, .F. ) ;
#4234 = CARTESIAN_POINT ( 'NONE',  ( 13.00000000000002487, -31.97071371987383870, -1.368745499306161184 ) ) ;
#4235 = ORIENTED_EDGE ( 'NONE', *, *, #219, .T. ) ;
#4236 = CARTESIAN_POINT ( 'NONE',  ( -14.88021600906799158, 18.86221927588655944, 32.04045995694654891 ) ) ;
#4237 = CARTESIAN_POINT ( 'NONE',  ( -2.999999999999998224, -16.31354737148740242, 3.892886739489654246 ) ) ;
#4238 = CIRCLE ( 'NONE', #2195, 16.29999999999999361 ) ;
#4239 = VERTEX_POINT ( 'NONE', #339 ) ;
#4240 = DIRECTION ( 'NONE',  ( 1.000000000000000000, 0.000000000000000000, 0.000000000000000000 ) ) ;
#4241 = ORIENTED_EDGE ( 'NONE', *, *, #3291, .F. ) ;
#4242 = DIRECTION ( 'NONE',  ( 0.000000000000000000, 1.000000000000000000, 0.000000000000000000 ) ) ;
#4243 = AXIS2_PLACEMENT_3D ( 'NONE', #3604, #3166, #5755 ) ;
#4244 = CARTESIAN_POINT ( 'NONE',  ( 12.76683784264445265, 30.87469143708113961, 22.07697362924341533 ) ) ;
#4245 = LINE ( 'NONE', #3435, #943 ) ;
#4246 = EDGE_CURVE ( 'NONE', #896, #3449, #3731, .T. ) ;
#4247 = PRODUCT_DEFINITION_FORMATION_WITH_SPECIFIED_SOURCE ( 'ANY', '', #1181, .NOT_KNOWN. ) ;
#4248 = CARTESIAN_POINT ( 'NONE',  ( -15.00000000000000000, 1.821819229026994114, -11.35477761546863107 ) ) ;
#4249 = CARTESIAN_POINT ( 'NONE',  ( -15.00000000000000000, -16.31354737148740242, 3.892886739489654246 ) ) ;
#4250 = DIRECTION ( 'NONE',  ( 1.000000000000000000, 0.000000000000000000, 0.000000000000000000 ) ) ;
#4251 = DIRECTION ( 'NONE',  ( 1.000000000000000000, -0.000000000000000000, -0.000000000000000000 ) ) ;
#4252 = ORIENTED_EDGE ( 'NONE', *, *, #4904, .F. ) ;
#4253 = EDGE_CURVE ( 'NONE', #2580, #1497, #464, .T. ) ;
#4254 = LOCAL_TIME ( 17, 36, 16.00000000000000000, #1481 ) ;
#4255 = ORIENTED_EDGE ( 'NONE', *, *, #3818, .F. ) ;
#4256 = CARTESIAN_POINT ( 'NONE',  ( -0.4504752133206481601, 42.42640687119283172, 15.00000000000000533 ) ) ;
#4257 = EDGE_CURVE ( 'NONE', #4874, #4817, #685, .T. ) ;
#4258 = CARTESIAN_POINT ( 'NONE',  ( -1.019851958130952863, 40.68697259036192548, 13.79030032591531274 ) ) ;
#4259 = CARTESIAN_POINT ( 'NONE',  ( 7.094027214448808421E-16, 50.00000000000000000, 30.00000000000000000 ) ) ;
#4260 = UNCERTAINTY_MEASURE_WITH_UNIT (LENGTH_MEASURE( 1.000000000000000082E-05 ), #172, 'distance_accuracy_value', 'NONE');
#4261 = VERTEX_POINT ( 'NONE', #3900 ) ;
#4262 = AXIS2_PLACEMENT_3D ( 'NONE', #1434, #128, #5001 ) ;
#4263 = PERSON_AND_ORGANIZATION ( #1916, #341 ) ;
#4264 = DIRECTION ( 'NONE',  ( -0.000000000000000000, -0.000000000000000000, 1.000000000000000000 ) ) ;
#4265 = EDGE_LOOP ( 'NONE', ( #995, #1150 ) ) ;
#4266 = CARTESIAN_POINT ( 'NONE',  ( 0.000000000000000000, 46.00000000000000000, 12.06471530658119384 ) ) ;
#4267 = ORIENTED_EDGE ( 'NONE', *, *, #3935, .F. ) ;
#4268 = CARTESIAN_POINT ( 'NONE',  ( -14.47024744048313671, 15.08294189731553203, 33.96157462209649935 ) ) ;
#4269 = CARTESIAN_POINT ( 'NONE',  ( -2.999999999999998224, 0.000000000000000000, 0.000000000000000000 ) ) ;
#4270 = ORIENTED_EDGE ( 'NONE', *, *, #42, .T. ) ;
#4271 = CARTESIAN_POINT ( 'NONE',  ( -1.230380167476279318, 43.71052303056795552, 10.48258725789587942 ) ) ;
#4272 = ORIENTED_EDGE ( 'NONE', *, *, #4897, .F. ) ;
#4273 = DIRECTION ( 'NONE',  ( 0.000000000000000000, -0.000000000000000000, 1.000000000000000000 ) ) ;
#4274 = CARTESIAN_POINT ( 'NONE',  ( 0.9044013474415980580, 42.39765054224614005, 15.02035540423611160 ) ) ;
#4275 = DIRECTION ( 'NONE',  ( 1.000000000000000000, 0.000000000000000000, 0.000000000000000000 ) ) ;
#4276 = CARTESIAN_POINT ( 'NONE',  ( 25.85528960709137891, 26.81754148567247142, -5.000000000000000000 ) ) ;
#4277 = PLANE ( 'NONE',  #1349 ) ;
#4278 = FACE_OUTER_BOUND ( 'NONE', #2101, .T. ) ;
#4279 = SHAPE_REPRESENTATION ( 'vaccum', ( #2010, #57, #5546, #5081 ), #523 ) ;
#4280 = ORIENTED_EDGE ( 'NONE', *, *, #3681, .F. ) ;
#4281 = EDGE_CURVE ( 'NONE', #2242, #4034, #5548, .T. ) ;
#4282 = ADVANCED_FACE ( 'NONE', ( #3434 ), #4770, .F. ) ;
#4283 = ORIENTED_EDGE ( 'NONE', *, *, #4185, .T. ) ;
#4284 = CARTESIAN_POINT ( 'NONE',  ( -10.83010578798260681, 35.32532300119859059, 19.60490100678962122 ) ) ;
#4285 = CARTESIAN_POINT ( 'NONE',  ( -1.617467361694895356, 40.79676674839021189, 13.27014993438577939 ) ) ;
#4286 = AXIS2_PLACEMENT_3D ( 'NONE', #828, #4477, #4912 ) ;
#4287 = CARTESIAN_POINT ( 'NONE',  ( 11.93488257301923738, -18.46854177014017750, -29.91122923507494846 ) ) ;
#4288 = EDGE_CURVE ( 'NONE', #897, #3172, #247, .T. ) ;
#4289 = EDGE_LOOP ( 'NONE', ( #1755, #1545, #1963, #436 ) ) ;
#4290 = SHAPE_DEFINITION_REPRESENTATION ( #4313, #1927 ) ;
#4291 = CARTESIAN_POINT ( 'NONE',  ( 15.99999999999999645, 0.000000000000000000, 0.000000000000000000 ) ) ;
#4292 = ORIENTED_EDGE ( 'NONE', *, *, #4760, .F. ) ;
#4293 = CARTESIAN_POINT ( 'NONE',  ( -13.99999999999999467, 4.305062312142049398E-15, -35.15350152500624148 ) ) ;
#4294 = VERTEX_POINT ( 'NONE', #653 ) ;
#4295 = CARTESIAN_POINT ( 'NONE',  ( -13.18436255310560234, 0.000000000000000000, 37.15350152500624858 ) ) ;
#4296 = DIRECTION ( 'NONE',  ( -1.000000000000000000, 0.000000000000000000, -0.000000000000000000 ) ) ;
#4297 = ORIENTED_EDGE ( 'NONE', *, *, #1149, .T. ) ;
#4298 = VERTEX_POINT ( 'NONE', #3369 ) ;
#4299 = CARTESIAN_POINT ( 'NONE',  ( 10.00000000000000000, 0.000000000000000000, 0.000000000000000000 ) ) ;
#4300 = EDGE_LOOP ( 'NONE', ( #983, #3898, #3170, #2537 ) ) ;
#4301 = CARTESIAN_POINT ( 'NONE',  ( 11.92701075348055362, -16.70701502215387535, -30.95034448157435492 ) ) ;
#4302 = CARTESIAN_POINT ( 'NONE',  ( 5.999999999999996447, -16.71448917956882951, -26.95034448157433360 ) ) ;
#4303 = DIRECTION ( 'NONE',  ( -1.000000000000000000, -0.000000000000000000, -0.000000000000000000 ) ) ;
#4304 = AXIS2_PLACEMENT_3D ( 'NONE', #4602, #1555, #4133 ) ;
#4305 = CARTESIAN_POINT ( 'NONE',  ( -13.18436255310560234, 0.000000000000000000, 37.15350152500624858 ) ) ;
#4306 = CYLINDRICAL_SURFACE ( 'NONE', #4343, 2.000000000000001776 ) ;
#4307 = FACE_OUTER_BOUND ( 'NONE', #584, .T. ) ;
#4308 = CIRCLE ( 'NONE', #1118, 32.00000000000000000 ) ;
#4309 = VECTOR ( 'NONE', #4594, 1000.000000000000000 ) ;
#4310 = DIRECTION ( 'NONE',  ( -1.000000000000000000, -0.000000000000000000, -0.000000000000000000 ) ) ;
#4311 = ORIENTED_EDGE ( 'NONE', *, *, #5030, .T. ) ;
#4312 = AXIS2_PLACEMENT_3D ( 'NONE', #2982, #2577, #4765 ) ;
#4313 = PRODUCT_DEFINITION_SHAPE ( 'NONE', 'NONE',  #4321 ) ;
#4314 = ORIENTED_EDGE ( 'NONE', *, *, #3824, .F. ) ;
#4315 = SHAPE_REPRESENTATION ( 'impeller_01', ( #2942 ), #612 ) ;
#4316 = LINE ( 'NONE', #3351, #3848 ) ;
#4317 = CIRCLE ( 'NONE', #121, 32.00000000000000000 ) ;
#4318 = CIRCLE ( 'NONE', #1802, 11.50000000000000000 ) ;
#4319 = FACE_OUTER_BOUND ( 'NONE', #5597, .T. ) ;
#4320 = CARTESIAN_POINT ( 'NONE',  ( -15.00000000000000000, -1.030097166893171936E-13, -30.00000000000000000 ) ) ;
#4321 = PRODUCT_DEFINITION ( 'UNKNOWN', '', #811, #4561 ) ;
#4322 = EDGE_CURVE ( 'NONE', #3335, #4079, #647, .T. ) ;
#4323 = AXIS2_PLACEMENT_3D ( 'NONE', #1377, #3199, #2760 ) ;
#4324 = VERTEX_POINT ( 'NONE', #3781 ) ;
#4325 = COORDINATED_UNIVERSAL_TIME_OFFSET ( 5, 30, .AHEAD. ) ;
#4326 = FACE_OUTER_BOUND ( 'NONE', #1661, .T. ) ;
#4327 = ORIENTED_EDGE ( 'NONE', *, *, #3255, .F. ) ;
#4328 = DIRECTION ( 'NONE',  ( 0.000000000000000000, -0.7071067811865389130, 0.7071067811865561215 ) ) ;
#4329 = ORIENTED_EDGE ( 'NONE', *, *, #4787, .F. ) ;
#4330 = CARTESIAN_POINT ( 'NONE',  ( -14.68626321446904015, 25.62678270079545584, 26.91000549378368589 ) ) ;
#4331 = DIRECTION ( 'NONE',  ( 0.000000000000000000, -0.7071067811865389130, 0.7071067811865561215 ) ) ;
#4332 = AXIS2_PLACEMENT_3D ( 'NONE', #1806, #458, #1861 ) ;
#4333 = ADVANCED_FACE ( 'NONE', ( #274 ), #5752, .F. ) ;
#4334 = ORIENTED_EDGE ( 'NONE', *, *, #5224, .T. ) ;
#4335 = CARTESIAN_POINT ( 'NONE',  ( -13.99999999999999645, 0.000000000000000000, 0.000000000000000000 ) ) ;
#4336 = ORIENTED_EDGE ( 'NONE', *, *, #754, .T. ) ;
#4337 = PLANE ( 'NONE',  #1895 ) ;
#4338 = LINE ( 'NONE', #3872, #2241 ) ;
#4339 = CARTESIAN_POINT ( 'NONE',  ( -3.764632253788486871, 38.64425767298804004, 17.55526052619419630 ) ) ;
#4340 = EDGE_CURVE ( 'NONE', #3175, #4518, #1220, .T. ) ;
#4341 = FACE_BOUND ( 'NONE', #5415, .T. ) ;
#4342 = DIRECTION ( 'NONE',  ( -1.000000000000000000, 0.000000000000000000, 0.000000000000000000 ) ) ;
#4343 = AXIS2_PLACEMENT_3D ( 'NONE', #3440, #2034, #743 ) ;
#4344 = DIRECTION ( 'NONE',  ( -1.000000000000000000, 0.000000000000000000, 0.000000000000000000 ) ) ;
#4345 = CARTESIAN_POINT ( 'NONE',  ( 15.99999999999999645, -33.42897835913842641, -1.297247899378906055E-13 ) ) ;
#4346 = ORIENTED_EDGE ( 'NONE', *, *, #1961, .T. ) ;
#4347 = AXIS2_PLACEMENT_3D ( 'NONE', #4627, #2810, #1878 ) ;
#4348 = ORIENTED_EDGE ( 'NONE', *, *, #35, .F. ) ;
#4349 = CARTESIAN_POINT ( 'NONE',  ( -3.529108757778116168, 41.83580298608916337, 15.41492624317793947 ) ) ;
#4350 = AXIS2_PLACEMENT_3D ( 'NONE', #5666, #1228, #3018 ) ;
#4351 = LINE ( 'NONE', #752, #2375 ) ;
#4352 = CARTESIAN_POINT ( 'NONE',  ( 27.85528960709138246, -26.23182295088395222, 0.000000000000000000 ) ) ;
#4353 = CC_DESIGN_APPROVAL ( #3636, ( #4321 ) ) ;
#4354 = VERTEX_POINT ( 'NONE', #3497 ) ;
#4355 = SECURITY_CLASSIFICATION_LEVEL ( 'unclassified' ) ;
#4356 = CYLINDRICAL_SURFACE ( 'NONE', #5151, 2.000000000000001776 ) ;
#4357 = EDGE_CURVE ( 'NONE', #1046, #5565, #5216, .T. ) ;
#4358 = EDGE_LOOP ( 'NONE', ( #836, #819, #5196, #5412 ) ) ;
#4359 = CARTESIAN_POINT ( 'NONE',  ( -13.18436255310560234, 0.000000000000000000, 0.000000000000000000 ) ) ;
#4360 = CARTESIAN_POINT ( 'NONE',  ( -15.00000000000000000, 0.000000000000000000, 0.000000000000000000 ) ) ;
#4361 = CARTESIAN_POINT ( 'NONE',  ( -2.999999999999998224, 21.21320343559668231, 21.21320343559616717 ) ) ;
#4362 = ORIENTED_EDGE ( 'NONE', *, *, #679, .T. ) ;
#4363 = CARTESIAN_POINT ( 'NONE',  ( -1.514235513104409181, 43.61816262547015555, 10.75174540853478078 ) ) ;
#4364 = ADVANCED_FACE ( 'NONE', ( #2205 ), #5697, .F. ) ;
#4365 = EDGE_CURVE ( 'NONE', #4121, #2647, #5272, .T. ) ;
#4366 = ORIENTED_EDGE ( 'NONE', *, *, #2125, .F. ) ;
#4367 = CARTESIAN_POINT ( 'NONE',  ( -2.999999999999999112, -11.50000000000000000, 7.719519468096790308E-14 ) ) ;
#4368 = CARTESIAN_POINT ( 'NONE',  ( 11.92546950110327941, 16.71448917956968572, -30.95034448157385754 ) ) ;
#4369 = CARTESIAN_POINT ( 'NONE',  ( -2.929164707429894765, 38.98870081795841003, 17.33238494666137797 ) ) ;
#4370 = DIRECTION ( 'NONE',  ( -0.000000000000000000, 1.000000000000000000, -0.000000000000000000 ) ) ;
#4371 = EDGE_CURVE ( 'NONE', #3175, #1534, #449, .T. ) ;
#4372 = CARTESIAN_POINT ( 'NONE',  ( -26.44100814187985549, 26.81754148567247142, 0.000000000000000000 ) ) ;
#4373 = FACE_OUTER_BOUND ( 'NONE', #5736, .T. ) ;
#4374 = CARTESIAN_POINT ( 'NONE',  ( -12.00000000000000000, 3.673940397442059178E-15, -30.00000000000000000 ) ) ;
#4375 = VERTEX_POINT ( 'NONE', #1231 ) ;
#4376 = EDGE_LOOP ( 'NONE', ( #3125, #4811 ) ) ;
#4377 = CARTESIAN_POINT ( 'NONE',  ( -15.00000000000000000, -18.44272569798218697, -23.66148492442913565 ) ) ;
#4378 = CARTESIAN_POINT ( 'NONE',  ( 0.000000000000000000, 0.000000000000000000, 0.000000000000000000 ) ) ;
#4379 = ORIENTED_EDGE ( 'NONE', *, *, #644, .T. ) ;
#4380 = PERSON_AND_ORGANIZATION ( #1916, #341 ) ;
#4381 = CARTESIAN_POINT ( 'NONE',  ( 25.85528960709137891, -26.23182295088395222, -5.000000000000000000 ) ) ;
#4382 = ORIENTED_EDGE ( 'NONE', *, *, #3833, .F. ) ;
#4383 = AXIS2_PLACEMENT_3D ( 'NONE', #2930, #216, #2029 ) ;
#4384 = DIRECTION ( 'NONE',  ( 1.000000000000000000, 0.000000000000000000, 0.000000000000000000 ) ) ;
#4385 = LINE ( 'NONE', #2659, #4029 ) ;
#4386 = VECTOR ( 'NONE', #1270, 1000.000000000000000 ) ;
#4387 = VERTEX_POINT ( 'NONE', #2147 ) ;
#4388 = ORIENTED_EDGE ( 'NONE', *, *, #725, .F. ) ;
#4389 = CARTESIAN_POINT ( 'NONE',  ( -15.00000000000000000, -1.821819229026914400, 11.35477761546864528 ) ) ;
#4390 = DIRECTION ( 'NONE',  ( 1.000000000000000000, 0.000000000000000000, 0.000000000000000000 ) ) ;
#4391 = DIRECTION ( 'NONE',  ( -0.000000000000000000, -1.000000000000000000, -0.000000000000000000 ) ) ;
#4392 = EDGE_CURVE ( 'NONE', #322, #1562, #4754, .T. ) ;
#4393 = ADVANCED_FACE ( 'NONE', ( #3102 ), #4882, .T. ) ;
#4394 = CYLINDRICAL_SURFACE ( 'NONE', #5731, 15.00000000000000000 ) ;
#4395 = DIRECTION ( 'NONE',  ( 0.000000000000000000, -1.000000000000000000, 1.047444401652940164E-14 ) ) ;
#4396 = B_SPLINE_CURVE_WITH_KNOTS ( 'NONE', 3,
 ( #590, #2782, #96, #2287, #4622, #619, #5022, #1876, #3657, #5428, #3689, #4567, #2396, #179, #561, #4181, #1019, #1373, #4154, #154, #3164, #5075, #734, #674, #4706, #1640 ),
 .UNSPECIFIED., .F., .F.,
 ( 4, 2, 2, 2, 2, 2, 2, 2, 2, 2, 2, 2, 4 ),
 ( 0.1030966342874611585, 0.1052205443431951382, 0.1062824993710621280, 0.1073444543989291178, 0.1115922745103970909, 0.1137161845661310844, 0.1158400946218650779, 0.1200879147333330371, 0.1243357348448010102, 0.1264596449005350176, 0.1285835549562689972, 0.1328313750677369842, 0.1370791951792049712 ),
 .UNSPECIFIED. ) ;
#4397 = FACE_OUTER_BOUND ( 'NONE', #5476, .T. ) ;
#4398 = DIRECTION ( 'NONE',  ( 0.000000000000000000, -1.000000000000000000, 0.000000000000000000 ) ) ;
#4399 = ORIENTED_EDGE ( 'NONE', *, *, #3610, .T. ) ;
#4400 = AXIS2_PLACEMENT_3D ( 'NONE', #5110, #1109, #1055 ) ;
#4401 = EDGE_CURVE ( 'NONE', #558, #1089, #5490, .T. ) ;
#4402 = AXIS2_PLACEMENT_3D ( 'NONE', #4381, #2162, #1812 ) ;
#4403 = ORIENTED_EDGE ( 'NONE', *, *, #5209, .T. ) ;
#4404 = DIRECTION ( 'NONE',  ( 1.000000000000000000, 0.000000000000000000, 0.000000000000000000 ) ) ;
#4405 = VECTOR ( 'NONE', #318, 1000.000000000000000 ) ;
#4406 = AXIS2_PLACEMENT_3D ( 'NONE', #1224, #2954, #4737 ) ;
#4407 = EDGE_CURVE ( 'NONE', #1029, #2078, #466, .T. ) ;
#4408 = ORIENTED_EDGE ( 'NONE', *, *, #483, .T. ) ;
#4409 = APPROVAL_DATE_TIME ( #4467, #2674 ) ;
#4410 = AXIS2_PLACEMENT_3D ( 'NONE', #1937, #4571, #4184 ) ;
#4411 = CARTESIAN_POINT ( 'NONE',  ( -15.00000000000000000, 16.31354737148743084, -3.892886739489540560 ) ) ;
#4412 = CIRCLE ( 'NONE', #3105, 17.99999999999999645 ) ;
#4413 = VERTEX_POINT ( 'NONE', #1738 ) ;
#4414 = CARTESIAN_POINT ( 'NONE',  ( 4.365929850870178264, 38.34442572203057154, 17.74787260248755771 ) ) ;
#4415 = CYLINDRICAL_SURFACE ( 'NONE', #492, 35.15350152500624148 ) ;
#4416 = AXIS2_PLACEMENT_3D ( 'NONE', #5230, #5341, #7 ) ;
#4417 = CIRCLE ( 'NONE', #111, 24.42682846964513033 ) ;
#4418 = ORIENTED_EDGE ( 'NONE', *, *, #2503, .F. ) ;
#4419 = VECTOR ( 'NONE', #2599, 1000.000000000000000 ) ;
#4420 = CARTESIAN_POINT ( 'NONE',  ( -2.999999999999999112, 0.000000000000000000, 0.000000000000000000 ) ) ;
#4421 = ORIENTED_EDGE ( 'NONE', *, *, #5359, .F. ) ;
#4422 = CARTESIAN_POINT ( 'NONE',  ( 13.99999999999999645, 33.42897835913842641, 1.297247899378906055E-13 ) ) ;
#4423 = AXIS2_PLACEMENT_3D ( 'NONE', #5370, #4476, #4506 ) ;
#4424 = DIRECTION ( 'NONE',  ( 0.000000000000000000, 0.000000000000000000, 1.000000000000000000 ) ) ;
#4425 = DIRECTION ( 'NONE',  ( 1.000000000000000000, -0.000000000000000000, -0.000000000000000000 ) ) ;
#4426 = AXIS2_PLACEMENT_3D ( 'NONE', #191, #2436, #3263 ) ;
#4427 = LINE ( 'NONE', #1824, #1258 ) ;
#4428 = CARTESIAN_POINT ( 'NONE',  ( -15.00000000000000000, 0.000000000000000000, -0.000000000000000000 ) ) ;
#4429 = PLANE ( 'NONE',  #4778 ) ;
#4430 = EDGE_CURVE ( 'NONE', #1060, #3223, #4730, .T. ) ;
#4431 = LINE ( 'NONE', #3529, #1580 ) ;
#4432 = DIRECTION ( 'NONE',  ( 0.000000000000000000, 0.000000000000000000, 1.000000000000000000 ) ) ;
#4433 = AXIS2_PLACEMENT_3D ( 'NONE', #5552, #2900, #689 ) ;
#4434 = ORIENTED_EDGE ( 'NONE', *, *, #1356, .T. ) ;
#4435 = CYLINDRICAL_SURFACE ( 'NONE', #579, 11.50000000000000000 ) ;
#4436 = ADVANCED_FACE ( 'NONE', ( #1290 ), #5343, .F. ) ;
#4437 = VERTEX_POINT ( 'NONE', #2693 ) ;
#4438 = VECTOR ( 'NONE', #73, 1000.000000000000000 ) ;
#4439 = CIRCLE ( 'NONE', #4350, 3.000000000000000444 ) ;
#4440 = ORIENTED_EDGE ( 'NONE', *, *, #3142, .T. ) ;
#4441 = COORDINATED_UNIVERSAL_TIME_OFFSET ( 5, 30, .AHEAD. ) ;
#4442 = DIRECTION ( 'NONE',  ( 1.000000000000000000, 0.000000000000000000, 0.000000000000000000 ) ) ;
#4443 = ADVANCED_FACE ( 'NONE', ( #4803 ), #475, .T. ) ;
#4444 = ORIENTED_EDGE ( 'NONE', *, *, #4032, .T. ) ;
#4445 = CYLINDRICAL_SURFACE ( 'NONE', #1749, 2.000000000000000000 ) ;
#4446 = CARTESIAN_POINT ( 'NONE',  ( -15.00000000000000000, 14.28810658347096840, 8.782733359702522336 ) ) ;
#4447 = LOCAL_TIME ( 17, 36, 16.00000000000000000, #5098 ) ;
#4448 = VERTEX_POINT ( 'NONE', #4036 ) ;
#4449 =( NAMED_UNIT ( * ) PLANE_ANGLE_UNIT ( ) SI_UNIT ( $, .RADIAN. ) );
#4450 = EDGE_CURVE ( 'NONE', #127, #4671, #40, .T. ) ;
#4451 = ORIENTED_EDGE ( 'NONE', *, *, #5628, .T. ) ;
#4452 = CARTESIAN_POINT ( 'NONE',  ( 15.53241216860696561, 50.00000000000000000, 36.96764234670925475 ) ) ;
#4453 = CARTESIAN_POINT ( 'NONE',  ( 11.82088437519440838, 17.41430123184650114, -30.83255425850014575 ) ) ;
#4454 = DIRECTION ( 'NONE',  ( 0.000000000000000000, 0.000000000000000000, 1.000000000000000000 ) ) ;
#4455 = CARTESIAN_POINT ( 'NONE',  ( 15.99999999999999645, 0.000000000000000000, 0.000000000000000000 ) ) ;
#4456 = DIRECTION ( 'NONE',  ( 0.000000000000000000, 0.000000000000000000, 1.000000000000000000 ) ) ;
#4457 = CARTESIAN_POINT ( 'NONE',  ( -2.999999999999998224, -30.00000000000000000, -1.734723475976807094E-15 ) ) ;
#4458 = CARTESIAN_POINT ( 'NONE',  ( 8.785778021827187700, -17.36237085265844371, 0.000000000000000000 ) ) ;
#4459 = ORIENTED_EDGE ( 'NONE', *, *, #888, .T. ) ;
#4460 = VERTEX_POINT ( 'NONE', #3628 ) ;
#4461 = LINE ( 'NONE', #4377, #1702 ) ;
#4462 = DIRECTION ( 'NONE',  ( 1.000000000000000000, 0.000000000000000000, 0.000000000000000000 ) ) ;
#4463 = ORIENTED_EDGE ( 'NONE', *, *, #3148, .T. ) ;
#4464 = EDGE_CURVE ( 'NONE', #531, #2631, #2680, .T. ) ;
#4465 = EDGE_CURVE ( 'NONE', #3533, #4324, #2370, .T. ) ;
#4466 = ORIENTED_EDGE ( 'NONE', *, *, #3575, .F. ) ;
#4467 = DATE_AND_TIME ( #3065, #3137 ) ;
#4468 = CARTESIAN_POINT ( 'NONE',  ( -2.999999999999998224, 0.000000000000000000, 0.000000000000000000 ) ) ;
#4469 = ORIENTED_EDGE ( 'NONE', *, *, #1968, .T. ) ;
#4470 = DIRECTION ( 'NONE',  ( 0.000000000000000000, 1.000000000000000000, 0.000000000000000000 ) ) ;
#4471 = CARTESIAN_POINT ( 'NONE',  ( 5.999999999999996447, -33.42897835913842641, 1.999999999999870770 ) ) ;
#4472 = ADVANCED_FACE ( 'NONE', ( #4065, #1849 ), #4122, .F. ) ;
#4473 = ORIENTED_EDGE ( 'NONE', *, *, #2498, .T. ) ;
#4474 =( LENGTH_UNIT ( ) NAMED_UNIT ( * ) SI_UNIT ( .MILLI., .METRE. ) );
#4475 = ORIENTED_EDGE ( 'NONE', *, *, #4450, .F. ) ;
#4476 = DIRECTION ( 'NONE',  ( 1.000000000000000000, -0.000000000000000000, -0.000000000000000000 ) ) ;
#4477 = DIRECTION ( 'NONE',  ( 1.000000000000000000, 0.000000000000000000, 0.000000000000000000 ) ) ;
#4478 = LINE ( 'NONE', #510, #2724 ) ;
#4479 = CIRCLE ( 'NONE', #4576, 35.15350152500624148 ) ;
#4480 = AXIS2_PLACEMENT_3D ( 'NONE', #4006, #4390, #2174 ) ;
#4481 = CARTESIAN_POINT ( 'NONE',  ( 30.00000000000000000, 30.00000000000000000, -5.000000000000000000 ) ) ;
#4482 = DIRECTION ( 'NONE',  ( 1.000000000000000000, 0.000000000000000000, 0.000000000000000000 ) ) ;
#4483 = DIRECTION ( 'NONE',  ( 1.000000000000000000, -0.000000000000000000, -0.000000000000000000 ) ) ;
#4484 = DIRECTION ( 'NONE',  ( 1.000000000000000000, 0.000000000000000000, 0.000000000000000000 ) ) ;
#4485 = ORIENTED_EDGE ( 'NONE', *, *, #3794, .F. ) ;
#4486 = ORIENTED_EDGE ( 'NONE', *, *, #1426, .F. ) ;
#4487 = DIRECTION ( 'NONE',  ( -1.000000000000000000, 0.000000000000000000, 0.000000000000000000 ) ) ;
#4488 = DIRECTION ( 'NONE',  ( 0.000000000000000000, 0.000000000000000000, -1.000000000000000000 ) ) ;
#4489 = ORIENTED_EDGE ( 'NONE', *, *, #3285, .F. ) ;
#4490 = ADVANCED_BREP_SHAPE_REPRESENTATION ( '', ( #3821, #2942 ), #2475 ) ;
#4491 = EDGE_LOOP ( 'NONE', ( #2112, #4230, #5080, #2679 ) ) ;
#4492 = DATE_AND_TIME ( #551, #3326 ) ;
#4493 = DIRECTION ( 'NONE',  ( 0.000000000000000000, 0.000000000000000000, 1.000000000000000000 ) ) ;
#4494 = EDGE_LOOP ( 'NONE', ( #1406, #5358 ) ) ;
#4495 = CC_DESIGN_DATE_AND_TIME_ASSIGNMENT ( #1845, #2747, ( #1833 ) ) ;
#4496 = ADVANCED_FACE ( 'NONE', ( #3716 ), #1461, .F. ) ;
#4497 = AXIS2_PLACEMENT_3D ( 'NONE', #1291, #421, #2607 ) ;
#4498 = CARTESIAN_POINT ( 'NONE',  ( 12.99888464066020610, 18.27567480270492695, 30.21304363957514738 ) ) ;
#4499 = CARTESIAN_POINT ( 'NONE',  ( -2.999999999999998224, 14.28810658347096840, 8.782733359702522336 ) ) ;
#4500 = AXIS2_PLACEMENT_3D ( 'NONE', #2953, #3864, #4648 ) ;
#4501 = AXIS2_PLACEMENT_3D ( 'NONE', #312, #4658, #4774 ) ;
#4502 = AXIS2_PLACEMENT_3D ( 'NONE', #2922, #1194, #3805 ) ;
#4503 = VERTEX_POINT ( 'NONE', #1959 ) ;
#4504 = CARTESIAN_POINT ( 'NONE',  ( 7.094027214448808421E-16, 50.00000000000000000, 8.500000000000000000 ) ) ;
#4505 = ORIENTED_EDGE ( 'NONE', *, *, #1265, .T. ) ;
#4506 = DIRECTION ( 'NONE',  ( 0.000000000000000000, 0.000000000000000000, -1.000000000000000000 ) ) ;
#4507 = EDGE_CURVE ( 'NONE', #1718, #564, #1485, .T. ) ;
#4508 = CARTESIAN_POINT ( 'NONE',  ( -13.99999999999999467, 0.000000000000000000, 0.000000000000000000 ) ) ;
#4509 = CARTESIAN_POINT ( 'NONE',  ( -15.00000000000000000, -16.31354737148740242, 3.892886739489654246 ) ) ;
#4510 = CIRCLE ( 'NONE', #1982, 32.00000000000000000 ) ;
#4511 = AXIS2_PLACEMENT_3D ( 'NONE', #3300, #4638, #636 ) ;
#4512 = CARTESIAN_POINT ( 'NONE',  ( 13.99999999999999645, 33.42897835913842641, 1.297247899378906055E-13 ) ) ;
#4513 = TOROIDAL_SURFACE ( 'NONE', #5714, 24.42682846964513033, 10.00000000000000000 ) ;
#4514 = CARTESIAN_POINT ( 'NONE',  ( -11.93488257301923916, 24.86805547285037221, 24.84649847499357733 ) ) ;
#4515 = CARTESIAN_POINT ( 'NONE',  ( -15.99999999999999645, 0.000000000000000000, 0.000000000000000000 ) ) ;
#4516 = EDGE_CURVE ( 'NONE', #3416, #3350, #1750, .T. ) ;
#4517 = DIRECTION ( 'NONE',  ( 0.000000000000000000, -0.000000000000000000, 1.000000000000000000 ) ) ;
#4518 = VERTEX_POINT ( 'NONE', #1934 ) ;
#4519 = AXIS2_PLACEMENT_3D ( 'NONE', #2407, #5406, #2326 ) ;
#4520 = ORIENTED_EDGE ( 'NONE', *, *, #2117, .T. ) ;
#4521 = CARTESIAN_POINT ( 'NONE',  ( 13.99999999999999645, 16.66961349092467159, -30.94984096133288176 ) ) ;
#4522 = CARTESIAN_POINT ( 'NONE',  ( 13.00000000000002487, 31.97071371987383870, 1.368745499306161184 ) ) ;
#4523 = ORIENTED_EDGE ( 'NONE', *, *, #2795, .T. ) ;
#4524 = AXIS2_PLACEMENT_3D ( 'NONE', #5622, #260, #5155 ) ;
#4525 = ORIENTED_EDGE ( 'NONE', *, *, #1606, .F. ) ;
#4526 = APPROVAL_ROLE ( '' ) ;
#4527 = CARTESIAN_POINT ( 'NONE',  ( 11.93488257301923738, 0.000000000000000000, 0.000000000000000000 ) ) ;
#4528 = ORIENTED_EDGE ( 'NONE', *, *, #3950, .F. ) ;
#4529 = VECTOR ( 'NONE', #2259, 1000.000000000000000 ) ;
#4530 = CARTESIAN_POINT ( 'NONE',  ( 12.98738719433459998, 17.88799519284588513, 30.57979512815387935 ) ) ;
#4531 = DIRECTION ( 'NONE',  ( 0.000000000000000000, -0.8660254037844432595, 0.4999999999999920619 ) ) ;
#4532 = AXIS2_PLACEMENT_3D ( 'NONE', #680, #737, #3868 ) ;
#4533 = ADVANCED_FACE ( 'NONE', ( #3252 ), #5048, .F. ) ;
#4534 = ORIENTED_EDGE ( 'NONE', *, *, #3354, .T. ) ;
#4535 = CARTESIAN_POINT ( 'NONE',  ( -25.16399022923949147, -0.5063862543540558203, -47.30946278634301194 ) ) ;
#4536 = VERTEX_POINT ( 'NONE', #4935 ) ;
#4537 = DIRECTION ( 'NONE',  ( 0.000000000000000000, 0.000000000000000000, 1.000000000000000000 ) ) ;
#4538 = ORIENTED_EDGE ( 'NONE', *, *, #2109, .F. ) ;
#4539 = AXIS2_PLACEMENT_3D ( 'NONE', #4299, #3461, #1104 ) ;
#4540 = DIRECTION ( 'NONE',  ( -0.000000000000000000, -1.000000000000000000, -0.000000000000000000 ) ) ;
#4541 = CARTESIAN_POINT ( 'NONE',  ( -13.18436255310560412, 29.29880855940645645, 22.84649847499375497 ) ) ;
#4542 = ADVANCED_FACE ( 'NONE', ( #969 ), #996, .F. ) ;
#4543 = EDGE_CURVE ( 'NONE', #4729, #5741, #2968, .T. ) ;
#4544 = ORGANIZATION ( 'NAUO-ORG2', 'UNSPECIFIED', 'UNSPECIFIED' ) ;
#4545 = DIRECTION ( 'NONE',  ( -1.000000000000000000, -0.000000000000000000, -0.000000000000000000 ) ) ;
#4546 = CARTESIAN_POINT ( 'NONE',  ( -15.99999999999999645, 0.000000000000000000, 0.000000000000000000 ) ) ;
#4547 = DIRECTION ( 'NONE',  ( -8.881784197001254296E-16, 0.000000000000000000, -1.000000000000000000 ) ) ;
#4548 = DIRECTION ( 'NONE',  ( 1.000000000000000000, 0.000000000000000000, 0.000000000000000000 ) ) ;
#4549 = VERTEX_POINT ( 'NONE', #535 ) ;
#4550 = EDGE_CURVE ( 'NONE', #4261, #769, #4396, .T. ) ;
#4551 = ORIENTED_EDGE ( 'NONE', *, *, #4046, .T. ) ;
#4552 = CYLINDRICAL_SURFACE ( 'NONE', #2539, 17.99999999999999645 ) ;
#4553 = DIRECTION ( 'NONE',  ( 0.000000000000000000, 0.000000000000000000, -1.000000000000000000 ) ) ;
#4554 = EDGE_LOOP ( 'NONE', ( #4695, #2303, #85, #2408 ) ) ;
#4555 = EDGE_CURVE ( 'NONE', #1514, #54, #633, .T. ) ;
#4556 = ORIENTED_EDGE ( 'NONE', *, *, #893, .F. ) ;
#4557 = DIRECTION ( 'NONE',  ( 1.000000000000000000, 0.000000000000000000, 0.000000000000000000 ) ) ;
#4558 = ORIENTED_EDGE ( 'NONE', *, *, #4996, .T. ) ;
#4559 = CARTESIAN_POINT ( 'NONE',  ( 15.99999999999999645, 3.673940397442058389E-15, 30.00000000000000000 ) ) ;
#4560 = CARTESIAN_POINT ( 'NONE',  ( -2.999999999999998224, 16.31354737148743084, -21.89288673948953701 ) ) ;
#4561 = DESIGN_CONTEXT ( 'detailed design', #2219, 'design' ) ;
#4562 = VERTEX_POINT ( 'NONE', #3831 ) ;
#4563 = COORDINATED_UNIVERSAL_TIME_OFFSET ( 5, 30, .AHEAD. ) ;
#4564 = ORIENTED_EDGE ( 'NONE', *, *, #218, .T. ) ;
#4565 = DIRECTION ( 'NONE',  ( 0.000000000000000000, 0.000000000000000000, -1.000000000000000000 ) ) ;
#4566 = ORIENTED_EDGE ( 'NONE', *, *, #651, .F. ) ;
#4567 = CARTESIAN_POINT ( 'NONE',  ( 14.99752698360668468, 21.22859717090600640, 30.49982243104527058 ) ) ;
#4568 = DIRECTION ( 'NONE',  ( 0.000000000000000000, 0.8660254037844393737, -0.4999999999999987232 ) ) ;
#4569 = ORIENTED_EDGE ( 'NONE', *, *, #2118, .T. ) ;
#4570 = DIRECTION ( 'NONE',  ( 1.000000000000000000, 0.000000000000000000, 0.000000000000000000 ) ) ;
#4571 = DIRECTION ( 'NONE',  ( 1.000000000000000000, 0.000000000000000000, 0.000000000000000000 ) ) ;
#4572 = LINE ( 'NONE', #5464, #3356 ) ;
#4574 = DIRECTION ( 'NONE',  ( 1.000000000000000000, 0.000000000000000000, -0.000000000000000000 ) ) ;
#4573 = PRODUCT_DEFINITION ( 'UNKNOWN', '', #4907, #1040 ) ;
#4575 = EDGE_CURVE ( 'NONE', #5595, #3046, #330, .T. ) ;
#4576 = AXIS2_PLACEMENT_3D ( 'NONE', #914, #4484, #2613 ) ;
#4577 = CARTESIAN_POINT ( 'NONE',  ( 13.00000000000002487, -16.71448917956882951, -28.95034448157433360 ) ) ;
#4578 = DIRECTION ( 'NONE',  ( 1.000000000000000000, -0.000000000000000000, 0.000000000000000000 ) ) ;
#4579 = VERTEX_POINT ( 'NONE', #705 ) ;
#4580 = EDGE_CURVE ( 'NONE', #5223, #482, #4945, .T. ) ;
#4581 = ORIENTED_EDGE ( 'NONE', *, *, #981, .F. ) ;
#4582 = COORDINATED_UNIVERSAL_TIME_OFFSET ( 5, 30, .AHEAD. ) ;
#4583 = CARTESIAN_POINT ( 'NONE',  ( 1.019692721499659616, 42.79891571522356486, 13.79031477497242619 ) ) ;
#4584 = EDGE_CURVE ( 'NONE', #3430, #4781, #762, .T. ) ;
#4585 = DIRECTION ( 'NONE',  ( 0.000000000000000000, -0.000000000000000000, 1.000000000000000000 ) ) ;
#4586 = CARTESIAN_POINT ( 'NONE',  ( -15.00000000000000000, 8.131727983645394175, 8.131727983645200553 ) ) ;
#4587 = CIRCLE ( 'NONE', #1693, 2.000000000000001776 ) ;
#4588 = ORIENTED_EDGE ( 'NONE', *, *, #2226, .T. ) ;
#4589 = CARTESIAN_POINT ( 'NONE',  ( -45.19791284950679255, 2.829079854902827318, -6.165529537887098677 ) ) ;
#4590 = ORIENTED_EDGE ( 'NONE', *, *, #1335, .F. ) ;
#4591 = CARTESIAN_POINT ( 'NONE',  ( 30.00000000000000000, -30.00000000000000000, -5.000000000000000000 ) ) ;
#4592 = ORIENTED_EDGE ( 'NONE', *, *, #5564, .T. ) ;
#4593 = DIRECTION ( 'NONE',  ( -0.000000000000000000, 1.000000000000000000, -0.000000000000000000 ) ) ;
#4594 = DIRECTION ( 'NONE',  ( -1.000000000000000000, 0.000000000000000000, 0.000000000000000000 ) ) ;
#4595 = VECTOR ( 'NONE', #138, 1000.000000000000000 ) ;
#4596 = AXIS2_PLACEMENT_3D ( 'NONE', #3894, #5226, #1164 ) ;
#4597 = DIRECTION ( 'NONE',  ( 1.000000000000000000, 0.000000000000000000, 0.000000000000000000 ) ) ;
#4598 = CARTESIAN_POINT ( 'NONE',  ( 11.93488257301923738, 0.000000000000000000, 35.15350152500624148 ) ) ;
#4599 = VECTOR ( 'NONE', #3207, 1000.000000000000000 ) ;
#4600 = CIRCLE ( 'NONE', #3574, 21.50000000000000000 ) ;
#4601 = DIRECTION ( 'NONE',  ( 0.000000000000000000, 0.000000000000000000, -1.000000000000000000 ) ) ;
#4602 = CARTESIAN_POINT ( 'NONE',  ( -15.00000000000000000, 0.000000000000000000, 0.000000000000000000 ) ) ;
#4603 = VECTOR ( 'NONE', #1523, 1000.000000000000000 ) ;
#4604 = EDGE_CURVE ( 'NONE', #1804, #5423, #4126, .T. ) ;
#4605 = CARTESIAN_POINT ( 'NONE',  ( -15.53241216860690344, 50.00000000000000000, 19.03235765329062801 ) ) ;
#4606 = CARTESIAN_POINT ( 'NONE',  ( 15.53241216860677731, 40.00000000000000000, 23.03235765329041840 ) ) ;
#4607 = CIRCLE ( 'NONE', #39, 16.29999999999999361 ) ;
#4608 = ORIENTED_EDGE ( 'NONE', *, *, #477, .F. ) ;
#4609 = EDGE_CURVE ( 'NONE', #4549, #2199, #645, .T. ) ;
#4610 = ORIENTED_EDGE ( 'NONE', *, *, #5484, .F. ) ;
#4611 = APPROVAL_ROLE ( '' ) ;
#4612 = CARTESIAN_POINT ( 'NONE',  ( 1.739231054124672049, 43.51336181110986701, 11.06888615642477980 ) ) ;
#4613 = CARTESIAN_POINT ( 'NONE',  ( 1.799248064579598960, 41.39128868686742635, 11.18215225887696995 ) ) ;
#4614 = CARTESIAN_POINT ( 'NONE',  ( 11.93488257301923738, 0.000000000000000000, 0.000000000000000000 ) ) ;
#4615 = EDGE_CURVE ( 'NONE', #3017, #3819, #1705, .T. ) ;
#4616 = CIRCLE ( 'NONE', #515, 35.15350152500624148 ) ;
#4617 = ORIENTED_EDGE ( 'NONE', *, *, #2000, .F. ) ;
#4618 = PERSON_AND_ORGANIZATION_ROLE ( 'creator' ) ;
#4619 = ORIENTED_EDGE ( 'NONE', *, *, #1030, .T. ) ;
#4620 = DIRECTION ( 'NONE',  ( 0.000000000000000000, 0.000000000000000000, 1.000000000000000000 ) ) ;
#4621 = EDGE_LOOP ( 'NONE', ( #3825, #2327 ) ) ;
#4622 = CARTESIAN_POINT ( 'NONE',  ( 14.11268560856663257, 27.56775506148488830, 24.91028939784555263 ) ) ;
#4623 = FACE_BOUND ( 'NONE', #1148, .T. ) ;
#4624 = VECTOR ( 'NONE', #3280, 1000.000000000000000 ) ;
#4625 = EDGE_CURVE ( 'NONE', #564, #4671, #4644, .T. ) ;
#4626 = ORIENTED_EDGE ( 'NONE', *, *, #3161, .T. ) ;
#4627 = CARTESIAN_POINT ( 'NONE',  ( 13.99999999999999645, 0.000000000000000000, 0.000000000000000000 ) ) ;
#4628 = AXIS2_PLACEMENT_3D ( 'NONE', #2143, #4240, #243 ) ;
#4629 = FACE_BOUND ( 'NONE', #2253, .T. ) ;
#4630 = LINE ( 'NONE', #3316, #4674 ) ;
#4631 = LOCAL_TIME ( 17, 36, 16.00000000000000000, #3089 ) ;
#4632 = DIRECTION ( 'NONE',  ( 1.000000000000000000, 0.000000000000000000, 0.000000000000000000 ) ) ;
#4633 = CARTESIAN_POINT ( 'NONE',  ( -8.785778021827159279, 17.52971900545513861, 4.000000000000000000 ) ) ;
#4634 = ORIENTED_EDGE ( 'NONE', *, *, #5091, .F. ) ;
#4635 = ORIENTED_EDGE ( 'NONE', *, *, #4828, .T. ) ;
#4636 = PLANE ( 'NONE',  #1123 ) ;
#4637 = CARTESIAN_POINT ( 'NONE',  ( 0.1332776502507542205, 41.80552003979224196, 10.06471530658117786 ) ) ;
#4638 = DIRECTION ( 'NONE',  ( 0.000000000000000000, 0.000000000000000000, 1.000000000000000000 ) ) ;
#4639 = EDGE_CURVE ( 'NONE', #1697, #3241, #4764, .T. ) ;
#4640 = EDGE_CURVE ( 'NONE', #3041, #3801, #1463, .T. ) ;
#4641 = ORIENTED_EDGE ( 'NONE', *, *, #5309, .T. ) ;
#4642 = DIRECTION ( 'NONE',  ( 0.000000000000000000, 0.000000000000000000, 1.000000000000000000 ) ) ;
#4643 = CARTESIAN_POINT ( 'NONE',  ( -12.58021734346758791, 11.32873915410583798, 33.28306382074371328 ) ) ;
#4644 = CIRCLE ( 'NONE', #5758, 2.000000000000001776 ) ;
#4645 = EDGE_LOOP ( 'NONE', ( #1007, #3715, #4839, #5538 ) ) ;
#4646 = DIRECTION ( 'NONE',  ( -0.000000000000000000, 1.000000000000000000, -0.000000000000000000 ) ) ;
#4647 = ORIENTED_EDGE ( 'NONE', *, *, #1457, .T. ) ;
#4648 = DIRECTION ( 'NONE',  ( 0.000000000000000000, 0.8660254037844393737, -0.4999999999999987232 ) ) ;
#4649 = CARTESIAN_POINT ( 'NONE',  ( 11.86572235804735875, -35.30417470679526559, -0.7192891499794138443 ) ) ;
#4650 = EDGE_CURVE ( 'NONE', #2273, #659, #2403, .T. ) ;
#4651 = CARTESIAN_POINT ( 'NONE',  ( -12.00000000000000000, 0.000000000000000000, 0.000000000000000000 ) ) ;
#4652 = ORIENTED_EDGE ( 'NONE', *, *, #2130, .F. ) ;
#4653 = LINE ( 'NONE', #5517, #4603 ) ;
#4654 = DIRECTION ( 'NONE',  ( 1.000000000000000000, 0.000000000000000000, 0.000000000000000000 ) ) ;
#4655 = PLANE ( 'NONE',  #2619 ) ;
#4656 = ADVANCED_FACE ( 'NONE', ( #1756 ), #3516, .T. ) ;
#4657 = DIRECTION ( 'NONE',  ( 1.000000000000000000, 0.000000000000000000, 0.000000000000000000 ) ) ;
#4658 = DIRECTION ( 'NONE',  ( -1.000000000000000000, 0.000000000000000000, 0.000000000000000000 ) ) ;
#4659 = DIRECTION ( 'NONE',  ( 0.000000000000000000, 0.000000000000000000, 1.000000000000000000 ) ) ;
#4660 = VERTEX_POINT ( 'NONE', #3094 ) ;
#4661 = AXIS2_PLACEMENT_3D ( 'NONE', #625, #3745, #596 ) ;
#4662 = ORIENTED_EDGE ( 'NONE', *, *, #1320, .F. ) ;
#4663 = CARTESIAN_POINT ( 'NONE',  ( 13.99999999999999645, 31.97071371987384580, -1.368745499305913604 ) ) ;
#4664 = CARTESIAN_POINT ( 'NONE',  ( 0.5289567198617767252, 40.64707812730490843, 13.99808323466193194 ) ) ;
#4665 = FACE_OUTER_BOUND ( 'NONE', #1114, .T. ) ;
#4666 = ORIENTED_EDGE ( 'NONE', *, *, #156, .F. ) ;
#4667 = APPROVAL_ROLE ( '' ) ;
#4668 = PRODUCT_RELATED_PRODUCT_CATEGORY ( 'detail', '', ( #5556 ) ) ;
#4669 = CARTESIAN_POINT ( 'NONE',  ( -12.84947510944074800, 14.54695430781990595, 32.02307063842233248 ) ) ;
#4670 = ADVANCED_FACE ( 'NONE', ( #3013 ), #2166, .T. ) ;
#4671 = VERTEX_POINT ( 'NONE', #3539 ) ;
#4672 = CARTESIAN_POINT ( 'NONE',  ( -15.00000000000000000, 1.821819229026994114, -11.35477761546863107 ) ) ;
#4673 = ORIENTED_EDGE ( 'NONE', *, *, #14, .T. ) ;
#4674 = VECTOR ( 'NONE', #187, 1000.000000000000000 ) ;
#4675 = CARTESIAN_POINT ( 'NONE',  ( -13.18436255310560412, 29.29880855940645645, 22.84649847499375497 ) ) ;
#4676 = PLANE ( 'NONE',  #2263 ) ;
#4677 = AXIS2_PLACEMENT_3D ( 'NONE', #3769, #3334, #5099 ) ;
#4678 = DIRECTION ( 'NONE',  ( 1.000000000000000000, 0.000000000000000000, 0.000000000000000000 ) ) ;
#4679 = EDGE_CURVE ( 'NONE', #4460, #5191, #2516, .T. ) ;
#4680 = EDGE_LOOP ( 'NONE', ( #236, #2905, #4836, #3504 ) ) ;
#4681 = CARTESIAN_POINT ( 'NONE',  ( 25.85528960709137891, -26.23182295088395222, -5.000000000000000000 ) ) ;
#4682 = CARTESIAN_POINT ( 'NONE',  ( 3.542594881233475768, 41.83132005031236389, 15.41805868745944252 ) ) ;
#4683 = DIRECTION ( 'NONE',  ( 0.000000000000000000, 0.000000000000000000, 1.000000000000000000 ) ) ;
#4684 = VECTOR ( 'NONE', #5381, 1000.000000000000000 ) ;
#4685 = VECTOR ( 'NONE', #5131, 1000.000000000000000 ) ;
#4686 = AXIS2_PLACEMENT_3D ( 'NONE', #690, #3876, #3906 ) ;
#4687 = AXIS2_PLACEMENT_3D ( 'NONE', #235, #479, #4915 ) ;
#4688 = EDGE_CURVE ( 'NONE', #1044, #4896, #1282, .T. ) ;
#4689 = CARTESIAN_POINT ( 'NONE',  ( -8.000000000000000000, 1.224646799147354440E-16, -1.000000000000000888 ) ) ;
#4690 = DIRECTION ( 'NONE',  ( 0.000000000000000000, 0.000000000000000000, -1.000000000000000000 ) ) ;
#4691 = PLANE ( 'NONE',  #1723 ) ;
#4692 = VERTEX_POINT ( 'NONE', #3127 ) ;
#4693 = CIRCLE ( 'NONE', #2090, 6.000000000000000888 ) ;
#4694 = CIRCLE ( 'NONE', #1407, 17.99999999999999645 ) ;
#4695 = ORIENTED_EDGE ( 'NONE', *, *, #1295, .T. ) ;
#4696 = AXIS2_PLACEMENT_3D ( 'NONE', #4704, #703, #1603 ) ;
#4697 = CARTESIAN_POINT ( 'NONE',  ( -1.796499625308835002, 42.28313132035834343, 15.10116743929624583 ) ) ;
#4698 = CARTESIAN_POINT ( 'NONE',  ( 2.002254986770259482, 41.04177395867699119, 12.30152027227561362 ) ) ;
#4699 = CARTESIAN_POINT ( 'NONE',  ( 11.82451449343309591, -18.03041600812319345, -30.46717222878843856 ) ) ;
#4700 = ORIENTED_EDGE ( 'NONE', *, *, #3760, .F. ) ;
#4701 = SHAPE_DEFINITION_REPRESENTATION ( #5142, #4279 ) ;
#4702 = DIRECTION ( 'NONE',  ( 1.000000000000000000, 0.000000000000000000, 0.000000000000000000 ) ) ;
#4703 = ORIENTED_EDGE ( 'NONE', *, *, #4464, .F. ) ;
#4704 = CARTESIAN_POINT ( 'NONE',  ( 5.999999999999996447, -33.42897835913842641, -1.297247899378906055E-13 ) ) ;
#4705 = EDGE_LOOP ( 'NONE', ( #5715, #710, #2833, #3120 ) ) ;
#4706 = CARTESIAN_POINT ( 'NONE',  ( 13.18436255310560234, 1.426884245722364497, 37.15350152500624858 ) ) ;
#4707 = CARTESIAN_POINT ( 'NONE',  ( 10.99999999999999645, 14.79998848622271446, -28.37182300818322744 ) ) ;
#4708 = AXIS2_PLACEMENT_3D ( 'NONE', #220, #2495, #1585 ) ;
#4709 = CARTESIAN_POINT ( 'NONE',  ( -0.5328449091668928661, 43.84005370988277406, 10.11878735788266681 ) ) ;
#4710 = VERTEX_POINT ( 'NONE', #2113 ) ;
#4711 = PLANE ( 'NONE',  #315 ) ;
#4712 = AXIS2_PLACEMENT_3D ( 'NONE', #4512, #451, #2232 ) ;
#4713 = CARTESIAN_POINT ( 'NONE',  ( 11.21858241206344253, 34.57533047525523529, 20.03894126662132180 ) ) ;
#4714 = DIRECTION ( 'NONE',  ( 0.000000000000000000, 0.000000000000000000, 1.000000000000000000 ) ) ;
#4715 = ADVANCED_FACE ( 'NONE', ( #874 ), #4445, .F. ) ;
#4716 = ADVANCED_FACE ( 'NONE', ( #1781 ), #3563, .F. ) ;
#4717 = FACE_OUTER_BOUND ( 'NONE', #5181, .T. ) ;
#4718 = LINE ( 'NONE', #5524, #602 ) ;
#4719 = DIRECTION ( 'NONE',  ( 0.000000000000000000, 0.000000000000000000, -1.000000000000000000 ) ) ;
#4720 = CARTESIAN_POINT ( 'NONE',  ( -2.999999999999999112, -11.35477761546863640, -1.821819229026955922 ) ) ;
#4721 = ORIENTED_EDGE ( 'NONE', *, *, #1265, .F. ) ;
#4722 = LOCAL_TIME ( 17, 36, 16.00000000000000000, #1922 ) ;
#4723 = EDGE_CURVE ( 'NONE', #2278, #5568, #2151, .T. ) ;
#4724 = ORIENTED_EDGE ( 'NONE', *, *, #1575, .T. ) ;
#4725 = CARTESIAN_POINT ( 'NONE',  ( 0.000000000000000000, 50.00000000000000000, 12.06471530658119384 ) ) ;
#4726 = CARTESIAN_POINT ( 'NONE',  ( 1.738368958065304781, 41.43083836878236781, 11.06744597817443143 ) ) ;
#4727 = CARTESIAN_POINT ( 'NONE',  ( 11.82109802923443631, -17.41178464547198956, -30.83343664977556742 ) ) ;
#4728 = ADVANCED_FACE ( 'NONE', ( #1671 ), #5225, .F. ) ;
#4729 = VERTEX_POINT ( 'NONE', #2576 ) ;
#4730 = CIRCLE ( 'NONE', #2216, 17.99999999999999645 ) ;
#4731 = CALENDAR_DATE ( 2026, 8, 7 ) ;
#4732 = CARTESIAN_POINT ( 'NONE',  ( 11.93488257301923738, 35.13815526106478160, 1.038611726258549917 ) ) ;
#4733 = EDGE_LOOP ( 'NONE', ( #1095, #1464, #1088, #1733 ) ) ;
#4734 = CYLINDRICAL_SURFACE ( 'NONE', #2362, 17.99999999999999645 ) ;
#4735 = VERTEX_POINT ( 'NONE', #5690 ) ;
#4736 = DIRECTION ( 'NONE',  ( -1.000000000000000000, -0.000000000000000000, -0.000000000000000000 ) ) ;
#4737 = DIRECTION ( 'NONE',  ( 0.000000000000000000, 0.000000000000000000, -1.000000000000000000 ) ) ;
#4738 = ORIENTED_EDGE ( 'NONE', *, *, #56, .T. ) ;
#4739 = CARTESIAN_POINT ( 'NONE',  ( -1.014789235613976492, 43.76195483042949519, 10.33637294285872876 ) ) ;
#4740 = ORIENTED_EDGE ( 'NONE', *, *, #2961, .T. ) ;
#4741 = CARTESIAN_POINT ( 'NONE',  ( -2.999999999999998224, -1.030097166893171936E-13, -30.00000000000000000 ) ) ;
#4742 = CARTESIAN_POINT ( 'NONE',  ( 2.255207394040509516, 42.19400963880951139, 15.16398473291027393 ) ) ;
#4743 = CYLINDRICAL_SURFACE ( 'NONE', #1974, 2.000000000000001776 ) ;
#4744 = FACE_BOUND ( 'NONE', #1287, .T. ) ;
#4745 = DIRECTION ( 'NONE',  ( 1.000000000000000000, 0.000000000000000000, 0.000000000000000000 ) ) ;
#4746 = DIRECTION ( 'NONE',  ( 1.000000000000000000, 0.000000000000000000, 0.000000000000000000 ) ) ;
#4747 = EDGE_CURVE ( 'NONE', #1398, #673, #1700, .T. ) ;
#4748 = CARTESIAN_POINT ( 'NONE',  ( 15.99999999999999645, -33.42897835913842641, -1.297247899378906055E-13 ) ) ;
#4749 = ORIENTED_EDGE ( 'NONE', *, *, #4207, .T. ) ;
#4750 = VERTEX_POINT ( 'NONE', #3042 ) ;
#4751 = CARTESIAN_POINT ( 'NONE',  ( -4.345571675355084373, 41.51604887918528419, 15.63702705111099789 ) ) ;
#4752 = EDGE_CURVE ( 'NONE', #4081, #2305, #2791, .T. ) ;
#4753 = FACE_OUTER_BOUND ( 'NONE', #4003, .T. ) ;
#4754 = CIRCLE ( 'NONE', #4286, 11.50000000000000000 ) ;
#4755 = DIRECTION ( 'NONE',  ( 1.000000000000000000, 0.000000000000000000, -0.000000000000000000 ) ) ;
#4756 = CIRCLE ( 'NONE', #471, 15.00000000000000000 ) ;
#4757 = ORIENTED_EDGE ( 'NONE', *, *, #4032, .F. ) ;
#4758 = CALENDAR_DATE ( 2026, 8, 7 ) ;
#4759 = CYLINDRICAL_SURFACE ( 'NONE', #391, 32.00000000000000000 ) ;
#4760 = EDGE_CURVE ( 'NONE', #171, #4820, #3034, .T. ) ;
#4761 = VERTEX_POINT ( 'NONE', #2830 ) ;
#4762 = DIRECTION ( 'NONE',  ( 1.000000000000000000, 0.000000000000000000, 0.000000000000000000 ) ) ;
#4763 = ORIENTED_EDGE ( 'NONE', *, *, #1329, .T. ) ;
#4764 = LINE ( 'NONE', #206, #4175 ) ;
#4765 = DIRECTION ( 'NONE',  ( -0.8660254037844427044, 0.000000000000000000, -0.4999999999999929501 ) ) ;
#4766 = ORIENTED_EDGE ( 'NONE', *, *, #5420, .F. ) ;
#4767 = CARTESIAN_POINT ( 'NONE',  ( -2.002166522589369890, 43.14674706905130108, 12.30312266173511482 ) ) ;
#4768 = ORIENTED_EDGE ( 'NONE', *, *, #1938, .T. ) ;
#4769 = CARTESIAN_POINT ( 'NONE',  ( -2.999999999999998224, 29.77217284761369243, 3.690220038400653380 ) ) ;
#4770 = PLANE ( 'NONE',  #176 ) ;
#4771 = DIRECTION ( 'NONE',  ( 0.000000000000000000, 0.000000000000000000, 1.000000000000000000 ) ) ;
#4772 = DIRECTION ( 'NONE',  ( -0.000000000000000000, -0.000000000000000000, 1.000000000000000000 ) ) ;
#4773 = DIRECTION ( 'NONE',  ( 0.000000000000000000, 0.000000000000000000, -1.000000000000000000 ) ) ;
#4774 = DIRECTION ( 'NONE',  ( 0.000000000000000000, -0.7071067811865389130, 0.7071067811865561215 ) ) ;
#4775 = CIRCLE ( 'NONE', #5328, 2.000000000000001776 ) ;
#4776 = CARTESIAN_POINT ( 'NONE',  ( 1.960353772385379403E-15, 39.49683531626299526, 16.99999999999999645 ) ) ;
#4777 = ORIENTED_EDGE ( 'NONE', *, *, #225, .F. ) ;
#4778 = AXIS2_PLACEMENT_3D ( 'NONE', #1323, #46, #13 ) ;
#4779 = EDGE_CURVE ( 'NONE', #1100, #3350, #4056, .T. ) ;
#4780 = VECTOR ( 'NONE', #2082, 1000.000000000000000 ) ;
#4781 = VERTEX_POINT ( 'NONE', #3218 ) ;
#4782 = CARTESIAN_POINT ( 'NONE',  ( -7.861958394051772991, 39.16123679762291943, 17.22069030618369823 ) ) ;
#4783 = CIRCLE ( 'NONE', #5144, 11.50000000000000000 ) ;
#4784 = AXIS2_PLACEMENT_3D ( 'NONE', #2134, #1248, #1692 ) ;
#4785 = FACE_BOUND ( 'NONE', #4265, .T. ) ;
#4786 = CARTESIAN_POINT ( 'NONE',  ( 11.86043626054446598, -17.06512565897661560, -30.92754228149685858 ) ) ;
#4787 = EDGE_CURVE ( 'NONE', #5741, #1046, #1841, .T. ) ;
#4788 = EDGE_CURVE ( 'NONE', #299, #4579, #5441, .T. ) ;
#4789 = AXIS2_PLACEMENT_3D ( 'NONE', #1230, #4827, #3570 ) ;
#4790 = ORIENTED_EDGE ( 'NONE', *, *, #3148, .F. ) ;
#4791 = PERSON_AND_ORGANIZATION ( #1916, #341 ) ;
#4792 = CYLINDRICAL_SURFACE ( 'NONE', #3205, 2.000000000000001776 ) ;
#4793 = VERTEX_POINT ( 'NONE', #990 ) ;
#4794 = DIRECTION ( 'NONE',  ( -1.000000000000000000, -0.000000000000000000, -0.000000000000000000 ) ) ;
#4795 = DIRECTION ( 'NONE',  ( 0.000000000000000000, 0.000000000000000000, -1.000000000000000000 ) ) ;
#4796 = LINE ( 'NONE', #4707, #4958 ) ;
#4797 = VECTOR ( 'NONE', #357, 1000.000000000000000 ) ;
#4798 = EDGE_CURVE ( 'NONE', #4864, #5223, #1532, .T. ) ;
#4799 = ORIENTED_EDGE ( 'NONE', *, *, #5420, .T. ) ;
#4800 = CARTESIAN_POINT ( 'NONE',  ( 7.094027214448808421E-16, 48.00000000000000000, 30.00000000000000000 ) ) ;
#4801 = ORIENTED_EDGE ( 'NONE', *, *, #399, .F. ) ;
#4802 = FACE_OUTER_BOUND ( 'NONE', #1634, .T. ) ;
#4803 = FACE_OUTER_BOUND ( 'NONE', #1390, .T. ) ;
#4804 = DIRECTION ( 'NONE',  ( 1.000000000000000000, -0.000000000000000000, -0.000000000000000000 ) ) ;
#4805 = EDGE_CURVE ( 'NONE', #522, #3536, #4148, .T. ) ;
#4806 = CARTESIAN_POINT ( 'NONE',  ( 11.86543902397367845, 35.30483771827633888, 0.7170101409427418471 ) ) ;
#4807 = DIRECTION ( 'NONE',  ( -0.000000000000000000, -0.000000000000000000, 1.000000000000000000 ) ) ;
#4808 = VECTOR ( 'NONE', #1255, 1000.000000000000000 ) ;
#4809 = DIRECTION ( 'NONE',  ( -0.000000000000000000, 1.000000000000000000, -0.000000000000000000 ) ) ;
#4810 = CARTESIAN_POINT ( 'NONE',  ( 13.00000000000002487, 0.000000000000000000, 0.000000000000000000 ) ) ;
#4811 = ORIENTED_EDGE ( 'NONE', *, *, #1466, .F. ) ;
#4812 = VECTOR ( 'NONE', #3197, 1000.000000000000000 ) ;
#4813 = VERTEX_POINT ( 'NONE', #2248 ) ;
#4814 = CARTESIAN_POINT ( 'NONE',  ( -2.999999999999998224, 0.000000000000000000, 0.000000000000000000 ) ) ;
#4815 = CARTESIAN_POINT ( 'NONE',  ( 15.99999999999999645, 0.000000000000000000, 0.000000000000000000 ) ) ;
#4816 = CC_DESIGN_APPROVAL ( #2496, ( #4907 ) ) ;
#4817 = VERTEX_POINT ( 'NONE', #4026 ) ;
#4818 = APPLICATION_PROTOCOL_DEFINITION ( 'international standard', 'config_control_design', 1994, #1533 ) ;
#4819 = DIRECTION ( 'NONE',  ( 0.000000000000000000, 1.000000000000000000, -3.512016853204580186E-15 ) ) ;
#4820 = VERTEX_POINT ( 'NONE', #4559 ) ;
#4821 = EDGE_CURVE ( 'NONE', #4387, #3290, #4145, .T. ) ;
#4822 = EDGE_CURVE ( 'NONE', #2969, #3145, #1821, .T. ) ;
#4823 = CARTESIAN_POINT ( 'NONE',  ( 8.126078430838377997, 34.93292575045430937, 19.83481529464144799 ) ) ;
#4824 = FACE_OUTER_BOUND ( 'NONE', #1304, .T. ) ;
#4825 = EDGE_LOOP ( 'NONE', ( #58, #198, #280, #3395 ) ) ;
#4826 = ORIENTED_EDGE ( 'NONE', *, *, #3973, .F. ) ;
#4827 = DIRECTION ( 'NONE',  ( 1.000000000000000000, -0.000000000000000000, -0.000000000000000000 ) ) ;
#4828 = EDGE_CURVE ( 'NONE', #4324, #649, #89, .T. ) ;
#4829 = CARTESIAN_POINT ( 'NONE',  ( 11.89763911975221689, 18.38462876956863212, -30.06440870378846597 ) ) ;
#4830 = DIRECTION ( 'NONE',  ( -0.000000000000000000, -0.000000000000000000, 1.000000000000000000 ) ) ;
#4831 = CARTESIAN_POINT ( 'NONE',  ( 11.82302436153900338, 35.40400605266464851, -0.3648860748581670421 ) ) ;
#4832 = CARTESIAN_POINT ( 'NONE',  ( 7.094027214448808421E-16, 46.00000000000000000, 30.00000000000000000 ) ) ;
#4833 = DIRECTION ( 'NONE',  ( 0.000000000000000000, 0.000000000000000000, -1.000000000000000000 ) ) ;
#4834 = CYLINDRICAL_SURFACE ( 'NONE', #3171, 35.15350152500624148 ) ;
#4835 = EDGE_LOOP ( 'NONE', ( #2983, #1229, #1871, #1919 ) ) ;
#4836 = ORIENTED_EDGE ( 'NONE', *, *, #253, .F. ) ;
#4837 = PLANE ( 'NONE',  #5704 ) ;
#4838 = VECTOR ( 'NONE', #3838, 1000.000000000000000 ) ;
#4839 = ORIENTED_EDGE ( 'NONE', *, *, #5183, .F. ) ;
#4840 = PERSON_AND_ORGANIZATION_ROLE ( 'creator' ) ;
#4841 = CARTESIAN_POINT ( 'NONE',  ( 21.49999999999999645, 0.000000000000000000, 0.000000000000000000 ) ) ;
#4842 = ORIENTED_EDGE ( 'NONE', *, *, #2389, .T. ) ;
#4843 = DIRECTION ( 'NONE',  ( 0.000000000000000000, 0.000000000000000000, -1.000000000000000000 ) ) ;
#4844 = DIRECTION ( 'NONE',  ( 0.000000000000000000, 0.000000000000000000, -1.000000000000000000 ) ) ;
#4845 = CIRCLE ( 'NONE', #1867, 2.000000000000002220 ) ;
#4846 = PRODUCT_RELATED_PRODUCT_CATEGORY ( 'detail', '', ( #1181 ) ) ;
#4847 = EDGE_CURVE ( 'NONE', #1130, #2969, #3620, .T. ) ;
#4848 = ORIENTED_EDGE ( 'NONE', *, *, #1721, .F. ) ;
#4849 = SHAPE_REPRESENTATION_RELATIONSHIP ( 'NONE' , 'NONE' ,  #1892, #4490 ) ;
#4850 = ORIENTED_EDGE ( 'NONE', *, *, #1143, .F. ) ;
#4851 = DIRECTION ( 'NONE',  ( 1.000000000000000000, 0.000000000000000000, 0.000000000000000000 ) ) ;
#4852 = CARTESIAN_POINT ( 'NONE',  ( 8.785778021827187700, -17.36237085265844371, 4.000000000000000000 ) ) ;
#4853 = CARTESIAN_POINT ( 'NONE',  ( 12.96521674968611570, 16.71448917956903557, 30.95034448157422347 ) ) ;
#4854 = EDGE_CURVE ( 'NONE', #3616, #3145, #1452, .T. ) ;
#4855 = DIRECTION ( 'NONE',  ( 0.000000000000000000, 0.000000000000000000, 1.000000000000000000 ) ) ;
#4856 = DIRECTION ( 'NONE',  ( 0.000000000000000000, 0.000000000000000000, 1.000000000000000000 ) ) ;
#4857 = CARTESIAN_POINT ( 'NONE',  ( 5.999999999999996447, 33.42897835913842641, 1.297247899378906055E-13 ) ) ;
#4858 = DIRECTION ( 'NONE',  ( -0.000000000000000000, -0.000000000000000000, -1.000000000000000000 ) ) ;
#4859 = CARTESIAN_POINT ( 'NONE',  ( -11.93488257301924094, 0.000000000000000000, 0.000000000000000000 ) ) ;
#4860 = AXIS2_PLACEMENT_3D ( 'NONE', #4014, #915, #1745 ) ;
#4861 = EDGE_CURVE ( 'NONE', #5719, #4660, #5039, .T. ) ;
#4862 = CIRCLE ( 'NONE', #851, 17.99999999999999645 ) ;
#4863 = AXIS2_PLACEMENT_3D ( 'NONE', #5727, #4391, #390 ) ;
#4864 = VERTEX_POINT ( 'NONE', #3648 ) ;
#4865 = CARTESIAN_POINT ( 'NONE',  ( -2.999999999999999112, 6.740819519822132122, 9.317260981704061251 ) ) ;
#4866 = ORIENTED_EDGE ( 'NONE', *, *, #2456, .T. ) ;
#4867 = AXIS2_PLACEMENT_3D ( 'NONE', #3508, #4017, #21 ) ;
#4868 = ADVANCED_FACE ( 'NONE', ( #119 ), #1898, .F. ) ;
#4869 = ORIENTED_EDGE ( 'NONE', *, *, #5557, .T. ) ;
#4870 = APPROVAL_ROLE ( '' ) ;
#4871 = AXIS2_PLACEMENT_3D ( 'NONE', #887, #4809, #395 ) ;
#4872 = DIRECTION ( 'NONE',  ( 0.000000000000000000, 0.000000000000000000, -1.000000000000000000 ) ) ;
#4873 = VECTOR ( 'NONE', #1092, 1000.000000000000000 ) ;
#4874 = VERTEX_POINT ( 'NONE', #1925 ) ;
#4875 = CARTESIAN_POINT ( 'NONE',  ( -15.00000000000000000, -3.690220038400341629, 29.77217284761373151 ) ) ;
#4876 = DIRECTION ( 'NONE',  ( -1.000000000000000000, -0.000000000000000000, -0.000000000000000000 ) ) ;
#4877 = AXIS2_PLACEMENT_3D ( 'NONE', #3368, #5136, #302 ) ;
#4878 = VERTEX_POINT ( 'NONE', #3707 ) ;
#4879 = EDGE_LOOP ( 'NONE', ( #815, #3743, #1166, #4451 ) ) ;
#4880 = DIRECTION ( 'NONE',  ( 0.000000000000000000, 0.000000000000000000, -1.000000000000000000 ) ) ;
#4881 = AXIS2_PLACEMENT_3D ( 'NONE', #1384, #4762, #1669 ) ;
#4882 = PLANE ( 'NONE',  #1772 ) ;
#4883 = CARTESIAN_POINT ( 'NONE',  ( -15.00000000000000000, 1.170938346284344789E-13, 11.50000000000000000 ) ) ;
#4884 = AXIS2_PLACEMENT_3D ( 'NONE', #4810, #2904, #2561 ) ;
#4885 = CARTESIAN_POINT ( 'NONE',  ( 13.99999999999999645, 0.000000000000000000, 0.000000000000000000 ) ) ;
#4886 = DIRECTION ( 'NONE',  ( 1.000000000000000000, 0.000000000000000000, 0.000000000000000000 ) ) ;
#4887 = DIRECTION ( 'NONE',  ( -1.000000000000000000, -0.000000000000000000, -0.000000000000000000 ) ) ;
#4888 = CARTESIAN_POINT ( 'NONE',  ( -15.00000000000000000, 0.000000000000000000, -0.000000000000000000 ) ) ;
#4890 = EDGE_CURVE ( 'NONE', #3130, #4660, #3593, .T. ) ;
#4889 = EDGE_LOOP ( 'NONE', ( #382, #5695, #379, #3084 ) ) ;
#4891 = EDGE_CURVE ( 'NONE', #1611, #2227, #50, .T. ) ;
#4892 = TOROIDAL_SURFACE ( 'NONE', #3126, 1.000000000000000888, 4.000000000000000000 ) ;
#4893 = EDGE_LOOP ( 'NONE', ( #2115, #4610 ) ) ;
#4894 = CARTESIAN_POINT ( 'NONE',  ( -2.999999999999999112, -1.821819229026914400, 11.35477761546864528 ) ) ;
#4895 = DIRECTION ( 'NONE',  ( 0.000000000000000000, 0.000000000000000000, -1.000000000000000000 ) ) ;
#4896 = VERTEX_POINT ( 'NONE', #696 ) ;
#4897 = EDGE_CURVE ( 'NONE', #441, #3047, #5492, .T. ) ;
#4898 = AXIS2_PLACEMENT_3D ( 'NONE', #4651, #4545, #4183 ) ;
#4899 = APPROVAL_PERSON_ORGANIZATION ( #5424, #1785, #2803 ) ;
#4900 = ORIENTED_EDGE ( 'NONE', *, *, #3510, .F. ) ;
#4901 = APPROVAL_ROLE ( '' ) ;
#4902 = FACE_BOUND ( 'NONE', #2008, .T. ) ;
#4903 = ORIENTED_EDGE ( 'NONE', *, *, #1823, .F. ) ;
#4904 = EDGE_CURVE ( 'NONE', #3047, #441, #425, .T. ) ;
#4905 = CARTESIAN_POINT ( 'NONE',  ( -15.53241216860690344, 50.00000000000000000, 21.03235765329063156 ) ) ;
#4906 = CARTESIAN_POINT ( 'NONE',  ( 13.99999999999999645, 16.71448917956966085, -28.95034448157385754 ) ) ;
#4907 = PRODUCT_DEFINITION_FORMATION_WITH_SPECIFIED_SOURCE ( 'ANY', '', #5556, .NOT_KNOWN. ) ;
#4908 = ORIENTED_EDGE ( 'NONE', *, *, #974, .T. ) ;
#4909 =( NAMED_UNIT ( * ) SI_UNIT ( $, .STERADIAN. ) SOLID_ANGLE_UNIT ( ) );
#4910 = ORIENTED_EDGE ( 'NONE', *, *, #3185, .F. ) ;
#4911 = CARTESIAN_POINT ( 'NONE',  ( -15.00000000000000000, 21.21320343559638744, -21.21320343559646204 ) ) ;
#4912 = DIRECTION ( 'NONE',  ( 0.000000000000000000, 0.7071067811865437980, -0.7071067811865512365 ) ) ;
#4913 = DIRECTION ( 'NONE',  ( 0.000000000000000000, 1.000000000000000000, 0.000000000000000000 ) ) ;
#4914 = CARTESIAN_POINT ( 'NONE',  ( 15.99999999999999645, 16.71448917956903557, 30.95034448157422347 ) ) ;
#4915 = DIRECTION ( 'NONE',  ( 0.000000000000000000, 0.000000000000000000, -1.000000000000000000 ) ) ;
#4916 = DIRECTION ( 'NONE',  ( 0.000000000000000000, 0.000000000000000000, -1.000000000000000000 ) ) ;
#4917 = CARTESIAN_POINT ( 'NONE',  ( -15.00000000000000000, -8.131727983645285818, 8.131727983645308910 ) ) ;
#4918 = ORIENTED_EDGE ( 'NONE', *, *, #2852, .F. ) ;
#4919 = EDGE_CURVE ( 'NONE', #1921, #2324, #2935, .T. ) ;
#4920 = ORIENTED_EDGE ( 'NONE', *, *, #5485, .T. ) ;
#4921 = CARTESIAN_POINT ( 'NONE',  ( 15.98174859208560683, 17.36237085265844371, 4.000000000000000000 ) ) ;
#4922 = CARTESIAN_POINT ( 'NONE',  ( 10.99999999999999645, 17.17072523365198577, -27.00307750887715130 ) ) ;
#4923 = VERTEX_POINT ( 'NONE', #2103 ) ;
#4924 = ADVANCED_FACE ( 'NONE', ( #2532 ), #1213, .T. ) ;
#4925 = ORIENTED_EDGE ( 'NONE', *, *, #2291, .T. ) ;
#4926 = PERSON_AND_ORGANIZATION ( #1916, #341 ) ;
#4927 = DIRECTION ( 'NONE',  ( 0.000000000000000000, -1.000000000000000000, 0.000000000000000000 ) ) ;
#4928 = ORIENTED_EDGE ( 'NONE', *, *, #2071, .T. ) ;
#4929 = DIRECTION ( 'NONE',  ( 1.000000000000000000, 0.000000000000000000, 0.000000000000000000 ) ) ;
#4930 = DIRECTION ( 'NONE',  ( 0.000000000000000000, 0.000000000000000000, -1.000000000000000000 ) ) ;
#4931 = EDGE_CURVE ( 'NONE', #3536, #522, #5266, .T. ) ;
#4932 = ORIENTED_EDGE ( 'NONE', *, *, #2620, .T. ) ;
#4933 = ORIENTED_EDGE ( 'NONE', *, *, #716, .T. ) ;
#4934 = DIRECTION ( 'NONE',  ( 0.000000000000000000, 0.000000000000000000, 1.000000000000000000 ) ) ;
#4935 = CARTESIAN_POINT ( 'NONE',  ( -16.31644489767901263, -17.52971900545513861, 4.000000000000000000 ) ) ;
#4936 = B_SPLINE_CURVE_WITH_KNOTS ( 'NONE', 3,
 ( #724, #4256, #5185, #4697, #3793, #813, #4349, #4751, #258, #5560, #2041, #2531, #4782, #1563, #3820, #5154, #5653, #4284, #5621, #4226, #1629, #3417, #2102, #1183 ),
 .UNSPECIFIED., .F., .F.,
 ( 4, 2, 2, 2, 2, 2, 2, 2, 2, 2, 2, 4 ),
 ( 0.05209406227439736248, 0.05344950500765696666, 0.05480494774091656390, 0.05616039047417616809, 0.05751583320743576533, 0.06022671867395497369, 0.06158216140721457788, 0.06293760414047416818, 0.06564848960699336267, 0.06835937507351255715, 0.07107026054003175164, 0.07378114600655094613 ),
 .UNSPECIFIED. ) ;
#4937 = DIRECTION ( 'NONE',  ( -1.000000000000000000, 0.000000000000000000, -0.000000000000000000 ) ) ;
#4938 = AXIS2_PLACEMENT_3D ( 'NONE', #2730, #372, #454 ) ;
#4939 = LINE ( 'NONE', #4481, #4438 ) ;
#4940 = B_SPLINE_CURVE_WITH_KNOTS ( 'NONE', 3,
 ( #3708, #3219, #4086, #2388, #3733, #3246, #5475, #1870 ),
 .UNSPECIFIED., .F., .F.,
 ( 4, 2, 2, 4 ),
 ( 0.000000000000000000, 0.004120625945119103795, 0.006180938917678655692, 0.008241251890238207589 ),
 .UNSPECIFIED. ) ;
#4941 = CARTESIAN_POINT ( 'NONE',  ( -2.999999999999999112, 0.000000000000000000, 0.000000000000000000 ) ) ;
#4942 = CARTESIAN_POINT ( 'NONE',  ( -15.00000000000000000, 0.000000000000000000, 0.000000000000000000 ) ) ;
#4943 = CARTESIAN_POINT ( 'NONE',  ( 15.53241216860696561, 40.00000000000000000, 40.96764234670925475 ) ) ;
#4944 = ORIENTED_EDGE ( 'NONE', *, *, #329, .F. ) ;
#4945 = B_SPLINE_CURVE_WITH_KNOTS ( 'NONE', 3,
 ( #4295, #2453, #2486, #3428, #5571, #1573, #268, #3363, #2051, #4268, #1163, #1077, #4236, #1607, #294, #2892, #5130, #4330, #3739, #5103, #5194, #3396, #5164, #5511, #2865, #4675 ),
 .UNSPECIFIED., .F., .F.,
 ( 4, 2, 2, 2, 2, 2, 2, 2, 2, 2, 2, 2, 4 ),
 ( 0.03531757166746894716, 0.03956411154962751614, 0.04381065143178608512, 0.04805719131394466104, 0.05018046125502395594, 0.05230373119610325083, 0.05655027107826181981, 0.06079681096042039573, 0.06292008090149969757, 0.06504335084257897859, 0.06716662078365827349, 0.06822825575419791400, 0.06928989072473756838 ),
 .UNSPECIFIED. ) ;
#4946 = ORIENTED_EDGE ( 'NONE', *, *, #5558, .T. ) ;
#4947 = CARTESIAN_POINT ( 'NONE',  ( 0.000000000000000000, 40.00000000000000000, 14.06471530658119384 ) ) ;
#4948 = AXIS2_PLACEMENT_3D ( 'NONE', #160, #626, #1024 ) ;
#4949 = CARTESIAN_POINT ( 'NONE',  ( -12.00000000000000000, 0.000000000000000000, 0.000000000000000000 ) ) ;
#4950 = ORIENTED_EDGE ( 'NONE', *, *, #4075, .T. ) ;
#4951 = ADVANCED_FACE ( 'NONE', ( #3000, #4785, #3477, #814, #786, #4319, #5249 ), #3884, .F. ) ;
#4952 = AXIS2_PLACEMENT_3D ( 'NONE', #4527, #4083, #1728 ) ;
#4953 = AXIS2_PLACEMENT_3D ( 'NONE', #3960, #4425, #3572 ) ;
#4954 = VERTEX_POINT ( 'NONE', #1663 ) ;
#4955 = DATE_AND_TIME ( #5413, #3698 ) ;
#4956 = DIRECTION ( 'NONE',  ( 0.000000000000000000, -0.7071067811865536790, -0.7071067811865414665 ) ) ;
#4957 = ORIENTED_EDGE ( 'NONE', *, *, #5035, .F. ) ;
#4958 = VECTOR ( 'NONE', #2487, 1000.000000000000000 ) ;
#4959 = DIRECTION ( 'NONE',  ( 1.000000000000000000, -0.000000000000000000, 0.000000000000000000 ) ) ;
#4960 = DIRECTION ( 'NONE',  ( 1.000000000000000000, -0.000000000000000000, -0.000000000000000000 ) ) ;
#4961 = EDGE_CURVE ( 'NONE', #1562, #3819, #4351, .T. ) ;
#4962 = EDGE_CURVE ( 'NONE', #1089, #3449, #1912, .T. ) ;
#4963 = VECTOR ( 'NONE', #719, 1000.000000000000000 ) ;
#4964 = CIRCLE ( 'NONE', #4038, 30.00000000000000000 ) ;
#4965 = ORIENTED_EDGE ( 'NONE', *, *, #2889, .F. ) ;
#4966 = DIRECTION ( 'NONE',  ( 0.9913619167508547214, -0.1295031858474513242, 0.02074788836079390075 ) ) ;
#4967 = ORIENTED_EDGE ( 'NONE', *, *, #2021, .F. ) ;
#4968 = CARTESIAN_POINT ( 'NONE',  ( -2.999999999999999112, 3.690220038400549463, -29.77217284761370664 ) ) ;
#4969 = ORIENTED_EDGE ( 'NONE', *, *, #105, .T. ) ;
#4970 = DIRECTION ( 'NONE',  ( 1.000000000000000000, 0.000000000000000000, 0.000000000000000000 ) ) ;
#4971 = CARTESIAN_POINT ( 'NONE',  ( 1.418805442889761684E-15, 50.00000000000000000, 49.93528469341880793 ) ) ;
#4972 = ADVANCED_FACE ( 'NONE', ( #4753 ), #1691, .F. ) ;
#4973 = LINE ( 'NONE', #5003, #338 ) ;
#4974 = AXIS2_PLACEMENT_3D ( 'NONE', #5046, #2719, #4565 ) ;
#4975 = CARTESIAN_POINT ( 'NONE',  ( -13.01517602341653124, 18.59183004953202811, 29.85715536809041382 ) ) ;
#4976 = CARTESIAN_POINT ( 'NONE',  ( 7.094027214448808421E-16, 0.000000000000000000, 30.00000000000000000 ) ) ;
#4977 = CARTESIAN_POINT ( 'NONE',  ( -15.00000000000000000, 8.782733359702472598, -14.28810658347099860 ) ) ;
#4978 = ORIENTED_EDGE ( 'NONE', *, *, #460, .F. ) ;
#4979 = AXIS2_PLACEMENT_3D ( 'NONE', #346, #4251, #3378 ) ;
#4980 = VERTEX_POINT ( 'NONE', #311 ) ;
#4981 = CARTESIAN_POINT ( 'NONE',  ( -15.00000000000000000, -6.740819519822066397, -9.317260981704107436 ) ) ;
#4982 = CARTESIAN_POINT ( 'NONE',  ( 13.00000000000002487, 0.000000000000000000, 0.000000000000000000 ) ) ;
#4983 = ORIENTED_EDGE ( 'NONE', *, *, #3545, .T. ) ;
#4984 = VECTOR ( 'NONE', #718, 1000.000000000000000 ) ;
#4985 = EDGE_LOOP ( 'NONE', ( #3887, #5107, #4799, #4255 ) ) ;
#4986 = DATE_AND_TIME ( #1947, #3236 ) ;
#4987 = CARTESIAN_POINT ( 'NONE',  ( 8.785778021827187700, 17.36237085265844371, 4.000000000000000000 ) ) ;
#4988 = ORIENTED_EDGE ( 'NONE', *, *, #2498, .F. ) ;
#4989 = AXIS2_PLACEMENT_3D ( 'NONE', #4455, #3630, #5399 ) ;
#4990 = DIRECTION ( 'NONE',  ( -0.000000000000000000, -1.000000000000000000, -0.000000000000000000 ) ) ;
#4991 = DIRECTION ( 'NONE',  ( 1.000000000000000000, 0.000000000000000000, 0.000000000000000000 ) ) ;
#4992 = APPROVAL_PERSON_ORGANIZATION ( #963, #5243, #638 ) ;
#4993 = ORIENTED_EDGE ( 'NONE', *, *, #5493, .F. ) ;
#4994 = DIRECTION ( 'NONE',  ( 0.000000000000000000, 0.000000000000000000, 1.000000000000000000 ) ) ;
#4995 = ADVANCED_FACE ( 'NONE', ( #2934 ), #5205, .F. ) ;
#4996 = EDGE_CURVE ( 'NONE', #83, #3684, #141, .T. ) ;
#4997 = ORIENTED_EDGE ( 'NONE', *, *, #1025, .T. ) ;
#4998 = CARTESIAN_POINT ( 'NONE',  ( -2.999999999999999112, -8.131727983645337332, -8.131727983645257396 ) ) ;
#4999 = ORIENTED_EDGE ( 'NONE', *, *, #5353, .F. ) ;
#5000 = CC_DESIGN_APPROVAL ( #3711, ( #2853 ) ) ;
#5001 = DIRECTION ( 'NONE',  ( 1.000000000000000000, 0.000000000000000000, 0.000000000000000000 ) ) ;
#5002 = CARTESIAN_POINT ( 'NONE',  ( -26.44100814187985549, -26.23182295088395222, -5.000000000000000000 ) ) ;
#5003 = CARTESIAN_POINT ( 'NONE',  ( 10.00000000000000000, 3.673940397442060361E-16, -3.000000000000000444 ) ) ;
#5004 = EDGE_CURVE ( 'NONE', #4923, #1857, #4238, .T. ) ;
#5005 = DIRECTION ( 'NONE',  ( 1.000000000000000000, -0.000000000000000000, -0.000000000000000000 ) ) ;
#5006 = FACE_OUTER_BOUND ( 'NONE', #61, .T. ) ;
#5007 = CARTESIAN_POINT ( 'NONE',  ( 1.663734802719232178E-15, 46.00000000000000000, 45.93528469341880083 ) ) ;
#5008 = AXIS2_PLACEMENT_3D ( 'NONE', #4905, #4470, #3893 ) ;
#5009 = CARTESIAN_POINT ( 'NONE',  ( 27.85528960709138246, 26.81754148567247142, 0.000000000000000000 ) ) ;
#5010 = LINE ( 'NONE', #2380, #2368 ) ;
#5011 = ORIENTED_EDGE ( 'NONE', *, *, #1037, .F. ) ;
#5012 = EDGE_LOOP ( 'NONE', ( #4061, #2527, #1952, #2185 ) ) ;
#5013 = COORDINATED_UNIVERSAL_TIME_OFFSET ( 5, 30, .AHEAD. ) ;
#5014 = CARTESIAN_POINT ( 'NONE',  ( -2.999999999999998224, 0.000000000000000000, -30.00000000000000000 ) ) ;
#5015 = CARTESIAN_POINT ( 'NONE',  ( -16.31644489767901263, -17.52971900545513861, 4.000000000000000000 ) ) ;
#5016 = CARTESIAN_POINT ( 'NONE',  ( 11.92546950110327764, -16.71448917956946190, 30.95034448157397833 ) ) ;
#5017 = ORIENTED_EDGE ( 'NONE', *, *, #4507, .T. ) ;
#5018 =( NAMED_UNIT ( * ) SI_UNIT ( $, .STERADIAN. ) SOLID_ANGLE_UNIT ( ) );
#5019 = ORIENTED_EDGE ( 'NONE', *, *, #4365, .F. ) ;
#5020 = DIRECTION ( 'NONE',  ( 0.000000000000000000, 1.000000000000000000, 0.000000000000000000 ) ) ;
#5021 = ORIENTED_EDGE ( 'NONE', *, *, #3392, .T. ) ;
#5022 = CARTESIAN_POINT ( 'NONE',  ( 14.36592177983743746, 26.85511338526517378, 25.67700130817434356 ) ) ;
#5023 = CARTESIAN_POINT ( 'NONE',  ( 15.53241216860677731, 50.00000000000000000, 21.03235765329041485 ) ) ;
#5024 = ADVANCED_FACE ( 'NONE', ( #5086 ), #4892, .T. ) ;
#5025 = EDGE_LOOP ( 'NONE', ( #288, #3597 ) ) ;
#5026 = CARTESIAN_POINT ( 'NONE',  ( -1.023047813970985098, 42.79612666383145836, 13.80363147045391159 ) ) ;
#5027 = DIRECTION ( 'NONE',  ( -1.000000000000000000, -0.000000000000000000, -0.000000000000000000 ) ) ;
#5028 = FACE_OUTER_BOUND ( 'NONE', #4825, .T. ) ;
#5029 = DIRECTION ( 'NONE',  ( 0.000000000000000000, -1.000000000000000000, 0.000000000000000000 ) ) ;
#5030 = EDGE_CURVE ( 'NONE', #5760, #3879, #975, .T. ) ;
#5031 = CIRCLE ( 'NONE', #4, 17.99999999999999645 ) ;
#5032 = CARTESIAN_POINT ( 'NONE',  ( 13.00000000000002487, -16.71448917956882951, -26.95034448157433360 ) ) ;
#5033 = DIRECTION ( 'NONE',  ( 0.000000000000000000, 0.000000000000000000, -1.000000000000000000 ) ) ;
#5034 = EDGE_LOOP ( 'NONE', ( #527, #5620, #4641, #5197 ) ) ;
#5035 = EDGE_CURVE ( 'NONE', #31, #54, #3683, .T. ) ;
#5036 = EDGE_LOOP ( 'NONE', ( #447, #459 ) ) ;
#5037 = APPROVAL_DATE_TIME ( #1502, #5278 ) ;
#5038 = CARTESIAN_POINT ( 'NONE',  ( 0.1328866367709517216, 42.74557033594031452, 14.06471530658119740 ) ) ;
#5039 = LINE ( 'NONE', #1869, #518 ) ;
#5040 = CARTESIAN_POINT ( 'NONE',  ( -15.00000000000000000, -3.690220038400341629, 29.77217284761373151 ) ) ;
#5041 = ADVANCED_FACE ( 'NONE', ( #2432 ), #4306, .F. ) ;
#5042 = ORIENTED_EDGE ( 'NONE', *, *, #3575, .T. ) ;
#5043 = CIRCLE ( 'NONE', #1421, 16.29999999999999361 ) ;
#5044 = AXIS2_PLACEMENT_3D ( 'NONE', #5633, #1102, #4296 ) ;
#5045 = ORIENTED_EDGE ( 'NONE', *, *, #5651, .F. ) ;
#5046 = CARTESIAN_POINT ( 'NONE',  ( 13.00000000000002487, 0.000000000000000000, 0.000000000000000000 ) ) ;
#5047 = ORIENTED_EDGE ( 'NONE', *, *, #2071, .F. ) ;
#5048 = PLANE ( 'NONE',  #5466 ) ;
#5049 = CARTESIAN_POINT ( 'NONE',  ( -15.00000000000000000, 0.000000000000000000, 0.000000000000000000 ) ) ;
#5050 = AXIS2_PLACEMENT_3D ( 'NONE', #4446, #5306, #2167 ) ;
#5051 = CARTESIAN_POINT ( 'NONE',  ( 5.999999999999996447, 16.71448917956966085, -26.95034448157385398 ) ) ;
#5052 = CARTESIAN_POINT ( 'NONE',  ( 15.99999999999999645, 4.549991671971520484E-15, -37.15350152500624858 ) ) ;
#5053 = CIRCLE ( 'NONE', #2733, 16.42682846964513743 ) ;
#5054 = CARTESIAN_POINT ( 'NONE',  ( -15.00000000000000000, 3.892886739489710646, 16.31354737148739176 ) ) ;
#5055 = CYLINDRICAL_SURFACE ( 'NONE', #2252, 15.00000000000000000 ) ;
#5056 = VECTOR ( 'NONE', #2582, 1000.000000000000000 ) ;
#5057 = EDGE_CURVE ( 'NONE', #3031, #150, #4718, .T. ) ;
#5058 = DIRECTION ( 'NONE',  ( -1.000000000000000000, -0.000000000000000000, -0.000000000000000000 ) ) ;
#5059 = ADVANCED_FACE ( 'NONE', ( #3346 ), #5178, .F. ) ;
#5060 = FACE_OUTER_BOUND ( 'NONE', #2245, .T. ) ;
#5061 = AXIS2_PLACEMENT_3D ( 'NONE', #4359, #1332, #2978 ) ;
#5062 = ORIENTED_EDGE ( 'NONE', *, *, #5456, .T. ) ;
#5063 = EDGE_LOOP ( 'NONE', ( #2682, #1079, #3644, #1835, #3005 ) ) ;
#5064 = CARTESIAN_POINT ( 'NONE',  ( 1.338745142984410608, 42.84709780024514458, 13.55646101891316313 ) ) ;
#5065 = EDGE_CURVE ( 'NONE', #3611, #3241, #1144, .T. ) ;
#5066 = CARTESIAN_POINT ( 'NONE',  ( -1.998662028509312183, 41.15502101084530295, 11.91696101753913517 ) ) ;
#5067 = CARTESIAN_POINT ( 'NONE',  ( -19.99999999999998934, 0.000000000000000000, 0.000000000000000000 ) ) ;
#5068 = AXIS2_PLACEMENT_3D ( 'NONE', #2334, #5390, #1038 ) ;
#5069 = ORIENTED_EDGE ( 'NONE', *, *, #1057, .T. ) ;
#5070 = CALENDAR_DATE ( 2026, 8, 7 ) ;
#5071 = CARTESIAN_POINT ( 'NONE',  ( -12.82782370582918041, 21.44311722949568377, 27.86218258827397065 ) ) ;
#5072 = VERTEX_POINT ( 'NONE', #2874 ) ;
#5073 = LINE ( 'NONE', #1099, #1620 ) ;
#5074 = ORIENTED_EDGE ( 'NONE', *, *, #1243, .T. ) ;
#5075 = CARTESIAN_POINT ( 'NONE',  ( 13.51759263536241029, 7.020901950650805468, 36.51127630701856219 ) ) ;
#5076 = CARTESIAN_POINT ( 'NONE',  ( 10.99999999999999645, 31.97071371987384580, -1.368745499305912494 ) ) ;
#5077 = CIRCLE ( 'NONE', #3972, 2.000000000000001776 ) ;
#5078 = EDGE_LOOP ( 'NONE', ( #3918, #3847, #810, #605 ) ) ;
#5079 = CARTESIAN_POINT ( 'NONE',  ( -2.454646196293976880E-16, 42.74557033594031452, 14.06471530658119384 ) ) ;
#5080 = ORIENTED_EDGE ( 'NONE', *, *, #5740, .T. ) ;
#5081 = AXIS2_PLACEMENT_3D ( 'NONE', #4535, #3248, #4966 ) ;
#5082 = CARTESIAN_POINT ( 'NONE',  ( 13.99999999999999645, -35.13815526106478160, -1.038611726258556800 ) ) ;
#5083 = CARTESIAN_POINT ( 'NONE',  ( 13.99999999999999645, 0.000000000000000000, 0.000000000000000000 ) ) ;
#5084 = CARTESIAN_POINT ( 'NONE',  ( 13.99999999999999645, 0.000000000000000000, -32.00000000000000000 ) ) ;
#5085 = LOCAL_TIME ( 17, 36, 16.00000000000000000, #2975 ) ;
#5086 = FACE_OUTER_BOUND ( 'NONE', #5605, .T. ) ;
#5087 = CARTESIAN_POINT ( 'NONE',  ( 5.999999999999996447, -16.71448917956946190, 26.95034448157397478 ) ) ;
#5088 = CARTESIAN_POINT ( 'NONE',  ( 13.99999999999999645, 18.46854177014041198, 29.91122923507482767 ) ) ;
#5089 = ORIENTED_EDGE ( 'NONE', *, *, #3661, .F. ) ;
#5090 = APPROVAL ( #2707, 'UNKNOWN' ) ;
#5091 = EDGE_CURVE ( 'NONE', #4298, #322, #2467, .T. ) ;
#5092 = ORIENTED_EDGE ( 'NONE', *, *, #231, .F. ) ;
#5093 = CARTESIAN_POINT ( 'NONE',  ( 1.897127641232415396, 43.40287585941118209, 11.41870318809431950 ) ) ;
#5094 = CARTESIAN_POINT ( 'NONE',  ( -1.014865172718297570, 41.69886277364565785, 10.33634187568358875 ) ) ;
#5095 = CARTESIAN_POINT ( 'NONE',  ( 11.81296728131388818, -17.88666702142067066, -30.58073400632189021 ) ) ;
#5096 = ADVANCED_FACE ( 'NONE', ( #250 ), #4277, .T. ) ;
#5097 = VERTEX_POINT ( 'NONE', #5146 ) ;
#5098 = COORDINATED_UNIVERSAL_TIME_OFFSET ( 5, 30, .AHEAD. ) ;
#5099 = DIRECTION ( 'NONE',  ( 0.000000000000000000, 0.000000000000000000, -1.000000000000000000 ) ) ;
#5100 = ORIENTED_EDGE ( 'NONE', *, *, #4140, .F. ) ;
#5101 = DIRECTION ( 'NONE',  ( -1.000000000000000000, -0.000000000000000000, 0.000000000000000000 ) ) ;
#5102 = ORIENTED_EDGE ( 'NONE', *, *, #2363, .T. ) ;
#5103 = CARTESIAN_POINT ( 'NONE',  ( -14.29489106171481794, 27.09979286435696366, 25.42572405919910850 ) ) ;
#5104 = DIRECTION ( 'NONE',  ( 1.000000000000000000, -0.000000000000000000, -0.000000000000000000 ) ) ;
#5105 = EDGE_CURVE ( 'NONE', #2864, #702, #4616, .T. ) ;
#5106 = DIRECTION ( 'NONE',  ( 0.000000000000000000, 0.000000000000000000, -1.000000000000000000 ) ) ;
#5107 = ORIENTED_EDGE ( 'NONE', *, *, #2820, .T. ) ;
#5108 = DIRECTION ( 'NONE',  ( 1.000000000000000000, 0.000000000000000000, 0.000000000000000000 ) ) ;
#5109 = CARTESIAN_POINT ( 'NONE',  ( 5.908889539949071512, 40.71212665560310029, 16.18906238930783914 ) ) ;
#5110 = CARTESIAN_POINT ( 'NONE',  ( 5.999999999999996447, -16.71448917956882951, -28.95034448157433360 ) ) ;
#5111 = EDGE_CURVE ( 'NONE', #3290, #150, #277, .T. ) ;
#5112 = APPLICATION_CONTEXT ( 'configuration controlled 3d designs of mechanical parts and assemblies' ) ;
#5113 = DIRECTION ( 'NONE',  ( 0.000000000000000000, -1.000000000000000000, 1.047444401652940007E-14 ) ) ;
#5114 = FACE_OUTER_BOUND ( 'NONE', #4221, .T. ) ;
#5115 = CARTESIAN_POINT ( 'NONE',  ( 0.000000000000000000, 0.000000000000000000, 0.000000000000000000 ) ) ;
#5116 = ORIENTED_EDGE ( 'NONE', *, *, #1866, .T. ) ;
#5117 = AXIS2_PLACEMENT_3D ( 'NONE', #5351, #2235, #1717 ) ;
#5118 = ORIENTED_EDGE ( 'NONE', *, *, #3720, .F. ) ;
#5119 = CARTESIAN_POINT ( 'NONE',  ( 12.58855138074671487, 11.38934497765256815, 33.28881660207092352 ) ) ;
#5120 = CARTESIAN_POINT ( 'NONE',  ( -1.896522574443432418, 41.31267312906111755, 11.41687923829767648 ) ) ;
#5121 = CARTESIAN_POINT ( 'NONE',  ( -16.31644489767901263, 17.52971900545513861, -0.000000000000000000 ) ) ;
#5122 = ORIENTED_EDGE ( 'NONE', *, *, #5203, .F. ) ;
#5123 = APPROVAL_ROLE ( '' ) ;
#5124 = CARTESIAN_POINT ( 'NONE',  ( 1.418805442889761684E-15, 40.00000000000000000, 47.93528469341880083 ) ) ;
#5125 = ORIENTED_EDGE ( 'NONE', *, *, #3969, .F. ) ;
#5126 = FACE_OUTER_BOUND ( 'NONE', #4142, .T. ) ;
#5127 = ADVANCED_FACE ( 'NONE', ( #2524 ), #1655, .T. ) ;
#5129 = EDGE_CURVE ( 'NONE', #5709, #558, #3967, .T. ) ;
#5128 = ORIENTED_EDGE ( 'NONE', *, *, #3840, .T. ) ;
#5130 = CARTESIAN_POINT ( 'NONE',  ( -14.85495477032883826, 24.58671989931352542, 27.86348133062264765 ) ) ;
#5131 = DIRECTION ( 'NONE',  ( -1.000000000000000000, -0.000000000000000000, -0.000000000000000000 ) ) ;
#5132 = AXIS2_PLACEMENT_3D ( 'NONE', #4841, #1303, #3090 ) ;
#5133 = AXIS2_PLACEMENT_3D ( 'NONE', #997, #2316, #1960 ) ;
#5134 = DIRECTION ( 'NONE',  ( 0.000000000000000000, -0.8660254037844327124, -0.5000000000000105471 ) ) ;
#5135 = ORIENTED_EDGE ( 'NONE', *, *, #4615, .T. ) ;
#5136 = DIRECTION ( 'NONE',  ( 1.000000000000000000, 0.000000000000000000, 0.000000000000000000 ) ) ;
#5137 = EDGE_CURVE ( 'NONE', #1241, #1904, #1633, .T. ) ;
#5138 = CARTESIAN_POINT ( 'NONE',  ( 3.120315071040683286, 41.96935568997041344, 15.32154833598274735 ) ) ;
#5139 = DIRECTION ( 'NONE',  ( 0.000000000000000000, 1.000000000000000000, 0.000000000000000000 ) ) ;
#5140 = AXIS2_PLACEMENT_3D ( 'NONE', #892, #3147, #3532 ) ;
#5141 = CIRCLE ( 'NONE', #1036, 2.000000000000001776 ) ;
#5142 = PRODUCT_DEFINITION_SHAPE ( 'NONE', 'NONE',  #1604 ) ;
#5143 = FACE_BOUND ( 'NONE', #2739, .T. ) ;
#5144 = AXIS2_PLACEMENT_3D ( 'NONE', #1557, #5179, #5647 ) ;
#5145 = AXIS2_PLACEMENT_3D ( 'NONE', #1293, #3110, #1268 ) ;
#5146 = CARTESIAN_POINT ( 'NONE',  ( 7.094027214448808421E-16, 50.00000000000000000, 15.00000000000000000 ) ) ;
#5147 = CARTESIAN_POINT ( 'NONE',  ( 30.00000000000000000, 30.00000000000000000, 0.000000000000000000 ) ) ;
#5148 = DIRECTION ( 'NONE',  ( 1.000000000000000000, 0.000000000000000000, 0.000000000000000000 ) ) ;
#5149 = EDGE_LOOP ( 'NONE', ( #3543, #4197, #2088, #2629 ) ) ;
#5150 = AXIS2_PLACEMENT_3D ( 'NONE', #5696, #5290, #5751 ) ;
#5151 = AXIS2_PLACEMENT_3D ( 'NONE', #5124, #2076, #1124 ) ;
#5152 = ORIENTED_EDGE ( 'NONE', *, *, #5678, .F. ) ;
#5153 = VECTOR ( 'NONE', #4018, 1000.000000000000000 ) ;
#5154 = CARTESIAN_POINT ( 'NONE',  ( -9.509217333482006040, 37.34539759919704238, 18.38088171364026024 ) ) ;
#5155 = DIRECTION ( 'NONE',  ( 0.000000000000000000, 0.000000000000000000, -1.000000000000000000 ) ) ;
#5156 = DIRECTION ( 'NONE',  ( 1.000000000000000000, -0.000000000000000000, -0.000000000000000000 ) ) ;
#5157 = AXIS2_PLACEMENT_3D ( 'NONE', #53, #2703, #4488 ) ;
#5158 = ORIENTED_EDGE ( 'NONE', *, *, #5557, .F. ) ;
#5159 = APPLICATION_PROTOCOL_DEFINITION ( 'international standard', 'config_control_design', 1994, #2219 ) ;
#5160 = DIRECTION ( 'NONE',  ( 1.000000000000000000, 0.000000000000000000, 0.000000000000000000 ) ) ;
#5161 = ORIENTED_EDGE ( 'NONE', *, *, #3936, .T. ) ;
#5162 = DIRECTION ( 'NONE',  ( 1.000000000000000000, -0.000000000000000000, -0.000000000000000000 ) ) ;
#5163 = ORIENTED_EDGE ( 'NONE', *, *, #1094, .F. ) ;
#5164 = CARTESIAN_POINT ( 'NONE',  ( -13.69833761431752173, 28.46358434063647991, 23.88137128257742603 ) ) ;
#5165 = DIRECTION ( 'NONE',  ( -0.000000000000000000, -1.000000000000000000, -0.000000000000000000 ) ) ;
#5166 = AXIS2_PLACEMENT_3D ( 'NONE', #1223, #3920, #4795 ) ;
#5167 = CC_DESIGN_DATE_AND_TIME_ASSIGNMENT ( #576, #1894, ( #1649 ) ) ;
#5168 = EDGE_CURVE ( 'NONE', #4750, #2974, #3055, .T. ) ;
#5169 = ORIENTED_EDGE ( 'NONE', *, *, #2574, .F. ) ;
#5170 = DIRECTION ( 'NONE',  ( 1.000000000000000000, 0.000000000000000000, 0.000000000000000000 ) ) ;
#5171 = ORIENTED_EDGE ( 'NONE', *, *, #1962, .T. ) ;
#5172 = DIRECTION ( 'NONE',  ( 0.000000000000000000, 1.000000000000000000, -3.491481338843132961E-15 ) ) ;
#5173 = CIRCLE ( 'NONE', #4243, 2.000000000000000444 ) ;
#5174 = CARTESIAN_POINT ( 'NONE',  ( 13.18436255310833438, 29.29880855939615003, 22.84649847499878916 ) ) ;
#5175 = CARTESIAN_POINT ( 'NONE',  ( -6.761450801097109498, 36.51196202751225428, 18.89142974007624787 ) ) ;
#5176 = EDGE_CURVE ( 'NONE', #93, #1241, #2033, .T. ) ;
#5177 = CARTESIAN_POINT ( 'NONE',  ( 11.81213018715389573, 35.42895634041203579, 0.1843681998078725848 ) ) ;
#5178 = CYLINDRICAL_SURFACE ( 'NONE', #229, 2.000000000000001776 ) ;
#5179 = DIRECTION ( 'NONE',  ( 1.000000000000000000, 0.000000000000000000, 0.000000000000000000 ) ) ;
#5180 = CARTESIAN_POINT ( 'NONE',  ( -7.999999999999972466, 0.000000000000000000, 0.000000000000000000 ) ) ;
#5181 = EDGE_LOOP ( 'NONE', ( #6, #3675, #548, #1455 ) ) ;
#5182 = LOCAL_TIME ( 17, 36, 16.00000000000000000, #3039 ) ;
#5183 = EDGE_CURVE ( 'NONE', #5535, #31, #3317, .T. ) ;
#5184 = ORIENTED_EDGE ( 'NONE', *, *, #1280, .F. ) ;
#5185 = CARTESIAN_POINT ( 'NONE',  ( -0.8998709570080524189, 42.39779552956731834, 15.02025184336016217 ) ) ;
#5186 = CARTESIAN_POINT ( 'NONE',  ( 1.232930914916688048, 41.64232046806131393, 10.48456292581330729 ) ) ;
#5187 = DIRECTION ( 'NONE',  ( 1.000000000000000000, 0.000000000000000000, 0.000000000000000000 ) ) ;
#5188 = VERTEX_POINT ( 'NONE', #3841 ) ;
#5189 = COORDINATED_UNIVERSAL_TIME_OFFSET ( 5, 30, .AHEAD. ) ;
#5190 = DIRECTION ( 'NONE',  ( 1.000000000000000000, 0.000000000000000000, 0.000000000000000000 ) ) ;
#5191 = VERTEX_POINT ( 'NONE', #4248 ) ;
#5192 = CARTESIAN_POINT ( 'NONE',  ( 13.00000000000002487, 3.673940397442058389E-15, 30.00000000000000000 ) ) ;
#5193 = VERTEX_POINT ( 'NONE', #1621 ) ;
#5194 = CARTESIAN_POINT ( 'NONE',  ( -14.12369211720387874, 27.56756601156416409, 24.91750105250083180 ) ) ;
#5195 = CARTESIAN_POINT ( 'NONE',  ( -15.00000000000000000, 30.00000000000000000, 1.734723475976807094E-15 ) ) ;
#5196 = ORIENTED_EDGE ( 'NONE', *, *, #2281, .T. ) ;
#5197 = ORIENTED_EDGE ( 'NONE', *, *, #4821, .T. ) ;
#5198 = CARTESIAN_POINT ( 'NONE',  ( -8.785778021827159279, -17.52971900545513861, 4.000000000000000000 ) ) ;
#5199 = VERTEX_POINT ( 'NONE', #1654 ) ;
#5200 = DIRECTION ( 'NONE',  ( 0.000000000000000000, 0.000000000000000000, -1.000000000000000000 ) ) ;
#5201 = CARTESIAN_POINT ( 'NONE',  ( 8.462936448903962017, 38.55931079141537765, 17.61053793971377246 ) ) ;
#5202 = CARTESIAN_POINT ( 'NONE',  ( -5.461106419150183022, 37.63658756191764354, 18.19621963381472440 ) ) ;
#5203 = EDGE_CURVE ( 'NONE', #1685, #5719, #3622, .T. ) ;
#5204 = FACE_BOUND ( 'NONE', #5261, .T. ) ;
#5205 = CYLINDRICAL_SURFACE ( 'NONE', #3410, 35.15350152500624148 ) ;
#5206 = CARTESIAN_POINT ( 'NONE',  ( -2.454646196293976880E-16, 42.74557033594031452, 14.06471530658119384 ) ) ;
#5207 = LINE ( 'NONE', #1684, #3401 ) ;
#5209 = EDGE_CURVE ( 'NONE', #242, #4781, #1262, .T. ) ;
#5208 = ORIENTED_EDGE ( 'NONE', *, *, #1498, .F. ) ;
#5210 = ADVANCED_FACE ( 'NONE', ( #2465, #4744 ), #1267, .T. ) ;
#5211 = ORIENTED_EDGE ( 'NONE', *, *, #4919, .T. ) ;
#5212 = DIRECTION ( 'NONE',  ( 0.000000000000000000, 0.000000000000000000, 1.000000000000000000 ) ) ;
#5213 = ADVANCED_FACE ( 'NONE', ( #4717 ), #2523, .T. ) ;
#5214 = VECTOR ( 'NONE', #47, 1000.000000000000000 ) ;
#5215 = CARTESIAN_POINT ( 'NONE',  ( 13.00000000000002487, 0.000000000000000000, 0.000000000000000000 ) ) ;
#5216 = CIRCLE ( 'NONE', #1480, 21.50000000000000000 ) ;
#5217 = DIRECTION ( 'NONE',  ( 1.000000000000000000, -0.000000000000000000, -0.000000000000000000 ) ) ;
#5218 = ORIENTED_EDGE ( 'NONE', *, *, #209, .F. ) ;
#5219 = APPLICATION_PROTOCOL_DEFINITION ( 'international standard', 'config_control_design', 1994, #1314 ) ;
#5220 = DIRECTION ( 'NONE',  ( 0.000000000000000000, 0.7071067811865437980, -0.7071067811865512365 ) ) ;
#5221 = ORIENTED_EDGE ( 'NONE', *, *, #4861, .F. ) ;
#5222 = CARTESIAN_POINT ( 'NONE',  ( 15.98174859208560683, 17.36237085265844371, 4.000000000000000000 ) ) ;
#5223 = VERTEX_POINT ( 'NONE', #4305 ) ;
#5224 = EDGE_CURVE ( 'NONE', #3350, #3416, #3129, .T. ) ;
#5225 = CYLINDRICAL_SURFACE ( 'NONE', #5166, 16.29999999999999361 ) ;
#5226 = DIRECTION ( 'NONE',  ( -0.000000000000000000, -1.000000000000000000, -0.000000000000000000 ) ) ;
#5227 = ORIENTED_EDGE ( 'NONE', *, *, #538, .T. ) ;
#5228 = CARTESIAN_POINT ( 'NONE',  ( -15.00000000000000000, 21.21320343559668231, 21.21320343559616717 ) ) ;
#5229 = ORIENTED_EDGE ( 'NONE', *, *, #4609, .T. ) ;
#5230 = CARTESIAN_POINT ( 'NONE',  ( 1.418805442889761684E-15, 46.00000000000000000, 47.93528469341880083 ) ) ;
#5231 = CARTESIAN_POINT ( 'NONE',  ( 7.575118816240333786, 39.42473753371438505, 17.04802310943513532 ) ) ;
#5232 = DIRECTION ( 'NONE',  ( 0.000000000000000000, 0.000000000000000000, 1.000000000000000000 ) ) ;
#5233 = AXIS2_PLACEMENT_3D ( 'NONE', #3991, #5378, #3530 ) ;
#5234 = DIRECTION ( 'NONE',  ( -1.000000000000000000, -0.000000000000000000, -0.000000000000000000 ) ) ;
#5235 = CARTESIAN_POINT ( 'NONE',  ( -26.44100814187985549, 26.81754148567247142, -5.000000000000000000 ) ) ;
#5236 = CARTESIAN_POINT ( 'NONE',  ( 10.99999999999999645, -16.66961349092377986, -30.94984096133333651 ) ) ;
#5237 = VECTOR ( 'NONE', #3032, 1000.000000000000000 ) ;
#5238 = VECTOR ( 'NONE', #10, 1000.000000000000000 ) ;
#5239 = DIRECTION ( 'NONE',  ( 0.000000000000000000, 0.000000000000000000, 1.000000000000000000 ) ) ;
#5240 = ORIENTED_EDGE ( 'NONE', *, *, #4371, .T. ) ;
#5241 = VECTOR ( 'NONE', #5270, 1000.000000000000000 ) ;
#5242 = VECTOR ( 'NONE', #384, 1000.000000000000000 ) ;
#5243 = APPROVAL ( #614, 'UNSPECIFIED' ) ;
#5244 = ADVANCED_FACE ( 'NONE', ( #3874, #3500, #5580, #4341, #5644, #5204, #5143, #3439 ), #717, .T. ) ;
#5245 = ORIENTED_EDGE ( 'NONE', *, *, #1527, .F. ) ;
#5246 = CARTESIAN_POINT ( 'NONE',  ( 12.96525364766048760, 16.66961349092400013, 30.94984096133321927 ) ) ;
#5247 = CIRCLE ( 'NONE', #3296, 16.29999999999999361 ) ;
#5248 = AXIS2_PLACEMENT_3D ( 'NONE', #2533, #5187, #5589 ) ;
#5249 = FACE_BOUND ( 'NONE', #1330, .T. ) ;
#5250 = LINE ( 'NONE', #787, #215 ) ;
#5251 = VECTOR ( 'NONE', #2420, 1000.000000000000000 ) ;
#5252 = EDGE_CURVE ( 'NONE', #4761, #5568, #276, .T. ) ;
#5253 = EDGE_LOOP ( 'NONE', ( #5407, #694, #839, #4738 ) ) ;
#5254 = DATE_AND_TIME ( #5716, #64 ) ;
#5255 = CARTESIAN_POINT ( 'NONE',  ( 7.094027214448808421E-16, 0.000000000000000000, 30.00000000000000000 ) ) ;
#5256 = ORIENTED_EDGE ( 'NONE', *, *, #749, .T. ) ;
#5257 = CARTESIAN_POINT ( 'NONE',  ( 10.00000000000000000, 0.000000000000000000, 3.000000000000000444 ) ) ;
#5258 = CARTESIAN_POINT ( 'NONE',  ( 11.82467215154526130, -18.03104395569063811, 30.46638059254058817 ) ) ;
#5259 = VECTOR ( 'NONE', #1087, 1000.000000000000000 ) ;
#5260 = ORIENTED_EDGE ( 'NONE', *, *, #1094, .T. ) ;
#5261 = EDGE_LOOP ( 'NONE', ( #1958, #2773 ) ) ;
#5262 = ORIENTED_EDGE ( 'NONE', *, *, #2757, .T. ) ;
#5263 = CARTESIAN_POINT ( 'NONE',  ( -15.53241216860690344, 50.00000000000000000, 21.03235765329063156 ) ) ;
#5264 = CARTESIAN_POINT ( 'NONE',  ( 11.93488257301923738, 18.46854177014104081, -29.91122923507442266 ) ) ;
#5265 = CARTESIAN_POINT ( 'NONE',  ( 10.99999999999999645, 17.17072523365140313, 27.00307750887752434 ) ) ;
#5266 = CIRCLE ( 'NONE', #2566, 37.15350152500624858 ) ;
#5267 = DIRECTION ( 'NONE',  ( 0.000000000000000000, 0.000000000000000000, 1.000000000000000000 ) ) ;
#5268 = LINE ( 'NONE', #452, #3759 ) ;
#5269 = VECTOR ( 'NONE', #1051, 1000.000000000000000 ) ;
#5270 = DIRECTION ( 'NONE',  ( -1.000000000000000000, -0.000000000000000000, -0.000000000000000000 ) ) ;
#5271 = LINE ( 'NONE', #4458, #5214 ) ;
#5272 = B_SPLINE_CURVE_WITH_KNOTS ( 'NONE', 3,
 ( #5264, #4829, #1316, #3135, #2584, #1263, #4453, #3076, #1708, #4368 ),
 .UNSPECIFIED., .F., .F.,
 ( 4, 2, 2, 2, 4 ),
 ( 0.009434930531260545331, 0.009970940994848201400, 0.01050695145843585573, 0.01104296192202351180, 0.01157897238561116787 ),
 .UNSPECIFIED. ) ;
#5273 = ORIENTED_EDGE ( 'NONE', *, *, #3365, .T. ) ;
#5274 = APPROVAL_PERSON_ORGANIZATION ( #1096, #3636, #4667 ) ;
#5275 = ORIENTED_EDGE ( 'NONE', *, *, #2157, .F. ) ;
#5276 = CARTESIAN_POINT ( 'NONE',  ( -15.00000000000000000, -3.642919299551294898E-14, -11.50000000000000355 ) ) ;
#5277 = APPROVAL_PERSON_ORGANIZATION ( #525, #173, #4526 ) ;
#5278 = APPROVAL ( #2826, 'UNKNOWN' ) ;
#5279 = EDGE_CURVE ( 'NONE', #3557, #2765, #5077, .T. ) ;
#5280 = LOCAL_TIME ( 17, 36, 16.00000000000000000, #4441 ) ;
#5281 = ORIENTED_EDGE ( 'NONE', *, *, #1243, .F. ) ;
#5282 = APPROVAL_ROLE ( '' ) ;
#5283 = DIRECTION ( 'NONE',  ( -0.000000000000000000, 0.000000000000000000, 1.000000000000000000 ) ) ;
#5284 = ORIENTED_EDGE ( 'NONE', *, *, #5111, .T. ) ;
#5285 = CARTESIAN_POINT ( 'NONE',  ( -15.00000000000000000, -3.892886739489597847, -16.31354737148741663 ) ) ;
#5286 = CARTESIAN_POINT ( 'NONE',  ( 8.785778021827187700, 17.36237085265844371, 4.000000000000000000 ) ) ;
#5287 = EDGE_CURVE ( 'NONE', #769, #2701, #2568, .T. ) ;
#5288 = ORIENTED_EDGE ( 'NONE', *, *, #4861, .T. ) ;
#5289 = EDGE_LOOP ( 'NONE', ( #51, #949, #2045, #3970 ) ) ;
#5290 = DIRECTION ( 'NONE',  ( -1.000000000000000000, 0.000000000000000000, -0.000000000000000000 ) ) ;
#5291 = DIRECTION ( 'NONE',  ( -1.000000000000000000, 0.000000000000000000, 0.000000000000000000 ) ) ;
#5292 = FACE_OUTER_BOUND ( 'NONE', #1597, .T. ) ;
#5293 = ADVANCED_FACE ( 'NONE', ( #3108 ), #1292, .F. ) ;
#5294 = DIRECTION ( 'NONE',  ( 1.000000000000000000, -0.000000000000000000, -0.000000000000000000 ) ) ;
#5295 = CARTESIAN_POINT ( 'NONE',  ( -15.53241216860684304, 46.00000000000000000, 36.96764234670947502 ) ) ;
#5296 = CARTESIAN_POINT ( 'NONE',  ( 0.000000000000000000, 0.000000000000000000, 30.00000000000000000 ) ) ;
#5297 = DIRECTION ( 'NONE',  ( -1.000000000000000000, -0.000000000000000000, -0.000000000000000000 ) ) ;
#5298 = EDGE_LOOP ( 'NONE', ( #385, #2946 ) ) ;
#5299 = ORIENTED_EDGE ( 'NONE', *, *, #444, .F. ) ;
#5300 = CARTESIAN_POINT ( 'NONE',  ( -2.999999999999999112, 0.000000000000000000, 0.000000000000000000 ) ) ;
#5301 = ORIENTED_EDGE ( 'NONE', *, *, #1938, .F. ) ;
#5302 = CALENDAR_DATE ( 2026, 8, 7 ) ;
#5303 = FACE_OUTER_BOUND ( 'NONE', #738, .T. ) ;
#5304 = ORIENTED_EDGE ( 'NONE', *, *, #1860, .T. ) ;
#5305 = CARTESIAN_POINT ( 'NONE',  ( 2.931055437329291191, 38.98802452807351671, 17.33282442086879271 ) ) ;
#5306 = DIRECTION ( 'NONE',  ( 1.000000000000000000, -0.000000000000000000, -0.000000000000000000 ) ) ;
#5307 = ORIENTED_EDGE ( 'NONE', *, *, #2189, .F. ) ;
#5308 = CARTESIAN_POINT ( 'NONE',  ( -24.44100814187985549, -26.23182295088395222, -5.000000000000000000 ) ) ;
#5309 = EDGE_CURVE ( 'NONE', #4437, #4387, #4427, .T. ) ;
#5310 = EDGE_CURVE ( 'NONE', #4354, #242, #55, .T. ) ;
#5311 = ORIENTED_EDGE ( 'NONE', *, *, #3609, .F. ) ;
#5312 = LINE ( 'NONE', #388, #3668 ) ;
#5313 = CARTESIAN_POINT ( 'NONE',  ( 11.92546950110327764, -16.71448917956946190, 30.95034448157397833 ) ) ;
#5314 = CARTESIAN_POINT ( 'NONE',  ( 2.546372920165910332E-15, 50.00000000000000000, 45.00000000000000000 ) ) ;
#5315 = LINE ( 'NONE', #1741, #2939 ) ;
#5316 = EDGE_CURVE ( 'NONE', #3915, #2979, #2669, .T. ) ;
#5317 = DIRECTION ( 'NONE',  ( 0.000000000000000000, 0.000000000000000000, -1.000000000000000000 ) ) ;
#5318 = LINE ( 'NONE', #5703, #776 ) ;
#5319 = DIRECTION ( 'NONE',  ( 0.000000000000000000, 0.000000000000000000, -1.000000000000000000 ) ) ;
#5320 = ORIENTED_EDGE ( 'NONE', *, *, #1093, .F. ) ;
#5321 = AXIS2_PLACEMENT_3D ( 'NONE', #1914, #2321, #2844 ) ;
#5322 = VECTOR ( 'NONE', #3605, 1000.000000000000000 ) ;
#5323 = CIRCLE ( 'NONE', #3480, 2.000000000000000444 ) ;
#5324 = ORIENTED_EDGE ( 'NONE', *, *, #2675, .F. ) ;
#5325 = CARTESIAN_POINT ( 'NONE',  ( -15.00000000000000000, 16.31354737148743084, -3.892886739489540560 ) ) ;
#5326 = CARTESIAN_POINT ( 'NONE',  ( -15.00000000000000000, -0.000000000000000000, 0.000000000000000000 ) ) ;
#5327 = ORIENTED_EDGE ( 'NONE', *, *, #5410, .F. ) ;
#5328 = AXIS2_PLACEMENT_3D ( 'NONE', #5525, #1005, #5467 ) ;
#5329 = ORIENTED_EDGE ( 'NONE', *, *, #1143, .T. ) ;
#5330 = APPROVAL_DATE_TIME ( #1778, #2924 ) ;
#5331 = AXIS2_PLACEMENT_3D ( 'NONE', #3288, #5058, #1058 ) ;
#5332 = CARTESIAN_POINT ( 'NONE',  ( 23.85528960709137891, -26.23182295088395222, -5.000000000000000000 ) ) ;
#5333 = AXIS2_PLACEMENT_3D ( 'NONE', #394, #885, #5701 ) ;
#5334 = ORIENTED_EDGE ( 'NONE', *, *, #1426, .T. ) ;
#5335 = DIRECTION ( 'NONE',  ( 1.000000000000000000, -0.000000000000000000, -0.000000000000000000 ) ) ;
#5336 = DIRECTION ( 'NONE',  ( -1.000000000000000000, -0.000000000000000000, -0.000000000000000000 ) ) ;
#5337 = AXIS2_PLACEMENT_3D ( 'NONE', #5401, #5005, #3694 ) ;
#5338 = EDGE_LOOP ( 'NONE', ( #3472, #2447, #708, #1192 ) ) ;
#5339 =( NAMED_UNIT ( * ) PLANE_ANGLE_UNIT ( ) SI_UNIT ( $, .RADIAN. ) );
#5340 = ORIENTED_EDGE ( 'NONE', *, *, #2044, .F. ) ;
#5341 = DIRECTION ( 'NONE',  ( 0.000000000000000000, 1.000000000000000000, 0.000000000000000000 ) ) ;
#5342 = VECTOR ( 'NONE', #4646, 1000.000000000000000 ) ;
#5343 = PLANE ( 'NONE',  #3706 ) ;
#5344 = DIRECTION ( 'NONE',  ( 1.000000000000000000, 0.000000000000000000, 0.000000000000000000 ) ) ;
#5345 = CC_DESIGN_PERSON_AND_ORGANIZATION_ASSIGNMENT ( #1695, #2570, ( #348 ) ) ;
#5346 = EDGE_CURVE ( 'NONE', #2212, #4239, #5315, .T. ) ;
#5347 = AXIS2_PLACEMENT_3D ( 'NONE', #4982, #1971, #4553 ) ;
#5348 = DIRECTION ( 'NONE',  ( 1.000000000000000000, 0.000000000000000000, -0.000000000000000000 ) ) ;
#5349 = DIRECTION ( 'NONE',  ( 1.000000000000000000, -0.000000000000000000, -0.000000000000000000 ) ) ;
#5350 = DIRECTION ( 'NONE',  ( 0.000000000000000000, 0.7071067811865487940, 0.7071067811865462405 ) ) ;
#5351 = CARTESIAN_POINT ( 'NONE',  ( 0.000000000000000000, 50.00000000000000000, 12.06471530658119384 ) ) ;
#5352 = ORIENTED_EDGE ( 'NONE', *, *, #716, .F. ) ;
#5353 = EDGE_CURVE ( 'NONE', #3462, #1297, #3596, .T. ) ;
#5354 = AXIS2_PLACEMENT_3D ( 'NONE', #5581, #1085, #1622 ) ;
#5355 = EDGE_LOOP ( 'NONE', ( #3512, #4999 ) ) ;
#5356 = CARTESIAN_POINT ( 'NONE',  ( -15.00000000000000000, 11.35477761546865061, 1.821819229026875320 ) ) ;
#5357 = CARTESIAN_POINT ( 'NONE',  ( -15.99999999999999645, 4.549991671971520484E-15, -37.15350152500624858 ) ) ;
#5358 = ORIENTED_EDGE ( 'NONE', *, *, #287, .F. ) ;
#5359 = EDGE_CURVE ( 'NONE', #556, #1497, #4070, .T. ) ;
#5360 = CC_DESIGN_APPROVAL ( #1785, ( #1604 ) ) ;
#5361 = ORIENTED_EDGE ( 'NONE', *, *, #1566, .F. ) ;
#5362 = DATE_TIME_ROLE ( 'classification_date' ) ;
#5363 = CARTESIAN_POINT ( 'NONE',  ( 0.000000000000000000, 0.000000000000000000, 0.000000000000000000 ) ) ;
#5364 = ORIENTED_EDGE ( 'NONE', *, *, #2980, .F. ) ;
#5365 = DIRECTION ( 'NONE',  ( 0.000000000000000000, 0.000000000000000000, -1.000000000000000000 ) ) ;
#5366 = DIRECTION ( 'NONE',  ( 0.000000000000000000, 0.000000000000000000, 1.000000000000000000 ) ) ;
#5367 = CC_DESIGN_APPROVAL ( #5243, ( #4247 ) ) ;
#5368 = ORIENTED_EDGE ( 'NONE', *, *, #5672, .F. ) ;
#5369 = ORIENTED_EDGE ( 'NONE', *, *, #2602, .F. ) ;
#5370 = CARTESIAN_POINT ( 'NONE',  ( -15.00000000000000000, 14.28810658347096840, 8.782733359702522336 ) ) ;
#5371 = DIRECTION ( 'NONE',  ( 1.000000000000000000, 0.000000000000000000, 0.000000000000000000 ) ) ;
#5372 = DIRECTION ( 'NONE',  ( -1.000000000000000000, -0.000000000000000000, 0.000000000000000000 ) ) ;
#5373 = FACE_OUTER_BOUND ( 'NONE', #3806, .T. ) ;
#5374 = CARTESIAN_POINT ( 'NONE',  ( -11.93488257301923561, 1.166198659215781808, 35.15350152500624148 ) ) ;
#5375 = FACE_BOUND ( 'NONE', #4621, .T. ) ;
#5376 = EDGE_CURVE ( 'NONE', #760, #1897, #1765, .T. ) ;
#5377 = CARTESIAN_POINT ( 'NONE',  ( -25.99999999999999645, 0.000000000000000000, -24.42682846964513033 ) ) ;
#5378 = DIRECTION ( 'NONE',  ( 1.000000000000000000, 0.000000000000000000, 0.000000000000000000 ) ) ;
#5379 = ORIENTED_EDGE ( 'NONE', *, *, #3485, .T. ) ;
#5380 = EDGE_CURVE ( 'NONE', #2861, #5199, #3692, .T. ) ;
#5381 = DIRECTION ( 'NONE',  ( -0.000000000000000000, 1.000000000000000000, -0.000000000000000000 ) ) ;
#5382 = ADVANCED_FACE ( 'NONE', ( #1793 ), #2695, .F. ) ;
#5383 = CARTESIAN_POINT ( 'NONE',  ( 15.53241216860696561, 46.00000000000000000, 40.96764234670925475 ) ) ;
#5384 = ORIENTED_EDGE ( 'NONE', *, *, #722, .T. ) ;
#5385 = ORIENTED_EDGE ( 'NONE', *, *, #374, .F. ) ;
#5386 = DATE_TIME_ROLE ( 'classification_date' ) ;
#5387 = CYLINDRICAL_SURFACE ( 'NONE', #5431, 5.000000000000000888 ) ;
#5388 = EDGE_CURVE ( 'NONE', #2985, #2129, #2178, .T. ) ;
#5389 = ORIENTED_EDGE ( 'NONE', *, *, #4550, .T. ) ;
#5390 = DIRECTION ( 'NONE',  ( -1.000000000000000000, 0.000000000000000000, -0.000000000000000000 ) ) ;
#5391 = DIRECTION ( 'NONE',  ( -1.000000000000000000, 0.000000000000000000, -0.000000000000000000 ) ) ;
#5392 = ORIENTED_EDGE ( 'NONE', *, *, #4507, .F. ) ;
#5393 = EDGE_LOOP ( 'NONE', ( #2343, #4944 ) ) ;
#5394 = FACE_OUTER_BOUND ( 'NONE', #2652, .T. ) ;
#5395 = EDGE_LOOP ( 'NONE', ( #1605, #5011, #2311, #2269, #1075 ) ) ;
#5396 = DIRECTION ( 'NONE',  ( -0.000000000000000000, 1.000000000000000000, -0.000000000000000000 ) ) ;
#5397 = CARTESIAN_POINT ( 'NONE',  ( 12.96521674968611926, 16.70701379295314482, 30.95034448157423768 ) ) ;
#5398 = CIRCLE ( 'NONE', #4938, 2.000000000000001776 ) ;
#5399 = DIRECTION ( 'NONE',  ( 0.000000000000000000, 0.000000000000000000, 1.000000000000000000 ) ) ;
#5400 = CARTESIAN_POINT ( 'NONE',  ( 15.99999999999999645, -16.71448917956882951, -28.95034448157433360 ) ) ;
#5401 = CARTESIAN_POINT ( 'NONE',  ( 5.999999999999996447, -16.71448917956946190, 28.95034448157397833 ) ) ;
#5402 = DIRECTION ( 'NONE',  ( 0.000000000000000000, 0.000000000000000000, 1.000000000000000000 ) ) ;
#5403 = VERTEX_POINT ( 'NONE', #854 ) ;
#5404 = ORIENTED_EDGE ( 'NONE', *, *, #2130, .T. ) ;
#5405 = CARTESIAN_POINT ( 'NONE',  ( 0.000000000000000000, 40.00000000000000000, 14.06471530658119384 ) ) ;
#5406 = DIRECTION ( 'NONE',  ( 0.000000000000000000, 1.000000000000000000, 0.000000000000000000 ) ) ;
#5407 = ORIENTED_EDGE ( 'NONE', *, *, #3176, .T. ) ;
#5408 = EDGE_CURVE ( 'NONE', #4437, #2424, #4939, .T. ) ;
#5409 = CIRCLE ( 'NONE', #3092, 3.000000000000000444 ) ;
#5410 = EDGE_CURVE ( 'NONE', #242, #238, #3548, .T. ) ;
#5411 = AXIS2_PLACEMENT_3D ( 'NONE', #5049, #536, #180 ) ;
#5412 = ORIENTED_EDGE ( 'NONE', *, *, #2006, .T. ) ;
#5413 = CALENDAR_DATE ( 2026, 8, 7 ) ;
#5414 = CARTESIAN_POINT ( 'NONE',  ( 13.99999999999999645, 0.000000000000000000, 0.000000000000000000 ) ) ;
#5415 = EDGE_LOOP ( 'NONE', ( #1385, #3945 ) ) ;
#5416 = AXIS2_PLACEMENT_3D ( 'NONE', #1476, #4557, #662 ) ;
#5417 = AXIS2_PLACEMENT_3D ( 'NONE', #4499, #5721, #4001 ) ;
#5418 = DIRECTION ( 'NONE',  ( 1.000000000000000000, 0.000000000000000000, 0.000000000000000000 ) ) ;
#5419 = DIRECTION ( 'NONE',  ( 1.000000000000000000, -0.000000000000000000, -0.000000000000000000 ) ) ;
#5420 = EDGE_CURVE ( 'NONE', #4710, #842, #3509, .T. ) ;
#5421 = AXIS2_PLACEMENT_3D ( 'NONE', #4012, #480, #4916 ) ;
#5422 = CIRCLE ( 'NONE', #310, 2.000000000000000444 ) ;
#5423 = VERTEX_POINT ( 'NONE', #4914 ) ;
#5424 = PERSON_AND_ORGANIZATION ( #1916, #341 ) ;
#5425 = VERTEX_POINT ( 'NONE', #3138 ) ;
#5426 = DIRECTION ( 'NONE',  ( 1.000000000000000000, 0.000000000000000000, 0.000000000000000000 ) ) ;
#5427 = ORIENTED_EDGE ( 'NONE', *, *, #4779, .T. ) ;
#5428 = CARTESIAN_POINT ( 'NONE',  ( 14.98685236901979145, 22.94810817981393569, 29.22787252800894109 ) ) ;
#5429 = CARTESIAN_POINT ( 'NONE',  ( -15.00000000000000000, 16.31354737148743084, -3.892886739489540560 ) ) ;
#5430 = VECTOR ( 'NONE', #1911, 1000.000000000000000 ) ;
#5431 = AXIS2_PLACEMENT_3D ( 'NONE', #5743, #1754, #1388 ) ;
#5432 = LINE ( 'NONE', #2399, #1266 ) ;
#5433 = CIRCLE ( 'NONE', #2832, 11.50000000000000000 ) ;
#5434 = CARTESIAN_POINT ( 'NONE',  ( 15.99999999999999645, 0.000000000000000000, 0.000000000000000000 ) ) ;
#5435 = CARTESIAN_POINT ( 'NONE',  ( 15.53241216860677731, 50.00000000000000000, 19.03235765329041485 ) ) ;
#5436 = DIRECTION ( 'NONE',  ( 1.000000000000000000, -0.000000000000000000, 0.000000000000000000 ) ) ;
#5437 = VECTOR ( 'NONE', #3208, 1000.000000000000000 ) ;
#5438 = LINE ( 'NONE', #947, #2438 ) ;
#5439 = CARTESIAN_POINT ( 'NONE',  ( -15.99999999999999645, 0.000000000000000000, 3.000000000000000444 ) ) ;
#5440 = ORIENTED_EDGE ( 'NONE', *, *, #14, .F. ) ;
#5441 = CIRCLE ( 'NONE', #2842, 2.000000000000001776 ) ;
#5442 = ORIENTED_EDGE ( 'NONE', *, *, #1280, .T. ) ;
#5443 = COORDINATED_UNIVERSAL_TIME_OFFSET ( 5, 30, .AHEAD. ) ;
#5444 = CARTESIAN_POINT ( 'NONE',  ( 1.597080079669641606, 43.58386414160387545, 10.85395704208110423 ) ) ;
#5445 = ORIENTED_EDGE ( 'NONE', *, *, #1858, .T. ) ;
#5446 = AXIS2_PLACEMENT_3D ( 'NONE', #369, #249, #2962 ) ;
#5447 = CC_DESIGN_PERSON_AND_ORGANIZATION_ASSIGNMENT ( #4263, #3006, ( #811 ) ) ;
#5448 = ADVANCED_FACE ( 'NONE', ( #5373 ), #4394, .T. ) ;
#5449 = CARTESIAN_POINT ( 'NONE',  ( 15.99999999999999645, 0.000000000000000000, 35.15350152500624148 ) ) ;
#5450 = LINE ( 'NONE', #2831, #4215 ) ;
#5451 = ORIENTED_EDGE ( 'NONE', *, *, #634, .F. ) ;
#5452 = DIRECTION ( 'NONE',  ( 1.144237745236444730E-17, -1.000000000000000000, -1.077630638245846611E-14 ) ) ;
#5453 = ORIENTED_EDGE ( 'NONE', *, *, #5484, .T. ) ;
#5454 = DIRECTION ( 'NONE',  ( 1.000000000000000000, 0.000000000000000000, 0.000000000000000000 ) ) ;
#5456 = EDGE_CURVE ( 'NONE', #1182, #1534, #5173, .T. ) ;
#5455 = VERTEX_POINT ( 'NONE', #3987 ) ;
#5457 = APPROVAL_PERSON_ORGANIZATION ( #2916, #2069, #5123 ) ;
#5458 = DIRECTION ( 'NONE',  ( -0.000000000000000000, -0.000000000000000000, -1.000000000000000000 ) ) ;
#5459 = CYLINDRICAL_SURFACE ( 'NONE', #3653, 2.000000000000001776 ) ;
#5460 = CC_DESIGN_APPROVAL ( #5278, ( #245 ) ) ;
#5461 = CARTESIAN_POINT ( 'NONE',  ( -0.5340500920516038086, 42.75566491651908052, 14.01028636769109248 ) ) ;
#5462 = FACE_OUTER_BOUND ( 'NONE', #4985, .T. ) ;
#5463 = ADVANCED_FACE ( 'NONE', ( #1851 ), #884, .F. ) ;
#5464 = CARTESIAN_POINT ( 'NONE',  ( 2.546372920165910332E-15, 48.00000000000000000, 45.00000000000000000 ) ) ;
#5465 = CARTESIAN_POINT ( 'NONE',  ( -12.00000000000000000, 3.673940397442044091E-16, -0.9999999999999731326 ) ) ;
#5466 = AXIS2_PLACEMENT_3D ( 'NONE', #2340, #5371, #1047 ) ;
#5467 = DIRECTION ( 'NONE',  ( 0.000000000000000000, 0.000000000000000000, 1.000000000000000000 ) ) ;
#5468 = ADVANCED_FACE ( 'NONE', ( #1936 ), #971, .F. ) ;
#5469 = CARTESIAN_POINT ( 'NONE',  ( -15.00000000000000000, 29.77217284761369243, 3.690220038400653380 ) ) ;
#5470 = ORIENTED_EDGE ( 'NONE', *, *, #571, .F. ) ;
#5471 = ORIENTED_EDGE ( 'NONE', *, *, #5359, .T. ) ;
#5472 = ITEM_DEFINED_TRANSFORMATION ( 'NONE', 'NONE', #5081,  #2942 ) ;
#5473 = CARTESIAN_POINT ( 'NONE',  ( 13.00000000000002487, -17.17072523365121128, -27.00307750887764868 ) ) ;
#5474 = DIRECTION ( 'NONE',  ( -1.000000000000000000, -0.000000000000000000, -0.000000000000000000 ) ) ;
#5475 = CARTESIAN_POINT ( 'NONE',  ( 12.99722751490354611, 19.05421516696824469, 29.54960806905832271 ) ) ;
#5476 = EDGE_LOOP ( 'NONE', ( #2015, #2809, #2691, #4444 ) ) ;
#5477 = PERSON_AND_ORGANIZATION ( #1916, #341 ) ;
#5478 = ORIENTED_EDGE ( 'NONE', *, *, #2217, .F. ) ;
#5479 = VECTOR ( 'NONE', #303, 1000.000000000000000 ) ;
#5480 = LINE ( 'NONE', #3714, #1992 ) ;
#5481 = ORIENTED_EDGE ( 'NONE', *, *, #1493, .F. ) ;
#5482 = CARTESIAN_POINT ( 'NONE',  ( 1.663734802719232375E-15, 40.00000000000000000, 45.93528469341880083 ) ) ;
#5483 = CARTESIAN_POINT ( 'NONE',  ( 11.93488257301923738, -35.13815526106476739, -1.038611726258547252 ) ) ;
#5484 = EDGE_CURVE ( 'NONE', #4030, #2563, #3229, .T. ) ;
#5485 = EDGE_CURVE ( 'NONE', #95, #5761, #539, .T. ) ;
#5486 = EDGE_LOOP ( 'NONE', ( #1735, #2616, #5304, #1307, #4440, #2895, #4233, #4933 ) ) ;
#5487 = CARTESIAN_POINT ( 'NONE',  ( -15.00000000000000000, 16.31354737148743084, -20.19288673948953416 ) ) ;
#5488 = CYLINDRICAL_SURFACE ( 'NONE', #4323, 2.000000000000001776 ) ;
#5489 = CARTESIAN_POINT ( 'NONE',  ( 7.094027214448808421E-16, 48.00000000000000000, 17.00000000000000000 ) ) ;
#5490 = CIRCLE ( 'NONE', #4480, 32.00000000000000000 ) ;
#5491 = CARTESIAN_POINT ( 'NONE',  ( -15.00000000000000000, 14.28810658347096840, -9.217266640297472335 ) ) ;
#5492 = B_SPLINE_CURVE_WITH_KNOTS ( 'NONE', 3,
 ( #1980, #4637, #1152, #2504, #4227, #228, #3299, #5186, #3329, #1506, #3795, #4726, #4613, #169, #2943, #4698, #3853, #3385, #3822, #5532, #4171, #1949, #1538, #1630, #2387, #3419, #4664, #1564, #1184, #2012 ),
 .UNSPECIFIED., .F., .F.,
 ( 4, 2, 2, 2, 2, 2, 2, 2, 2, 2, 2, 2, 2, 2, 4 ),
 ( 0.001805327884072353319, 0.002204702219534293312, 0.002604076554996233306, 0.003003450890458173300, 0.003402825225920113293, 0.003802199561382052853, 0.004201573896843993280, 0.005000322567767866329, 0.005799071238691740245, 0.006198445574153671998, 0.006597819909615603752, 0.006997194245077535506, 0.007396568580539466392, 0.007795942916001398146, 0.008195317251463329900 ),
 .UNSPECIFIED. ) ;
#5493 = EDGE_CURVE ( 'NONE', #3294, #4562, #1551, .T. ) ;
#5494 = TOROIDAL_SURFACE ( 'NONE', #2332, 1.000000000000000888, 4.000000000000000000 ) ;
#5495 = DIRECTION ( 'NONE',  ( 1.000000000000000000, -0.000000000000000000, -0.000000000000000000 ) ) ;
#5496 = CARTESIAN_POINT ( 'NONE',  ( 5.999999999999996447, 16.71448917956903557, 26.95034448157421991 ) ) ;
#5497 = ORIENTED_EDGE ( 'NONE', *, *, #3485, .F. ) ;
#5498 = ORIENTED_EDGE ( 'NONE', *, *, #5684, .T. ) ;
#5499 = CARTESIAN_POINT ( 'NONE',  ( 1.998958685164342608, 43.25384551772150843, 11.92054797696260238 ) ) ;
#5500 = CARTESIAN_POINT ( 'NONE',  ( -1.990139488679221857, 41.04315544235647906, 12.30137219626609735 ) ) ;
#5501 = LINE ( 'NONE', #1507, #3097 ) ;
#5502 = AXIS2_PLACEMENT_3D ( 'NONE', #2296, #3203, #4432 ) ;
#5503 = ORIENTED_EDGE ( 'NONE', *, *, #5485, .F. ) ;
#5504 = COORDINATED_UNIVERSAL_TIME_OFFSET ( 5, 30, .AHEAD. ) ;
#5505 = AXIS2_PLACEMENT_3D ( 'NONE', #4577, #2819, #520 ) ;
#5506 = CARTESIAN_POINT ( 'NONE',  ( 21.49999999999999645, 0.000000000000000000, 0.000000000000000000 ) ) ;
#5507 = CIRCLE ( 'NONE', #4497, 2.000000000000001776 ) ;
#5508 = ORIENTED_EDGE ( 'NONE', *, *, #1093, .T. ) ;
#5509 = DIRECTION ( 'NONE',  ( 0.000000000000000000, 0.000000000000000000, 1.000000000000000000 ) ) ;
#5510 = ORIENTED_EDGE ( 'NONE', *, *, #2247, .F. ) ;
#5511 = CARTESIAN_POINT ( 'NONE',  ( -13.45471801031343873, 28.89075706714347191, 23.36278416499496302 ) ) ;
#5512 = CARTESIAN_POINT ( 'NONE',  ( 13.99999999999999645, 14.79998848622210339, 28.37182300818354719 ) ) ;
#5513 = AXIS2_PLACEMENT_3D ( 'NONE', #2671, #3027, #3964 ) ;
#5514 = CIRCLE ( 'NONE', #4406, 24.42682846964513033 ) ;
#5515 = FACE_OUTER_BOUND ( 'NONE', #1831, .T. ) ;
#5516 = ORIENTED_EDGE ( 'NONE', *, *, #4450, .T. ) ;
#5517 = CARTESIAN_POINT ( 'NONE',  ( 10.99999999999999645, 16.66961349092400013, 30.94984096133321927 ) ) ;
#5518 = VECTOR ( 'NONE', #2727, 1000.000000000000000 ) ;
#5519 = CARTESIAN_POINT ( 'NONE',  ( -15.00000000000000000, -11.50000000000000178, 7.719519468096791570E-14 ) ) ;
#5520 = DIRECTION ( 'NONE',  ( 0.000000000000000000, 0.000000000000000000, 1.000000000000000000 ) ) ;
#5521 = ADVANCED_FACE ( 'NONE', ( #1465 ), #1964, .T. ) ;
#5522 = CIRCLE ( 'NONE', #1333, 11.50000000000000000 ) ;
#5523 = PERSON ( 'NAUO-PER1', 'UNSPECIFIED', 'UNSPECIFIED', ('UNSPECIFIED'), ('UNSPECIFIED'), ('UNSPECIFIED') ) ;
#5524 = CARTESIAN_POINT ( 'NONE',  ( -30.00000000000000000, -30.00000000000000000, -5.000000000000000000 ) ) ;
#5525 = CARTESIAN_POINT ( 'NONE',  ( -15.53241216860684304, 46.00000000000000000, 38.96764234670947502 ) ) ;
#5526 = CARTESIAN_POINT ( 'NONE',  ( 15.99999999999999645, 0.000000000000000000, 35.15350152500624148 ) ) ;
#5527 = ORIENTED_EDGE ( 'NONE', *, *, #4170, .F. ) ;
#5528 = EDGE_CURVE ( 'NONE', #4579, #5584, #133, .T. ) ;
#5529 = ORIENTED_EDGE ( 'NONE', *, *, #4805, .T. ) ;
#5530 = CARTESIAN_POINT ( 'NONE',  ( -15.00000000000000000, 21.21320343559668231, 21.21320343559616717 ) ) ;
#5531 = EDGE_CURVE ( 'NONE', #165, #5763, #698, .T. ) ;
#5532 = CARTESIAN_POINT ( 'NONE',  ( 1.607776227638739286, 40.79936524709732026, 13.26155149816301559 ) ) ;
#5533 = DIRECTION ( 'NONE',  ( 0.000000000000000000, 0.000000000000000000, 1.000000000000000000 ) ) ;
#5534 = VECTOR ( 'NONE', #2309, 1000.000000000000000 ) ;
#5535 = VERTEX_POINT ( 'NONE', #182 ) ;
#5536 = APPROVAL_STATUS ( 'not_yet_approved' ) ;
#5537 = CARTESIAN_POINT ( 'NONE',  ( -12.76370953258905949, 21.90008774307663941, 27.50429866837597004 ) ) ;
#5538 = ORIENTED_EDGE ( 'NONE', *, *, #4216, .F. ) ;
#5539 = CYLINDRICAL_SURFACE ( 'NONE', #961, 32.00000000000000000 ) ;
#5540 = ORIENTED_EDGE ( 'NONE', *, *, #921, .T. ) ;
#5541 = CARTESIAN_POINT ( 'NONE',  ( 10.43847872793676856, 30.53110798314634522, 22.23721524680200545 ) ) ;
#5542 = DIRECTION ( 'NONE',  ( 0.000000000000000000, 0.000000000000000000, 1.000000000000000000 ) ) ;
#5543 = AXIS2_PLACEMENT_3D ( 'NONE', #4885, #3078, #830 ) ;
#5544 = DIRECTION ( 'NONE',  ( -1.000000000000000000, -0.000000000000000000, -0.000000000000000000 ) ) ;
#5545 = ORIENTED_EDGE ( 'NONE', *, *, #2357, .T. ) ;
#5546 = AXIS2_PLACEMENT_3D ( 'NONE', #4589, #5452, #1429 ) ;
#5547 = CARTESIAN_POINT ( 'NONE',  ( -2.999999999999999112, 11.35477761546865061, 1.821819229026876208 ) ) ;
#5548 = LINE ( 'NONE', #4302, #5479 ) ;
#5549 = FACE_OUTER_BOUND ( 'NONE', #1479, .T. ) ;
#5550 = CC_DESIGN_APPROVAL ( #2069, ( #811 ) ) ;
#5551 = EDGE_CURVE ( 'NONE', #93, #1752, #886, .T. ) ;
#5552 = CARTESIAN_POINT ( 'NONE',  ( 13.99999999999999645, 16.71448917956903557, 28.95034448157421991 ) ) ;
#5553 = DIRECTION ( 'NONE',  ( -1.000000000000000000, 0.000000000000000000, 0.000000000000000000 ) ) ;
#5554 = DIRECTION ( 'NONE',  ( -0.000000000000000000, 1.000000000000000000, -0.000000000000000000 ) ) ;
#5555 = EDGE_LOOP ( 'NONE', ( #2437, #5591, #2890, #1578 ) ) ;
#5556 = PRODUCT ( 'impeller_01', 'impeller_01', '', ( #5658 ) ) ;
#5557 = EDGE_CURVE ( 'NONE', #5223, #1297, #99, .T. ) ;
#5558 = EDGE_CURVE ( 'NONE', #1547, #78, #2105, .T. ) ;
#5559 = ORIENTED_EDGE ( 'NONE', *, *, #287, .T. ) ;
#5560 = CARTESIAN_POINT ( 'NONE',  ( -5.894636362085092784, 40.72158595813755966, 16.18265041208589849 ) ) ;
#5561 = B_SPLINE_CURVE_WITH_KNOTS ( 'NONE', 3,
 ( #1072, #5374, #3198, #1376, #912, #540, #1955, #2293, #4643, #45, #2449, #4669, #2017, #939, #4975, #2696, #2726, #5071, #5537, #2758, #3800, #4514 ),
 .UNSPECIFIED., .F., .F.,
 ( 4, 2, 2, 2, 2, 2, 2, 2, 2, 2, 4 ),
 ( 0.000000000000000000, 0.003449801590047969421, 0.006899603180095938842, 0.01034940477014390826, 0.01207430556516789558, 0.01379920636019188289, 0.01724900795023985231, 0.02069880954028782000, 0.02242371033531180211, 0.02414861113033578768, 0.02759841272038374149 ),
 .UNSPECIFIED. ) ;
#5562 = CARTESIAN_POINT ( 'NONE',  ( -0.5284216989712365864, 40.64704921393341408, 13.99823803594501648 ) ) ;
#5563 = DIRECTION ( 'NONE',  ( -1.000000000000000000, 0.000000000000000000, 0.000000000000000000 ) ) ;
#5564 = EDGE_CURVE ( 'NONE', #2131, #244, #4973, .T. ) ;
#5565 = VERTEX_POINT ( 'NONE', #565 ) ;
#5566 = MECHANICAL_CONTEXT ( 'NONE', #5112, 'mechanical' ) ;
#5567 = CYLINDRICAL_SURFACE ( 'NONE', #1416, 12.99999999999999822 ) ;
#5568 = VERTEX_POINT ( 'NONE', #648 ) ;
#5569 = CARTESIAN_POINT ( 'NONE',  ( 10.99999999999999645, -14.79998848622252083, 28.37182300818333403 ) ) ;
#5570 = ORIENTED_EDGE ( 'NONE', *, *, #2785, .T. ) ;
#5571 = CARTESIAN_POINT ( 'NONE',  ( -13.52019960013717181, 7.048398614953221397, 36.50587874138065558 ) ) ;
#5572 = CARTESIAN_POINT ( 'NONE',  ( 11.93488257301923738, 16.66961349092467159, -30.94984096133286045 ) ) ;
#5573 = EDGE_CURVE ( 'NONE', #3982, #165, #1066, .T. ) ;
#5574 = ORIENTED_EDGE ( 'NONE', *, *, #4805, .F. ) ;
#5575 = CARTESIAN_POINT ( 'NONE',  ( -1.595118600154933564, 43.58471057873382648, 10.85142020630721227 ) ) ;
#5576 = ORIENTED_EDGE ( 'NONE', *, *, #2858, .T. ) ;
#5577 = CARTESIAN_POINT ( 'NONE',  ( 15.53241216860677731, 40.00000000000000000, 21.03235765329041485 ) ) ;
#5578 = DIRECTION ( 'NONE',  ( 0.000000000000000000, 0.000000000000000000, -1.000000000000000000 ) ) ;
#5579 = DIRECTION ( 'NONE',  ( 1.000000000000000000, -0.000000000000000000, -0.000000000000000000 ) ) ;
#5580 = FACE_BOUND ( 'NONE', #2213, .T. ) ;
#5581 = CARTESIAN_POINT ( 'NONE',  ( -26.44100814187985549, -26.23182295088395222, -5.000000000000000000 ) ) ;
#5582 = CYLINDRICAL_SURFACE ( 'NONE', #2547, 35.15350152500624148 ) ;
#5583 = FACE_OUTER_BOUND ( 'NONE', #493, .T. ) ;
#5584 = VERTEX_POINT ( 'NONE', #3742 ) ;
#5585 = AXIS2_PLACEMENT_3D ( 'NONE', #5759, #1768, #5319 ) ;
#5586 = ORIENTED_EDGE ( 'NONE', *, *, #4609, .F. ) ;
#5587 = DIRECTION ( 'NONE',  ( 1.000000000000000000, -0.000000000000000000, -0.000000000000000000 ) ) ;
#5588 = CARTESIAN_POINT ( 'NONE',  ( -1.603570539381183435, 41.50990719872192614, 10.84195386991097543 ) ) ;
#5589 = DIRECTION ( 'NONE',  ( 0.000000000000000000, 0.000000000000000000, -1.000000000000000000 ) ) ;
#5590 = ADVANCED_FACE ( 'NONE', ( #5515 ), #1826, .F. ) ;
#5591 = ORIENTED_EDGE ( 'NONE', *, *, #4033, .F. ) ;
#5592 = PERSON ( 'NAUO-PER3', 'UNSPECIFIED', 'UNSPECIFIED', ('UNSPECIFIED'), ('UNSPECIFIED'), ('UNSPECIFIED') ) ;
#5593 = CALENDAR_DATE ( 2026, 8, 7 ) ;
#5594 = CARTESIAN_POINT ( 'NONE',  ( 25.85528960709137891, 26.81754148567247142, -5.000000000000000000 ) ) ;
#5595 = VERTEX_POINT ( 'NONE', #1520 ) ;
#5596 = CARTESIAN_POINT ( 'NONE',  ( -8.785778021827159279, 17.52971900545513861, 4.000000000000000000 ) ) ;
#5597 = EDGE_LOOP ( 'NONE', ( #3623, #316, #5284, #5069 ) ) ;
#5598 = DIRECTION ( 'NONE',  ( -0.000000000000000000, -1.000000000000000000, -0.000000000000000000 ) ) ;
#5599 = CARTESIAN_POINT ( 'NONE',  ( 11.93488257301923738, 0.000000000000000000, 0.000000000000000000 ) ) ;
#5600 = EDGE_CURVE ( 'NONE', #4954, #3012, #5432, .T. ) ;
#5601 = AXIS2_PLACEMENT_3D ( 'NONE', #5014, #1977, #3328 ) ;
#5602 = AXIS2_PLACEMENT_3D ( 'NONE', #4205, #3740, #2866 ) ;
#5603 = VERTEX_POINT ( 'NONE', #157 ) ;
#5604 = DIRECTION ( 'NONE',  ( 0.000000000000000000, 0.000000000000000000, 1.000000000000000000 ) ) ;
#5605 = EDGE_LOOP ( 'NONE', ( #4957, #1345, #3360, #403 ) ) ;
#5606 = DIRECTION ( 'NONE',  ( 1.000000000000000000, -0.000000000000000000, 0.000000000000000000 ) ) ;
#5607 = CARTESIAN_POINT ( 'NONE',  ( 8.738137003089507360, 38.25785746175837687, 17.80360584744317975 ) ) ;
#5608 = CARTESIAN_POINT ( 'NONE',  ( -9.034689490947966917, 33.53356179088442701, 20.63321210659939098 ) ) ;
#5609 = AXIS2_PLACEMENT_3D ( 'NONE', #2677, #4487, #2159 ) ;
#5610 = AXIS2_PLACEMENT_3D ( 'NONE', #2744, #63, #4531 ) ;
#5611 = EDGE_CURVE ( 'NONE', #2470, #1484, #1843, .T. ) ;
#5612 = CARTESIAN_POINT ( 'NONE',  ( 27.85528960709138246, -26.23182295088395222, -5.000000000000000000 ) ) ;
#5613 = CIRCLE ( 'NONE', #2823, 3.000000000000000444 ) ;
#5614 = AXIS2_PLACEMENT_3D ( 'NONE', #2068, #5563, #230 ) ;
#5615 = DIRECTION ( 'NONE',  ( 1.000000000000000000, 0.000000000000000000, 0.000000000000000000 ) ) ;
#5616 = CARTESIAN_POINT ( 'NONE',  ( -15.53241216860684304, 46.00000000000000000, 38.96764234670947502 ) ) ;
#5617 = CARTESIAN_POINT ( 'NONE',  ( -28.44100814187985904, -26.23182295088395222, -5.000000000000000000 ) ) ;
#5618 = ORIENTED_EDGE ( 'NONE', *, *, #2117, .F. ) ;
#5619 = CIRCLE ( 'NONE', #3491, 2.000000000000001776 ) ;
#5620 = ORIENTED_EDGE ( 'NONE', *, *, #5408, .F. ) ;
#5621 = CARTESIAN_POINT ( 'NONE',  ( -11.21285112616990176, 34.61045563570069561, 20.02208441979092868 ) ) ;
#5622 = CARTESIAN_POINT ( 'NONE',  ( 13.99999999999999645, 0.000000000000000000, 0.000000000000000000 ) ) ;
#5623 = CARTESIAN_POINT ( 'NONE',  ( -11.93488257301923916, 24.86805547285037221, 24.84649847499357733 ) ) ;
#5624 = CIRCLE ( 'NONE', #2738, 32.00000000000000000 ) ;
#5625 = ORIENTED_EDGE ( 'NONE', *, *, #2350, .F. ) ;
#5626 = APPLICATION_PROTOCOL_DEFINITION ( 'international standard', 'config_control_design', 1994, #937 ) ;
#5627 = CARTESIAN_POINT ( 'NONE',  ( 13.00000000000002487, 0.000000000000000000, 0.000000000000000000 ) ) ;
#5628 = EDGE_CURVE ( 'NONE', #293, #1697, #3924, .T. ) ;
#5629 = ORIENTED_EDGE ( 'NONE', *, *, #5754, .F. ) ;
#5630 = CARTESIAN_POINT ( 'NONE',  ( -15.00000000000000000, -29.77217284761369243, -3.690220038400653380 ) ) ;
#5631 = ORIENTED_EDGE ( 'NONE', *, *, #5564, .F. ) ;
#5632 = CARTESIAN_POINT ( 'NONE',  ( -12.00000000000000000, 0.000000000000000000, 0.000000000000000000 ) ) ;
#5633 = CARTESIAN_POINT ( 'NONE',  ( 0.000000000000000000, 0.000000000000000000, -5.000000000000000000 ) ) ;
#5634 = ORIENTED_EDGE ( 'NONE', *, *, #4465, .F. ) ;
#5635 = AXIS2_PLACEMENT_3D ( 'NONE', #189, #2991, #2466 ) ;
#5636 = ORIENTED_EDGE ( 'NONE', *, *, #3863, .F. ) ;
#5637 = CYLINDRICAL_SURFACE ( 'NONE', #3974, 11.50000000000000000 ) ;
#5638 = EDGE_CURVE ( 'NONE', #2598, #2273, #2204, .T. ) ;
#5639 = ORIENTED_EDGE ( 'NONE', *, *, #5176, .T. ) ;
#5640 = DIRECTION ( 'NONE',  ( 1.000000000000000000, 0.000000000000000000, 0.000000000000000000 ) ) ;
#5641 = DIRECTION ( 'NONE',  ( 0.000000000000000000, -0.7071067811865388020, 0.7071067811865561215 ) ) ;
#5642 = CARTESIAN_POINT ( 'NONE',  ( -9.434854699559778624, 32.79733742900162952, 21.04081416642856084 ) ) ;
#5643 = CIRCLE ( 'NONE', #3045, 15.00000000000000000 ) ;
#5644 = FACE_BOUND ( 'NONE', #291, .T. ) ;
#5645 = EDGE_CURVE ( 'NONE', #2563, #4030, #3418, .T. ) ;
#5646 = DIRECTION ( 'NONE',  ( -0.000000000000000000, -0.000000000000000000, 1.000000000000000000 ) ) ;
#5647 = DIRECTION ( 'NONE',  ( 0.000000000000000000, -1.000000000000000000, 1.047444401652940164E-14 ) ) ;
#5648 = DIRECTION ( 'NONE',  ( 0.000000000000000000, 0.000000000000000000, 1.000000000000000000 ) ) ;
#5649 = ORIENTED_EDGE ( 'NONE', *, *, #4723, .T. ) ;
#5650 = CC_DESIGN_APPROVAL ( #2924, ( #2478 ) ) ;
#5651 = EDGE_CURVE ( 'NONE', #3445, #4413, #2664, .T. ) ;
#5652 = ORIENTED_EDGE ( 'NONE', *, *, #2149, .F. ) ;
#5653 = CARTESIAN_POINT ( 'NONE',  ( -9.978677541225334124, 36.69143566677782786, 18.78504262220389975 ) ) ;
#5654 = DIRECTION ( 'NONE',  ( -1.000000000000000000, 0.000000000000000000, -0.000000000000000000 ) ) ;
#5655 = DIRECTION ( 'NONE',  ( -1.000000000000000000, 0.000000000000000000, 0.000000000000000000 ) ) ;
#5656 = UNCERTAINTY_MEASURE_WITH_UNIT (LENGTH_MEASURE( 1.000000000000000082E-05 ), #3160, 'distance_accuracy_value', 'NONE');
#5657 = ORIENTED_EDGE ( 'NONE', *, *, #4625, .T. ) ;
#5658 = MECHANICAL_CONTEXT ( 'NONE', #937, 'mechanical' ) ;
#5659 = CARTESIAN_POINT ( 'NONE',  ( -26.44100814187985549, 26.81754148567247142, 0.000000000000000000 ) ) ;
#5660 = ORIENTED_EDGE ( 'NONE', *, *, #3054, .T. ) ;
#5661 = CARTESIAN_POINT ( 'NONE',  ( -2.999999999999998224, 3.892886739489710646, 16.31354737148739176 ) ) ;
#5662 = EDGE_LOOP ( 'NONE', ( #3957, #890, #4869, #455 ) ) ;
#5663 = DIRECTION ( 'NONE',  ( 0.000000000000000000, 0.7071067811865486830, 0.7071067811865463515 ) ) ;
#5664 = DIRECTION ( 'NONE',  ( 1.000000000000000000, 0.000000000000000000, 0.000000000000000000 ) ) ;
#5665 = ORIENTED_EDGE ( 'NONE', *, *, #1725, .T. ) ;
#5666 = CARTESIAN_POINT ( 'NONE',  ( 0.000000000000000000, 0.000000000000000000, 0.000000000000000000 ) ) ;
#5667 = ORIENTED_EDGE ( 'NONE', *, *, #1679, .F. ) ;
#5668 = CARTESIAN_POINT ( 'NONE',  ( 11.93488257301924094, 24.86805547285037221, 24.84649847499358088 ) ) ;
#5669 = CARTESIAN_POINT ( 'NONE',  ( 10.99999999999999645, -35.13815526106477449, 1.038611726258275025 ) ) ;
#5670 = CARTESIAN_POINT ( 'NONE',  ( -11.93488257301923916, 24.86805547285037221, 24.84649847499357733 ) ) ;
#5671 = EDGE_CURVE ( 'NONE', #1398, #2131, #1737, .T. ) ;
#5672 = EDGE_CURVE ( 'NONE', #1428, #5097, #707, .T. ) ;
#5673 = CARTESIAN_POINT ( 'NONE',  ( 2.449293598294706414E-16, 40.00000000000000000, 10.06471530658119384 ) ) ;
#5674 = CARTESIAN_POINT ( 'NONE',  ( 13.99999999999999645, -33.42897835913842641, -1.297247899378906055E-13 ) ) ;
#5675 = DIRECTION ( 'NONE',  ( 0.000000000000000000, 0.000000000000000000, -1.000000000000000000 ) ) ;
#5676 = CARTESIAN_POINT ( 'NONE',  ( -15.00000000000000000, 16.31354737148743084, -21.89288673948953701 ) ) ;
#5677 = ORIENTED_EDGE ( 'NONE', *, *, #2785, .F. ) ;
#5678 = EDGE_CURVE ( 'NONE', #1863, #767, #3807, .T. ) ;
#5679 = ORIENTED_EDGE ( 'NONE', *, *, #4604, .F. ) ;
#5680 = DIRECTION ( 'NONE',  ( 0.000000000000000000, 0.000000000000000000, 1.000000000000000000 ) ) ;
#5681 = AXIS2_PLACEMENT_3D ( 'NONE', #1405, #3666, #3259 ) ;
#5682 = DIRECTION ( 'NONE',  ( 1.000000000000000000, 0.000000000000000000, 0.000000000000000000 ) ) ;
#5683 = DIRECTION ( 'NONE',  ( 0.000000000000000000, -1.000000000000000000, 0.000000000000000000 ) ) ;
#5684 = EDGE_CURVE ( 'NONE', #1572, #1081, #1165, .T. ) ;
#5685 = ORIENTED_EDGE ( 'NONE', *, *, #852, .T. ) ;
#5686 = PERSON_AND_ORGANIZATION_ROLE ( 'design_supplier' ) ;
#5687 = DIRECTION ( 'NONE',  ( -1.000000000000000000, 0.000000000000000000, -0.000000000000000000 ) ) ;
#5688 = ORIENTED_EDGE ( 'NONE', *, *, #327, .F. ) ;
#5689 = LINE ( 'NONE', #3587, #507 ) ;
#5690 = CARTESIAN_POINT ( 'NONE',  ( -28.44100814187985904, 26.81754148567247142, 0.000000000000000000 ) ) ;
#5691 = MANIFOLD_SOLID_BREP ( 'Boss-Extrude3', #17 ) ;
#5692 = DIRECTION ( 'NONE',  ( 1.000000000000000000, 0.000000000000000000, 0.000000000000000000 ) ) ;
#5693 = ORIENTED_EDGE ( 'NONE', *, *, #4157, .T. ) ;
#5694 = CARTESIAN_POINT ( 'NONE',  ( -1.933817472349765421, 43.36623223014773743, 11.53858012190781501 ) ) ;
#5695 = ORIENTED_EDGE ( 'NONE', *, *, #1207, .T. ) ;
#5696 = CARTESIAN_POINT ( 'NONE',  ( -15.00000000000000000, -1.946443369744798924, -8.156773685743708313 ) ) ;
#5697 = CYLINDRICAL_SURFACE ( 'NONE', #3458, 2.000000000000000444 ) ;
#5698 = DIRECTION ( 'NONE',  ( -0.000000000000000000, -0.000000000000000000, -1.000000000000000000 ) ) ;
#5699 = VECTOR ( 'NONE', #4937, 1000.000000000000000 ) ;
#5700 = DIRECTION ( 'NONE',  ( 1.000000000000000000, -0.000000000000000000, -0.000000000000000000 ) ) ;
#5701 = DIRECTION ( 'NONE',  ( 0.000000000000000000, 0.000000000000000000, -1.000000000000000000 ) ) ;
#5702 = CC_DESIGN_PERSON_AND_ORGANIZATION_ASSIGNMENT ( #2653, #3152, ( #4907 ) ) ;
#5703 = CARTESIAN_POINT ( 'NONE',  ( -16.31644489767901263, 17.52971900545513861, 4.000000000000000000 ) ) ;
#5704 = AXIS2_PLACEMENT_3D ( 'NONE', #837, #917, #2617 ) ;
#5705 = EDGE_CURVE ( 'NONE', #5603, #4294, #430, .T. ) ;
#5706 = AXIS2_PLACEMENT_3D ( 'NONE', #610, #90, #3621 ) ;
#5707 = DIRECTION ( 'NONE',  ( 0.000000000000000000, 0.000000000000000000, 1.000000000000000000 ) ) ;
#5708 = ORIENTED_EDGE ( 'NONE', *, *, #4615, .F. ) ;
#5709 = VERTEX_POINT ( 'NONE', #1612 ) ;
#5710 = DIRECTION ( 'NONE',  ( 1.000000000000000000, 0.000000000000000000, 0.000000000000000000 ) ) ;
#5711 = EDGE_CURVE ( 'NONE', #2215, #5584, #2382, .T. ) ;
#5712 = AXIS2_PLACEMENT_3D ( 'NONE', #4291, #3917, #1696 ) ;
#5713 =( REPRESENTATION_RELATIONSHIP ('NONE','NONE', #4279, #1892 ) REPRESENTATION_RELATIONSHIP_WITH_TRANSFORMATION ( #4082 )SHAPE_REPRESENTATION_RELATIONSHIP( ) );
#5714 = AXIS2_PLACEMENT_3D ( 'NONE', #2692, #5426, #1431 ) ;
#5715 = ORIENTED_EDGE ( 'NONE', *, *, #3871, .F. ) ;
#5716 = CALENDAR_DATE ( 2026, 8, 7 ) ;
#5717 = FACE_OUTER_BOUND ( 'NONE', #67, .T. ) ;
#5718 = ADVANCED_FACE ( 'NONE', ( #1135 ), #5637, .F. ) ;
#5719 = VERTEX_POINT ( 'NONE', #1167 ) ;
#5720 = CARTESIAN_POINT ( 'NONE',  ( 4.742386955228894863, 38.12219350398486739, 17.88963911059268597 ) ) ;
#5721 = DIRECTION ( 'NONE',  ( -1.000000000000000000, 0.000000000000000000, 0.000000000000000000 ) ) ;
#5722 = ORIENTED_EDGE ( 'NONE', *, *, #642, .T. ) ;
#5723 = ADVANCED_FACE ( 'NONE', ( #2551, #1647 ), #2579, .T. ) ;
#5724 = ORIENTED_EDGE ( 'NONE', *, *, #999, .T. ) ;
#5725 = PLANE ( 'NONE',  #3953 ) ;
#5726 = DIRECTION ( 'NONE',  ( 1.000000000000000000, -0.000000000000000000, -0.000000000000000000 ) ) ;
#5727 = CARTESIAN_POINT ( 'NONE',  ( 7.094027214448808421E-16, 50.00000000000000000, 30.00000000000000000 ) ) ;
#5728 = VECTOR ( 'NONE', #2001, 1000.000000000000000 ) ;
#5729 = CARTESIAN_POINT ( 'NONE',  ( -15.00000000000000000, -8.131727983645285818, 8.131727983645308910 ) ) ;
#5730 = DIRECTION ( 'NONE',  ( 1.000000000000000000, 0.000000000000000000, 0.000000000000000000 ) ) ;
#5731 = AXIS2_PLACEMENT_3D ( 'NONE', #4039, #44, #2208 ) ;
#5732 = CARTESIAN_POINT ( 'NONE',  ( -2.999999999999998224, 21.21320343559638744, -21.21320343559646204 ) ) ;
#5733 = DIRECTION ( 'NONE',  ( -0.8660254037844427044, 0.000000000000000000, -0.4999999999999929501 ) ) ;
#5734 = EDGE_LOOP ( 'NONE', ( #4379, #4421, #1279, #3792 ) ) ;
#5735 = AXIS2_PLACEMENT_3D ( 'NONE', #2054, #3366, #5134 ) ;
#5736 = EDGE_LOOP ( 'NONE', ( #2065, #3310, #181, #2908, #4153, #1559, #364, #3251 ) ) ;
#5737 = CARTESIAN_POINT ( 'NONE',  ( -15.99999999999999645, 0.000000000000000000, 0.000000000000000000 ) ) ;
#5738 = ORGANIZATION ( 'NAUO-ORG1', 'UNSPECIFIED', 'UNSPECIFIED' ) ;
#5739 = EDGE_CURVE ( 'NONE', #244, #673, #4439, .T. ) ;
#5740 = EDGE_CURVE ( 'NONE', #3272, #5455, #5643, .T. ) ;
#5741 = VERTEX_POINT ( 'NONE', #4504 ) ;
#5742 = APPLICATION_PROTOCOL_DEFINITION ( 'international standard', 'config_control_design', 1994, #1945 ) ;
#5743 = CARTESIAN_POINT ( 'NONE',  ( -12.00000000000000000, 0.000000000000000000, 0.000000000000000000 ) ) ;
#5744 = VERTEX_POINT ( 'NONE', #878 ) ;
#5745 = DIRECTION ( 'NONE',  ( -1.000000000000000000, 0.000000000000000000, 0.000000000000000000 ) ) ;
#5746 = CARTESIAN_POINT ( 'NONE',  ( 13.99999999999999645, 0.000000000000000000, 35.15350152500624148 ) ) ;
#5747 = ADVANCED_FACE ( 'NONE', ( #1286 ), #3071, .F. ) ;
#5748 = AXIS2_PLACEMENT_3D ( 'NONE', #4508, #4970, #1908 ) ;
#5749 = ORIENTED_EDGE ( 'NONE', *, *, #79, .T. ) ;
#5750 = ORIENTED_EDGE ( 'NONE', *, *, #1901, .T. ) ;
#5751 = DIRECTION ( 'NONE',  ( 0.000000000000000000, 0.7071067811865439090, -0.7071067811865512365 ) ) ;
#5752 = CYLINDRICAL_SURFACE ( 'NONE', #1014, 2.000000000000000000 ) ;
#5753 = DIRECTION ( 'NONE',  ( 0.000000000000000000, 0.000000000000000000, 1.000000000000000000 ) ) ;
#5754 = EDGE_CURVE ( 'NONE', #2562, #3144, #3134, .T. ) ;
#5755 = DIRECTION ( 'NONE',  ( 0.000000000000000000, 0.8660254037844364872, 0.5000000000000037748 ) ) ;
#5756 = CARTESIAN_POINT ( 'NONE',  ( -15.00000000000000000, 3.690220038400549463, -29.77217284761370664 ) ) ;
#5757 = LINE ( 'NONE', #3111, #4217 ) ;
#5758 = AXIS2_PLACEMENT_3D ( 'NONE', #1101, #3308, #2422 ) ;
#5759 = CARTESIAN_POINT ( 'NONE',  ( -15.00000000000000000, -14.28810658347096840, -8.782733359702522336 ) ) ;
#5760 = VERTEX_POINT ( 'NONE', #5308 ) ;
#5761 = VERTEX_POINT ( 'NONE', #905 ) ;
#5762 = DIRECTION ( 'NONE',  ( 0.000000000000000000, 0.000000000000000000, -1.000000000000000000 ) ) ;
#5763 = VERTEX_POINT ( 'NONE', #1311 ) ;
#5764 = ORIENTED_EDGE ( 'NONE', *, *, #3697, .T. ) ;
#5765 = NEXT_ASSEMBLY_USAGE_OCCURRENCE ( 'NAUO1', ' ', ' ', #1604, #431, $ ) ;
#5766 = NEXT_ASSEMBLY_USAGE_OCCURRENCE ( 'NAUO2', ' ', ' ', #1604, #4573, $ ) ;
#5767 = NEXT_ASSEMBLY_USAGE_OCCURRENCE ( 'NAUO3', ' ', ' ', #1604, #4321, $ ) ;
ENDSEC;
END-ISO-10303-21;
