ISO-10303-21;
HEADER;
FILE_DESCRIPTION (( 'STEP AP214' ),
    '1' );
FILE_NAME ('vaccum with impeller.STEP',
    '2026-07-09T16:34:50',
    ( '' ),
    ( '' ),
    'SwSTEP 2.0',
    'SolidWorks 2023',
    '' );
FILE_SCHEMA (( 'AUTOMOTIVE_DESIGN' ));
ENDSEC;

DATA;
#1 = AXIS2_PLACEMENT_3D ( 'NONE', #1703, #4066, #2100 ) ;
#2 = ORIENTED_EDGE ( 'NONE', *, *, #5990, .T. ) ;
#3 = CARTESIAN_POINT ( 'NONE',  ( 11.93488257301919830, 34.78468076121159669, -5.078843747272739684 ) ) ;
#4 = CARTESIAN_POINT ( 'NONE',  ( -13.77214657445200174, 15.50326850568380443, 33.77192695085327756 ) ) ;
#5 = FACE_BOUND ( 'NONE', #4084, .T. ) ;
#6 = PLANE ( 'NONE',  #1216 ) ;
#7 = DIRECTION ( 'NONE',  ( 0.000000000000000000, 0.1736481776669315247, 0.9848077530122077983 ) ) ;
#8 = DIRECTION ( 'NONE',  ( 1.000000000000000000, -0.000000000000000000, 0.000000000000000000 ) ) ;
#9 = DIRECTION ( 'NONE',  ( 0.000000000000000000, -0.3420201433256756518, -0.9396926207859057634 ) ) ;
#10 = AXIS2_PLACEMENT_3D ( 'NONE', #2824, #4801, #5270 ) ;
#11 = CARTESIAN_POINT ( 'NONE',  ( 14.91494497283343712, 28.52522258966929058, 23.80678709328383036 ) ) ;
#12 = DIRECTION ( 'NONE',  ( -1.000000000000000000, -5.793456394897969729E-18, -1.367446332762960049E-17 ) ) ;
#13 = EDGE_LOOP ( 'NONE', ( #4455, #5532, #5599, #3905, #1452, #552, #1548, #1332, #1696, #3181, #6149, #764, #2253, #1971, #4847, #5191, #3213, #1296, #331, #5318, #2646, #2222, #5852, #4254 ) ) ;
#14 = CARTESIAN_POINT ( 'NONE',  ( 5.032706792620350072E-15, 47.71618495344599609, 40.26111290224909567 ) ) ;
#15 = FACE_OUTER_BOUND ( 'NONE', #3649, .T. ) ;
#16 = CARTESIAN_POINT ( 'NONE',  ( -3.905412899550284145, -1.409333726932131103, -44.46123480796310190 ) ) ;
#17 = FACE_OUTER_BOUND ( 'NONE', #390, .T. ) ;
#18 = ORIENTED_EDGE ( 'NONE', *, *, #260, .F. ) ;
#19 = AXIS2_PLACEMENT_3D ( 'NONE', #3031, #2557, #1052 ) ;
#20 = VECTOR ( 'NONE', #3975, 1000.000000000000000 ) ;
#21 = CARTESIAN_POINT ( 'NONE',  ( 4.406921638514265612E-15, 41.14002959221263467, 2.965882559104603189 ) ) ;
#22 = VERTEX_POINT ( 'NONE', #2242 ) ;
#23 = DIRECTION ( 'NONE',  ( 0.000000000000000000, 0.7660444431189792347, -0.6427876096865378086 ) ) ;
#24 = ADVANCED_FACE ( 'NONE', ( #394 ), #2276, .F. ) ;
#25 = AXIS2_PLACEMENT_3D ( 'NONE', #409, #2288, #2320 ) ;
#26 = ORIENTED_EDGE ( 'NONE', *, *, #5804, .T. ) ;
#27 = CARTESIAN_POINT ( 'NONE',  ( -0.9588279511231357910, 1.037141886714987304, -44.95739262932843872 ) ) ;
#28 = CARTESIAN_POINT ( 'NONE',  ( -15.00000000000000000, -11.00709900302993027, -3.330731381768497812 ) ) ;
#29 = EDGE_LOOP ( 'NONE', ( #110, #2814, #1602, #1448 ) ) ;
#30 = EDGE_CURVE ( 'NONE', #4318, #5275, #1937, .T. ) ;
#31 = ORIENTED_EDGE ( 'NONE', *, *, #693, .F. ) ;
#32 = CARTESIAN_POINT ( 'NONE',  ( -1.400000000000000133, 0.000000000000000000, 0.000000000000000000 ) ) ;
#33 = CARTESIAN_POINT ( 'NONE',  ( -13.18436255310560057, 6.451637833762839946, 36.58905635337710294 ) ) ;
#34 = DIRECTION ( 'NONE',  ( 1.000000000000000000, 5.793456394897969729E-18, 1.367446332762960049E-17 ) ) ;
#35 = DIRECTION ( 'NONE',  ( 0.000000000000000000, -0.1736481776669298593, -0.9848077530122082424 ) ) ;
#36 = CARTESIAN_POINT ( 'NONE',  ( 6.000000000000000000, -11.43338396962349890, 31.41296428449409817 ) ) ;
#37 = CARTESIAN_POINT ( 'NONE',  ( 8.547201582802113506, 40.94563554387166704, 10.72593899526577488 ) ) ;
#38 = DIRECTION ( 'NONE',  ( 3.330895137017530528E-18, -0.9848077530122082424, 0.1736481776669300259 ) ) ;
#39 = CARTESIAN_POINT ( 'NONE',  ( 14.80277371109006168, 29.31796555473044563, 22.82501641238602730 ) ) ;
#40 = LINE ( 'NONE', #1811, #5490 ) ;
#41 = DIRECTION ( 'NONE',  ( -1.000000000000000000, 0.000000000000000000, 0.000000000000000000 ) ) ;
#42 = EDGE_CURVE ( 'NONE', #5448, #3587, #1419, .T. ) ;
#43 = VERTEX_POINT ( 'NONE', #1879 ) ;
#44 = CARTESIAN_POINT ( 'NONE',  ( -4.047057910197767505, 40.98227973278691394, 10.69186217660137217 ) ) ;
#45 = CARTESIAN_POINT ( 'NONE',  ( -2.999999999999999112, 11.43802814173653815, 1.192271877066219954 ) ) ;
#46 = CARTESIAN_POINT ( 'NONE',  ( -1.556767918569176734, 0.8530209857922841366, -44.91092169896273845 ) ) ;
#47 = VERTEX_POINT ( 'NONE', #3304 ) ;
#48 = AXIS2_PLACEMENT_3D ( 'NONE', #5663, #1761, #801 ) ;
#49 = VERTEX_POINT ( 'NONE', #4184 ) ;
#50 = CIRCLE ( 'NONE', #1348, 1.550000000000000044 ) ;
#51 = DIRECTION ( 'NONE',  ( 1.000000000000000000, 5.793456394897969729E-18, 1.367446332762960049E-17 ) ) ;
#52 = EDGE_CURVE ( 'NONE', #2708, #2575, #3526, .T. ) ;
#53 = ORIENTED_EDGE ( 'NONE', *, *, #1026, .T. ) ;
#54 = CARTESIAN_POINT ( 'NONE',  ( 4.478049145665571551, -4.913759333731259282, -44.04272271458731325 ) ) ;
#55 = CIRCLE ( 'NONE', #2725, 18.00000000000000000 ) ;
#56 = DIRECTION ( 'NONE',  ( -3.330895137017530143E-18, 0.9848077530122081313, -0.1736481776669299981 ) ) ;
#57 = DIRECTION ( 'NONE',  ( 1.000000000000000000, 5.793456394897969729E-18, 1.367446332762960049E-17 ) ) ;
#58 = ORIENTED_EDGE ( 'NONE', *, *, #5505, .F. ) ;
#59 = ADVANCED_FACE ( 'NONE', ( #3273 ), #1847, .T. ) ;
#60 = EDGE_CURVE ( 'NONE', #2643, #5565, #1302, .T. ) ;
#61 = AXIS2_PLACEMENT_3D ( 'NONE', #4804, #3261, #4775 ) ;
#62 = EDGE_LOOP ( 'NONE', ( #2562, #4731 ) ) ;
#63 = AXIS2_PLACEMENT_3D ( 'NONE', #1702, #5477, #340 ) ;
#64 = CARTESIAN_POINT ( 'NONE',  ( -12.75810919769211793, 18.84593856164822867, 29.67455804884397708 ) ) ;
#65 = CARTESIAN_POINT ( 'NONE',  ( -13.65356102446213704, 14.47150936921884323, 34.21926545305940692 ) ) ;
#66 = DIRECTION ( 'NONE',  ( 1.000000000000000000, 5.793456394897969729E-18, 1.367446332762960049E-17 ) ) ;
#67 = LINE ( 'NONE', #963, #817 ) ;
#68 = PLANE ( 'NONE',  #1254 ) ;
#69 = CARTESIAN_POINT ( 'NONE',  ( 12.91888239055847976, 33.72277236393555455, 16.75586273026670980 ) ) ;
#70 = DIRECTION ( 'NONE',  ( 0.000000000000000000, -0.1736481776669300259, -0.9848077530122082424 ) ) ;
#71 = EDGE_CURVE ( 'NONE', #762, #4437, #2369, .T. ) ;
#72 = AXIS2_PLACEMENT_3D ( 'NONE', #715, #1432, #2380 ) ;
#73 = CARTESIAN_POINT ( 'NONE',  ( 14.95470004973083000, 28.08008242812998390, 24.32882417836598776 ) ) ;
#74 = CARTESIAN_POINT ( 'NONE',  ( 11.93488257301919830, -34.42397469407509902, 7.124509508050089757 ) ) ;
#75 = DIRECTION ( 'NONE',  ( -4.163336342344335178E-17, 0.9848077530122082424, -0.1736481776669300259 ) ) ;
#76 = CARTESIAN_POINT ( 'NONE',  ( 0.06559270206883875687, -16.26707602773223371, -41.95687502635792754 ) ) ;
#77 = ADVANCED_FACE ( 'NONE', ( #3180 ), #5625, .F. ) ;
#78 = CARTESIAN_POINT ( 'NONE',  ( 14.00000000000000000, -3.232693901945260157E-15, 3.842306916168400005E-16 ) ) ;
#79 = DIRECTION ( 'NONE',  ( 1.000000000000000000, 5.793456394897969729E-18, 1.367446332762960049E-17 ) ) ;
#80 = CYLINDRICAL_SURFACE ( 'NONE', #2428, 2.000000000000000444 ) ;
#81 = ORIENTED_EDGE ( 'NONE', *, *, #3706, .F. ) ;
#82 = EDGE_LOOP ( 'NONE', ( #2005, #316, #4345, #4148 ) ) ;
#83 = CIRCLE ( 'NONE', #4764, 1.550000000000000044 ) ;
#84 = ORIENTED_EDGE ( 'NONE', *, *, #3475, .F. ) ;
#85 = CARTESIAN_POINT ( 'NONE',  ( 0.5613450666248435139, 0.9637933549613078021, -44.97935191147567480 ) ) ;
#86 = CARTESIAN_POINT ( 'NONE',  ( -0.8731115142225029935, 42.87517208980259653, 2.863208700059241885 ) ) ;
#87 = PLANE ( 'NONE',  #5271 ) ;
#88 = EDGE_LOOP ( 'NONE', ( #4164, #179 ) ) ;
#89 = MECHANICAL_DESIGN_GEOMETRIC_PRESENTATION_REPRESENTATION (  '', ( #2755 ), #4257 ) ;
#90 = ORIENTED_EDGE ( 'NONE', *, *, #1325, .T. ) ;
#91 = FACE_OUTER_BOUND ( 'NONE', #1013, .T. ) ;
#92 = CARTESIAN_POINT ( 'NONE',  ( -14.95699713648880191, 28.04913073385646172, 24.36450517573756969 ) ) ;
#93 = CARTESIAN_POINT ( 'NONE',  ( -2.999999999999998224, 0.000000000000000000, 0.000000000000000000 ) ) ;
#94 = CARTESIAN_POINT ( 'NONE',  ( -15.00000000000000000, -29.12335712682868660, -7.199310360249599583 ) ) ;
#95 = CARTESIAN_POINT ( 'NONE',  ( -0.2668090343765991967, 44.94140891468628496, 2.295596820645276370 ) ) ;
#96 = CARTESIAN_POINT ( 'NONE',  ( -7.530246211586456795, 41.81509354284285962, 9.915577074016919568 ) ) ;
#97 = EDGE_LOOP ( 'NONE', ( #1319, #2840, #5056, #1814 ) ) ;
#98 = CIRCLE ( 'NONE', #5068, 35.15350152500618464 ) ;
#99 = AXIS2_PLACEMENT_3D ( 'NONE', #5634, #5541, #1367 ) ;
#100 = CARTESIAN_POINT ( 'NONE',  ( 1.908474279845379984, 42.52258382805516845, 5.361094329153822002 ) ) ;
#101 = DIRECTION ( 'NONE',  ( 1.000000000000000000, 0.000000000000000000, 0.000000000000000000 ) ) ;
#102 = EDGE_CURVE ( 'NONE', #2958, #4699, #3047, .T. ) ;
#103 = CARTESIAN_POINT ( 'NONE',  ( 12.96525364766050181, 21.79074808759569848, 27.58499532810470001 ) ) ;
#104 = DIRECTION ( 'NONE',  ( 1.000000000000000000, 0.000000000000000000, -0.000000000000000000 ) ) ;
#105 = CARTESIAN_POINT ( 'NONE',  ( 4.467062568071638928, -10.37294336900708913, -43.08842756050631806 ) ) ;
#106 = ADVANCED_FACE ( 'NONE', ( #2762 ), #2671, .F. ) ;
#107 = CARTESIAN_POINT ( 'NONE',  ( 14.00000000000000000, -3.232693901945260157E-15, 3.842306916168400005E-16 ) ) ;
#108 = DIRECTION ( 'NONE',  ( 0.000000000000000000, -0.8660254037844362651, 0.5000000000000039968 ) ) ;
#109 = DIRECTION ( 'NONE',  ( 3.330895137017530143E-18, -0.9848077530122081313, 0.1736481776669299981 ) ) ;
#110 = ORIENTED_EDGE ( 'NONE', *, *, #3505, .F. ) ;
#111 = CIRCLE ( 'NONE', #3483, 35.15350152500621306 ) ;
#112 = AXIS2_PLACEMENT_3D ( 'NONE', #143, #5341, #5310 ) ;
#113 = VERTEX_POINT ( 'NONE', #475 ) ;
#114 = CARTESIAN_POINT ( 'NONE',  ( 0.4207321529789824210, 1.001675339444884738, -44.98297456218180912 ) ) ;
#115 = CARTESIAN_POINT ( 'NONE',  ( 11.00000000000000000, -11.04198112356250050, 33.37429133832659289 ) ) ;
#116 = CARTESIAN_POINT ( 'NONE',  ( -15.00000000000000000, 11.48246693397892493, -0.6347858773481435124 ) ) ;
#117 = ORIENTED_EDGE ( 'NONE', *, *, #4386, .T. ) ;
#118 = ADVANCED_FACE ( 'NONE', ( #3761 ), #505, .F. ) ;
#119 = ORIENTED_EDGE ( 'NONE', *, *, #3159, .F. ) ;
#120 = AXIS2_PLACEMENT_3D ( 'NONE', #278, #4104, #5482 ) ;
#121 = VECTOR ( 'NONE', #4206, 1000.000000000000000 ) ;
#122 = EDGE_LOOP ( 'NONE', ( #4861, #5963, #4120, #484, #4734, #5417, #148, #3614 ) ) ;
#123 = B_SPLINE_CURVE_WITH_KNOTS ( 'NONE', 3,
 ( #5042, #2587, #3090, #207, #2154, #766, #2650, #4562, #335, #297, #2184, #4092, #2213, #4943, #1725, #673 ),
 .UNSPECIFIED., .F., .F.,
 ( 4, 2, 2, 2, 2, 2, 2, 4 ),
 ( 0.000000000000000000, 0.2499999999999899525, 0.3749999999999871214, 0.4374999999999857336, 0.4687499999999862887, 0.4999999999999867883, 0.7499999999999933387, 1.000000000000000000 ),
 .UNSPECIFIED. ) ;
#124 = CARTESIAN_POINT ( 'NONE',  ( -12.54213745135027835, 16.54497581068102008, 31.02277241865102297 ) ) ;
#125 = CARTESIAN_POINT ( 'NONE',  ( -15.53241216860679863, 52.41511307537825815, 32.35743563299192971 ) ) ;
#126 = CARTESIAN_POINT ( 'NONE',  ( -15.00000000000000000, -10.63918073367659467, -5.034884176204868389 ) ) ;
#127 = LINE ( 'NONE', #94, #3488 ) ;
#128 = CARTESIAN_POINT ( 'NONE',  ( -1.227605870747130901, 44.86713736226663940, 2.730350211661692228 ) ) ;
#129 = CARTESIAN_POINT ( 'NONE',  ( -7.817467841657238736, 41.58783632002835873, 10.12930033437783806 ) ) ;
#130 = ORIENTED_EDGE ( 'NONE', *, *, #4815, .F. ) ;
#131 = CIRCLE ( 'NONE', #1765, 16.29999999999999716 ) ;
#132 = CARTESIAN_POINT ( 'NONE',  ( 0.6186055472141033240, 42.89686787534382972, 2.755387931151702663 ) ) ;
#133 = LINE ( 'NONE', #3504, #5883 ) ;
#134 = EDGE_CURVE ( 'NONE', #5966, #792, #4784, .T. ) ;
#135 = LINE ( 'NONE', #3858, #3420 ) ;
#136 = CARTESIAN_POINT ( 'NONE',  ( 4.716112600484579460E-15, 5.209445330007899777, 29.54423259036619953 ) ) ;
#137 = CARTESIAN_POINT ( 'NONE',  ( 3.850742035421742315, -12.54977415698859566, -42.69391126262782876 ) ) ;
#138 = EDGE_CURVE ( 'NONE', #2063, #22, #2292, .T. ) ;
#139 = VERTEX_POINT ( 'NONE', #2884 ) ;
#140 = ADVANCED_FACE ( 'NONE', ( #4299, #2358 ), #5645, .T. ) ;
#141 = DIRECTION ( 'NONE',  ( 3.330895137017530528E-18, -0.9848077530122082424, 0.1736481776669300259 ) ) ;
#142 = VECTOR ( 'NONE', #4031, 1000.000000000000000 ) ;
#143 = CARTESIAN_POINT ( 'NONE',  ( -20.00000000000000000, -3.429671419371789943E-15, -8.070106152256670580E-17 ) ) ;
#144 = ORIENTED_EDGE ( 'NONE', *, *, #4650, .T. ) ;
#145 = CIRCLE ( 'NONE', #3611, 2.000000000000001332 ) ;
#146 = ORIENTED_EDGE ( 'NONE', *, *, #4386, .F. ) ;
#147 = LINE ( 'NONE', #2033, #5222 ) ;
#148 = ORIENTED_EDGE ( 'NONE', *, *, #4272, .T. ) ;
#149 = ORIENTED_EDGE ( 'NONE', *, *, #1875, .T. ) ;
#150 = EDGE_LOOP ( 'NONE', ( #1127, #4755 ) ) ;
#151 = EDGE_CURVE ( 'NONE', #4375, #4577, #3293, .T. ) ;
#152 = CARTESIAN_POINT ( 'NONE',  ( -12.98955833761134393, 23.98635686481324569, 25.69858015793744954 ) ) ;
#153 = AXIS2_PLACEMENT_3D ( 'NONE', #280, #3169, #5083 ) ;
#154 = CARTESIAN_POINT ( 'NONE',  ( -14.90459191729951627, 24.60509596663019494, 27.83881275830162139 ) ) ;
#155 = CARTESIAN_POINT ( 'NONE',  ( -15.00000000000000000, -16.48390109005785220, 3.093121378389106280 ) ) ;
#156 = DIRECTION ( 'NONE',  ( 0.000000000000000000, 0.3420201433256630508, -0.9396926207859104263 ) ) ;
#157 = CARTESIAN_POINT ( 'NONE',  ( -1.024142581084207526, 44.54293766107123531, 6.162076028557859075 ) ) ;
#158 = FACE_OUTER_BOUND ( 'NONE', #5593, .T. ) ;
#159 = VERTEX_POINT ( 'NONE', #5209 ) ;
#160 = AXIS2_PLACEMENT_3D ( 'NONE', #3233, #5152, #4612 ) ;
#161 = CIRCLE ( 'NONE', #3925, 2.000000000000000444 ) ;
#162 = CARTESIAN_POINT ( 'NONE',  ( 1.871401907638970297, 42.67704068194733935, 4.006303627919955090 ) ) ;
#163 = DIRECTION ( 'NONE',  ( 0.000000000000000000, 0.5374824494795450436, 0.8432749352977759738 ) ) ;
#164 = DIRECTION ( 'NONE',  ( -1.000000000000000000, -5.793456394897969729E-18, -1.367446332762960049E-17 ) ) ;
#165 = AXIS2_PLACEMENT_3D ( 'NONE', #1414, #5682, #2364 ) ;
#166 = CARTESIAN_POINT ( 'NONE',  ( 14.00000000000000000, 34.42397469407499244, -7.124509508050099527 ) ) ;
#167 = LINE ( 'NONE', #2051, #587 ) ;
#168 = CARTESIAN_POINT ( 'NONE',  ( 0.9787392837779254062, -16.00363926353054822, -42.02391991520926240 ) ) ;
#169 = ORIENTED_EDGE ( 'NONE', *, *, #3236, .T. ) ;
#170 = EDGE_CURVE ( 'NONE', #2575, #732, #5082, .T. ) ;
#171 = CARTESIAN_POINT ( 'NONE',  ( -20.00000000000000000, -3.429671419371789943E-15, -8.070106152256670580E-17 ) ) ;
#172 = DIRECTION ( 'NONE',  ( 0.000000000000000000, 0.000000000000000000, -1.000000000000000000 ) ) ;
#173 = SHAPE_REPRESENTATION ( 'impeller_02_other blade direction', ( #2630 ), #1049 ) ;
#174 = VERTEX_POINT ( 'NONE', #966 ) ;
#175 = EDGE_CURVE ( 'NONE', #5427, #4697, #4279, .T. ) ;
#176 = DIRECTION ( 'NONE',  ( 1.000000000000000000, 5.793456394897969729E-18, 1.367446332762960049E-17 ) ) ;
#177 = ORIENTED_EDGE ( 'NONE', *, *, #2815, .T. ) ;
#178 = UNCERTAINTY_MEASURE_WITH_UNIT (LENGTH_MEASURE( 1.000000000000000082E-05 ), #4767, 'distance_accuracy_value', 'NONE');
#179 = ORIENTED_EDGE ( 'NONE', *, *, #4328, .F. ) ;
#180 = ORIENTED_EDGE ( 'NONE', *, *, #2135, .T. ) ;
#181 = AXIS2_PLACEMENT_3D ( 'NONE', #3135, #5052, #3199 ) ;
#182 = CARTESIAN_POINT ( 'NONE',  ( -2.999999999999998224, -29.12335712682868660, -7.199310360249599583 ) ) ;
#183 = CARTESIAN_POINT ( 'NONE',  ( -14.94594946158002990, 25.18914134236912972, 27.31098623380580293 ) ) ;
#184 = CARTESIAN_POINT ( 'NONE',  ( -12.00000017881390058, -41.00000061094760184, 4.000000000000000000 ) ) ;
#185 = CIRCLE ( 'NONE', #5059, 16.29999999999999716 ) ;
#186 = CARTESIAN_POINT ( 'NONE',  ( -2.999999999999997335, 0.000000000000000000, 5.000000000000001776 ) ) ;
#187 = CARTESIAN_POINT ( 'NONE',  ( -15.00000000000000000, 1.368767404691080047, -11.41825187109897577 ) ) ;
#188 = CYLINDRICAL_SURFACE ( 'NONE', #3366, 1.599999999999997202 ) ;
#189 = ORIENTED_EDGE ( 'NONE', *, *, #1848, .T. ) ;
#190 = PRESENTATION_LAYER_ASSIGNMENT (  '', '', ( #783 ) ) ;
#191 = CARTESIAN_POINT ( 'NONE',  ( 1.839193478981158592, 42.68912849249191055, 3.925677688771949114 ) ) ;
#192 = CARTESIAN_POINT ( 'NONE',  ( -15.00000000000000000, 0.8120341546824982881, 11.47129463189003751 ) ) ;
#193 = CYLINDRICAL_SURFACE ( 'NONE', #1604, 1.599999999999997202 ) ;
#194 = CARTESIAN_POINT ( 'NONE',  ( 4.716112600484579460E-15, 5.209445330007899777, 29.54423259036619953 ) ) ;
#195 = DIRECTION ( 'NONE',  ( 0.000000000000000000, -0.1736481776669300259, -0.9848077530122081313 ) ) ;
#196 = CARTESIAN_POINT ( 'NONE',  ( 4.644366244299974689, -9.164887468239284019, -43.30374408300009748 ) ) ;
#197 = CIRCLE ( 'NONE', #992, 31.99999999999999645 ) ;
#198 = ORIENTED_EDGE ( 'NONE', *, *, #5368, .T. ) ;
#199 = DIRECTION ( 'NONE',  ( 0.000000000000000000, 0.1736481776669300259, 0.9848077530122081313 ) ) ;
#200 = DIRECTION ( 'NONE',  ( 3.330895137017530528E-18, -0.9848077530122082424, 0.1736481776669300259 ) ) ;
#201 = ORIENTED_EDGE ( 'NONE', *, *, #3645, .F. ) ;
#202 = FACE_OUTER_BOUND ( 'NONE', #233, .T. ) ;
#203 = ORIENTED_EDGE ( 'NONE', *, *, #2783, .T. ) ;
#204 = VERTEX_POINT ( 'NONE', #5178 ) ;
#205 = ORIENTED_EDGE ( 'NONE', *, *, #5587, .T. ) ;
#206 = EDGE_CURVE ( 'NONE', #974, #1331, #1593, .T. ) ;
#207 = CARTESIAN_POINT ( 'NONE',  ( 12.97109121586117908, 22.36845561874001476, 27.40596290013681724 ) ) ;
#208 = FACE_OUTER_BOUND ( 'NONE', #5924, .T. ) ;
#209 = DIRECTION ( 'NONE',  ( 0.000000000000000000, 0.1736481776669319410, 0.9848077530122076872 ) ) ;
#210 = CARTESIAN_POINT ( 'NONE',  ( 14.00000000000000000, -3.232693901945260157E-15, 3.842306916168400005E-16 ) ) ;
#211 = CARTESIAN_POINT ( 'NONE',  ( 15.53241216860679863, 52.89261822914340172, 12.03041999773949833 ) ) ;
#212 = CARTESIAN_POINT ( 'NONE',  ( -3.978204044719710276E-07, 44.38660728574480174, 7.404826103770196788 ) ) ;
#213 = VERTEX_POINT ( 'NONE', #907 ) ;
#214 = AXIS2_PLACEMENT_3D ( 'NONE', #4883, #5874, #4945 ) ;
#215 = CIRCLE ( 'NONE', #4187, 3.000000000000000444 ) ;
#216 = EDGE_CURVE ( 'NONE', #2243, #1442, #506, .T. ) ;
#217 = CARTESIAN_POINT ( 'NONE',  ( -46.00000068545340071, 13.00000019371509907, 4.000000000000000000 ) ) ;
#218 = DIRECTION ( 'NONE',  ( 0.000000000000000000, 0.000000000000000000, -1.000000000000000000 ) ) ;
#219 = CARTESIAN_POINT ( 'NONE',  ( 14.14576505406035345, 18.38019059469056060, 32.28861454466316161 ) ) ;
#220 = DIRECTION ( 'NONE',  ( -1.000000000000000000, -0.000000000000000000, -0.000000000000000000 ) ) ;
#221 = CARTESIAN_POINT ( 'NONE',  ( -15.00000000000000000, 14.43189039893187164, -8.544409547855025266 ) ) ;
#222 = CARTESIAN_POINT ( 'NONE',  ( 11.93488257301919830, -3.244658069708820104E-15, 3.559913190943430128E-16 ) ) ;
#223 = AXIS2_PLACEMENT_3D ( 'NONE', #3288, #1860, #472 ) ;
#224 = CARTESIAN_POINT ( 'NONE',  ( 4.704128176073223422, -8.508385715283294459, -43.41991424688699652 ) ) ;
#225 = ORIENTED_EDGE ( 'NONE', *, *, #1128, .F. ) ;
#226 = ADVANCED_FACE ( 'NONE', ( #2323 ), #4203, .F. ) ;
#227 = CARTESIAN_POINT ( 'NONE',  ( 14.00000000000000000, -3.232693901945260157E-15, 3.842306916168400005E-16 ) ) ;
#228 = CARTESIAN_POINT ( 'NONE',  ( 4.556229633907740380E-15, 52.48021747459389985, 21.20912006235359826 ) ) ;
#229 = EDGE_CURVE ( 'NONE', #4122, #2266, #2081, .T. ) ;
#230 = ORIENTED_EDGE ( 'NONE', *, *, #2947, .F. ) ;
#231 = ORIENTED_EDGE ( 'NONE', *, *, #5118, .F. ) ;
#232 = DIRECTION ( 'NONE',  ( 1.000000000000000000, 5.793456394897969729E-18, 1.367446332762960049E-17 ) ) ;
#233 = EDGE_LOOP ( 'NONE', ( #5062, #5201, #4306, #5065 ) ) ;
#234 = ORIENTED_EDGE ( 'NONE', *, *, #4046, .T. ) ;
#235 = PRODUCT_DEFINITION_CONTEXT ( 'detailed design', #4268, 'design' ) ;
#236 = ORIENTED_EDGE ( 'NONE', *, *, #681, .T. ) ;
#237 = ADVANCED_FACE ( 'NONE', ( #5734 ), #5708, .F. ) ;
#238 = AXIS2_PLACEMENT_3D ( 'NONE', #4337, #79, #4684 ) ;
#239 = CARTESIAN_POINT ( 'NONE',  ( -11.93488257301919830, 28.80480301358749884, 20.15073181839910177 ) ) ;
#240 = CARTESIAN_POINT ( 'NONE',  ( 10.36071170764016891, 34.07571518100645136, 16.48236132061089876 ) ) ;
#241 = CARTESIAN_POINT ( 'NONE',  ( 4.406921638514265612E-15, 41.14002959221263467, 2.965882559104603189 ) ) ;
#242 = CYLINDRICAL_SURFACE ( 'NONE', #2315, 5.999999999999999112 ) ;
#243 = DIRECTION ( 'NONE',  ( 0.000000000000000000, 0.9848077530122062440, -0.1736481776669404342 ) ) ;
#244 = CARTESIAN_POINT ( 'NONE',  ( 0.2509146708939608006, 44.38415618257048578, 7.407320808096255149 ) ) ;
#245 = EDGE_CURVE ( 'NONE', #3709, #2770, #5557, .T. ) ;
#246 = ORIENTED_EDGE ( 'NONE', *, *, #3615, .F. ) ;
#247 = CIRCLE ( 'NONE', #1539, 14.99999999999999645 ) ;
#248 = DIRECTION ( 'NONE',  ( -1.000000000000000000, -0.000000000000000000, -0.000000000000000000 ) ) ;
#249 = LINE ( 'NONE', #3166, #5093 ) ;
#250 = CARTESIAN_POINT ( 'NONE',  ( 16.00000000000000000, -3.221106989155459856E-15, 4.115796182720999718E-16 ) ) ;
#251 = DIRECTION ( 'NONE',  ( -1.000000000000000000, 0.000000000000000000, -0.000000000000000000 ) ) ;
#252 = CARTESIAN_POINT ( 'NONE',  ( -15.00000000000000000, -11.15601163940871388, 2.791666939550152104 ) ) ;
#253 = VECTOR ( 'NONE', #2994, 1000.000000000000000 ) ;
#254 = CARTESIAN_POINT ( 'NONE',  ( 15.53241216860679863, 49.30068357242845423, 14.69462821443172729 ) ) ;
#255 = EDGE_CURVE ( 'NONE', #1603, #4617, #1347, .T. ) ;
#256 = EDGE_LOOP ( 'NONE', ( #2773, #4557, #5015, #4028 ) ) ;
#257 = CIRCLE ( 'NONE', #1743, 2.000000000000000444 ) ;
#258 = DIRECTION ( 'NONE',  ( 0.000000000000000000, -0.1736481776669300259, -0.9848077530122081313 ) ) ;
#259 = CARTESIAN_POINT ( 'NONE',  ( 11.93488257301919830, -11.04198112356250050, 33.37429133832659289 ) ) ;
#260 = EDGE_CURVE ( 'NONE', #3107, #2937, #1868, .T. ) ;
#261 = ORIENTED_EDGE ( 'NONE', *, *, #3745, .F. ) ;
#262 = EDGE_LOOP ( 'NONE', ( #6030, #180 ) ) ;
#263 = PLANE ( 'NONE',  #3232 ) ;
#264 = ORIENTED_EDGE ( 'NONE', *, *, #1234, .F. ) ;
#265 = ORIENTED_EDGE ( 'NONE', *, *, #4785, .F. ) ;
#266 = ORIENTED_EDGE ( 'NONE', *, *, #2328, .T. ) ;
#267 = EDGE_LOOP ( 'NONE', ( #661, #3270 ) ) ;
#268 = DIRECTION ( 'NONE',  ( 1.000000000000000000, 0.000000000000000000, -0.000000000000000000 ) ) ;
#269 = CARTESIAN_POINT ( 'NONE',  ( 8.671840351690407900, 37.11027907887893207, 14.07983793825868446 ) ) ;
#270 = FACE_OUTER_BOUND ( 'NONE', #4090, .T. ) ;
#271 = DIRECTION ( 'NONE',  ( 0.000000000000000000, 0.000000000000000000, -1.000000000000000000 ) ) ;
#272 = LINE ( 'NONE', #3156, #2521 ) ;
#273 = DIRECTION ( 'NONE',  ( 0.000000000000000000, -0.1736481776669298593, -0.9848077530122082424 ) ) ;
#274 = ORIENTED_EDGE ( 'NONE', *, *, #5378, .T. ) ;
#275 = AXIS2_PLACEMENT_3D ( 'NONE', #2467, #3907, #4348 ) ;
#276 = DIRECTION ( 'NONE',  ( 1.000000000000000000, 0.000000000000000000, 0.000000000000000000 ) ) ;
#277 = DIRECTION ( 'NONE',  ( 1.000000000000000000, 5.793456394897969729E-18, 1.367446332762960049E-17 ) ) ;
#278 = CARTESIAN_POINT ( 'NONE',  ( 14.00000000000000000, -3.232693901945260157E-15, 3.842306916168400005E-16 ) ) ;
#279 = DIRECTION ( 'NONE',  ( 0.000000000000000000, 0.000000000000000000, 1.000000000000000000 ) ) ;
#280 = CARTESIAN_POINT ( 'NONE',  ( 11.93488257301919830, -3.244658069708820104E-15, 3.559913190943430128E-16 ) ) ;
#281 = DIRECTION ( 'NONE',  ( 1.000000000000000000, 5.793456394897969729E-18, 1.367446332762960049E-17 ) ) ;
#282 = AXIS2_PLACEMENT_3D ( 'NONE', #3918, #632, #972 ) ;
#283 = ORIENTED_EDGE ( 'NONE', *, *, #4657, .T. ) ;
#284 = EDGE_CURVE ( 'NONE', #4409, #2045, #2363, .T. ) ;
#285 = DIRECTION ( 'NONE',  ( 1.000000000000000000, 5.793456394897969729E-18, 1.367446332762960049E-17 ) ) ;
#286 = CARTESIAN_POINT ( 'NONE',  ( 10.00000000000000000, 0.000000000000000000, 3.000000000000000444 ) ) ;
#287 = CIRCLE ( 'NONE', #392, 30.00000000000000000 ) ;
#288 =( NAMED_UNIT ( * ) PLANE_ANGLE_UNIT ( ) SI_UNIT ( $, .RADIAN. ) );
#289 = ORIENTED_EDGE ( 'NONE', *, *, #609, .T. ) ;
#290 = EDGE_CURVE ( 'NONE', #826, #6088, #5884, .T. ) ;
#291 = ORIENTED_EDGE ( 'NONE', *, *, #446, .T. ) ;
#292 = CARTESIAN_POINT ( 'NONE',  ( 11.93488257301919830, -6.104341478428480627, -34.61944084735267779 ) ) ;
#293 = ORIENTED_EDGE ( 'NONE', *, *, #4446, .T. ) ;
#294 = ORIENTED_EDGE ( 'NONE', *, *, #3143, .F. ) ;
#295 = VERTEX_POINT ( 'NONE', #192 ) ;
#296 = ORIENTED_EDGE ( 'NONE', *, *, #777, .T. ) ;
#297 = CARTESIAN_POINT ( 'NONE',  ( 12.98139447880105735, 22.75307967647689011, 27.15715991981180011 ) ) ;
#298 = CARTESIAN_POINT ( 'NONE',  ( 5.116778597952913898, 40.42988144838878384, 11.19756049201456705 ) ) ;
#299 = ADVANCED_FACE ( 'NONE', ( #2537 ), #5711, .F. ) ;
#300 = DIRECTION ( 'NONE',  ( -1.000000000000000000, 0.000000000000000000, 0.000000000000000000 ) ) ;
#301 = CARTESIAN_POINT ( 'NONE',  ( 4.694736458074685537, -6.665806493773122732, -43.74165624579283218 ) ) ;
#302 = CARTESIAN_POINT ( 'NONE',  ( -2.999999999999999112, -28.01661943095556850, -10.72702361612962108 ) ) ;
#303 = FACE_OUTER_BOUND ( 'NONE', #1008, .T. ) ;
#304 = ORIENTED_EDGE ( 'NONE', *, *, #3552, .T. ) ;
#305 = EDGE_LOOP ( 'NONE', ( #18, #991, #4059, #3383, #1288, #2392, #4118, #149, #4908, #1196, #5683, #4967 ) ) ;
#306 = CARTESIAN_POINT ( 'NONE',  ( -15.00000000000000000, 5.563228854355292796, -15.82203778665462757 ) ) ;
#307 = FILL_AREA_STYLE ('',( #4103 ) ) ;
#308 = LINE ( 'NONE', #1212, #415 ) ;
#309 = CIRCLE ( 'NONE', #2784, 18.00000000000000000 ) ;
#310 = CARTESIAN_POINT ( 'NONE',  ( 1.737338536921733123, 44.77491138350645627, 3.340619513681454045 ) ) ;
#311 = CIRCLE ( 'NONE', #3280, 31.99999999999999645 ) ;
#312 = CARTESIAN_POINT ( 'NONE',  ( 12.11354004435500009, 11.61624547018437070, 33.20936024424231192 ) ) ;
#313 = CARTESIAN_POINT ( 'NONE',  ( -2.999999999999999112, 0.000000000000000000, 0.000000000000000000 ) ) ;
#314 = AXIS2_PLACEMENT_3D ( 'NONE', #3639, #5546, #778 ) ;
#315 = B_SPLINE_CURVE_WITH_KNOTS ( 'NONE', 3,
 ( #374, #1246, #2131, #4506, #6046, #2694, #6075, #3163, #4138, #4070, #3133, #5977, #2661, #4039 ),
 .UNSPECIFIED., .F., .F.,
 ( 4, 2, 2, 2, 2, 2, 4 ),
 ( -0.7526348448587770745, -0.6942082074358959520, -0.6595797146032340574, -0.6308857898299270461, -0.5983807620158819729, -0.5462999521638229883, -0.5366214270338159897 ),
 .UNSPECIFIED. ) ;
#316 = ORIENTED_EDGE ( 'NONE', *, *, #5245, .T. ) ;
#317 = VECTOR ( 'NONE', #2919, 1000.000000000000000 ) ;
#318 = B_SPLINE_CURVE_WITH_KNOTS ( 'NONE', 3,
 ( #2854, #1892, #1494, #5357, #4383, #2472, #4886, #5791, #1084, #1055, #4354, #2501, #4800, #1523, #3822, #2883, #4415, #96, #129, #3791, #1983, #4326, #3880, #3382, #2914, #3352, #3912, #1558, #537, #504, #1024 ),
 .UNSPECIFIED., .F., .F.,
 ( 4, 2, 2, 1, 1, 1, 2, 2, 2, 2, 2, 2, 2, 2, 2, 2, 4 ),
 ( 0.5098877061540810773, 0.5711517428848211786, 0.6017837612501912847, 0.6170997704328763378, 0.6247577750242188088, 0.6285867773198900998, 0.6305012784677257454, 0.6324157796155612798, 0.6936798163463007150, 0.7243118347116705991, 0.7396278438943555411, 0.7549438530770403721, 0.8162078898077798073, 0.8468399081731496914, 0.8621559173558346334, 0.8774719265385196865, 1.000000000000000000 ),
 .UNSPECIFIED. ) ;
#319 = ADVANCED_FACE ( 'NONE', ( #5277 ), #4919, .F. ) ;
#320 = AXIS2_PLACEMENT_3D ( 'NONE', #4231, #4739, #2729 ) ;
#321 = CARTESIAN_POINT ( 'NONE',  ( 14.00000000000000000, 32.92111706335690258, -5.804881173331500221 ) ) ;
#322 = LINE ( 'NONE', #3174, #3685 ) ;
#323 = EDGE_CURVE ( 'NONE', #5519, #5067, #6153, .T. ) ;
#324 = EDGE_CURVE ( 'NONE', #1056, #2915, #984, .T. ) ;
#325 = DIRECTION ( 'NONE',  ( 0.9997386698035829466, 0.001652383567574999910, 0.02280047648423300100 ) ) ;
#326 = DIRECTION ( 'NONE',  ( 0.000000000000000000, -0.1736481776669298593, -0.9848077530122082424 ) ) ;
#327 = EDGE_CURVE ( 'NONE', #4091, #6051, #3266, .T. ) ;
#328 = EDGE_LOOP ( 'NONE', ( #927, #4155, #2642, #3397, #1693, #944, #834, #844 ) ) ;
#329 = VERTEX_POINT ( 'NONE', #2597 ) ;
#330 = CARTESIAN_POINT ( 'NONE',  ( -3.777827944646289460, -13.96255106113685152, -42.27022531381160775 ) ) ;
#331 = ORIENTED_EDGE ( 'NONE', *, *, #5055, .F. ) ;
#332 = ORIENTED_EDGE ( 'NONE', *, *, #889, .F. ) ;
#333 = ORIENTED_EDGE ( 'NONE', *, *, #3964, .T. ) ;
#334 = ORIENTED_EDGE ( 'NONE', *, *, #5773, .T. ) ;
#335 = CARTESIAN_POINT ( 'NONE',  ( 12.98001765079127701, 22.71045278611738993, 27.19102261961257483 ) ) ;
#336 = CARTESIAN_POINT ( 'NONE',  ( 10.58118114837455614, 33.55032878489036108, 16.87730606404217681 ) ) ;
#337 = APPLICATION_CONTEXT ( 'automotive_design' ) ;
#338 = FACE_OUTER_BOUND ( 'NONE', #1722, .T. ) ;
#339 = DIRECTION ( 'NONE',  ( 1.000000000000000000, 0.000000000000000000, 0.000000000000000000 ) ) ;
#340 = DIRECTION ( 'NONE',  ( 0.000000000000000000, 0.000000000000000000, 1.000000000000000000 ) ) ;
#341 = CARTESIAN_POINT ( 'NONE',  ( -15.53241216860689988, 53.23991458447726188, 14.00003550376422901 ) ) ;
#342 = EDGE_LOOP ( 'NONE', ( #4503, #5218 ) ) ;
#343 = EDGE_CURVE ( 'NONE', #1873, #2120, #315, .T. ) ;
#344 = ORIENTED_EDGE ( 'NONE', *, *, #2778, .F. ) ;
#345 = DIRECTION ( 'NONE',  ( -1.000000000000000000, 0.000000000000000000, 0.000000000000000000 ) ) ;
#346 = CARTESIAN_POINT ( 'NONE',  ( -15.00000000000000000, -10.63918073367659467, 12.96511582379512717 ) ) ;
#347 = FACE_OUTER_BOUND ( 'NONE', #3145, .T. ) ;
#348 = CARTESIAN_POINT ( 'NONE',  ( 4.104101316090004149E-15, 41.83462230288036210, 6.905113571153435714 ) ) ;
#349 = DIRECTION ( 'NONE',  ( 0.000000000000000000, 0.1736481776669299981, 0.9848077530122081313 ) ) ;
#350 = EDGE_LOOP ( 'NONE', ( #5439, #3249, #2426, #5975 ) ) ;
#351 = CARTESIAN_POINT ( 'NONE',  ( -15.00000000000000000, 0.000000000000000000, 0.000000000000000000 ) ) ;
#352 = AXIS2_PLACEMENT_3D ( 'NONE', #5643, #1832, #503 ) ;
#353 = CARTESIAN_POINT ( 'NONE',  ( -15.00000000000000000, 2.619051511721453451, 11.19779304947852694 ) ) ;
#354 = AXIS2_PLACEMENT_3D ( 'NONE', #1289, #3644, #3139 ) ;
#355 = CIRCLE ( 'NONE', #4520, 1.599999999999997202 ) ;
#356 = CARTESIAN_POINT ( 'NONE',  ( 16.00000000000000000, -3.221106989155459856E-15, 4.115796182720999718E-16 ) ) ;
#357 = ORIENTED_EDGE ( 'NONE', *, *, #175, .T. ) ;
#358 = ORIENTED_EDGE ( 'NONE', *, *, #3546, .T. ) ;
#359 = VECTOR ( 'NONE', #1967, 1000.000000000000000 ) ;
#360 = CARTESIAN_POINT ( 'NONE',  ( -4.338498002278476484, -12.88700853186478845, -42.44567703147032489 ) ) ;
#361 = CARTESIAN_POINT ( 'NONE',  ( 11.88927446161677715, -22.00791325674412491, -27.54721638569430908 ) ) ;
#362 = ORIENTED_EDGE ( 'NONE', *, *, #3005, .T. ) ;
#363 = ORIENTED_EDGE ( 'NONE', *, *, #4328, .T. ) ;
#364 = EDGE_LOOP ( 'NONE', ( #3220, #5006 ) ) ;
#365 = CARTESIAN_POINT ( 'NONE',  ( -15.53241216860689988, 52.89261822914340172, 12.03041999773979853 ) ) ;
#366 = ADVANCED_FACE ( 'NONE', ( #5949 ), #2261, .F. ) ;
#367 = DIRECTION ( 'NONE',  ( 0.000000000000000000, -0.1736481776669300259, -0.9848077530122081313 ) ) ;
#368 = DIRECTION ( 'NONE',  ( 0.000000000000000000, 0.9848077530122062440, -0.1736481776669404342 ) ) ;
#369 = CARTESIAN_POINT ( 'NONE',  ( -1.788471775239766526, 42.70855334544092585, 3.798418486521191184 ) ) ;
#370 = PLANE ( 'NONE',  #3762 ) ;
#371 = ORIENTED_EDGE ( 'NONE', *, *, #3544, .F. ) ;
#372 = ORIENTED_EDGE ( 'NONE', *, *, #1354, .F. ) ;
#373 = CARTESIAN_POINT ( 'NONE',  ( 16.00000000000000000, -3.221106989155459856E-15, 4.115796182720999718E-16 ) ) ;
#374 = CARTESIAN_POINT ( 'NONE',  ( 11.93488257301919830, -12.99393267361599946, 32.66383907537739617 ) ) ;
#375 = CARTESIAN_POINT ( 'NONE',  ( -2.999999999999999112, -6.290974162736591602, -9.626715124266461032 ) ) ;
#376 = FACE_BOUND ( 'NONE', #3375, .T. ) ;
#377 = MANIFOLD_SOLID_BREP ( 'CirPattern2', #4633 ) ;
#378 = EDGE_CURVE ( 'NONE', #457, #732, #5931, .T. ) ;
#379 = LINE ( 'NONE', #473, #5031 ) ;
#380 = CARTESIAN_POINT ( 'NONE',  ( 4.133046797387399338E-15, 41.48732594754649483, 4.935498065129019452 ) ) ;
#381 = AXIS2_PLACEMENT_3D ( 'NONE', #2818, #1431, #3816 ) ;
#382 = VERTEX_POINT ( 'NONE', #1179 ) ;
#383 = CIRCLE ( 'NONE', #6052, 14.99999999999999645 ) ;
#384 = CARTESIAN_POINT ( 'NONE',  ( -9.000000134110448968, -44.00000065565109963, 4.000000000000000000 ) ) ;
#385 = DIRECTION ( 'NONE',  ( -1.000000000000000000, 0.000000000000000000, 0.000000000000000000 ) ) ;
#386 = EDGE_CURVE ( 'NONE', #6051, #3653, #3834, .T. ) ;
#387 = VECTOR ( 'NONE', #1547, 1000.000000000000000 ) ;
#388 = APPLICATION_PROTOCOL_DEFINITION ( 'draft international standard', 'automotive_design', 1998, #3945 ) ;
#389 = DIRECTION ( 'NONE',  ( 0.000000000000000000, 0.1736481776669300259, 0.9848077530122081313 ) ) ;
#390 = EDGE_LOOP ( 'NONE', ( #2929, #3682, #3961, #701 ) ) ;
#391 = ORIENTED_EDGE ( 'NONE', *, *, #6091, .T. ) ;
#392 = AXIS2_PLACEMENT_3D ( 'NONE', #313, #1623, #6013 ) ;
#393 = CARTESIAN_POINT ( 'NONE',  ( 0.3023840026506868783, -16.22567044459052354, -41.96970361482873813 ) ) ;
#394 = FACE_OUTER_BOUND ( 'NONE', #2362, .T. ) ;
#395 = VERTEX_POINT ( 'NONE', #2163 ) ;
#396 = AXIS2_PLACEMENT_3D ( 'NONE', #1275, #6096, #4663 ) ;
#397 = CYLINDRICAL_SURFACE ( 'NONE', #2326, 14.99999999999999822 ) ;
#398 = ADVANCED_FACE ( 'NONE', ( #3197 ), #5112, .T. ) ;
#399 = CARTESIAN_POINT ( 'NONE',  ( 4.724101747592700740, -7.615437216863835346, -43.57623627968946778 ) ) ;
#400 = CARTESIAN_POINT ( 'NONE',  ( -1.845850145796505748, 42.50916326169785009, 5.537339398725562134 ) ) ;
#401 = FACE_OUTER_BOUND ( 'NONE', #3303, .T. ) ;
#402 = ORIENTED_EDGE ( 'NONE', *, *, #1470, .T. ) ;
#403 = EDGE_CURVE ( 'NONE', #3158, #2965, #860, .T. ) ;
#404 = ADVANCED_FACE ( 'NONE', ( #4637 ), #3069, .F. ) ;
#405 = ORIENTED_EDGE ( 'NONE', *, *, #1037, .T. ) ;
#406 = FACE_OUTER_BOUND ( 'NONE', #2571, .T. ) ;
#407 = CARTESIAN_POINT ( 'NONE',  ( -13.51022843891927927, 13.07639580668367607, 34.77832040514059742 ) ) ;
#408 = CARTESIAN_POINT ( 'NONE',  ( -15.53241216860679863, 52.06781672004439798, 30.38782012696750101 ) ) ;
#409 = CARTESIAN_POINT ( 'NONE',  ( -2.999999999999998224, 0.000000000000000000, 0.000000000000000000 ) ) ;
#410 = CARTESIAN_POINT ( 'NONE',  ( -15.00000000000000000, 24.90469462333517470, 16.72591359891652019 ) ) ;
#411 = DIRECTION ( 'NONE',  ( -1.447274064869762545E-17, 0.1736481776669316912, 0.9848077530122077983 ) ) ;
#412 = DIRECTION ( 'NONE',  ( 1.000000000000000000, 0.000000000000000000, 0.000000000000000000 ) ) ;
#413 = CARTESIAN_POINT ( 'NONE',  ( 14.34590683492895025, 19.84682609765676276, 31.41116839139802863 ) ) ;
#414 = CARTESIAN_POINT ( 'NONE',  ( -16.00000000000000000, 6.451637833762829288, 36.58905635337700346 ) ) ;
#415 = VECTOR ( 'NONE', #4541, 1000.000000000000000 ) ;
#416 = VECTOR ( 'NONE', #109, 1000.000000000000114 ) ;
#417 = APPLICATION_PROTOCOL_DEFINITION ( 'draft international standard', 'automotive_design', 1998, #4992 ) ;
#418 = ADVANCED_FACE ( 'NONE', ( #2819, #3315 ), #3817, .F. ) ;
#419 = CARTESIAN_POINT ( 'NONE',  ( 16.00000000000000000, -3.221106989155459856E-15, 4.115796182720999718E-16 ) ) ;
#420 = EDGE_LOOP ( 'NONE', ( #3463, #4528, #5595, #3474 ) ) ;
#421 = CARTESIAN_POINT ( 'NONE',  ( -5.113816142360805728, -4.817679612179437854, -43.83745528959746451 ) ) ;
#422 =( NAMED_UNIT ( * ) SI_UNIT ( $, .STERADIAN. ) SOLID_ANGLE_UNIT ( ) );
#423 = ORIENTED_EDGE ( 'NONE', *, *, #3415, .T. ) ;
#424 = CARTESIAN_POINT ( 'NONE',  ( 0.8982617674542100472, -16.03954564288022056, -42.01562972246168215 ) ) ;
#425 = ORIENTED_EDGE ( 'NONE', *, *, #773, .F. ) ;
#426 = EDGE_LOOP ( 'NONE', ( #3120, #3391, #3655, #1328 ) ) ;
#427 = AXIS2_PLACEMENT_3D ( 'NONE', #449, #3738, #2769 ) ;
#428 = MANIFOLD_SOLID_BREP ( 'vaccum with base.step<1>', #6025 ) ;
#429 = CARTESIAN_POINT ( 'NONE',  ( 3.657672097610160655, 41.17674192233614150, 10.51322002676760548 ) ) ;
#430 = CARTESIAN_POINT ( 'NONE',  ( 4.704110027256861670, -6.833765305403918688, -43.71248627422266964 ) ) ;
#431 = CARTESIAN_POINT ( 'NONE',  ( 5.032706792620350072E-15, 47.71618495344599609, 40.26111290224909567 ) ) ;
#432 = CARTESIAN_POINT ( 'NONE',  ( 11.93488257301919830, -3.244658069708820104E-15, 3.559913190943430128E-16 ) ) ;
#433 = ORIENTED_EDGE ( 'NONE', *, *, #1875, .F. ) ;
#434 = EDGE_CURVE ( 'NONE', #3148, #5574, #2850, .T. ) ;
#435 = ORIENTED_EDGE ( 'NONE', *, *, #1010, .T. ) ;
#436 = DIRECTION ( 'NONE',  ( 1.000000000000000000, 0.000000000000000000, 0.000000000000000000 ) ) ;
#437 = CARTESIAN_POINT ( 'NONE',  ( -14.11167038680296315, 18.12954704601971656, 32.43000870583757234 ) ) ;
#438 = AXIS2_PLACEMENT_3D ( 'NONE', #5474, #4061, #1699 ) ;
#439 = DIRECTION ( 'NONE',  ( -1.000000000000000000, -5.793456394897969729E-18, -1.367446332762960049E-17 ) ) ;
#440 = FACE_BOUND ( 'NONE', #822, .T. ) ;
#441 = CARTESIAN_POINT ( 'NONE',  ( -15.53241216860679863, 56.35434408742705870, 31.66284292232421294 ) ) ;
#442 = LINE ( 'NONE', #5674, #496 ) ;
#443 = DIRECTION ( 'NONE',  ( 0.000000000000000000, -0.3420201433256630508, 0.9396926207859104263 ) ) ;
#444 = AXIS2_PLACEMENT_3D ( 'NONE', #5414, #5045, #648 ) ;
#445 = DIRECTION ( 'NONE',  ( 1.000000000000000000, 5.793456394897969729E-18, 1.367446332762960049E-17 ) ) ;
#446 = EDGE_CURVE ( 'NONE', #1398, #3962, #5419, .T. ) ;
#447 = DIRECTION ( 'NONE',  ( 1.000000000000000000, -0.000000000000000000, -0.000000000000000000 ) ) ;
#448 = AXIS2_PLACEMENT_3D ( 'NONE', #3388, #3949, #5302 ) ;
#449 = CARTESIAN_POINT ( 'NONE',  ( -2.999999999999999112, 0.000000000000000000, 0.000000000000000000 ) ) ;
#450 = CARTESIAN_POINT ( 'NONE',  ( 12.73097529711559162, 26.48811271575653947, 23.11213965542230753 ) ) ;
#451 = ORIENTED_EDGE ( 'NONE', *, *, #2712, .T. ) ;
#452 = CARTESIAN_POINT ( 'NONE',  ( -2.076782372596848170, 0.5821600068719015031, -44.85217047602571938 ) ) ;
#453 = AXIS2_PLACEMENT_3D ( 'NONE', #4787, #51, #2400 ) ;
#454 = DIRECTION ( 'NONE',  ( 1.000000000000000000, -0.000000000000000000, 0.000000000000000000 ) ) ;
#455 = ORIENTED_EDGE ( 'NONE', *, *, #3715, .F. ) ;
#456 = CARTESIAN_POINT ( 'NONE',  ( -2.578208378033816750, -15.39504612094328806, -42.04757610780974630 ) ) ;
#457 = VERTEX_POINT ( 'NONE', #622 ) ;
#458 = CIRCLE ( 'NONE', #849, 31.99999999999999645 ) ;
#459 = CIRCLE ( 'NONE', #5131, 2.000000000000001776 ) ;
#460 = VERTEX_POINT ( 'NONE', #125 ) ;
#461 = CIRCLE ( 'NONE', #3635, 30.00000000000000000 ) ;
#462 = CIRCLE ( 'NONE', #4236, 35.15350152500619885 ) ;
#463 = CARTESIAN_POINT ( 'NONE',  ( 4.549567843633699896E-15, 54.44983298061829657, 20.86182370701970257 ) ) ;
#464 = CARTESIAN_POINT ( 'NONE',  ( 1.031308204474207013, 0.7768721582480655474, -44.95781909694139955 ) ) ;
#465 = CARTESIAN_POINT ( 'NONE',  ( -1.252552891948821578, 42.46644422008318998, 6.367721075622917226 ) ) ;
#466 = DIRECTION ( 'NONE',  ( 0.000000000000000000, -0.1736481776669300259, -0.9848077530122081313 ) ) ;
#467 = ORIENTED_EDGE ( 'NONE', *, *, #3067, .F. ) ;
#468 = ORIENTED_EDGE ( 'NONE', *, *, #4046, .F. ) ;
#469 = CARTESIAN_POINT ( 'NONE',  ( 4.716112600484579460E-15, 5.209445330007899777, 29.54423259036619953 ) ) ;
#470 = CARTESIAN_POINT ( 'NONE',  ( -14.47094198917562302, 20.76952680001242868, 30.80806778808145552 ) ) ;
#471 = DIRECTION ( 'NONE',  ( -3.330895137017530528E-18, 0.9848077530122082424, -0.1736481776669300259 ) ) ;
#472 = DIRECTION ( 'NONE',  ( -1.367446332762960049E-17, 0.000000000000000000, 1.000000000000000000 ) ) ;
#473 = CARTESIAN_POINT ( 'NONE',  ( 11.00000000000000000, -21.79074808759549953, -27.58499532810490251 ) ) ;
#474 = CARTESIAN_POINT ( 'NONE',  ( -14.00000000000000000, -6.104341478428972678, -34.61944084735259253 ) ) ;
#475 = CARTESIAN_POINT ( 'NONE',  ( 14.00000000000000000, 34.78468076121159669, -5.078843747272729914 ) ) ;
#476 = B_SPLINE_CURVE_WITH_KNOTS ( 'NONE', 3,
 ( #5445, #769, #2158, #4064 ),
 .UNSPECIFIED., .F., .F.,
 ( 4, 4 ),
 ( -0.7526348448582190764, -0.7480457703853571338 ),
 .UNSPECIFIED. ) ;
#477 = CARTESIAN_POINT ( 'NONE',  ( 14.62366617962576854, 21.93827596151604808, 29.98490841923856465 ) ) ;
#478 = DIRECTION ( 'NONE',  ( -1.000000000000000000, -0.000000000000000000, -0.000000000000000000 ) ) ;
#479 = EDGE_LOOP ( 'NONE', ( #6130, #4491, #1946, #790, #5993, #6023, #869, #3584 ) ) ;
#480 = EDGE_CURVE ( 'NONE', #921, #1122, #5638, .T. ) ;
#481 = CARTESIAN_POINT ( 'NONE',  ( 11.89427869900379875, 12.87483882839459959, -32.81241649269240668 ) ) ;
#482 = CYLINDRICAL_SURFACE ( 'NONE', #1746, 31.99999999999999645 ) ;
#483 = AXIS2_PLACEMENT_3D ( 'NONE', #2193, #2224, #4102 ) ;
#484 = ORIENTED_EDGE ( 'NONE', *, *, #3964, .F. ) ;
#485 = CARTESIAN_POINT ( 'NONE',  ( -5.267509966776922070, -5.820178556921398183, -43.65874711720037027 ) ) ;
#486 = ORIENTED_EDGE ( 'NONE', *, *, #1916, .T. ) ;
#487 = DIRECTION ( 'NONE',  ( 1.000000000000000000, 5.793456394897969729E-18, 1.367446332762960049E-17 ) ) ;
#488 = VERTEX_POINT ( 'NONE', #1578 ) ;
#489 = AXIS2_PLACEMENT_3D ( 'NONE', #1893, #538, #3792 ) ;
#490 = DIRECTION ( 'NONE',  ( 1.447274064869760388E-17, -0.1736481776669301369, -0.9848077530122080203 ) ) ;
#491 = CARTESIAN_POINT ( 'NONE',  ( 1.262731806283019953, 0.6544742722258301004, -44.94209179751341310 ) ) ;
#492 = CARTESIAN_POINT ( 'NONE',  ( -1.999699973175681267, 42.57719167531189441, 4.785606039511644205 ) ) ;
#493 = FILL_AREA_STYLE_COLOUR ( '', #2654 ) ;
#494 = ORIENTED_EDGE ( 'NONE', *, *, #1727, .F. ) ;
#495 = CIRCLE ( 'NONE', #4773, 1.550000000000000044 ) ;
#496 = VECTOR ( 'NONE', #2357, 1000.000000000000114 ) ;
#497 = VERTEX_POINT ( 'NONE', #2497 ) ;
#498 = ADVANCED_FACE ( 'NONE', ( #208 ), #2940, .T. ) ;
#499 = CARTESIAN_POINT ( 'NONE',  ( -2.999999999999999112, -28.35717349932570386, 9.791359003179277209 ) ) ;
#500 = CARTESIAN_POINT ( 'NONE',  ( 13.00000000000000000, -3.238487358340159716E-15, 3.705562282892109516E-16 ) ) ;
#501 = DIRECTION ( 'NONE',  ( 0.000000000000000000, 0.000000000000000000, 1.000000000000000000 ) ) ;
#502 = DIRECTION ( 'NONE',  ( 1.000000000000000000, 5.793456394897969729E-18, 1.367446332762960049E-17 ) ) ;
#503 = DIRECTION ( 'NONE',  ( 0.000000000000000000, 0.000000000000000000, -1.000000000000000000 ) ) ;
#504 = CARTESIAN_POINT ( 'NONE',  ( -12.63966299415741901, 34.67126971758660403, 16.06605895092081937 ) ) ;
#505 = CYLINDRICAL_SURFACE ( 'NONE', #3773, 2.000000000000001332 ) ;
#506 = CIRCLE ( 'NONE', #3175, 30.00000000000000355 ) ;
#507 = CARTESIAN_POINT ( 'NONE',  ( 14.71556881778083614, 22.70096358074714260, 29.41230819954051157 ) ) ;
#508 = FACE_BOUND ( 'NONE', #5726, .T. ) ;
#509 = CARTESIAN_POINT ( 'NONE',  ( 13.00000000000000000, -3.238487358340159716E-15, 3.705562282892109516E-16 ) ) ;
#510 = EDGE_CURVE ( 'NONE', #1488, #2349, #2809, .T. ) ;
#511 = DIRECTION ( 'NONE',  ( 0.000000000000000000, 0.000000000000000000, -1.000000000000000000 ) ) ;
#512 = CARTESIAN_POINT ( 'NONE',  ( 12.58224579248150299, 27.12381716599405479, 22.36056566458568895 ) ) ;
#513 = CARTESIAN_POINT ( 'NONE',  ( -5.245797264456511400, -5.645451017415999750, -43.68974769296221439 ) ) ;
#514 = ADVANCED_FACE ( 'NONE', ( #2010 ), #1554, .F. ) ;
#515 = CARTESIAN_POINT ( 'NONE',  ( 0.000000000000000000, 0.000000000000000000, 0.000000000000000000 ) ) ;
#516 = ORIENTED_EDGE ( 'NONE', *, *, #2863, .F. ) ;
#517 = EDGE_CURVE ( 'NONE', #4406, #3953, #6101, .T. ) ;
#518 = AXIS2_PLACEMENT_3D ( 'NONE', #4145, #1656, #4645 ) ;
#519 = ORIENTED_EDGE ( 'NONE', *, *, #2029, .T. ) ;
#520 = ADVANCED_FACE ( 'NONE', ( #1108 ), #3029, .F. ) ;
#521 = AXIS2_PLACEMENT_3D ( 'NONE', #2598, #4606, #6076 ) ;
#522 = AXIS2_PLACEMENT_3D ( 'NONE', #4749, #6142, #1002 ) ;
#523 = CARTESIAN_POINT ( 'NONE',  ( 11.93488257301919830, 12.99393267361619841, -32.66383907537730380 ) ) ;
#524 = CIRCLE ( 'NONE', #1808, 37.15350152500619174 ) ;
#525 = EDGE_LOOP ( 'NONE', ( #1384, #169, #2667, #4812 ) ) ;
#526 = CARTESIAN_POINT ( 'NONE',  ( 2.171676306462081651, -0.03513607616515662668, -44.84196559093800261 ) ) ;
#527 = EDGE_CURVE ( 'NONE', #5061, #2118, #2214, .T. ) ;
#528 = DIRECTION ( 'NONE',  ( -1.447274064869762237E-17, 0.1736481776669316357, 0.9848077530122077983 ) ) ;
#529 = DIRECTION ( 'NONE',  ( 1.000000000000000000, 5.793456394897969729E-18, 1.367446332762960049E-17 ) ) ;
#530 = ORIENTED_EDGE ( 'NONE', *, *, #5766, .T. ) ;
#531 = ORIENTED_EDGE ( 'NONE', *, *, #1040, .T. ) ;
#532 = CARTESIAN_POINT ( 'NONE',  ( -12.16071390798225238, 12.15120023814819561, 32.98651476302281083 ) ) ;
#533 = CARTESIAN_POINT ( 'NONE',  ( -1.400000000000000133, 1.898202538678397459E-16, 1.550000000000000044 ) ) ;
#534 = CARTESIAN_POINT ( 'NONE',  ( -12.00000000000000000, 0.000000000000000000, 0.000000000000000000 ) ) ;
#535 = CARTESIAN_POINT ( 'NONE',  ( 13.18436255310560057, -3.237419261927890256E-15, 3.730772872606420346E-16 ) ) ;
#536 = FACE_BOUND ( 'NONE', #1098, .T. ) ;
#537 = CARTESIAN_POINT ( 'NONE',  ( -11.94661230913355965, 36.31047365563002671, 14.75861841142750563 ) ) ;
#538 = DIRECTION ( 'NONE',  ( 0.000000000000000000, 0.000000000000000000, -1.000000000000000000 ) ) ;
#539 = EDGE_CURVE ( 'NONE', #5698, #2739, #4597, .T. ) ;
#540 = CARTESIAN_POINT ( 'NONE',  ( 6.120007810943072389E-15, 7.466871639677994388, 42.34673337952494165 ) ) ;
#541 =( REPRESENTATION_RELATIONSHIP ('NONE','NONE', #6136, #1159 ) REPRESENTATION_RELATIONSHIP_WITH_TRANSFORMATION ( #5091 )SHAPE_REPRESENTATION_RELATIONSHIP( ) );
#542 = DIRECTION ( 'NONE',  ( -0.000000000000000000, 1.000000000000000000, 1.224646799147353207E-16 ) ) ;
#543 = DIRECTION ( 'NONE',  ( -3.330895137017530143E-18, 0.9848077530122081313, -0.1736481776669299981 ) ) ;
#544 = ORIENTED_EDGE ( 'NONE', *, *, #1615, .T. ) ;
#545 = CARTESIAN_POINT ( 'NONE',  ( -7.113184269314532848, 38.90796838451765893, 12.55235313235372985 ) ) ;
#546 = DIRECTION ( 'NONE',  ( 1.000000000000000000, 5.793456394897969729E-18, 1.367446332762960049E-17 ) ) ;
#547 = CARTESIAN_POINT ( 'NONE',  ( -2.174825877559266374, 0.5197293936219167243, -44.83885464448453462 ) ) ;
#548 = FACE_OUTER_BOUND ( 'NONE', #1524, .T. ) ;
#549 = ORIENTED_EDGE ( 'NONE', *, *, #5041, .T. ) ;
#550 = ORIENTED_EDGE ( 'NONE', *, *, #245, .F. ) ;
#551 = AXIS2_PLACEMENT_3D ( 'NONE', #4544, #6012, #5581 ) ;
#552 = ORIENTED_EDGE ( 'NONE', *, *, #2778, .T. ) ;
#553 = CARTESIAN_POINT ( 'NONE',  ( 2.884564503457403006, -0.8690756391642538992, -44.71271905067272456 ) ) ;
#554 = AXIS2_PLACEMENT_3D ( 'NONE', #431, #956, #6039 ) ;
#555 = DIRECTION ( 'NONE',  ( 0.000000000000000000, 0.000000000000000000, -1.000000000000000000 ) ) ;
#556 = DIRECTION ( 'NONE',  ( 0.000000000000000000, -0.1736481776669298593, -0.9848077530122082424 ) ) ;
#557 = ORIENTED_EDGE ( 'NONE', *, *, #5132, .F. ) ;
#558 = AXIS2_PLACEMENT_3D ( 'NONE', #1596, #5402, #5928 ) ;
#559 = ORIENTED_EDGE ( 'NONE', *, *, #5005, .T. ) ;
#560 = CIRCLE ( 'NONE', #4634, 11.50000000000000000 ) ;
#561 = EDGE_CURVE ( 'NONE', #1944, #382, #1223, .T. ) ;
#562 = CARTESIAN_POINT ( 'NONE',  ( -12.03199998308600982, 10.06036404824887143, 33.68772276536948596 ) ) ;
#563 = CARTESIAN_POINT ( 'NONE',  ( -14.97887239602956200, 27.70214259767182696, 24.75923333818068173 ) ) ;
#564 = DIRECTION ( 'NONE',  ( 1.000000000000000000, 5.793456394897969729E-18, 1.367446332762960049E-17 ) ) ;
#565 = CARTESIAN_POINT ( 'NONE',  ( -2.999999999999998224, 0.000000000000000000, 0.000000000000000000 ) ) ;
#566 = CARTESIAN_POINT ( 'NONE',  ( -1.906052267859882354, 44.59738490664769728, 5.016772118296541905 ) ) ;
#567 = CARTESIAN_POINT ( 'NONE',  ( 10.28841330972814028, 38.98965913396540373, 12.48538152510144528 ) ) ;
#568 = ORIENTED_EDGE ( 'NONE', *, *, #1369, .F. ) ;
#569 = COLOUR_RGB ( '',0.7921568627450980005, 0.8196078431372548767, 0.9333333333333333481 ) ;
#570 = CARTESIAN_POINT ( 'NONE',  ( 0.7634434632145620236, 42.88548361619025684, 2.811831872814346323 ) ) ;
#571 = DIRECTION ( 'NONE',  ( -0.000000000000000000, 1.000000000000000000, 0.000000000000000000 ) ) ;
#572 = DIRECTION ( 'NONE',  ( -1.000000000000000000, -0.000000000000000000, -0.000000000000000000 ) ) ;
#573 = PLANE ( 'NONE',  #3952 ) ;
#574 = CARTESIAN_POINT ( 'NONE',  ( 4.265326882008829479, -11.26797023082183991, -42.92726693947452787 ) ) ;
#575 = ORIENTED_EDGE ( 'NONE', *, *, #170, .T. ) ;
#576 = EDGE_CURVE ( 'NONE', #2266, #5371, #3629, .T. ) ;
#577 = DIRECTION ( 'NONE',  ( -1.000000000000000000, 0.000000000000000000, 0.000000000000000000 ) ) ;
#578 = DIRECTION ( 'NONE',  ( -1.000000000000000000, -5.793456394897969729E-18, -1.367446332762960049E-17 ) ) ;
#579 = CARTESIAN_POINT ( 'NONE',  ( 1.759363005582107453, 42.49278415120672747, 5.761112638474213732 ) ) ;
#580 = ORIENTED_EDGE ( 'NONE', *, *, #5826, .T. ) ;
#581 = VECTOR ( 'NONE', #2352, 1000.000000000000000 ) ;
#582 = ORIENTED_EDGE ( 'NONE', *, *, #5245, .F. ) ;
#583 = CARTESIAN_POINT ( 'NONE',  ( 2.520290309694228181, -0.4062091419647825274, -44.78519509062129345 ) ) ;
#584 = LINE ( 'NONE', #5722, #5727 ) ;
#585 = CARTESIAN_POINT ( 'NONE',  ( -13.60000017881390022, 13.00000019371509907, 4.000000000000000000 ) ) ;
#586 = ORIENTED_EDGE ( 'NONE', *, *, #3933, .F. ) ;
#587 = VECTOR ( 'NONE', #543, 1000.000000000000114 ) ;
#588 = EDGE_LOOP ( 'NONE', ( #4402, #4045, #3527, #2549, #5252 ) ) ;
#589 = ORIENTED_EDGE ( 'NONE', *, *, #2528, .F. ) ;
#590 = ADVANCED_FACE ( 'NONE', ( #5537 ), #1759, .F. ) ;
#591 = CARTESIAN_POINT ( 'NONE',  ( -12.99984686724388006, 22.81664084155368499, 26.74938656318747476 ) ) ;
#592 = DIRECTION ( 'NONE',  ( -3.330895137017530528E-18, 0.9848077530122082424, -0.1736481776669300259 ) ) ;
#593 = LINE ( 'NONE', #126, #1598 ) ;
#594 = CARTESIAN_POINT ( 'NONE',  ( 12.99969690997810012, 23.38199357051259852, 26.24978183027659995 ) ) ;
#595 = CARTESIAN_POINT ( 'NONE',  ( 11.00000000000000000, 12.99393267361619841, -32.66383907537730380 ) ) ;
#596 = CARTESIAN_POINT ( 'NONE',  ( -2.999999999999998224, -16.48390109005785220, -13.20687862161088866 ) ) ;
#597 = EDGE_CURVE ( 'NONE', #1673, #2200, #4407, .T. ) ;
#598 = EDGE_LOOP ( 'NONE', ( #1999, #2848, #5572, #2061 ) ) ;
#599 = VECTOR ( 'NONE', #1651, 1000.000000000000000 ) ;
#600 = EDGE_CURVE ( 'NONE', #295, #4108, #4712, .T. ) ;
#601 = CARTESIAN_POINT ( 'NONE',  ( 0.2614028400710669553, 42.91522729031269989, 2.665760927859959661 ) ) ;
#602 = FACE_OUTER_BOUND ( 'NONE', #3282, .T. ) ;
#603 = CARTESIAN_POINT ( 'NONE',  ( 12.94007427316811132, 21.22199673185000535, 28.03428007041179981 ) ) ;
#604 = FACE_BOUND ( 'NONE', #150, .T. ) ;
#605 = CARTESIAN_POINT ( 'NONE',  ( 2.900230784442830334, -14.31884579030360527, -42.36257162966975187 ) ) ;
#606 = ORIENTED_EDGE ( 'NONE', *, *, #5766, .F. ) ;
#607 = CYLINDRICAL_SURFACE ( 'NONE', #2520, 35.15350152500619885 ) ;
#608 = DIRECTION ( 'NONE',  ( 1.000000000000000000, -0.000000000000000000, 0.000000000000000000 ) ) ;
#609 = EDGE_CURVE ( 'NONE', #4215, #4091, #4563, .T. ) ;
#610 = VERTEX_POINT ( 'NONE', #2096 ) ;
#611 = AXIS2_PLACEMENT_3D ( 'NONE', #2440, #3379, #4472 ) ;
#612 = VERTEX_POINT ( 'NONE', #2588 ) ;
#613 = CARTESIAN_POINT ( 'NONE',  ( -1.245358837883663750, 0.9657366677689310785, -44.93786274143307935 ) ) ;
#614 = DIRECTION ( 'NONE',  ( -3.330895137017530143E-18, 0.9848077530122081313, -0.1736481776669299981 ) ) ;
#615 = FACE_OUTER_BOUND ( 'NONE', #4376, .T. ) ;
#616 = ORIENTED_EDGE ( 'NONE', *, *, #4618, .F. ) ;
#617 = ORIENTED_EDGE ( 'NONE', *, *, #1856, .F. ) ;
#618 = AXIS2_PLACEMENT_3D ( 'NONE', #2887, #1469, #2360 ) ;
#619 = CIRCLE ( 'NONE', #2989, 2.000000000000000444 ) ;
#620 = ORIENTED_EDGE ( 'NONE', *, *, #1818, .T. ) ;
#621 = CARTESIAN_POINT ( 'NONE',  ( -15.00000000000000000, -17.68215839412018653, -24.23512480935977109 ) ) ;
#622 = CARTESIAN_POINT ( 'NONE',  ( 13.00000000000000000, 5.556741685341534343, 31.51384809639069928 ) ) ;
#623 = CARTESIAN_POINT ( 'NONE',  ( 8.130234919945314214E-07, 41.84882680800669874, 9.883158927489629875 ) ) ;
#624 = CARTESIAN_POINT ( 'NONE',  ( -29.00000043213369949, -14.00000020861629935, 1.000000000000000000 ) ) ;
#625 = CARTESIAN_POINT ( 'NONE',  ( -1.329530262752857572, 44.85284520711964262, 2.819129668789002618 ) ) ;
#626 = CARTESIAN_POINT ( 'NONE',  ( 11.54979902046074081, 36.92502113246322182, 14.23211643747150390 ) ) ;
#627 = ORIENTED_EDGE ( 'NONE', *, *, #4280, .T. ) ;
#628 = EDGE_CURVE ( 'NONE', #6154, #3112, #767, .T. ) ;
#629 = CARTESIAN_POINT ( 'NONE',  ( 1.162344593254696523, 42.83998259740057080, 3.042987862892621465 ) ) ;
#630 = CARTESIAN_POINT ( 'NONE',  ( 16.00000000000000000, 5.209445330007900665, 29.54423259036624572 ) ) ;
#631 = DIRECTION ( 'NONE',  ( 0.000000000000000000, 0.000000000000000000, 1.000000000000000000 ) ) ;
#632 = DIRECTION ( 'NONE',  ( 0.000000000000000000, 0.000000000000000000, 1.000000000000000000 ) ) ;
#633 = CARTESIAN_POINT ( 'NONE',  ( 1.982702094140445181, -15.35025319028579815, -42.16104894195931507 ) ) ;
#634 = EDGE_LOOP ( 'NONE', ( #1662, #2398 ) ) ;
#635 = EDGE_CURVE ( 'NONE', #916, #2692, #2308, .T. ) ;
#636 = DIRECTION ( 'NONE',  ( -3.330895137017530528E-18, 0.9848077530122082424, -0.1736481776669300259 ) ) ;
#637 = DIRECTION ( 'NONE',  ( 1.000000000000000000, 0.000000000000000000, 0.000000000000000000 ) ) ;
#638 = VECTOR ( 'NONE', #6038, 1000.000000000000000 ) ;
#639 = EDGE_LOOP ( 'NONE', ( #3643, #3930 ) ) ;
#640 = DIRECTION ( 'NONE',  ( 0.000000000000000000, 0.000000000000000000, 1.000000000000000000 ) ) ;
#641 = ORIENTED_EDGE ( 'NONE', *, *, #3984, .T. ) ;
#642 = ORIENTED_EDGE ( 'NONE', *, *, #1443, .F. ) ;
#643 = ORIENTED_EDGE ( 'NONE', *, *, #5165, .F. ) ;
#644 = FACE_OUTER_BOUND ( 'NONE', #5376, .T. ) ;
#645 = CIRCLE ( 'NONE', #4119, 30.00000000000000000 ) ;
#646 = CARTESIAN_POINT ( 'NONE',  ( -16.00000000000000000, -3.406497593792199596E-15, -2.600320821204820216E-17 ) ) ;
#647 = DIRECTION ( 'NONE',  ( -1.000000000000000000, 0.000000000000000000, 1.918186059750325065E-17 ) ) ;
#648 = DIRECTION ( 'NONE',  ( 0.000000000000000000, -0.1736481776669300259, -0.9848077530122081313 ) ) ;
#649 = DIRECTION ( 'NONE',  ( -1.000000000000000000, -5.793456394897969729E-18, -1.367446332762960049E-17 ) ) ;
#650 = CARTESIAN_POINT ( 'NONE',  ( -16.00000000000000000, 0.5209445330007866914, 2.954423259036624838 ) ) ;
#651 = EDGE_LOOP ( 'NONE', ( #90, #1733, #3522, #423 ) ) ;
#652 = CIRCLE ( 'NONE', #2031, 2.000000000000000444 ) ;
#653 = VECTOR ( 'NONE', #3870, 1000.000000000000000 ) ;
#654 = CARTESIAN_POINT ( 'NONE',  ( 1.999404081030039304, 42.58795220195408149, 4.689152848935945528 ) ) ;
#655 = CARTESIAN_POINT ( 'NONE',  ( 11.81116938234860037, 12.10060320196140005, -33.30080863010849868 ) ) ;
#656 = DIRECTION ( 'NONE',  ( -1.000000000000000000, -5.793456394897979744E-18, -1.367446332762963901E-17 ) ) ;
#657 = CIRCLE ( 'NONE', #4430, 17.99999999999999645 ) ;
#658 = CARTESIAN_POINT ( 'NONE',  ( 12.64165894737090134, 17.57305927746947560, 30.45475861789184435 ) ) ;
#659 = CARTESIAN_POINT ( 'NONE',  ( -9.000000134110448968, 1.000000014901159862, 1.000000000000000000 ) ) ;
#660 = CARTESIAN_POINT ( 'NONE',  ( 4.552448578224230324, -9.892381032602846958, -43.17434225898984579 ) ) ;
#661 = ORIENTED_EDGE ( 'NONE', *, *, #4062, .T. ) ;
#662 = LINE ( 'NONE', #1566, #1836 ) ;
#663 = DIRECTION ( 'NONE',  ( 0.000000000000000000, -0.6427876096865404731, -0.7660444431189771253 ) ) ;
#664 = B_SPLINE_CURVE_WITH_KNOTS ( 'NONE', 3,
 ( #2749, #1793, #2780, #4249, #465, #3718, #3689, #5696, #5603, #1883, #4130, #867, #400, #4729, #2347, #6095, #1425, #1307, #3779, #3309, #492, #4516, #4662, #5633, #1395, #4761, #5226, #1762, #2280, #4222, #1366, #3662, #4695, #3189, #5107, #6128, #832, #2720, #1852, #4630, #3749, #369, #4159, #6069, #3247, #1337, #5664, #3277, #3218, #5140, #5196, #924, #2433, #5782, #1942, #1484, #86, #3464, #4905, #4288, #5809, #1913, #1045 ),
 .UNSPECIFIED., .F., .F.,
 ( 4, 2, 2, 2, 2, 1, 2, 2, 2, 2, 1, 1, 2, 2, 2, 2, 1, 2, 2, 2, 1, 1, 2, 2, 2, 2, 1, 1, 2, 2, 2, 2, 1, 2, 2, 4 ),
 ( 0.000000000000000000, 0.1249999999999882316, 0.2499999999999764633, 0.3124999999999708011, 0.3437499999999679701, 0.3593749999999662492, 0.3671874999999652500, 0.3749999999999642508, 0.4374999999999569233, 0.4687499999999532596, 0.4843749999999515943, 0.4921874999999505396, 0.4960937499999500400, 0.4999999999999494849, 0.5312499999999472644, 0.5468749999999460432, 0.5546874999999455991, 0.5585937499999453770, 0.5624999999999452660, 0.5937499999999460432, 0.6093749999999464873, 0.6171874999999471534, 0.6210937499999473754, 0.6249999999999477085, 0.6874999999999545919, 0.7187499999999580336, 0.7343749999999596989, 0.7421874999999606981, 0.7460937499999612532, 0.7499999999999619194, 0.8124999999999715783, 0.8437499999999765743, 0.8593749999999791278, 0.8671874999999803491, 0.8749999999999815703, 1.000000000000000000 ),
 .UNSPECIFIED. ) ;
#665 = EDGE_CURVE ( 'NONE', #5622, #4091, #4823, .T. ) ;
#666 = VERTEX_POINT ( 'NONE', #4218 ) ;
#667 = CARTESIAN_POINT ( 'NONE',  ( -5.129603572625963892, -10.25150202389260201, -42.88745033991882849 ) ) ;
#668 = ORIENTED_EDGE ( 'NONE', *, *, #5262, .T. ) ;
#669 = ORIENTED_EDGE ( 'NONE', *, *, #5550, .T. ) ;
#670 = UNCERTAINTY_MEASURE_WITH_UNIT (LENGTH_MEASURE( 1.000000000000000082E-05 ), #5960, 'distance_accuracy_value', 'NONE');
#671 = ORIENTED_EDGE ( 'NONE', *, *, #3862, .T. ) ;
#672 = AXIS2_PLACEMENT_3D ( 'NONE', #250, #3572, #2134 ) ;
#673 = CARTESIAN_POINT ( 'NONE',  ( 12.99969690997810012, 23.38199357051259852, 26.24978183027659995 ) ) ;
#674 = CARTESIAN_POINT ( 'NONE',  ( -14.91883978345093098, 24.78839684011605016, 27.67603831842308892 ) ) ;
#675 = CARTESIAN_POINT ( 'NONE',  ( -2.999999999999998224, -14.61562092824673620, -24.52617893618015188 ) ) ;
#676 = AXIS2_PLACEMENT_3D ( 'NONE', #3347, #4736, #6132 ) ;
#677 = CARTESIAN_POINT ( 'NONE',  ( -15.53241216860679863, 55.65975137675933837, 27.72361191027537686 ) ) ;
#678 = DIRECTION ( 'NONE',  ( 0.000000000000000000, 0.000000000000000000, -1.000000000000000000 ) ) ;
#679 = CARTESIAN_POINT ( 'NONE',  ( 4.711907110999165482, 43.44743438016112691, 8.341298019622067628 ) ) ;
#680 = ORIENTED_EDGE ( 'NONE', *, *, #6032, .F. ) ;
#681 = EDGE_CURVE ( 'NONE', #2211, #5946, #5508, .T. ) ;
#682 = CARTESIAN_POINT ( 'NONE',  ( 1.996038846827255409, 42.59766476844729510, 4.604702154047073392 ) ) ;
#683 = CARTESIAN_POINT ( 'NONE',  ( 11.82268796044870030, 11.79952563837250068, -33.38211942519740205 ) ) ;
#684 = CARTESIAN_POINT ( 'NONE',  ( 13.65539801586988133, 14.48809117638332111, 34.21224818187670280 ) ) ;
#685 = DIRECTION ( 'NONE',  ( 0.000000000000000000, 0.000000000000000000, -1.000000000000000000 ) ) ;
#686 = DIRECTION ( 'NONE',  ( 1.000000000000000000, 0.000000000000000000, 0.000000000000000000 ) ) ;
#687 = CARTESIAN_POINT ( 'NONE',  ( -15.00000000000000000, 23.29818467404174243, -18.89959234730333648 ) ) ;
#688 = CARTESIAN_POINT ( 'NONE',  ( 2.777233999786520080, -14.48974509538515143, -42.32986945577025750 ) ) ;
#689 = CIRCLE ( 'NONE', #99, 16.29999999999999361 ) ;
#690 = ORIENTED_EDGE ( 'NONE', *, *, #1040, .F. ) ;
#691 = DIRECTION ( 'NONE',  ( -1.447274064869760080E-17, 0.1736481776669300814, 0.9848077530122080203 ) ) ;
#692 = CARTESIAN_POINT ( 'NONE',  ( 6.176108722898306049E-15, 55.08494013959785462, 35.98123635753672289 ) ) ;
#693 = EDGE_CURVE ( 'NONE', #2487, #3447, #6066, .T. ) ;
#694 = ADVANCED_FACE ( 'NONE', ( #3747 ), #6125, .F. ) ;
#695 = ORIENTED_EDGE ( 'NONE', *, *, #5927, .T. ) ;
#696 = ADVANCED_FACE ( 'NONE', ( #3804 ), #5164, .F. ) ;
#697 = ORIENTED_EDGE ( 'NONE', *, *, #4521, .F. ) ;
#698 = CARTESIAN_POINT ( 'NONE',  ( 14.00000000000000000, 6.104341478428970014, 34.61944084735259253 ) ) ;
#699 = ORIENTED_EDGE ( 'NONE', *, *, #3168, .F. ) ;
#700 = EDGE_CURVE ( 'NONE', #2876, #2715, #3275, .T. ) ;
#701 = ORIENTED_EDGE ( 'NONE', *, *, #3615, .T. ) ;
#702 = ORIENTED_EDGE ( 'NONE', *, *, #4272, .F. ) ;
#703 = PRODUCT_DEFINITION ( 'UNKNOWN', '', #3619, #5409 ) ;
#704 = CARTESIAN_POINT ( 'NONE',  ( 14.00000000000000000, -23.38199357051240312, -26.24978183027679890 ) ) ;
#705 = DIRECTION ( 'NONE',  ( 3.330895137017530143E-18, -0.9848077530122081313, 0.1736481776669299981 ) ) ;
#706 = ADVANCED_FACE ( 'NONE', ( #922 ), #5719, .T. ) ;
#707 = DIRECTION ( 'NONE',  ( -1.000000000000000000, -0.000000000000000000, -0.000000000000000000 ) ) ;
#708 = DIRECTION ( 'NONE',  ( 0.000000000000000000, -0.8660254037844433705, -0.4999999999999919509 ) ) ;
#709 = CARTESIAN_POINT ( 'NONE',  ( -16.00000000000000000, 4.241674249936554730, 24.05573005840582113 ) ) ;
#710 = CARTESIAN_POINT ( 'NONE',  ( 4.766658953364163816E-15, 51.84511031561434891, 6.089707411836582374 ) ) ;
#711 = ORIENTED_EDGE ( 'NONE', *, *, #1324, .T. ) ;
#712 = CIRCLE ( 'NONE', #611, 30.00000000000000355 ) ;
#713 = CIRCLE ( 'NONE', #2289, 16.29999999999999716 ) ;
#714 = LINE ( 'NONE', #3536, #3550 ) ;
#715 = CARTESIAN_POINT ( 'NONE',  ( -15.00000000000000000, -16.48390109005785220, 3.093121378389106280 ) ) ;
#716 = CARTESIAN_POINT ( 'NONE',  ( 16.00000000000000000, 6.451637833762829288, 36.58905635337700346 ) ) ;
#717 = CARTESIAN_POINT ( 'NONE',  ( -15.00000000000000000, 0.1837305293149807395, 16.77058848403524749 ) ) ;
#718 = PLANE ( 'NONE',  #941 ) ;
#719 = CARTESIAN_POINT ( 'NONE',  ( 14.00000000000000000, -3.232693901945260157E-15, 3.842306916168400005E-16 ) ) ;
#720 = CIRCLE ( 'NONE', #4194, 16.29999999999999716 ) ;
#721 = EDGE_CURVE ( 'NONE', #4245, #1873, #4758, .T. ) ;
#722 = DIRECTION ( 'NONE',  ( 1.000000000000000000, -0.000000000000000000, -0.000000000000000000 ) ) ;
#723 = ORIENTED_EDGE ( 'NONE', *, *, #3140, .T. ) ;
#724 = DIRECTION ( 'NONE',  ( -1.000000000000000000, -5.793456394897969729E-18, -1.367446332762960049E-17 ) ) ;
#725 = FACE_OUTER_BOUND ( 'NONE', #3867, .T. ) ;
#726 = ADVANCED_BREP_SHAPE_REPRESENTATION ( '', ( #2465, #2630 ), #5736 ) ;
#727 = AXIS2_PLACEMENT_3D ( 'NONE', #5816, #592, #2530 ) ;
#728 = EDGE_LOOP ( 'NONE', ( #435, #5377 ) ) ;
#729 = ORIENTED_EDGE ( 'NONE', *, *, #976, .T. ) ;
#730 = CARTESIAN_POINT ( 'NONE',  ( -5.368227700479260456, -7.798744516007375616, -43.31054285648904312 ) ) ;
#731 = ORIENTED_EDGE ( 'NONE', *, *, #2129, .T. ) ;
#732 = VERTEX_POINT ( 'NONE', #1456 ) ;
#733 = ORIENTED_EDGE ( 'NONE', *, *, #3886, .F. ) ;
#734 = EDGE_LOOP ( 'NONE', ( #4053, #2936, #1042, #3972, #1665, #2542, #4312, #5470 ) ) ;
#735 = AXIS2_PLACEMENT_3D ( 'NONE', #3941, #1174, #1136 ) ;
#736 = CARTESIAN_POINT ( 'NONE',  ( -15.00000000000000000, 9.528415488171638970, -6.438889522640595331 ) ) ;
#737 = DIRECTION ( 'NONE',  ( 0.000000000000000000, 0.6427876096865299260, -0.7660444431189858960 ) ) ;
#738 = CARTESIAN_POINT ( 'NONE',  ( 11.84890924854319927, -34.70188327023299735, 6.731559231711110591 ) ) ;
#739 = LINE ( 'NONE', #4914, #5299 ) ;
#740 = DIRECTION ( 'NONE',  ( -1.000000000000000000, 0.000000000000000000, 0.000000000000000000 ) ) ;
#741 = CARTESIAN_POINT ( 'NONE',  ( 13.00000000000000000, -31.24732657902129773, 6.899607355784239893 ) ) ;
#742 = ORIENTED_EDGE ( 'NONE', *, *, #1117, .F. ) ;
#743 = ADVANCED_FACE ( 'NONE', ( #4726 ), #6093, .F. ) ;
#744 = AXIS2_PLACEMENT_3D ( 'NONE', #2949, #1118, #4922 ) ;
#745 = CARTESIAN_POINT ( 'NONE',  ( -15.53241216860679863, 46.15897020197110123, 31.42970919296909926 ) ) ;
#746 = AXIS2_PLACEMENT_3D ( 'NONE', #4693, #2870, #1939 ) ;
#747 = CARTESIAN_POINT ( 'NONE',  ( 5.012721421798249920E-15, 53.62503147151929994, 39.21922383624750097 ) ) ;
#748 = CARTESIAN_POINT ( 'NONE',  ( 1.243783246957342437, 44.54643939242616568, 6.009229094308101260 ) ) ;
#749 = CARTESIAN_POINT ( 'NONE',  ( -12.00000000000000000, 3.673940397442044091E-16, -0.9999999999999731326 ) ) ;
#750 = LINE ( 'NONE', #1742, #2608 ) ;
#751 = EDGE_CURVE ( 'NONE', #5127, #2715, #6117, .T. ) ;
#752 = AXIS2_PLACEMENT_3D ( 'NONE', #5345, #5374, #4404 ) ;
#753 = ORIENTED_EDGE ( 'NONE', *, *, #527, .T. ) ;
#754 = CIRCLE ( 'NONE', #1747, 29.99999999999999289 ) ;
#755 = CYLINDRICAL_SURFACE ( 'NONE', #3231, 21.49999999999999645 ) ;
#756 = CARTESIAN_POINT ( 'NONE',  ( -15.00000000000000000, 0.000000000000000000, -0.000000000000000000 ) ) ;
#757 =( NAMED_UNIT ( * ) SI_UNIT ( $, .STERADIAN. ) SOLID_ANGLE_UNIT ( ) );
#758 = ADVANCED_FACE ( 'NONE', ( #3340 ), #397, .T. ) ;
#759 = VERTEX_POINT ( 'NONE', #1422 ) ;
#760 = VERTEX_POINT ( 'NONE', #954 ) ;
#761 = DIRECTION ( 'NONE',  ( 1.000000000000000000, 5.793456394897969729E-18, 1.367446332762960049E-17 ) ) ;
#762 = VERTEX_POINT ( 'NONE', #2372 ) ;
#763 = ORIENTED_EDGE ( 'NONE', *, *, #2683, .T. ) ;
#764 = ORIENTED_EDGE ( 'NONE', *, *, #5918, .F. ) ;
#765 = ORIENTED_EDGE ( 'NONE', *, *, #4396, .F. ) ;
#766 = CARTESIAN_POINT ( 'NONE',  ( 12.97623137376437263, 22.58180126448160507, 27.28306003471229246 ) ) ;
#767 = LINE ( 'NONE', #2122, #4207 ) ;
#768 = FACE_OUTER_BOUND ( 'NONE', #5724, .T. ) ;
#769 = CARTESIAN_POINT ( 'NONE',  ( 11.93169337353823778, -21.80553158113784207, -27.58272935991137231 ) ) ;
#770 = LINE ( 'NONE', #4065, #846 ) ;
#771 = DIRECTION ( 'NONE',  ( -1.000000000000000000, -0.000000000000000000, -0.000000000000000000 ) ) ;
#772 = ORIENTED_EDGE ( 'NONE', *, *, #3490, .F. ) ;
#773 = EDGE_CURVE ( 'NONE', #3713, #3853, #5820, .T. ) ;
#774 = CIRCLE ( 'NONE', #1663, 1.550000000000000044 ) ;
#775 = DIRECTION ( 'NONE',  ( 0.000000000000000000, -0.6427876096865301481, 0.7660444431189857850 ) ) ;
#776 = CARTESIAN_POINT ( 'NONE',  ( -11.54134576722208827, 30.81206185866629355, 18.87135500351557127 ) ) ;
#777 = EDGE_CURVE ( 'NONE', #5805, #4807, #3422, .T. ) ;
#778 = DIRECTION ( 'NONE',  ( 0.000000000000000000, -0.1736481776669316912, -0.9848077530122077983 ) ) ;
#779 = CARTESIAN_POINT ( 'NONE',  ( 16.00000000000000000, 32.57382070802304241, -7.774496679355915596 ) ) ;
#780 = EDGE_CURVE ( 'NONE', #2708, #2618, #5253, .T. ) ;
#781 = FACE_BOUND ( 'NONE', #3932, .T. ) ;
#782 = DIRECTION ( 'NONE',  ( 1.000000000000000000, -0.000000000000000000, 0.000000000000000000 ) ) ;
#783 = STYLED_ITEM ( 'NONE', ( #1312 ), #377 ) ;
#784 = VERTEX_POINT ( 'NONE', #985 ) ;
#785 = DIRECTION ( 'NONE',  ( -1.000000000000000000, -5.793456394897969729E-18, -1.367446332762960049E-17 ) ) ;
#786 = LINE ( 'NONE', #286, #5984 ) ;
#787 = AXIS2_PLACEMENT_3D ( 'NONE', #2412, #5822, #2944 ) ;
#788 = DIRECTION ( 'NONE',  ( -0.9997386698035829466, -0.001652383567575003379, -0.02280047648423301487 ) ) ;
#789 = ORIENTED_EDGE ( 'NONE', *, *, #1353, .T. ) ;
#790 = ORIENTED_EDGE ( 'NONE', *, *, #2916, .F. ) ;
#791 = CARTESIAN_POINT ( 'NONE',  ( -4.402975476327341653, -12.73878677685307181, -42.46997234103232444 ) ) ;
#792 = VERTEX_POINT ( 'NONE', #3245 ) ;
#793 = EDGE_CURVE ( 'NONE', #497, #5338, #946, .T. ) ;
#794 = ORIENTED_EDGE ( 'NONE', *, *, #1517, .T. ) ;
#795 = ORIENTED_EDGE ( 'NONE', *, *, #2484, .F. ) ;
#796 = VECTOR ( 'NONE', #3259, 1000.000000000000000 ) ;
#797 = ORIENTED_EDGE ( 'NONE', *, *, #2583, .T. ) ;
#798 = DIRECTION ( 'NONE',  ( -3.330895137017530528E-18, 0.9848077530122082424, -0.1736481776669300259 ) ) ;
#799 = CARTESIAN_POINT ( 'NONE',  ( 7.208967503956163370, 38.84387685122581502, 12.61135943210978105 ) ) ;
#800 = CARTESIAN_POINT ( 'NONE',  ( 6.871394537853510058E-15, 58.18326880045729155, 42.03519039678217695 ) ) ;
#801 = DIRECTION ( 'NONE',  ( 1.447274064869760388E-17, -0.1736481776669301369, -0.9848077530122080203 ) ) ;
#802 = CYLINDRICAL_SURFACE ( 'NONE', #4735, 16.29999999999999361 ) ;
#803 = CYLINDRICAL_SURFACE ( 'NONE', #3460, 17.99999999999999645 ) ;
#804 = ORIENTED_EDGE ( 'NONE', *, *, #4369, .T. ) ;
#805 = ORIENTED_EDGE ( 'NONE', *, *, #2114, .T. ) ;
#806 = DIRECTION ( 'NONE',  ( -1.000000000000000000, 0.000000000000000000, 0.000000000000000000 ) ) ;
#807 = CARTESIAN_POINT ( 'NONE',  ( -10.07094380745676787, 34.71247684977899439, 15.99637257737272122 ) ) ;
#808 = DIRECTION ( 'NONE',  ( 1.000000000000000000, 5.793456394897969729E-18, 1.367446332762960049E-17 ) ) ;
#809 = AXIS2_PLACEMENT_3D ( 'NONE', #4032, #5010, #367 ) ;
#810 = DIRECTION ( 'NONE',  ( -1.367446332762960049E-17, 0.000000000000000000, 1.000000000000000000 ) ) ;
#811 = AXIS2_PLACEMENT_3D ( 'NONE', #3204, #3548, #385 ) ;
#812 = CARTESIAN_POINT ( 'NONE',  ( 12.21632911769639129, 12.96920384082034339, 32.70584080211875033 ) ) ;
#813 = CARTESIAN_POINT ( 'NONE',  ( -15.00000000000000000, -16.48390109005785220, -13.20687862161088866 ) ) ;
#814 = CIRCLE ( 'NONE', #4083, 5.000000000000000888 ) ;
#815 = ORIENTED_EDGE ( 'NONE', *, *, #1087, .F. ) ;
#816 = AXIS2_PLACEMENT_3D ( 'NONE', #3794, #3359, #2859 ) ;
#817 = VECTOR ( 'NONE', #1492, 1000.000000000000000 ) ;
#818 = DIRECTION ( 'NONE',  ( 0.000000000000000000, -0.3420201433256630508, 0.9396926207859104263 ) ) ;
#819 = CARTESIAN_POINT ( 'NONE',  ( -11.93488257301919830, 6.104341478428979784, 34.61944084735259963 ) ) ;
#820 = EDGE_CURVE ( 'NONE', #5746, #3158, #5229, .T. ) ;
#821 = FACE_OUTER_BOUND ( 'NONE', #479, .T. ) ;
#822 = EDGE_LOOP ( 'NONE', ( #4492, #1616 ) ) ;
#823 = ORIENTED_EDGE ( 'NONE', *, *, #229, .F. ) ;
#824 = CARTESIAN_POINT ( 'NONE',  ( -1.049888837029641531, -16.20300031696960374, -41.94229503198152997 ) ) ;
#825 = DIRECTION ( 'NONE',  ( 1.000000000000000000, 0.000000000000000000, 0.000000000000000000 ) ) ;
#826 = VERTEX_POINT ( 'NONE', #523 ) ;
#827 = ORIENTED_EDGE ( 'NONE', *, *, #4926, .T. ) ;
#828 = VERTEX_POINT ( 'NONE', #4313 ) ;
#829 = CARTESIAN_POINT ( 'NONE',  ( 11.93488257301919830, 28.80480301358749884, 20.15073181839910177 ) ) ;
#830 = CARTESIAN_POINT ( 'NONE',  ( -15.00000000000000000, -0.000000000000000000, 0.000000000000000000 ) ) ;
#831 = CARTESIAN_POINT ( 'NONE',  ( -15.00000000000000000, 0.000000000000000000, 0.000000000000000000 ) ) ;
#832 = CARTESIAN_POINT ( 'NONE',  ( -1.886884167188985773, 42.67023478352641064, 4.052242764192127922 ) ) ;
#833 = CARTESIAN_POINT ( 'NONE',  ( 10.00000000000000000, 0.000000000000000000, 0.000000000000000000 ) ) ;
#834 = ORIENTED_EDGE ( 'NONE', *, *, #1841, .F. ) ;
#835 = VERTEX_POINT ( 'NONE', #4682 ) ;
#836 = EDGE_CURVE ( 'NONE', #4635, #2744, #3922, .T. ) ;
#837 = DIRECTION ( 'NONE',  ( 1.000000000000000000, 5.793456394897969729E-18, 1.367446332762960049E-17 ) ) ;
#838 = CARTESIAN_POINT ( 'NONE',  ( 13.00000000000000000, -3.238487358340159716E-15, 3.705562282892109516E-16 ) ) ;
#839 = DIRECTION ( 'NONE',  ( 0.000000000000000000, 1.000000000000000000, 0.000000000000000000 ) ) ;
#840 = DIRECTION ( 'NONE',  ( 0.000000000000000000, 0.1736481776669300259, 0.9848077530122081313 ) ) ;
#841 = DIRECTION ( 'NONE',  ( 0.000000000000000000, -0.8660254037844433705, -0.4999999999999919509 ) ) ;
#842 = CARTESIAN_POINT ( 'NONE',  ( -1.338375856106569964E-14, 42.45973963666059348, 6.794888519099430368 ) ) ;
#843 = CIRCLE ( 'NONE', #3515, 2.999999999999999556 ) ;
#844 = ORIENTED_EDGE ( 'NONE', *, *, #721, .T. ) ;
#845 = FACE_OUTER_BOUND ( 'NONE', #3113, .T. ) ;
#846 = VECTOR ( 'NONE', #2686, 1000.000000000000000 ) ;
#847 = DIRECTION ( 'NONE',  ( -1.000000000000000000, 0.000000000000000000, 0.000000000000000000 ) ) ;
#848 = CONTEXT_DEPENDENT_SHAPE_REPRESENTATION ( #4464, #3731 ) ;
#849 = AXIS2_PLACEMENT_3D ( 'NONE', #227, #2544, #258 ) ;
#850 = VECTOR ( 'NONE', #998, 1000.000000000000000 ) ;
#851 =( REPRESENTATION_RELATIONSHIP ('NONE','NONE', #4580, #6136 ) REPRESENTATION_RELATIONSHIP_WITH_TRANSFORMATION ( #6057 )SHAPE_REPRESENTATION_RELATIONSHIP( ) );
#852 = LINE ( 'NONE', #4646, #2494 ) ;
#853 = ORIENTED_EDGE ( 'NONE', *, *, #2060, .F. ) ;
#854 = ADVANCED_FACE ( 'NONE', ( #821 ), #4114, .F. ) ;
#855 = ORIENTED_EDGE ( 'NONE', *, *, #4205, .T. ) ;
#856 = VECTOR ( 'NONE', #3421, 1000.000000000000000 ) ;
#857 = EDGE_CURVE ( 'NONE', #2997, #1167, #4400, .T. ) ;
#858 = CARTESIAN_POINT ( 'NONE',  ( -0.5479782383730731343, -16.29390642212420559, -41.93746888231297021 ) ) ;
#859 = VERTEX_POINT ( 'NONE', #5621 ) ;
#860 = CIRCLE ( 'NONE', #1945, 9.999999999999996447 ) ;
#861 = EDGE_LOOP ( 'NONE', ( #4852, #1719, #6059, #1767, #5110 ) ) ;
#862 = VERTEX_POINT ( 'NONE', #914 ) ;
#863 = ADVANCED_FACE ( 'NONE', ( #2203 ), #2705, .F. ) ;
#864 = DIRECTION ( 'NONE',  ( -1.000000000000000000, -5.793456394897969729E-18, -1.367446332762960049E-17 ) ) ;
#865 = DIRECTION ( 'NONE',  ( 1.000000000000000000, -0.000000000000000000, -0.000000000000000000 ) ) ;
#866 = DIRECTION ( 'NONE',  ( 1.000000000000000000, 0.000000000000000000, 0.000000000000000000 ) ) ;
#867 = CARTESIAN_POINT ( 'NONE',  ( -1.832811316576928862, 42.50694406796339564, 5.568737205873516061 ) ) ;
#868 = FACE_OUTER_BOUND ( 'NONE', #4668, .T. ) ;
#869 = ORIENTED_EDGE ( 'NONE', *, *, #3408, .F. ) ;
#870 = VERTEX_POINT ( 'NONE', #3676 ) ;
#871 = CARTESIAN_POINT ( 'NONE',  ( 4.133046797387399338E-15, 41.48732594754649483, 4.935498065129019452 ) ) ;
#872 = CARTESIAN_POINT ( 'NONE',  ( -13.34117019740691568, 11.00754640451613930, 35.49233318211241084 ) ) ;
#873 = CARTESIAN_POINT ( 'NONE',  ( -46.00000068545340071, 13.00000019371509907, 4.000000000000000000 ) ) ;
#874 = DIRECTION ( 'NONE',  ( 3.330895137017530143E-18, -0.9848077530122081313, 0.1736481776669299981 ) ) ;
#875 = CARTESIAN_POINT ( 'NONE',  ( -15.00000000000000000, -4.686476337111207258, -10.50175887847825251 ) ) ;
#876 = DIRECTION ( 'NONE',  ( 0.000000000000000000, -0.1736481776669298593, -0.9848077530122082424 ) ) ;
#877 = DIRECTION ( 'NONE',  ( 1.000000000000000000, 5.793456394897969729E-18, 1.367446332762960049E-17 ) ) ;
#878 = EDGE_CURVE ( 'NONE', #1479, #5311, #3098, .T. ) ;
#879 = CYLINDRICAL_SURFACE ( 'NONE', #5824, 2.000000000000001332 ) ;
#880 = DIRECTION ( 'NONE',  ( 1.000000000000000000, 5.793456394897969729E-18, 1.367446332762960049E-17 ) ) ;
#881 = AXIS2_PLACEMENT_3D ( 'NONE', #4405, #2963, #4877 ) ;
#882 = CONTEXT_DEPENDENT_SHAPE_REPRESENTATION ( #851, #3329 ) ;
#883 = LINE ( 'NONE', #3237, #2297 ) ;
#884 = ORIENTED_EDGE ( 'NONE', *, *, #3206, .F. ) ;
#885 = CARTESIAN_POINT ( 'NONE',  ( -5.078818772870887344, -4.639081332620737186, -43.86949821921193404 ) ) ;
#886 = DIRECTION ( 'NONE',  ( -1.447274064869762545E-17, 0.1736481776669316912, 0.9848077530122077983 ) ) ;
#887 = ORIENTED_EDGE ( 'NONE', *, *, #900, .T. ) ;
#888 = AXIS2_PLACEMENT_3D ( 'NONE', #5398, #1119, #4923 ) ;
#889 = EDGE_CURVE ( 'NONE', #4406, #2675, #3207, .T. ) ;
#890 = CARTESIAN_POINT ( 'NONE',  ( 0.1532150685801135503, -16.25430550046012357, -41.96124128014933063 ) ) ;
#891 = CARTESIAN_POINT ( 'NONE',  ( -15.00000000000000000, -0.000000000000000000, 0.000000000000000000 ) ) ;
#892 = ORIENTED_EDGE ( 'NONE', *, *, #2328, .F. ) ;
#893 = AXIS2_PLACEMENT_3D ( 'NONE', #1943, #3780, #5227 ) ;
#894 = DIRECTION ( 'NONE',  ( -1.000000000000000000, -0.000000000000000000, -0.000000000000000000 ) ) ;
#895 = CYLINDRICAL_SURFACE ( 'NONE', #48, 14.99999999999999822 ) ;
#896 = CARTESIAN_POINT ( 'NONE',  ( -10.40000017881389915, 13.00000019371509907, 4.000000000000000000 ) ) ;
#897 = CARTESIAN_POINT ( 'NONE',  ( -44.40000068545340639, 13.00000019371509907, 4.000000000000000000 ) ) ;
#898 = ORIENTED_EDGE ( 'NONE', *, *, #3873, .T. ) ;
#899 = ORIENTED_EDGE ( 'NONE', *, *, #3703, .F. ) ;
#900 = EDGE_CURVE ( 'NONE', #3994, #5805, #852, .T. ) ;
#901 = CARTESIAN_POINT ( 'NONE',  ( 11.89427869900379875, 34.85380565642440587, -5.256270751326620250 ) ) ;
#902 = CARTESIAN_POINT ( 'NONE',  ( -14.07195929427871128, 17.83502626666057012, 32.59304315935263929 ) ) ;
#903 = CARTESIAN_POINT ( 'NONE',  ( -16.00000000000000000, -0.5209445330007931307, -2.954423259036624838 ) ) ;
#904 = CYLINDRICAL_SURFACE ( 'NONE', #3990, 35.15350152500619885 ) ;
#905 = DIRECTION ( 'NONE',  ( -1.000000000000000000, -0.000000000000000000, 0.000000000000000000 ) ) ;
#906 = DIRECTION ( 'NONE',  ( 0.000000000000000000, 0.8660254037844433705, 0.4999999999999920064 ) ) ;
#907 = CARTESIAN_POINT ( 'NONE',  ( 13.18436255310560057, -21.85237952632605030, -30.04756536902858954 ) ) ;
#908 = AXIS2_PLACEMENT_3D ( 'NONE', #3255, #6102, #4702 ) ;
#909 = AXIS2_PLACEMENT_3D ( 'NONE', #5834, #2055, #3956 ) ;
#910 = CARTESIAN_POINT ( 'NONE',  ( 14.93661030264844314, 28.30052659044962482, 24.07239751510712722 ) ) ;
#911 = DIRECTION ( 'NONE',  ( -3.330895137017530528E-18, 0.9848077530122082424, -0.1736481776669300259 ) ) ;
#912 = AXIS2_PLACEMENT_3D ( 'NONE', #5113, #2728, #839 ) ;
#913 = AXIS2_PLACEMENT_3D ( 'NONE', #6055, #3610, #3577 ) ;
#914 = CARTESIAN_POINT ( 'NONE',  ( 14.00000000000000000, -6.104341478428480627, -34.61944084735267779 ) ) ;
#915 = CARTESIAN_POINT ( 'NONE',  ( 13.00000000000000000, 31.72268690230989918, -4.203704996549940454 ) ) ;
#916 = VERTEX_POINT ( 'NONE', #2738 ) ;
#917 = CARTESIAN_POINT ( 'NONE',  ( -3.793175745372859176, -1.220886503889337282, -44.49657055884706125 ) ) ;
#918 = ORIENTED_EDGE ( 'NONE', *, *, #5859, .F. ) ;
#919 = CARTESIAN_POINT ( 'NONE',  ( -4.650442192512990403, -12.10094381907500427, -42.57532297276020472 ) ) ;
#920 = CARTESIAN_POINT ( 'NONE',  ( 5.012721421798249920E-15, 53.62503147151929994, 39.21922383624750097 ) ) ;
#921 = VERTEX_POINT ( 'NONE', #6021 ) ;
#922 = FACE_OUTER_BOUND ( 'NONE', #5983, .T. ) ;
#923 = CARTESIAN_POINT ( 'NONE',  ( 15.53241216860679863, 52.89261822914340172, 12.03041999773949833 ) ) ;
#924 = CARTESIAN_POINT ( 'NONE',  ( -1.322089203236524790, 42.81587673803134209, 3.170641804816099363 ) ) ;
#925 = DIRECTION ( 'NONE',  ( 1.000000000000000000, 5.793456394897969729E-18, 1.367446332762960049E-17 ) ) ;
#926 = ORIENTED_EDGE ( 'NONE', *, *, #4179, .F. ) ;
#927 = ORIENTED_EDGE ( 'NONE', *, *, #343, .T. ) ;
#928 = CARTESIAN_POINT ( 'NONE',  ( 11.00000000000000000, -34.78468076121159669, 5.078843747272739684 ) ) ;
#929 = CARTESIAN_POINT ( 'NONE',  ( -14.35005864721697044, 19.87520865999414710, 31.39855396895861617 ) ) ;
#930 = AXIS2_PLACEMENT_3D ( 'NONE', #5009, #6036, #5043 ) ;
#931 = CARTESIAN_POINT ( 'NONE',  ( -13.18436255310560057, -3.390185321019769590E-15, 1.249912279940980135E-17 ) ) ;
#932 = PLANE ( 'NONE',  #223 ) ;
#933 = CARTESIAN_POINT ( 'NONE',  ( -15.00000000000000000, -5.908529299575821625, -15.69635870271548050 ) ) ;
#934 = CARTESIAN_POINT ( 'NONE',  ( 21.50000000000000000, -3.189242978983519578E-15, 4.867891665740629948E-16 ) ) ;
#935 = CARTESIAN_POINT ( 'NONE',  ( -15.00000000000000000, -16.48390109005785220, 3.093121378389106280 ) ) ;
#936 = ADVANCED_FACE ( 'NONE', ( #2801 ), #1870, .T. ) ;
#937 = ADVANCED_FACE ( 'NONE', ( #4615 ), #5155, .T. ) ;
#938 = AXIS2_PLACEMENT_3D ( 'NONE', #5920, #5954, #1713 ) ;
#939 = CARTESIAN_POINT ( 'NONE',  ( 14.63966955547880744, 22.06708604067093304, 29.89030944599161543 ) ) ;
#940 = LINE ( 'NONE', #5180, #121 ) ;
#941 = AXIS2_PLACEMENT_3D ( 'NONE', #5053, #686, #1317 ) ;
#942 = CYLINDRICAL_SURFACE ( 'NONE', #4703, 37.15350152500619174 ) ;
#943 = DIRECTION ( 'NONE',  ( 0.000000000000000000, -0.1736481776669300259, -0.9848077530122081313 ) ) ;
#944 = ORIENTED_EDGE ( 'NONE', *, *, #780, .T. ) ;
#945 = CARTESIAN_POINT ( 'NONE',  ( -5.036239388840546560, -4.434705508724407608, -43.90619558460851835 ) ) ;
#946 = CIRCLE ( 'NONE', #746, 11.50000000000000178 ) ;
#947 = CARTESIAN_POINT ( 'NONE',  ( 0.000000000000000000, 0.000000000000000000, 0.000000000000000000 ) ) ;
#948 = VERTEX_POINT ( 'NONE', #2272 ) ;
#949 = CARTESIAN_POINT ( 'NONE',  ( -15.00000000000000000, -7.307810464123368099, -4.113089468090079137 ) ) ;
#950 = CIRCLE ( 'NONE', #3732, 1.999999999999999556 ) ;
#951 = ADVANCED_FACE ( 'NONE', ( #4180 ), #942, .T. ) ;
#952 = ORIENTED_EDGE ( 'NONE', *, *, #2436, .T. ) ;
#953 = AXIS2_PLACEMENT_3D ( 'NONE', #2117, #3084, #4024 ) ;
#954 = CARTESIAN_POINT ( 'NONE',  ( 14.00000000000000000, 31.72268690230979615, -4.203704996549929795 ) ) ;
#955 = CARTESIAN_POINT ( 'NONE',  ( -0.1125261488899228640, 1.101338058199097691, -44.98766472843521314 ) ) ;
#956 = DIRECTION ( 'NONE',  ( -3.330895137017530528E-18, 0.9848077530122082424, -0.1736481776669300259 ) ) ;
#957 = CARTESIAN_POINT ( 'NONE',  ( 11.00000000000000000, -31.72268690230989918, 4.203704996549940454 ) ) ;
#958 = EDGE_LOOP ( 'NONE', ( #3784, #4182 ) ) ;
#959 = ORIENTED_EDGE ( 'NONE', *, *, #3354, .T. ) ;
#960 = CARTESIAN_POINT ( 'NONE',  ( 11.84890924854319927, 34.70188327023299735, -6.731559231711019997 ) ) ;
#961 = SURFACE_STYLE_FILL_AREA ( #1948 ) ;
#962 = DIRECTION ( 'NONE',  ( 0.000000000000000000, 0.000000000000000000, -1.000000000000000000 ) ) ;
#963 = CARTESIAN_POINT ( 'NONE',  ( 11.00000000000000000, -34.42397469407509902, 7.124509508050089757 ) ) ;
#964 = CARTESIAN_POINT ( 'NONE',  ( -15.00000000000000000, 0.000000000000000000, 0.000000000000000000 ) ) ;
#965 = CARTESIAN_POINT ( 'NONE',  ( 7.131854270237988125, 42.13240975002062783, 9.616433845366419320 ) ) ;
#966 = CARTESIAN_POINT ( 'NONE',  ( -15.00000000000000000, 23.29818467404174243, -18.89959234730333648 ) ) ;
#967 = EDGE_CURVE ( 'NONE', #3345, #4904, #4099, .T. ) ;
#968 = EDGE_CURVE ( 'NONE', #3781, #5161, #883, .T. ) ;
#969 = EDGE_CURVE ( 'NONE', #2997, #5867, #6114, .T. ) ;
#970 = CARTESIAN_POINT ( 'NONE',  ( 14.95367839095462692, 25.31678293134345026, 27.19277345130354817 ) ) ;
#971 = CYLINDRICAL_SURFACE ( 'NONE', #4390, 5.000000000000000888 ) ;
#972 = DIRECTION ( 'NONE',  ( -1.000000000000000000, 0.000000000000000000, 0.000000000000000000 ) ) ;
#973 = EDGE_CURVE ( 'NONE', #5867, #5685, #2007, .T. ) ;
#974 = VERTEX_POINT ( 'NONE', #1382 ) ;
#975 = CIRCLE ( 'NONE', #672, 37.15350152500619174 ) ;
#976 = EDGE_CURVE ( 'NONE', #5946, #2211, #3896, .T. ) ;
#977 = CARTESIAN_POINT ( 'NONE',  ( -1.459359514637789568, 41.76746108903117261, 9.959405015745209866 ) ) ;
#978 = CARTESIAN_POINT ( 'NONE',  ( 14.00000000000000000, -3.232693901945260157E-15, 3.842306916168400005E-16 ) ) ;
#979 = AXIS2_PLACEMENT_3D ( 'NONE', #2756, #1371, #2260 ) ;
#980 = CARTESIAN_POINT ( 'NONE',  ( -2.641774971552444562, 0.1645460398491848941, -44.76537089150946258 ) ) ;
#981 = ORIENTED_EDGE ( 'NONE', *, *, #5132, .T. ) ;
#982 = CARTESIAN_POINT ( 'NONE',  ( 11.82268796044870030, -23.01000063520090322, -26.90974866803489718 ) ) ;
#983 = ORIENTED_EDGE ( 'NONE', *, *, #2476, .T. ) ;
#984 = CIRCLE ( 'NONE', #4256, 2.000000000000000444 ) ;
#985 = CARTESIAN_POINT ( 'NONE',  ( 14.00000000000000000, -34.78468076121159669, 5.078843747272729914 ) ) ;
#986 = ORIENTED_EDGE ( 'NONE', *, *, #5655, .T. ) ;
#987 = EDGE_CURVE ( 'NONE', #5867, #4098, #131, .T. ) ;
#988 = CARTESIAN_POINT ( 'NONE',  ( 4.270704197677702929, -3.954097239441754841, -44.20552349616412613 ) ) ;
#989 = DIRECTION ( 'NONE',  ( 0.000000000000000000, -0.1736481776669300259, -0.9848077530122081313 ) ) ;
#990 = CARTESIAN_POINT ( 'NONE',  ( 14.00000000000000000, -3.232693901945260157E-15, 3.842306916168400005E-16 ) ) ;
#991 = ORIENTED_EDGE ( 'NONE', *, *, #2324, .T. ) ;
#992 = AXIS2_PLACEMENT_3D ( 'NONE', #3871, #529, #4317 ) ;
#993 = VERTEX_POINT ( 'NONE', #4367 ) ;
#994 = CARTESIAN_POINT ( 'NONE',  ( 11.92498442561999816, 34.45460233556259766, -7.089629244032240152 ) ) ;
#995 = CARTESIAN_POINT ( 'NONE',  ( -13.65050615141737467, 14.44387732089129628, 34.23094119898168231 ) ) ;
#996 = CARTESIAN_POINT ( 'NONE',  ( -2.999999999999998224, -14.61562092824673620, -8.226178936180158274 ) ) ;
#997 = FACE_OUTER_BOUND ( 'NONE', #1160, .T. ) ;
#998 = DIRECTION ( 'NONE',  ( 1.000000000000000000, -0.000000000000000000, 0.000000000000000000 ) ) ;
#999 = CARTESIAN_POINT ( 'NONE',  ( -15.00000000000000000, -10.63918073367659467, 12.96511582379512717 ) ) ;
#1000 = DIRECTION ( 'NONE',  ( 1.000000000000000000, 5.793456394897969729E-18, 1.367446332762960049E-17 ) ) ;
#1001 = CARTESIAN_POINT ( 'NONE',  ( 16.00000000000000000, -32.92111706335690258, 5.804881173331500221 ) ) ;
#1002 = DIRECTION ( 'NONE',  ( 0.000000000000000000, -0.1736481776669300259, -0.9848077530122081313 ) ) ;
#1003 = CYLINDRICAL_SURFACE ( 'NONE', #2955, 31.99999999999999289 ) ;
#1004 = CARTESIAN_POINT ( 'NONE',  ( -6.583264989036466730, 39.38965052802016942, 12.13015435206615855 ) ) ;
#1005 = CARTESIAN_POINT ( 'NONE',  ( 12.67487276672661700, 26.75769603944160480, 22.80007068615508103 ) ) ;
#1006 = CARTESIAN_POINT ( 'NONE',  ( -5.368227080838540388, -7.575813007014519762, -43.34950288518829353 ) ) ;
#1007 =( NAMED_UNIT ( * ) PLANE_ANGLE_UNIT ( ) SI_UNIT ( $, .RADIAN. ) );
#1008 = EDGE_LOOP ( 'NONE', ( #5440, #1732, #892, #2604 ) ) ;
#1009 = CIRCLE ( 'NONE', #1991, 17.99999999999999645 ) ;
#1010 = EDGE_CURVE ( 'NONE', #3840, #1984, #975, .T. ) ;
#1011 = ORIENTED_EDGE ( 'NONE', *, *, #2595, .F. ) ;
#1012 = AXIS2_PLACEMENT_3D ( 'NONE', #5237, #1890, #5295 ) ;
#1013 = EDGE_LOOP ( 'NONE', ( #4546, #887, #296, #5778, #425, #580, #2934, #4224 ) ) ;
#1014 = CARTESIAN_POINT ( 'NONE',  ( 3.035131964010339800, -1.097497949605436895, -44.67624837479169742 ) ) ;
#1015 = CARTESIAN_POINT ( 'NONE',  ( -46.00000068545340071, -41.00000061094760184, 4.000000000000000000 ) ) ;
#1016 = CARTESIAN_POINT ( 'NONE',  ( 16.00000000000000000, -3.221106989155459856E-15, 4.115796182720999718E-16 ) ) ;
#1017 = ORIENTED_EDGE ( 'NONE', *, *, #3236, .F. ) ;
#1018 = ORIENTED_EDGE ( 'NONE', *, *, #1433, .F. ) ;
#1019 = CARTESIAN_POINT ( 'NONE',  ( -12.77479880523499745, 19.03642437630603368, 29.55276344738210170 ) ) ;
#1020 = CARTESIAN_POINT ( 'NONE',  ( -14.94468978498967182, 25.16904611318348728, 27.32950581851866190 ) ) ;
#1021 = CARTESIAN_POINT ( 'NONE',  ( -20.00000000000000000, -1.041889066001583597, -5.908846518073249676 ) ) ;
#1022 = DIRECTION ( 'NONE',  ( 1.000000000000000000, 5.793456394897969729E-18, 1.367446332762960049E-17 ) ) ;
#1023 = CARTESIAN_POINT ( 'NONE',  ( -1.758402732494104725, 44.57220203080576937, 5.395843270584603779 ) ) ;
#1024 = CARTESIAN_POINT ( 'NONE',  ( -13.18436255310560057, 32.82094664957689645, 17.41172411320229685 ) ) ;
#1025 = ORIENTED_EDGE ( 'NONE', *, *, #3599, .T. ) ;
#1026 = EDGE_CURVE ( 'NONE', #5311, #1479, #4955, .T. ) ;
#1027 = CARTESIAN_POINT ( 'NONE',  ( 1.491879082759425268, 42.78336290875932235, 3.350680035483039720 ) ) ;
#1028 = CARTESIAN_POINT ( 'NONE',  ( 14.51125186868326722, 21.06773961615574109, 30.61116557868674803 ) ) ;
#1029 = DIRECTION ( 'NONE',  ( 1.000000000000000000, 0.000000000000000000, 0.000000000000000000 ) ) ;
#1030 = CARTESIAN_POINT ( 'NONE',  ( -46.00000068545340071, 13.00000019371509907, 4.000000000000000000 ) ) ;
#1031 = CARTESIAN_POINT ( 'NONE',  ( 4.600355235759741923, -9.545544471635158956, -43.23612331762856797 ) ) ;
#1032 = ORIENTED_EDGE ( 'NONE', *, *, #5927, .F. ) ;
#1033 = AXIS2_PLACEMENT_3D ( 'NONE', #5908, #3594, #2625 ) ;
#1034 = DIRECTION ( 'NONE',  ( -3.330895137017530143E-18, 0.9848077530122081313, -0.1736481776669299981 ) ) ;
#1035 = CARTESIAN_POINT ( 'NONE',  ( 1.954020684301277067, 44.60551714002225765, 4.894148653865431520 ) ) ;
#1036 = CARTESIAN_POINT ( 'NONE',  ( 15.53241216860700114, 46.15897020197110123, 31.42970919296890386 ) ) ;
#1037 = EDGE_CURVE ( 'NONE', #5762, #1723, #5917, .T. ) ;
#1038 = ORIENTED_EDGE ( 'NONE', *, *, #4708, .F. ) ;
#1039 = AXIS2_PLACEMENT_3D ( 'NONE', #4895, #572, #631 ) ;
#1040 = EDGE_CURVE ( 'NONE', #4408, #47, #3048, .T. ) ;
#1041 = EDGE_CURVE ( 'NONE', #1398, #1690, #383, .T. ) ;
#1042 = ORIENTED_EDGE ( 'NONE', *, *, #3549, .T. ) ;
#1043 = CARTESIAN_POINT ( 'NONE',  ( 3.696452384662250790, -2.331768307357562797, -44.47632903049257180 ) ) ;
#1044 = VECTOR ( 'NONE', #614, 1000.000000000000114 ) ;
#1045 = CARTESIAN_POINT ( 'NONE',  ( 4.418831796354559106E-15, 42.91811972561890087, 2.652357294453559611 ) ) ;
#1046 = ORIENTED_EDGE ( 'NONE', *, *, #5737, .T. ) ;
#1047 = AXIS2_PLACEMENT_3D ( 'NONE', #4336, #546, #6144 ) ;
#1048 = EDGE_LOOP ( 'NONE', ( #3431, #4339 ) ) ;
#1049 =( GEOMETRIC_REPRESENTATION_CONTEXT ( 3 ) GLOBAL_UNCERTAINTY_ASSIGNED_CONTEXT ( ( #2582 ) ) GLOBAL_UNIT_ASSIGNED_CONTEXT ( ( #5897, #288, #1688 ) ) REPRESENTATION_CONTEXT ( 'NONE', 'WORKASPACE' ) );
#1050 = CARTESIAN_POINT ( 'NONE',  ( -12.11314028545806920, 11.45635453601515330, 33.23507786475978776 ) ) ;
#1051 = DIRECTION ( 'NONE',  ( -1.000000000000000000, -5.793456394897969729E-18, -1.367446332762960049E-17 ) ) ;
#1052 = DIRECTION ( 'NONE',  ( 0.000000000000000000, -0.9848077530122062440, 0.1736481776669404620 ) ) ;
#1053 = CARTESIAN_POINT ( 'NONE',  ( 11.93488257301919830, -21.79074808759549953, -27.58499532810490251 ) ) ;
#1054 = CARTESIAN_POINT ( 'NONE',  ( -1.747062188559393769, 44.77512097183825546, 3.332417302194897069 ) ) ;
#1055 = CARTESIAN_POINT ( 'NONE',  ( -4.348411721294389132, 43.59164413912911584, 8.199052566189688918 ) ) ;
#1056 = VERTEX_POINT ( 'NONE', #779 ) ;
#1057 = AXIS2_PLACEMENT_3D ( 'NONE', #4605, #277, #1280 ) ;
#1058 = CARTESIAN_POINT ( 'NONE',  ( 1.400580808840174329, 42.80081136859043767, 3.254105977183296527 ) ) ;
#1059 = FACE_OUTER_BOUND ( 'NONE', #420, .T. ) ;
#1060 = DIRECTION ( 'NONE',  ( -1.000000000000000000, -5.793456394897969729E-18, -1.367446332762960049E-17 ) ) ;
#1061 = PLANE ( 'NONE',  #4358 ) ;
#1062 = ADVANCED_FACE ( 'NONE', ( #5308 ), #2599, .T. ) ;
#1063 = CARTESIAN_POINT ( 'NONE',  ( 1.707196261369588797, -15.57109540698046146, -42.11627252890173878 ) ) ;
#1064 = ORIENTED_EDGE ( 'NONE', *, *, #1349, .T. ) ;
#1065 = CARTESIAN_POINT ( 'NONE',  ( 13.00000000000000000, -3.238487358340159716E-15, 3.705562282892109516E-16 ) ) ;
#1066 = CARTESIAN_POINT ( 'NONE',  ( 6.000000000000000000, 32.92111706335690258, -5.804881173331500221 ) ) ;
#1067 = ORIENTED_EDGE ( 'NONE', *, *, #5835, .F. ) ;
#1068 = AXIS2_PLACEMENT_3D ( 'NONE', #373, #5728, #4766 ) ;
#1069 = ADVANCED_FACE ( 'NONE', ( #1182 ), #2664, .F. ) ;
#1070 = ORIENTED_EDGE ( 'NONE', *, *, #206, .T. ) ;
#1071 = CARTESIAN_POINT ( 'NONE',  ( -1.402237442652496169, 0.9145633573340248290, -44.92509334464124748 ) ) ;
#1072 = FACE_OUTER_BOUND ( 'NONE', #5720, .T. ) ;
#1073 = PLANE ( 'NONE',  #881 ) ;
#1074 = EDGE_LOOP ( 'NONE', ( #2316, #550 ) ) ;
#1075 = AXIS2_PLACEMENT_3D ( 'NONE', #1016, #3901, #4250 ) ;
#1076 = ORIENTED_EDGE ( 'NONE', *, *, #4942, .T. ) ;
#1077 = ORIENTED_EDGE ( 'NONE', *, *, #4968, .T. ) ;
#1078 = DIRECTION ( 'NONE',  ( 1.000000000000000000, 5.793456394897979744E-18, 1.367446332762961898E-17 ) ) ;
#1079 = DIRECTION ( 'NONE',  ( -1.367446332762960049E-17, 0.000000000000000000, 1.000000000000000000 ) ) ;
#1080 = PLANE ( 'NONE',  #4687 ) ;
#1081 = AXIS2_PLACEMENT_3D ( 'NONE', #432, #4131, #5665 ) ;
#1082 = PLANE ( 'NONE',  #4802 ) ;
#1083 = DIRECTION ( 'NONE',  ( 0.000000000000000000, 0.1736481776669299981, 0.9848077530122081313 ) ) ;
#1084 = CARTESIAN_POINT ( 'NONE',  ( -4.281276421782520991, 43.61699355709377102, 8.173991713569652262 ) ) ;
#1085 = ORIENTED_EDGE ( 'NONE', *, *, #6044, .F. ) ;
#1086 = PRODUCT_RELATED_PRODUCT_CATEGORY ( 'part', '', ( #4177 ) ) ;
#1087 = EDGE_CURVE ( 'NONE', #3840, #993, #3426, .T. ) ;
#1088 = CARTESIAN_POINT ( 'NONE',  ( 1.999748386297896863, 42.58616852760612659, 4.704884253611226974 ) ) ;
#1089 = FACE_OUTER_BOUND ( 'NONE', #2842, .T. ) ;
#1090 = CARTESIAN_POINT ( 'NONE',  ( 14.00000000000000000, -32.92111706335690258, 5.804881173331500221 ) ) ;
#1091 = FACE_BOUND ( 'NONE', #2658, .T. ) ;
#1092 = CARTESIAN_POINT ( 'NONE',  ( 4.461029896876205214, -10.40413685262853072, -43.08284201281264814 ) ) ;
#1093 = DIRECTION ( 'NONE',  ( 1.000000000000000000, 0.000000000000000000, 0.000000000000000000 ) ) ;
#1094 = CARTESIAN_POINT ( 'NONE',  ( -2.999999999999999112, -11.15601163940871210, 2.791666939550152993 ) ) ;
#1095 = ORIENTED_EDGE ( 'NONE', *, *, #2706, .T. ) ;
#1096 = AXIS2_PLACEMENT_3D ( 'NONE', #5788, #4856, #2097 ) ;
#1097 = CIRCLE ( 'NONE', #811, 1.600000000000000755 ) ;
#1098 = EDGE_LOOP ( 'NONE', ( #1512, #5962 ) ) ;
#1099 = CARTESIAN_POINT ( 'NONE',  ( -15.00000000000000000, -26.93741338983295819, 13.20514141784359374 ) ) ;
#1100 = ORIENTED_EDGE ( 'NONE', *, *, #216, .F. ) ;
#1101 = UNCERTAINTY_MEASURE_WITH_UNIT (LENGTH_MEASURE( 1.000000000000000082E-05 ), #1876, 'distance_accuracy_value', 'NONE');
#1102 = VERTEX_POINT ( 'NONE', #2166 ) ;
#1103 = AXIS2_PLACEMENT_3D ( 'NONE', #1116, #571, #101 ) ;
#1104 = AXIS2_PLACEMENT_3D ( 'NONE', #5986, #4048, #5958 ) ;
#1105 = ORIENTED_EDGE ( 'NONE', *, *, #3703, .T. ) ;
#1106 = AXIS2_PLACEMENT_3D ( 'NONE', #3227, #6048, #4639 ) ;
#1107 = CARTESIAN_POINT ( 'NONE',  ( -12.76919437711814354, 18.97208242118428245, 29.59409358697641323 ) ) ;
#1108 = FACE_OUTER_BOUND ( 'NONE', #82, .T. ) ;
#1109 = DIRECTION ( 'NONE',  ( -1.000000000000000000, 0.000000000000000000, 0.000000000000000000 ) ) ;
#1110 = DIRECTION ( 'NONE',  ( -1.000000000000000000, 0.000000000000000000, -0.000000000000000000 ) ) ;
#1111 = CARTESIAN_POINT ( 'NONE',  ( -2.999999999999998224, 24.90469462333517470, 16.72591359891652019 ) ) ;
#1112 = CARTESIAN_POINT ( 'NONE',  ( 10.00000000000000000, 0.000000000000000000, -1.550000000000000044 ) ) ;
#1113 = VERTEX_POINT ( 'NONE', #5340 ) ;
#1114 = LINE ( 'NONE', #2946, #4794 ) ;
#1115 = CARTESIAN_POINT ( 'NONE',  ( 11.81963731049270017, 12.38123835661120076, -33.17786396159629447 ) ) ;
#1116 = CARTESIAN_POINT ( 'NONE',  ( -49.00000073015689850, 16.00000023841859687, 0.000000000000000000 ) ) ;
#1117 = EDGE_CURVE ( 'NONE', #1877, #2177, #4450, .T. ) ;
#1118 = DIRECTION ( 'NONE',  ( -3.330895137017530528E-18, 0.9848077530122082424, -0.1736481776669300259 ) ) ;
#1119 = DIRECTION ( 'NONE',  ( -3.330895137017530528E-18, 0.9848077530122082424, -0.1736481776669300259 ) ) ;
#1120 = LINE ( 'NONE', #1531, #4935 ) ;
#1121 = EDGE_CURVE ( 'NONE', #2282, #1191, #2856, .T. ) ;
#1122 = VERTEX_POINT ( 'NONE', #4105 ) ;
#1123 = LINE ( 'NONE', #2606, #2128 ) ;
#1124 = LINE ( 'NONE', #4368, #4889 ) ;
#1125 = ORIENTED_EDGE ( 'NONE', *, *, #3283, .F. ) ;
#1126 = CARTESIAN_POINT ( 'NONE',  ( -5.318390777296606586, -8.806123239888400178, -43.13580752899415671 ) ) ;
#1127 = ORIENTED_EDGE ( 'NONE', *, *, #4076, .T. ) ;
#1128 = EDGE_CURVE ( 'NONE', #4437, #1909, #3289, .T. ) ;
#1129 = ORIENTED_EDGE ( 'NONE', *, *, #878, .F. ) ;
#1130 = ORIENTED_EDGE ( 'NONE', *, *, #1533, .F. ) ;
#1131 = CARTESIAN_POINT ( 'NONE',  ( 0.000000000000000000, 0.000000000000000000, 0.000000000000000000 ) ) ;
#1132 = CIRCLE ( 'NONE', #4621, 11.49999999999999822 ) ;
#1133 = DIRECTION ( 'NONE',  ( -1.000000000000000000, 0.000000000000000000, 0.000000000000000000 ) ) ;
#1134 = SURFACE_STYLE_USAGE ( .BOTH. , #4289 ) ;
#1135 = CARTESIAN_POINT ( 'NONE',  ( 14.00000000000000000, -12.99393267361599946, 32.66383907537739617 ) ) ;
#1136 = DIRECTION ( 'NONE',  ( 0.000000000000000000, 0.000000000000000000, 1.000000000000000000 ) ) ;
#1137 = CARTESIAN_POINT ( 'NONE',  ( -9.000000134110448968, 16.00000023841859687, 4.000000000000000000 ) ) ;
#1138 = DIRECTION ( 'NONE',  ( -1.000000000000000000, -5.793456394897969729E-18, -1.367446332762960049E-17 ) ) ;
#1139 = ORIENTED_EDGE ( 'NONE', *, *, #3171, .T. ) ;
#1140 = AXIS2_PLACEMENT_3D ( 'NONE', #5415, #1730, #1240 ) ;
#1141 = CARTESIAN_POINT ( 'NONE',  ( 1.894392322259957462, 42.51898038668160495, 5.406050767609840157 ) ) ;
#1142 = CARTESIAN_POINT ( 'NONE',  ( -7.370847771899099676, 38.65419739929787823, 12.77270708080607164 ) ) ;
#1143 = CARTESIAN_POINT ( 'NONE',  ( 13.49797784170808512, 13.06757565104749652, 34.81353284296758943 ) ) ;
#1144 = CARTESIAN_POINT ( 'NONE',  ( -12.00000017881390058, 13.00000019371509907, 4.000000000000000000 ) ) ;
#1145 = EDGE_CURVE ( 'NONE', #4055, #3018, #5254, .T. ) ;
#1146 = CARTESIAN_POINT ( 'NONE',  ( 16.00000000000000000, 11.43338396962369963, -31.41296428449399869 ) ) ;
#1147 = CARTESIAN_POINT ( 'NONE',  ( 14.00000000000000000, -11.43338396962349890, 31.41296428449409817 ) ) ;
#1148 = CARTESIAN_POINT ( 'NONE',  ( 2.291982931568344206, -15.06207692712296797, -42.21865646379576020 ) ) ;
#1149 = AXIS2_PLACEMENT_3D ( 'NONE', #1770, #3668, #5576 ) ;
#1150 = EDGE_CURVE ( 'NONE', #4108, #4602, #1374, .T. ) ;
#1151 = ORIENTED_EDGE ( 'NONE', *, *, #324, .T. ) ;
#1152 = EDGE_CURVE ( 'NONE', #1877, #4603, #3697, .T. ) ;
#1153 = CARTESIAN_POINT ( 'NONE',  ( 4.724101747592700740, -7.615437216863835346, -43.57623627968946778 ) ) ;
#1154 = DIRECTION ( 'NONE',  ( 0.000000000000000000, -0.1736481776669298593, -0.9848077530122082424 ) ) ;
#1155 = ADVANCED_FACE ( 'NONE', ( #4140 ), #904, .F. ) ;
#1156 = ADVANCED_FACE ( 'NONE', ( #4607 ), #2759, .F. ) ;
#1157 = DIRECTION ( 'NONE',  ( 1.000000000000000000, 0.000000000000000000, 0.000000000000000000 ) ) ;
#1158 = ADVANCED_FACE ( 'NONE', ( #347 ), #4170, .F. ) ;
#1159 = SHAPE_REPRESENTATION ( 'vaccum.step', ( #2630 ), #5629 ) ;
#1160 = EDGE_LOOP ( 'NONE', ( #1032, #5038, #617, #4906 ) ) ;
#1161 = ORIENTED_EDGE ( 'NONE', *, *, #378, .F. ) ;
#1162 = DIRECTION ( 'NONE',  ( 1.000000000000000000, 0.000000000000000000, 0.000000000000000000 ) ) ;
#1163 = VERTEX_POINT ( 'NONE', #3670 ) ;
#1164 = VERTEX_POINT ( 'NONE', #1402 ) ;
#1165 = VECTOR ( 'NONE', #1078, 1000.000000000000000 ) ;
#1166 = PRODUCT_DEFINITION_CONTEXT ( 'detailed design', #2351, 'design' ) ;
#1167 = VERTEX_POINT ( 'NONE', #1831 ) ;
#1168 = AXIS2_PLACEMENT_3D ( 'NONE', #1144, #685, #4572 ) ;
#1169 = ADVANCED_FACE ( 'NONE', ( #3727 ), #2226, .F. ) ;
#1170 = CARTESIAN_POINT ( 'NONE',  ( -15.00000000000000000, 0.09186526465749036974, 8.385294242017623745 ) ) ;
#1171 = CARTESIAN_POINT ( 'NONE',  ( -15.00000000000000000, 16.54771003325250334, 2.731242878920251638 ) ) ;
#1172 = CARTESIAN_POINT ( 'NONE',  ( -10.40000017881389915, 13.00000019371509907, 1.000000000000000000 ) ) ;
#1173 = AXIS2_PLACEMENT_3D ( 'NONE', #5258, #57, #4344 ) ;
#1174 = DIRECTION ( 'NONE',  ( -1.000000000000000000, -0.000000000000000000, -0.000000000000000000 ) ) ;
#1175 = DIRECTION ( 'NONE',  ( -1.000000000000000000, -0.000000000000000000, 0.000000000000000000 ) ) ;
#1176 = CARTESIAN_POINT ( 'NONE',  ( 13.00000000000000000, 11.43338396962369963, -31.41296428449399869 ) ) ;
#1177 = EDGE_LOOP ( 'NONE', ( #6004, #3810, #6152, #5551, #2993, #4845, #4898, #1130, #559, #2300, #5668, #575, #1161, #5228, #2803, #1192, #1849, #805 ) ) ;
#1178 = FACE_OUTER_BOUND ( 'NONE', #4971, .T. ) ;
#1179 = CARTESIAN_POINT ( 'NONE',  ( -14.00000000000000000, 6.104341478428970014, 34.61944084735259253 ) ) ;
#1180 = CIRCLE ( 'NONE', #5763, 31.99999999999999645 ) ;
#1181 = CARTESIAN_POINT ( 'NONE',  ( 13.67805599876708378, 14.69042639793560667, 34.12596757796310953 ) ) ;
#1182 = FACE_OUTER_BOUND ( 'NONE', #350, .T. ) ;
#1183 = DIRECTION ( 'NONE',  ( 0.000000000000000000, 0.000000000000000000, -1.000000000000000000 ) ) ;
#1184 = CARTESIAN_POINT ( 'NONE',  ( 14.00000000000000000, -11.43338396962349890, 31.41296428449409817 ) ) ;
#1185 = FACE_OUTER_BOUND ( 'NONE', #1397, .T. ) ;
#1186 = AXIS2_PLACEMENT_3D ( 'NONE', #5571, #925, #2188 ) ;
#1187 = ORIENTED_EDGE ( 'NONE', *, *, #42, .T. ) ;
#1188 = LINE ( 'NONE', #3926, #3721 ) ;
#1189 = DIRECTION ( 'NONE',  ( -1.000000000000000000, -0.000000000000000000, -0.000000000000000000 ) ) ;
#1190 = DIRECTION ( 'NONE',  ( 1.000000000000000000, 0.000000000000000000, 0.000000000000000000 ) ) ;
#1191 = VERTEX_POINT ( 'NONE', #6077 ) ;
#1192 = ORIENTED_EDGE ( 'NONE', *, *, #1193, .T. ) ;
#1193 = EDGE_CURVE ( 'NONE', #3853, #5161, #2691, .T. ) ;
#1194 = CARTESIAN_POINT ( 'NONE',  ( -2.999999999999999112, 0.000000000000000000, 0.000000000000000000 ) ) ;
#1195 = VERTEX_POINT ( 'NONE', #2263 ) ;
#1196 = ORIENTED_EDGE ( 'NONE', *, *, #327, .T. ) ;
#1197 = ORIENTED_EDGE ( 'NONE', *, *, #2916, .T. ) ;
#1198 = AXIS2_PLACEMENT_3D ( 'NONE', #931, #1830, #5641 ) ;
#1199 = ORIENTED_EDGE ( 'NONE', *, *, #3241, .F. ) ;
#1200 = FACE_OUTER_BOUND ( 'NONE', #1231, .T. ) ;
#1201 = CARTESIAN_POINT ( 'NONE',  ( 10.44981722158428283, 33.86642321451959958, 16.64016729364082536 ) ) ;
#1202 = ADVANCED_FACE ( 'NONE', ( #1802, #2792, #5610, #1344, #376, #440, #5081, #1772 ), #932, .T. ) ;
#1203 = CARTESIAN_POINT ( 'NONE',  ( -15.53241216860689988, 43.04454069902140390, 13.76690177440909935 ) ) ;
#1204 = CARTESIAN_POINT ( 'NONE',  ( -15.00000000000000000, -26.93741338983295819, 13.20514141784359374 ) ) ;
#1205 = DIRECTION ( 'NONE',  ( -1.000000000000000000, 0.000000000000000000, 0.000000000000000000 ) ) ;
#1206 = LINE ( 'NONE', #710, #4965 ) ;
#1207 = EDGE_LOOP ( 'NONE', ( #2434, #3637, #1714, #4051 ) ) ;
#1208 = AXIS2_PLACEMENT_3D ( 'NONE', #5758, #3909, #1491 ) ;
#1209 = AXIS2_PLACEMENT_3D ( 'NONE', #1066, #3895, #1628 ) ;
#1210 = FACE_OUTER_BOUND ( 'NONE', #4593, .T. ) ;
#1211 =( NAMED_UNIT ( * ) PLANE_ANGLE_UNIT ( ) SI_UNIT ( $, .RADIAN. ) );
#1212 = CARTESIAN_POINT ( 'NONE',  ( 6.000000000000000000, -21.14043673839943693, -23.63846760513848366 ) ) ;
#1213 = CARTESIAN_POINT ( 'NONE',  ( 1.947666683409621902, 44.70989881110892838, 3.834953130484637818 ) ) ;
#1214 = CARTESIAN_POINT ( 'NONE',  ( 4.549567843633699896E-15, 54.44983298061829657, 20.86182370701970257 ) ) ;
#1215 = FACE_OUTER_BOUND ( 'NONE', #2244, .T. ) ;
#1216 = AXIS2_PLACEMENT_3D ( 'NONE', #1282, #3167, #810 ) ;
#1217 = EDGE_CURVE ( 'NONE', #1572, #2945, #2821, .T. ) ;
#1218 = AXIS2_PLACEMENT_3D ( 'NONE', #3264, #5558, #1295 ) ;
#1219 = ORIENTED_EDGE ( 'NONE', *, *, #5126, .T. ) ;
#1220 = DIRECTION ( 'NONE',  ( 1.000000000000000000, 5.793456394897969729E-18, 1.367446332762960049E-17 ) ) ;
#1221 = DIRECTION ( 'NONE',  ( 1.000000000000000000, -0.000000000000000000, -0.000000000000000000 ) ) ;
#1222 = DIRECTION ( 'NONE',  ( 1.000000000000000000, 0.000000000000000000, 0.000000000000000000 ) ) ;
#1223 = CIRCLE ( 'NONE', #930, 35.15350152500619885 ) ;
#1224 = EDGE_LOOP ( 'NONE', ( #5528, #1129 ) ) ;
#1225 = ORIENTED_EDGE ( 'NONE', *, *, #539, .T. ) ;
#1226 = EDGE_CURVE ( 'NONE', #1694, #3656, #5148, .T. ) ;
#1227 = CARTESIAN_POINT ( 'NONE',  ( 14.00000000000000000, -9.648428043263638898, 30.51078229567319866 ) ) ;
#1228 = EDGE_LOOP ( 'NONE', ( #3467, #3129, #2960, #5033 ) ) ;
#1229 = B_SPLINE_CURVE_WITH_KNOTS ( 'NONE', 3,
 ( #3, #901, #1857, #1888, #2788, #5639, #5669, #3785, #5264, #960, #5235, #2849, #994, #5786 ),
 .UNSPECIFIED., .F., .F.,
 ( 4, 2, 2, 2, 2, 2, 4 ),
 ( -0.7526348448580649775, -0.6942082074352680099, -0.6595797146026950442, -0.6308857898294060185, -0.5983807620153520634, -0.5462999521633300493, -0.5320256192709229559 ),
 .UNSPECIFIED. ) ;
#1230 = ORIENTED_EDGE ( 'NONE', *, *, #5898, .T. ) ;
#1231 = EDGE_LOOP ( 'NONE', ( #2847, #1225, #1038, #3769 ) ) ;
#1232 = EDGE_CURVE ( 'NONE', #1122, #921, #1902, .T. ) ;
#1233 = ORIENTED_EDGE ( 'NONE', *, *, #1878, .F. ) ;
#1234 = EDGE_CURVE ( 'NONE', #5130, #1164, #2000, .T. ) ;
#1235 = AXIS2_PLACEMENT_3D ( 'NONE', #6068, #4694, #2279 ) ;
#1236 = DIRECTION ( 'NONE',  ( 0.000000000000000000, 0.000000000000000000, 1.000000000000000000 ) ) ;
#1237 = CARTESIAN_POINT ( 'NONE',  ( 8.197781118731581884, 37.72652660043316786, 13.56454984577303158 ) ) ;
#1238 = DIRECTION ( 'NONE',  ( -3.330895137017530143E-18, 0.9848077530122081313, -0.1736481776669299981 ) ) ;
#1239 = FACE_OUTER_BOUND ( 'NONE', #5259, .T. ) ;
#1240 = DIRECTION ( 'NONE',  ( 0.000000000000000000, -0.1736481776669300259, -0.9848077530122081313 ) ) ;
#1241 = CARTESIAN_POINT ( 'NONE',  ( 4.849653171285579489, 43.38905406890005167, 8.398754125359507938 ) ) ;
#1242 = ORIENTED_EDGE ( 'NONE', *, *, #5923, .T. ) ;
#1243 = ADVANCED_FACE ( 'NONE', ( #5672 ), #6, .F. ) ;
#1244 = CIRCLE ( 'NONE', #4016, 16.29999999999999361 ) ;
#1245 = LINE ( 'NONE', #1736, #6056 ) ;
#1246 = CARTESIAN_POINT ( 'NONE',  ( 11.89427869900379875, -12.87483882839439886, 32.81241649269249905 ) ) ;
#1247 = AXIS2_PLACEMENT_3D ( 'NONE', #4240, #5650, #1413 ) ;
#1248 = DIRECTION ( 'NONE',  ( 0.000000000000000000, 0.3420201433256758738, 0.9396926207859058744 ) ) ;
#1249 = CARTESIAN_POINT ( 'NONE',  ( 2.566814560295033558E-07, 44.53847439699631394, 6.428352352046232454 ) ) ;
#1250 = DIRECTION ( 'NONE',  ( 1.000000000000000000, -0.000000000000000000, -0.000000000000000000 ) ) ;
#1251 = DIRECTION ( 'NONE',  ( 1.000000000000000000, -0.000000000000000000, -0.000000000000000000 ) ) ;
#1252 = PRODUCT_DEFINITION_SHAPE ( 'NONE', 'NONE',  #6158 ) ;
#1253 = CIRCLE ( 'NONE', #2391, 2.000000000000000444 ) ;
#1254 = AXIS2_PLACEMENT_3D ( 'NONE', #3472, #3851, #2442 ) ;
#1255 = ADVANCED_BREP_SHAPE_REPRESENTATION ( '', ( #428, #2630 ), #5629 ) ;
#1256 = ORIENTED_EDGE ( 'NONE', *, *, #4013, .T. ) ;
#1257 = AXIS2_PLACEMENT_3D ( 'NONE', #4596, #3028, #3122 ) ;
#1258 = AXIS2_PLACEMENT_3D ( 'NONE', #1631, #3491, #5036 ) ;
#1259 = EDGE_CURVE ( 'NONE', #3781, #2053, #2990, .T. ) ;
#1260 = DIRECTION ( 'NONE',  ( -1.447274064869762545E-17, 0.1736481776669316912, 0.9848077530122077983 ) ) ;
#1261 = DIRECTION ( 'NONE',  ( 0.000000000000000000, -0.8660254037844362651, 0.5000000000000039968 ) ) ;
#1262 = VERTEX_POINT ( 'NONE', #1053 ) ;
#1263 = VERTEX_POINT ( 'NONE', #2852 ) ;
#1264 = CARTESIAN_POINT ( 'NONE',  ( -5.214187459853456552, -9.738658969544111699, -42.97510770027972171 ) ) ;
#1265 = ORIENTED_EDGE ( 'NONE', *, *, #4334, .T. ) ;
#1266 = ORIENTED_EDGE ( 'NONE', *, *, #71, .T. ) ;
#1267 = EDGE_LOOP ( 'NONE', ( #5401, #2649, #2838, #2523 ) ) ;
#1268 = ORIENTED_EDGE ( 'NONE', *, *, #255, .T. ) ;
#1269 = EDGE_CURVE ( 'NONE', #666, #4089, #4995, .T. ) ;
#1270 = DIRECTION ( 'NONE',  ( 0.000000000000000000, -0.1736481776669299981, -0.9848077530122081313 ) ) ;
#1271 = CARTESIAN_POINT ( 'NONE',  ( 8.896784918538969578, 36.78688869147757856, 14.34635971914121022 ) ) ;
#1272 = DIRECTION ( 'NONE',  ( 0.000000000000000000, -0.1736481776669300259, -0.9848077530122081313 ) ) ;
#1273 = DIRECTION ( 'NONE',  ( 0.000000000000000000, -0.8660254037844362651, 0.5000000000000039968 ) ) ;
#1274 = FACE_OUTER_BOUND ( 'NONE', #1303, .T. ) ;
#1275 = CARTESIAN_POINT ( 'NONE',  ( -15.00000000000000000, 0.000000000000000000, 0.000000000000000000 ) ) ;
#1276 = EDGE_LOOP ( 'NONE', ( #4195, #58, #884, #4271 ) ) ;
#1277 = EDGE_LOOP ( 'NONE', ( #1461, #1549 ) ) ;
#1278 = AXIS2_PLACEMENT_3D ( 'NONE', #745, #2693, #4604 ) ;
#1279 = CARTESIAN_POINT ( 'NONE',  ( 14.00000000000000000, -3.232693901945260157E-15, 3.842306916168400005E-16 ) ) ;
#1280 = DIRECTION ( 'NONE',  ( 0.000000000000000000, -0.1736481776669300259, -0.9848077530122081313 ) ) ;
#1281 = FACE_OUTER_BOUND ( 'NONE', #122, .T. ) ;
#1282 = CARTESIAN_POINT ( 'NONE',  ( 14.00000000000000000, -3.232693901945260157E-15, 3.842306916168400005E-16 ) ) ;
#1283 = PRODUCT_DEFINITION ( 'UNKNOWN', '', #4221, #1605 ) ;
#1284 = CARTESIAN_POINT ( 'NONE',  ( 16.00000000000000000, -21.83502944906715726, -27.57769861718731974 ) ) ;
#1285 = LINE ( 'NONE', #2698, #4869 ) ;
#1286 = ADVANCED_FACE ( 'NONE', ( #5324 ), #2971, .F. ) ;
#1287 = AXIS2_PLACEMENT_3D ( 'NONE', #1675, #1799, #4570 ) ;
#1288 = ORIENTED_EDGE ( 'NONE', *, *, #290, .F. ) ;
#1289 = CARTESIAN_POINT ( 'NONE',  ( -2.999999999999998224, 5.563228854355292796, -15.82203778665462757 ) ) ;
#1290 = CARTESIAN_POINT ( 'NONE',  ( -15.00000000000000000, -14.61562092824673620, -8.226178936180158274 ) ) ;
#1291 = VECTOR ( 'NONE', #1138, 1000.000000000000000 ) ;
#1292 = AXIS2_PLACEMENT_3D ( 'NONE', #2322, #3170, #1376 ) ;
#1293 = DIRECTION ( 'NONE',  ( 1.000000000000000000, 0.000000000000000000, 0.000000000000000000 ) ) ;
#1294 = APPLICATION_CONTEXT ( 'automotive_design' ) ;
#1295 = DIRECTION ( 'NONE',  ( 0.8660254037844400399, 0.08682408883346411088, 0.4924038765061017342 ) ) ;
#1296 = ORIENTED_EDGE ( 'NONE', *, *, #1150, .T. ) ;
#1297 = ORIENTED_EDGE ( 'NONE', *, *, #2605, .T. ) ;
#1298 = CARTESIAN_POINT ( 'NONE',  ( -1.402472762842851939, -16.09681834728306882, -41.95217598090202671 ) ) ;
#1299 = DIRECTION ( 'NONE',  ( 1.000000000000000000, 0.000000000000000000, 0.000000000000000000 ) ) ;
#1300 = EDGE_LOOP ( 'NONE', ( #5466, #4568 ) ) ;
#1301 = ORIENTED_EDGE ( 'NONE', *, *, #3452, .F. ) ;
#1302 = CIRCLE ( 'NONE', #1886, 11.49999999999999822 ) ;
#1303 = EDGE_LOOP ( 'NONE', ( #130, #4595, #2473, #5933 ) ) ;
#1304 = CARTESIAN_POINT ( 'NONE',  ( -47.60000068545340213, -41.00000061094760184, 4.000000000000000000 ) ) ;
#1305 = CYLINDRICAL_SURFACE ( 'NONE', #5289, 1.599999999999997202 ) ;
#1306 = DIRECTION ( 'NONE',  ( 0.000000000000000000, -0.1736481776669299981, -0.9848077530122081313 ) ) ;
#1307 = CARTESIAN_POINT ( 'NONE',  ( -1.984886726925400025, 42.55431300936842121, 5.005844259043887412 ) ) ;
#1308 = CYLINDRICAL_SURFACE ( 'NONE', #5066, 3.000000000000000444 ) ;
#1309 = EDGE_LOOP ( 'NONE', ( #926, #5785, #293, #986 ) ) ;
#1310 = ORIENTED_EDGE ( 'NONE', *, *, #3645, .T. ) ;
#1311 = DIRECTION ( 'NONE',  ( -1.000000000000000000, -5.793456394897969729E-18, -1.367446332762960049E-17 ) ) ;
#1312 = PRESENTATION_STYLE_ASSIGNMENT (( #1737 ) ) ;
#1313 = DIRECTION ( 'NONE',  ( 1.000000000000000000, -0.000000000000000000, 0.000000000000000000 ) ) ;
#1314 = CIRCLE ( 'NONE', #3882, 18.00000000000000000 ) ;
#1315 = CARTESIAN_POINT ( 'NONE',  ( 16.00000000000000000, -3.221106989155459856E-15, 4.115796182720999718E-16 ) ) ;
#1316 = VECTOR ( 'NONE', #865, 1000.000000000000000 ) ;
#1317 = DIRECTION ( 'NONE',  ( 0.000000000000000000, -0.3420201433256630508, 0.9396926207859104263 ) ) ;
#1318 = DIRECTION ( 'NONE',  ( 1.000000000000000000, 5.793456394897969729E-18, 1.367446332762960049E-17 ) ) ;
#1319 = ORIENTED_EDGE ( 'NONE', *, *, #4708, .T. ) ;
#1320 = ADVANCED_FACE ( 'NONE', ( #2382 ), #5819, .T. ) ;
#1321 = AXIS2_PLACEMENT_3D ( 'NONE', #2912, #5267, #3410 ) ;
#1322 = DIRECTION ( 'NONE',  ( 1.000000000000000000, -0.000000000000000000, -0.000000000000000000 ) ) ;
#1323 = CARTESIAN_POINT ( 'NONE',  ( -49.00000073015689850, 16.00000023841859687, 1.000000000000000000 ) ) ;
#1324 = EDGE_CURVE ( 'NONE', #993, #213, #524, .T. ) ;
#1325 = EDGE_CURVE ( 'NONE', #5562, #5130, #720, .T. ) ;
#1326 = CARTESIAN_POINT ( 'NONE',  ( -15.53241216860679863, 56.00704773209320564, 29.69322741629979845 ) ) ;
#1327 = ORIENTED_EDGE ( 'NONE', *, *, #2059, .F. ) ;
#1328 = ORIENTED_EDGE ( 'NONE', *, *, #3984, .F. ) ;
#1329 = CARTESIAN_POINT ( 'NONE',  ( -0.7761348812272029773, -16.26609809497506021, -41.93790159235887671 ) ) ;
#1330 = ORIENTED_EDGE ( 'NONE', *, *, #5837, .T. ) ;
#1331 = VERTEX_POINT ( 'NONE', #3444 ) ;
#1332 = ORIENTED_EDGE ( 'NONE', *, *, #5391, .F. ) ;
#1333 = CARTESIAN_POINT ( 'NONE',  ( -12.00000000000000000, 3.673940397442059178E-15, -30.00000000000000000 ) ) ;
#1334 = EDGE_CURVE ( 'NONE', #1195, #6154, #4300, .T. ) ;
#1335 = CARTESIAN_POINT ( 'NONE',  ( -15.00000000000000000, 29.99586869328253158, 0.4978567417972205034 ) ) ;
#1336 = FACE_OUTER_BOUND ( 'NONE', #13, .T. ) ;
#1337 = CARTESIAN_POINT ( 'NONE',  ( -1.515852147561228325, 42.77777727053761225, 3.382812767168291490 ) ) ;
#1338 = CARTESIAN_POINT ( 'NONE',  ( -2.999999999999998224, -12.14715455173183756, 27.43076076772827321 ) ) ;
#1339 = ORIENTED_EDGE ( 'NONE', *, *, #1369, .T. ) ;
#1340 = EDGE_LOOP ( 'NONE', ( #31, #1485, #1076, #3803, #4115, #5502, #2376, #690, #1457, #1100, #3056, #2688, #4057, #2239, #5544, #5992, #2628, #3775, #5689, #5076 ) ) ;
#1341 = DIRECTION ( 'NONE',  ( -3.330895137017530143E-18, 0.9848077530122081313, -0.1736481776669299981 ) ) ;
#1342 = CARTESIAN_POINT ( 'NONE',  ( -13.65438434486766539, 14.47894399014854905, 34.21612005985129201 ) ) ;
#1343 = PLANE ( 'NONE',  #1695 ) ;
#1344 = FACE_BOUND ( 'NONE', #4786, .T. ) ;
#1345 = CARTESIAN_POINT ( 'NONE',  ( 11.93169573765533187, 11.05663719768057618, -33.37721610760998914 ) ) ;
#1346 = FACE_OUTER_BOUND ( 'NONE', #2399, .T. ) ;
#1347 = LINE ( 'NONE', #3230, #3955 ) ;
#1348 = AXIS2_PLACEMENT_3D ( 'NONE', #2197, #1650, #4956 ) ;
#1349 = EDGE_CURVE ( 'NONE', #1789, #2964, #127, .T. ) ;
#1350 = DIRECTION ( 'NONE',  ( 1.000000000000000000, -0.000000000000000000, -0.000000000000000000 ) ) ;
#1351 = AXIS2_PLACEMENT_3D ( 'NONE', #5876, #2187, #2099 ) ;
#1352 = DIRECTION ( 'NONE',  ( 0.000000000000000000, 0.1736481776669299981, 0.9848077530122081313 ) ) ;
#1353 = EDGE_CURVE ( 'NONE', #2030, #497, #2191, .T. ) ;
#1354 = EDGE_CURVE ( 'NONE', #3624, #2876, #3089, .T. ) ;
#1355 = AXIS2_PLACEMENT_3D ( 'NONE', #4514, #3985, #5864 ) ;
#1356 = DIRECTION ( 'NONE',  ( 0.000000000000000000, 0.9848077530122082424, -0.1736481776669300259 ) ) ;
#1357 = VERTEX_POINT ( 'NONE', #594 ) ;
#1358 = EDGE_LOOP ( 'NONE', ( #6006, #1664 ) ) ;
#1359 = CARTESIAN_POINT ( 'NONE',  ( -4.535488020320531888, -12.41077822703498512, -42.52399917188226652 ) ) ;
#1360 = CARTESIAN_POINT ( 'NONE',  ( -49.00000073015689850, -44.00000065565109963, 4.000000000000000000 ) ) ;
#1361 = ADVANCED_FACE ( 'NONE', ( #1435 ), #5705, .F. ) ;
#1362 = AXIS2_PLACEMENT_3D ( 'NONE', #838, #4981, #2727 ) ;
#1363 = EDGE_LOOP ( 'NONE', ( #2001, #5606, #3081, #4757 ) ) ;
#1364 = DIRECTION ( 'NONE',  ( 1.000000000000000000, 5.793456394897969729E-18, 1.367446332762960049E-17 ) ) ;
#1365 = CARTESIAN_POINT ( 'NONE',  ( 4.724101747592698075, -7.392590279628519667, -43.61518128743618661 ) ) ;
#1366 = CARTESIAN_POINT ( 'NONE',  ( -1.966164264246138327, 42.62783242051736465, 4.362300547524817773 ) ) ;
#1367 = DIRECTION ( 'NONE',  ( 0.000000000000000000, 0.8660254037844434816, 0.4999999999999919509 ) ) ;
#1368 = VERTEX_POINT ( 'NONE', #3910 ) ;
#1369 = EDGE_CURVE ( 'NONE', #2964, #2066, #2797, .T. ) ;
#1370 = ORIENTED_EDGE ( 'NONE', *, *, #5826, .F. ) ;
#1371 = DIRECTION ( 'NONE',  ( 0.000000000000000000, 0.000000000000000000, -1.000000000000000000 ) ) ;
#1372 = CARTESIAN_POINT ( 'NONE',  ( -13.18436255310560057, 7.693383274965337471, 36.37010312892125796 ) ) ;
#1373 = CARTESIAN_POINT ( 'NONE',  ( -5.368227080838540388, -7.575813007014519762, -43.34950288518829353 ) ) ;
#1374 = LINE ( 'NONE', #5114, #4651 ) ;
#1375 = CARTESIAN_POINT ( 'NONE',  ( -47.60000068545340213, -41.00000061094760184, 1.000000000000000000 ) ) ;
#1376 = DIRECTION ( 'NONE',  ( 0.000000000000000000, -0.1736481776669316912, -0.9848077530122077983 ) ) ;
#1377 = CARTESIAN_POINT ( 'NONE',  ( 10.00000000000000000, 0.000000000000000000, 0.000000000000000000 ) ) ;
#1378 = CIRCLE ( 'NONE', #1768, 18.00000000000000000 ) ;
#1379 = CARTESIAN_POINT ( 'NONE',  ( 14.95314043217549482, 28.10065004729485238, 24.30506981632158059 ) ) ;
#1380 = FACE_OUTER_BOUND ( 'NONE', #1340, .T. ) ;
#1381 = CIRCLE ( 'NONE', #5754, 1.599999999999997202 ) ;
#1382 = CARTESIAN_POINT ( 'NONE',  ( -15.00000000000000000, -16.48390109005785220, -14.90687862161088972 ) ) ;
#1383 = CARTESIAN_POINT ( 'NONE',  ( 12.31020263540475135, 28.01103193361365840, 21.25173351940675559 ) ) ;
#1384 = ORIENTED_EDGE ( 'NONE', *, *, #5181, .T. ) ;
#1385 = CARTESIAN_POINT ( 'NONE',  ( -4.996787416433743800, -4.262496760144671271, -43.93717534661975321 ) ) ;
#1386 = DIRECTION ( 'NONE',  ( 0.000000000000000000, 0.000000000000000000, 1.000000000000000000 ) ) ;
#1387 = ORIENTED_EDGE ( 'NONE', *, *, #5005, .F. ) ;
#1388 = AXIS2_PLACEMENT_3D ( 'NONE', #5177, #4741, #906 ) ;
#1389 = CARTESIAN_POINT ( 'NONE',  ( -0.2198096472926492906, -16.29417161045175888, -41.94509430147485318 ) ) ;
#1390 = EDGE_LOOP ( 'NONE', ( #5221, #4783, #6029, #1721 ) ) ;
#1391 = ORIENTED_EDGE ( 'NONE', *, *, #4251, .F. ) ;
#1392 = CARTESIAN_POINT ( 'NONE',  ( -20.00000000000000000, -3.429671419371789943E-15, -8.070106152256670580E-17 ) ) ;
#1393 = ADVANCED_FACE ( 'NONE', ( #4296, #5759, #4884, #5355, #997 ), #1082, .F. ) ;
#1394 = CARTESIAN_POINT ( 'NONE',  ( 0.000000000000000000, 0.000000000000000000, 0.000000000000000000 ) ) ;
#1395 = CARTESIAN_POINT ( 'NONE',  ( -1.999361421069614009, 42.59061979761776939, 4.665279356277563849 ) ) ;
#1396 = CARTESIAN_POINT ( 'NONE',  ( -15.00000000000000000, 14.43189039893187164, -8.544409547855025266 ) ) ;
#1397 = EDGE_LOOP ( 'NONE', ( #5471, #3055, #6092, #5290 ) ) ;
#1398 = VERTEX_POINT ( 'NONE', #2499 ) ;
#1399 = DIRECTION ( 'NONE',  ( -1.000000000000000000, -5.793456394897969729E-18, -1.367446332762960049E-17 ) ) ;
#1400 = CARTESIAN_POINT ( 'NONE',  ( -13.58832599613965186, 13.86496815583005038, 34.47040116586553893 ) ) ;
#1401 = DIRECTION ( 'NONE',  ( 0.000000000000000000, 0.000000000000000000, 1.000000000000000000 ) ) ;
#1402 = CARTESIAN_POINT ( 'NONE',  ( -2.999999999999999112, 0.8120341546825026180, 11.47129463189003751 ) ) ;
#1403 = DIRECTION ( 'NONE',  ( 0.000000000000000000, -0.8660254037844432595, -0.4999999999999919509 ) ) ;
#1404 = DIRECTION ( 'NONE',  ( -3.330895137017530528E-18, 0.9848077530122082424, -0.1736481776669300259 ) ) ;
#1405 = DIRECTION ( 'NONE',  ( 0.000000000000000000, 0.000000000000000000, -1.000000000000000000 ) ) ;
#1406 = AXIS2_PLACEMENT_3D ( 'NONE', #873, #962, #2880 ) ;
#1407 = AXIS2_PLACEMENT_3D ( 'NONE', #5431, #3513, #1154 ) ;
#1408 = CARTESIAN_POINT ( 'NONE',  ( 14.79589777878261714, 23.42629053089752844, 28.83948970000570355 ) ) ;
#1409 = DIRECTION ( 'NONE',  ( 0.000000000000000000, 0.000000000000000000, -1.000000000000000000 ) ) ;
#1410 = EDGE_CURVE ( 'NONE', #4940, #4037, #67, .T. ) ;
#1411 = CIRCLE ( 'NONE', #3287, 16.30000000000000071 ) ;
#1412 = AXIS2_PLACEMENT_3D ( 'NONE', #5588, #1685, #2737 ) ;
#1413 = DIRECTION ( 'NONE',  ( 1.447274064869761313E-17, -0.1736481776669315247, -0.9848077530122077983 ) ) ;
#1414 = CARTESIAN_POINT ( 'NONE',  ( -15.00000000000000000, 0.000000000000000000, 0.000000000000000000 ) ) ;
#1415 = ORIENTED_EDGE ( 'NONE', *, *, #3223, .T. ) ;
#1416 = CARTESIAN_POINT ( 'NONE',  ( -1.868606432130740735, 0.7030727058391135209, -44.87805914950711639 ) ) ;
#1417 = CARTESIAN_POINT ( 'NONE',  ( 11.92546950366808112, 11.08608760972812490, -33.38257981638917471 ) ) ;
#1418 = EDGE_LOOP ( 'NONE', ( #4527, #5938, #5069, #53 ) ) ;
#1419 = LINE ( 'NONE', #1360, #2735 ) ;
#1420 = VERTEX_POINT ( 'NONE', #4829 ) ;
#1421 = AXIS2_PLACEMENT_3D ( 'NONE', #1326, #1356, #2237 ) ;
#1422 = CARTESIAN_POINT ( 'NONE',  ( -14.00000000000000000, 0.5209445330007866914, 2.954423259036624838 ) ) ;
#1423 = EDGE_CURVE ( 'NONE', #5700, #3221, #3892, .T. ) ;
#1424 = CARTESIAN_POINT ( 'NONE',  ( 0.7455894088760063321, 0.9014106566229340700, -44.97251959363898521 ) ) ;
#1425 = CARTESIAN_POINT ( 'NONE',  ( -1.975273819036573508, 42.54779948683857072, 5.073581481739195098 ) ) ;
#1426 = CARTESIAN_POINT ( 'NONE',  ( 14.00000000000000000, -3.232693901945260157E-15, 3.842306916168400005E-16 ) ) ;
#1427 = ORIENTED_EDGE ( 'NONE', *, *, #6007, .T. ) ;
#1428 = ADVANCED_FACE ( 'NONE', ( #4034 ), #1701, .F. ) ;
#1429 = ADVANCED_FACE ( 'NONE', ( #1239 ), #5943, .T. ) ;
#1430 = VERTEX_POINT ( 'NONE', #186 ) ;
#1431 = DIRECTION ( 'NONE',  ( 1.000000000000000000, 5.793456394897969729E-18, 1.367446332762960049E-17 ) ) ;
#1432 = DIRECTION ( 'NONE',  ( 1.000000000000000000, -0.000000000000000000, 0.000000000000000000 ) ) ;
#1433 = EDGE_CURVE ( 'NONE', #2618, #1195, #5099, .T. ) ;
#1434 = CARTESIAN_POINT ( 'NONE',  ( 14.00000000000000000, 11.04198112356280070, -33.37429133832659289 ) ) ;
#1435 = FACE_OUTER_BOUND ( 'NONE', #3313, .T. ) ;
#1436 = FACE_OUTER_BOUND ( 'NONE', #5472, .T. ) ;
#1437 = CARTESIAN_POINT ( 'NONE',  ( 9.323573103934332806, 40.15711862558679002, 11.44594689168062196 ) ) ;
#1438 = CARTESIAN_POINT ( 'NONE',  ( 11.00000000000000000, 12.22082813412750113, -29.57450523197499948 ) ) ;
#1439 = AXIS2_PLACEMENT_3D ( 'NONE', #5507, #1110, #156 ) ;
#1440 = CARTESIAN_POINT ( 'NONE',  ( 15.00104670534502738, 27.21186983458439457, 25.30555147293008034 ) ) ;
#1441 = CARTESIAN_POINT ( 'NONE',  ( 14.00000000000000000, -33.26841341869076274, 3.835265667307084403 ) ) ;
#1442 = VERTEX_POINT ( 'NONE', #1204 ) ;
#1443 = EDGE_CURVE ( 'NONE', #1420, #921, #5875, .T. ) ;
#1444 = CIRCLE ( 'NONE', #4924, 35.15350152500630543 ) ;
#1445 = CARTESIAN_POINT ( 'NONE',  ( 11.82821663984000082, 12.48110228120269838, -33.12043226604350110 ) ) ;
#1446 = DIRECTION ( 'NONE',  ( -1.000000000000000000, 0.000000000000000000, 0.000000000000000000 ) ) ;
#1447 = CARTESIAN_POINT ( 'NONE',  ( -5.297970830105671602, -6.114992356684352259, -43.60657086811873739 ) ) ;
#1448 = ORIENTED_EDGE ( 'NONE', *, *, #2583, .F. ) ;
#1449 = CARTESIAN_POINT ( 'NONE',  ( 11.87413000897540094, -23.26674266139029967, -26.53770431417989784 ) ) ;
#1450 = VECTOR ( 'NONE', #1034, 1000.000000000000114 ) ;
#1451 = AXIS2_PLACEMENT_3D ( 'NONE', #4343, #2932, #989 ) ;
#1452 = ORIENTED_EDGE ( 'NONE', *, *, #967, .F. ) ;
#1453 = AXIS2_PLACEMENT_3D ( 'NONE', #5940, #5070, #5969 ) ;
#1454 = AXIS2_PLACEMENT_3D ( 'NONE', #949, #1299, #6150 ) ;
#1455 = VECTOR ( 'NONE', #4363, 1000.000000000000000 ) ;
#1456 = CARTESIAN_POINT ( 'NONE',  ( 13.00000000000000000, -9.648428043263638898, 30.51078229567319866 ) ) ;
#1457 = ORIENTED_EDGE ( 'NONE', *, *, #5774, .F. ) ;
#1458 = CARTESIAN_POINT ( 'NONE',  ( 3.823934065911090308, -2.629986043824336317, -44.42693204573941301 ) ) ;
#1459 = CARTESIAN_POINT ( 'NONE',  ( -2.999999999999998224, -17.68215839412018653, -24.23512480935977109 ) ) ;
#1460 = DIRECTION ( 'NONE',  ( 1.000000000000000000, 5.793456394897969729E-18, 1.367446332762960049E-17 ) ) ;
#1461 = ORIENTED_EDGE ( 'NONE', *, *, #30, .T. ) ;
#1462 = ORIENTED_EDGE ( 'NONE', *, *, #3005, .F. ) ;
#1463 = CARTESIAN_POINT ( 'NONE',  ( -19.00000028312209821, -44.00000065565109963, 1.000000000000000000 ) ) ;
#1464 = DIRECTION ( 'NONE',  ( -1.000000000000000000, 0.000000000000000000, 0.000000000000000000 ) ) ;
#1465 = DIRECTION ( 'NONE',  ( 1.000000000000000000, 0.000000000000000000, 0.000000000000000000 ) ) ;
#1466 = LINE ( 'NONE', #4414, #850 ) ;
#1467 = CARTESIAN_POINT ( 'NONE',  ( 5.906360931721308383, 42.87979139144310636, 8.896737527578883586 ) ) ;
#1468 = CARTESIAN_POINT ( 'NONE',  ( 16.00000000000000000, -3.221106989155459856E-15, 4.115796182720999718E-16 ) ) ;
#1469 = DIRECTION ( 'NONE',  ( 1.000000000000000000, 5.793456394897969729E-18, 1.367446332762960049E-17 ) ) ;
#1470 = EDGE_CURVE ( 'NONE', #3434, #5064, #2891, .T. ) ;
#1471 = CYLINDRICAL_SURFACE ( 'NONE', #4588, 30.00000000000000000 ) ;
#1472 = CARTESIAN_POINT ( 'NONE',  ( 11.00000000000000000, 23.38199357051259852, 26.24978183027659995 ) ) ;
#1473 = AXIS2_PLACEMENT_3D ( 'NONE', #2196, #5452, #5801 ) ;
#1474 = CARTESIAN_POINT ( 'NONE',  ( -12.00000000000000000, 0.000000000000000000, -0.9999999999999713562 ) ) ;
#1475 = DIRECTION ( 'NONE',  ( -3.330895137017530528E-18, 0.9848077530122082424, -0.1736481776669300259 ) ) ;
#1476 = VECTOR ( 'NONE', #1341, 1000.000000000000114 ) ;
#1477 = CARTESIAN_POINT ( 'NONE',  ( -4.068020188026804540, -1.710311585250662514, -44.40513876887986555 ) ) ;
#1478 = DIRECTION ( 'NONE',  ( 0.000000000000000000, 0.000000000000000000, 1.000000000000000000 ) ) ;
#1479 = VERTEX_POINT ( 'NONE', #677 ) ;
#1480 = ORIENTED_EDGE ( 'NONE', *, *, #4556, .F. ) ;
#1481 = CIRCLE ( 'NONE', #2763, 31.99999999999999645 ) ;
#1482 = EDGE_LOOP ( 'NONE', ( #3588, #5343, #3554, #3746 ) ) ;
#1483 = CARTESIAN_POINT ( 'NONE',  ( 3.750429502957939754, -2.455200563244729572, -44.45590903320872656 ) ) ;
#1484 = CARTESIAN_POINT ( 'NONE',  ( -0.9146235837500286125, 42.87077635614605242, 2.885227628077491779 ) ) ;
#1485 = ORIENTED_EDGE ( 'NONE', *, *, #6084, .T. ) ;
#1486 = EDGE_CURVE ( 'NONE', #4341, #5348, #739, .T. ) ;
#1487 = AXIS2_PLACEMENT_3D ( 'NONE', #5141, #2781, #5197 ) ;
#1488 = VERTEX_POINT ( 'NONE', #5972 ) ;
#1489 = CARTESIAN_POINT ( 'NONE',  ( 5.584293056912845020E-15, -17.64494216913978164, -24.26223435398546968 ) ) ;
#1490 = CARTESIAN_POINT ( 'NONE',  ( -14.61982388678337585, 21.90754712289812289, 30.00736825928993667 ) ) ;
#1491 = DIRECTION ( 'NONE',  ( 0.000000000000000000, 0.1736481776669316912, 0.9848077530122077983 ) ) ;
#1492 = DIRECTION ( 'NONE',  ( 1.000000000000000000, 5.793456394897969729E-18, 1.367446332762960049E-17 ) ) ;
#1493 = CARTESIAN_POINT ( 'NONE',  ( 2.566814560295033558E-07, 44.53847439699631394, 6.428352352046232454 ) ) ;
#1494 = CARTESIAN_POINT ( 'NONE',  ( -1.506145491020176808, 44.31778099126033510, 7.474787099364818665 ) ) ;
#1495 = VERTEX_POINT ( 'NONE', #2124 ) ;
#1496 = DIRECTION ( 'NONE',  ( 0.000000000000000000, -0.1736481776669300259, -0.9848077530122081313 ) ) ;
#1497 = FACE_OUTER_BOUND ( 'NONE', #5109, .T. ) ;
#1498 = EDGE_CURVE ( 'NONE', #3492, #1877, #2057, .T. ) ;
#1499 = DIRECTION ( 'NONE',  ( 0.000000000000000000, 0.7660444431189792347, -0.6427876096865378086 ) ) ;
#1500 = CARTESIAN_POINT ( 'NONE',  ( 15.53241216860700114, 56.00704773209320564, 29.69322741629960305 ) ) ;
#1501 = CARTESIAN_POINT ( 'NONE',  ( -4.365575884006494434, -12.82545174060163973, -42.45575972160123968 ) ) ;
#1502 = EDGE_CURVE ( 'NONE', #2645, #1398, #5614, .T. ) ;
#1503 = ORIENTED_EDGE ( 'NONE', *, *, #1145, .T. ) ;
#1504 = EDGE_CURVE ( 'NONE', #382, #1944, #4509, .T. ) ;
#1505 = CARTESIAN_POINT ( 'NONE',  ( 11.93488257301919830, 28.80480301358749884, 20.15073181839910177 ) ) ;
#1506 = CARTESIAN_POINT ( 'NONE',  ( -3.617455274371208951, -0.9555508096874975044, -44.54705092085147555 ) ) ;
#1507 = CYLINDRICAL_SURFACE ( 'NONE', #5390, 12.99999999999999645 ) ;
#1508 = CIRCLE ( 'NONE', #1096, 11.50000000000000178 ) ;
#1509 = ADVANCED_FACE ( 'NONE', ( #4534 ), #5849, .T. ) ;
#1510 = VERTEX_POINT ( 'NONE', #3532 ) ;
#1511 = AXIS2_PLACEMENT_3D ( 'NONE', #5731, #1022, #2470 ) ;
#1512 = ORIENTED_EDGE ( 'NONE', *, *, #681, .F. ) ;
#1513 = CARTESIAN_POINT ( 'NONE',  ( -0.4375356920342198808, 1.103663757282108193, -44.98047098624219586 ) ) ;
#1514 = CARTESIAN_POINT ( 'NONE',  ( 16.00000000000000000, 21.83502944906735976, 27.57769861718711724 ) ) ;
#1515 = ORIENTED_EDGE ( 'NONE', *, *, #1780, .F. ) ;
#1516 = EDGE_LOOP ( 'NONE', ( #5753, #772, #668, #4217 ) ) ;
#1517 = EDGE_CURVE ( 'NONE', #1331, #1789, #1826, .T. ) ;
#1518 = CARTESIAN_POINT ( 'NONE',  ( -20.00000000000000000, -2.852488828601118964, -16.17726803430815607 ) ) ;
#1519 = CARTESIAN_POINT ( 'NONE',  ( -14.70205643188776712, 22.56561152456552932, 29.52624421079892514 ) ) ;
#1520 = CARTESIAN_POINT ( 'NONE',  ( -15.00000000000000000, 22.65815238398968035, 19.66235312834918147 ) ) ;
#1521 = DIRECTION ( 'NONE',  ( 0.000000000000000000, 0.6427876096865404731, 0.7660444431189771253 ) ) ;
#1522 = CARTESIAN_POINT ( 'NONE',  ( -1.243384087874090493, 44.54641087699021540, 6.009838238379851205 ) ) ;
#1523 = CARTESIAN_POINT ( 'NONE',  ( -5.726338942011283351, 42.99401146717786304, 8.787289944403060105 ) ) ;
#1524 = EDGE_LOOP ( 'NONE', ( #4851, #2340, #1077, #225 ) ) ;
#1525 = B_SPLINE_CURVE_WITH_KNOTS ( 'NONE', 3,
 ( #4238, #4711, #3828, #6111 ),
 .UNSPECIFIED., .F., .F.,
 ( 4, 4 ),
 ( 1.205032655942879893, 1.209503376359970073 ),
 .UNSPECIFIED. ) ;
#1526 = AXIS2_PLACEMENT_3D ( 'NONE', #2039, #3496, #5412 ) ;
#1527 = CARTESIAN_POINT ( 'NONE',  ( 1.713525252162999557, 42.72940473270646322, 3.666624060266147289 ) ) ;
#1528 = CARTESIAN_POINT ( 'NONE',  ( 14.00000000000000000, 21.59889853575770147, 23.61117493988899696 ) ) ;
#1529 = CARTESIAN_POINT ( 'NONE',  ( 12.80957297202724732, 19.44060638930198337, 29.29082778174307222 ) ) ;
#1530 = CARTESIAN_POINT ( 'NONE',  ( 13.00000000000000000, -11.78068032495735906, 29.44334877846968013 ) ) ;
#1531 = CARTESIAN_POINT ( 'NONE',  ( -15.00000000000000000, -28.01661943095557561, -10.72702361612962463 ) ) ;
#1532 = ORIENTED_EDGE ( 'NONE', *, *, #3354, .F. ) ;
#1533 = EDGE_CURVE ( 'NONE', #5839, #1907, #1923, .T. ) ;
#1534 = AXIS2_PLACEMENT_3D ( 'NONE', #1792, #1851, #3688 ) ;
#1535 = DIRECTION ( 'NONE',  ( 0.000000000000000000, 0.1736481776669315247, 0.9848077530122077983 ) ) ;
#1536 = CARTESIAN_POINT ( 'NONE',  ( 16.00000000000000000, -6.451637833762830176, -36.58905635337699636 ) ) ;
#1537 = CARTESIAN_POINT ( 'NONE',  ( -1.338375856106569964E-14, 42.45973963666059348, 6.794888519099430368 ) ) ;
#1538 = ORIENTED_EDGE ( 'NONE', *, *, #1629, .T. ) ;
#1539 = AXIS2_PLACEMENT_3D ( 'NONE', #194, #4361, #2507 ) ;
#1540 = PRODUCT_RELATED_PRODUCT_CATEGORY ( 'part', '', ( #2086 ) ) ;
#1541 = ORIENTED_EDGE ( 'NONE', *, *, #151, .T. ) ;
#1542 = AXIS2_PLACEMENT_3D ( 'NONE', #2954, #141, #691 ) ;
#1543 = CARTESIAN_POINT ( 'NONE',  ( 1.919029688668035583, 0.1984092985462447278, -44.87681820320164405 ) ) ;
#1544 = CIRCLE ( 'NONE', #63, 0.9999999999999731326 ) ;
#1545 = EDGE_CURVE ( 'NONE', #1262, #2958, #476, .T. ) ;
#1546 = LINE ( 'NONE', #115, #3020 ) ;
#1547 = DIRECTION ( 'NONE',  ( 0.000000000000000000, 0.000000000000000000, -1.000000000000000000 ) ) ;
#1548 = ORIENTED_EDGE ( 'NONE', *, *, #4669, .F. ) ;
#1549 = ORIENTED_EDGE ( 'NONE', *, *, #3923, .T. ) ;
#1550 = CIRCLE ( 'NONE', #6123, 1.600000000000000755 ) ;
#1551 = VERTEX_POINT ( 'NONE', #3471 ) ;
#1552 = VECTOR ( 'NONE', #3543, 1000.000000000000000 ) ;
#1553 = CARTESIAN_POINT ( 'NONE',  ( -12.59224726849739717, 17.06182725250825882, 30.74135991663690959 ) ) ;
#1554 = PLANE ( 'NONE',  #3607 ) ;
#1555 = CARTESIAN_POINT ( 'NONE',  ( 4.744375262340809110E-15, 50.22279116492381235, 8.406619273194896991 ) ) ;
#1556 = DIRECTION ( 'NONE',  ( 0.000000000000000000, 0.6427876096865299260, -0.7660444431189858960 ) ) ;
#1557 = CARTESIAN_POINT ( 'NONE',  ( 16.00000000000000000, -32.92111706335690258, 5.804881173331500221 ) ) ;
#1558 = CARTESIAN_POINT ( 'NONE',  ( -10.97797082608784081, 37.92827735109373322, 13.39431585589279194 ) ) ;
#1559 = ORIENTED_EDGE ( 'NONE', *, *, #2703, .T. ) ;
#1560 = EDGE_CURVE ( 'NONE', #3881, #5250, #4417, .T. ) ;
#1561 = CARTESIAN_POINT ( 'NONE',  ( 1.765764848890432503, 42.71381862131443086, 3.764862761618639642 ) ) ;
#1562 = DIRECTION ( 'NONE',  ( 0.000000000000000000, 0.000000000000000000, 1.000000000000000000 ) ) ;
#1563 = DIRECTION ( 'NONE',  ( -1.447274064869760080E-17, 0.1736481776669298593, 0.9848077530122082424 ) ) ;
#1564 = DIRECTION ( 'NONE',  ( -1.000000000000000000, -0.000000000000000000, -0.000000000000000000 ) ) ;
#1565 = CARTESIAN_POINT ( 'NONE',  ( 4.449409061212064920, -10.46315583496239476, -43.07226644783432334 ) ) ;
#1566 = CARTESIAN_POINT ( 'NONE',  ( 11.00000000000000000, 34.42397469407499244, -7.124509508050089757 ) ) ;
#1567 = CARTESIAN_POINT ( 'NONE',  ( 1.613493077228164596, 42.48111688640446459, 5.988898764297247546 ) ) ;
#1568 = ORIENTED_EDGE ( 'NONE', *, *, #5995, .T. ) ;
#1569 = CIRCLE ( 'NONE', #5652, 11.50000000000000178 ) ;
#1570 = EDGE_LOOP ( 'NONE', ( #3613, #1018, #5489, #6087 ) ) ;
#1571 = CARTESIAN_POINT ( 'NONE',  ( 5.306581633747216346E-15, 47.36888859811213592, 38.29149739622467763 ) ) ;
#1572 = VERTEX_POINT ( 'NONE', #2532 ) ;
#1573 = PRESENTATION_LAYER_ASSIGNMENT (  '', '', ( #2755 ) ) ;
#1574 = ORIENTED_EDGE ( 'NONE', *, *, #4100, .T. ) ;
#1575 = ORIENTED_EDGE ( 'NONE', *, *, #3549, .F. ) ;
#1576 = ADVANCED_FACE ( 'NONE', ( #2655 ), #2042, .F. ) ;
#1577 = CARTESIAN_POINT ( 'NONE',  ( -12.68913979993124563, 18.08550698257922562, 30.14556150931880651 ) ) ;
#1578 = CARTESIAN_POINT ( 'NONE',  ( 14.00000000000000000, -19.50185876818250108, -25.37080023542539919 ) ) ;
#1579 = CARTESIAN_POINT ( 'NONE',  ( 6.182770513172341011E-15, 53.11532463357344369, 36.32853271287057595 ) ) ;
#1580 = AXIS2_PLACEMENT_3D ( 'NONE', #1176, #5014, #273 ) ;
#1581 = CARTESIAN_POINT ( 'NONE',  ( -15.00000000000000000, -16.48390109005785220, 3.093121378389106280 ) ) ;
#1582 = FACE_OUTER_BOUND ( 'NONE', #4970, .T. ) ;
#1583 = DIRECTION ( 'NONE',  ( 3.330895137017530143E-18, -0.9848077530122081313, 0.1736481776669299981 ) ) ;
#1584 = ORIENTED_EDGE ( 'NONE', *, *, #2585, .T. ) ;
#1585 = AXIS2_PLACEMENT_3D ( 'NONE', #999, #4771, #2014 ) ;
#1586 = CARTESIAN_POINT ( 'NONE',  ( 1.333990889671885061, 42.81287416575180771, 3.187937631419472950 ) ) ;
#1587 = CARTESIAN_POINT ( 'NONE',  ( 11.84890924854319927, 11.52124033337540077, -33.41849208703940377 ) ) ;
#1588 = CARTESIAN_POINT ( 'NONE',  ( 13.66045275510136392, 14.53357147798002025, 34.19295861862930508 ) ) ;
#1589 = DIRECTION ( 'NONE',  ( -3.330895137017530528E-18, 0.9848077530122082424, -0.1736481776669300259 ) ) ;
#1590 = DIRECTION ( 'NONE',  ( 9.026511603488232214E-16, -0.1736481776669300259, -0.9848077530122080203 ) ) ;
#1591 = CARTESIAN_POINT ( 'NONE',  ( 4.661596050548265424, -8.985485251911004667, -43.33551817475434831 ) ) ;
#1592 = ADVANCED_FACE ( 'NONE', ( #4500 ), #242, .F. ) ;
#1593 = CIRCLE ( 'NONE', #2377, 18.00000000000000000 ) ;
#1594 = VERTEX_POINT ( 'NONE', #5073 ) ;
#1595 = EDGE_CURVE ( 'NONE', #4098, #1102, #5418, .T. ) ;
#1596 = CARTESIAN_POINT ( 'NONE',  ( -12.00000017881390058, -41.00000061094760184, 4.000000000000000000 ) ) ;
#1597 = CARTESIAN_POINT ( 'NONE',  ( -2.999999999999998224, 5.563228854355292796, -15.82203778665462757 ) ) ;
#1598 = VECTOR ( 'NONE', #2531, 1000.000000000000000 ) ;
#1599 = CIRCLE ( 'NONE', #3983, 30.00000000000000000 ) ;
#1600 = ORIENTED_EDGE ( 'NONE', *, *, #5687, .F. ) ;
#1601 = DIRECTION ( 'NONE',  ( 0.000000000000000000, 0.000000000000000000, -1.000000000000000000 ) ) ;
#1602 = ORIENTED_EDGE ( 'NONE', *, *, #6080, .T. ) ;
#1603 = VERTEX_POINT ( 'NONE', #4599 ) ;
#1604 = AXIS2_PLACEMENT_3D ( 'NONE', #4071, #1677, #4507 ) ;
#1605 = PRODUCT_DEFINITION_CONTEXT ( 'detailed design', #3945, 'design' ) ;
#1606 = ORIENTED_EDGE ( 'NONE', *, *, #1354, .T. ) ;
#1607 = ADVANCED_FACE ( 'NONE', ( #1336 ), #2250, .T. ) ;
#1608 = AXIS2_PLACEMENT_3D ( 'NONE', #1581, #4473, #5011 ) ;
#1609 = DIRECTION ( 'NONE',  ( 3.357430594581216326E-18, 0.8087411451328490042, -0.5881647389713260399 ) ) ;
#1610 = CARTESIAN_POINT ( 'NONE',  ( -14.95562451362543221, 28.06772674361818432, 24.34307767221301333 ) ) ;
#1611 = CARTESIAN_POINT ( 'NONE',  ( -1.400000000000000133, 0.000000000000000000, 0.000000000000000000 ) ) ;
#1612 = CARTESIAN_POINT ( 'NONE',  ( -15.00000000000000000, -2.954264649787910813, -7.848179351357740252 ) ) ;
#1613 = LINE ( 'NONE', #3632, #6020 ) ;
#1614 = CARTESIAN_POINT ( 'NONE',  ( 0.4981230277282145402, 44.37689358905265635, 7.414634513039196406 ) ) ;
#1615 = EDGE_CURVE ( 'NONE', #4699, #3018, #5166, .T. ) ;
#1616 = ORIENTED_EDGE ( 'NONE', *, *, #6007, .F. ) ;
#1617 = ADVANCED_FACE ( 'NONE', ( #3188 ), #895, .F. ) ;
#1618 = EDGE_CURVE ( 'NONE', #2965, #4436, #2212, .T. ) ;
#1619 = CARTESIAN_POINT ( 'NONE',  ( 1.791298898715356414, 42.70582696376453669, 3.815970077173119090 ) ) ;
#1620 = CARTESIAN_POINT ( 'NONE',  ( -4.167707003220223250, 40.92761673848400505, 10.74225277936435852 ) ) ;
#1621 = CARTESIAN_POINT ( 'NONE',  ( 14.20801001570537103, 18.83633403959703401, 32.02480011267690685 ) ) ;
#1622 = CARTESIAN_POINT ( 'NONE',  ( 12.48623848996387053, 15.95643970761009811, 31.32546862681405386 ) ) ;
#1623 = DIRECTION ( 'NONE',  ( -1.000000000000000000, -0.000000000000000000, -0.000000000000000000 ) ) ;
#1624 = CARTESIAN_POINT ( 'NONE',  ( 1.636479130164229412, -15.62196176239315015, -42.10589160237142892 ) ) ;
#1625 = EDGE_CURVE ( 'NONE', #1551, #2945, #2513, .T. ) ;
#1626 = ORIENTED_EDGE ( 'NONE', *, *, #2901, .F. ) ;
#1627 = DIRECTION ( 'NONE',  ( 0.000000000000000000, 0.1736481776669316912, 0.9848077530122077983 ) ) ;
#1628 = DIRECTION ( 'NONE',  ( 0.000000000000000000, -0.1736481776669316912, -0.9848077530122077983 ) ) ;
#1629 = EDGE_CURVE ( 'NONE', #2459, #2776, #4614, .T. ) ;
#1630 = ORIENTED_EDGE ( 'NONE', *, *, #5041, .F. ) ;
#1631 = CARTESIAN_POINT ( 'NONE',  ( -2.999999999999998224, 14.43189039893187164, -8.544409547855025266 ) ) ;
#1632 = EDGE_LOOP ( 'NONE', ( #2221, #3995 ) ) ;
#1633 = CIRCLE ( 'NONE', #3116, 16.29999999999999361 ) ;
#1634 = ORIENTED_EDGE ( 'NONE', *, *, #5556, .T. ) ;
#1635 = ORIENTED_EDGE ( 'NONE', *, *, #2102, .F. ) ;
#1636 = CARTESIAN_POINT ( 'NONE',  ( -12.92022159783311785, 25.34848891707452978, 24.38456419514070461 ) ) ;
#1637 = CIRCLE ( 'NONE', #1744, 1.999999999999998446 ) ;
#1638 = CARTESIAN_POINT ( 'NONE',  ( -1.400000000000000133, 0.000000000000000000, -1.550000000000000044 ) ) ;
#1639 = DIRECTION ( 'NONE',  ( 0.000000000000000000, 0.000000000000000000, 1.000000000000000000 ) ) ;
#1640 = DIRECTION ( 'NONE',  ( 1.000000000000000000, 0.000000000000000000, -0.000000000000000000 ) ) ;
#1641 = CARTESIAN_POINT ( 'NONE',  ( -2.999999999999998224, -10.63918073367659467, 12.96511582379512717 ) ) ;
#1642 = CARTESIAN_POINT ( 'NONE',  ( -9.000000134110448968, 16.00000023841859687, 1.000000000000000000 ) ) ;
#1643 = ORIENTED_EDGE ( 'NONE', *, *, #2992, .F. ) ;
#1644 = AXIS2_PLACEMENT_3D ( 'NONE', #2054, #636, #1627 ) ;
#1645 = AXIS2_PLACEMENT_3D ( 'NONE', #3551, #2113, #325 ) ;
#1646 = CARTESIAN_POINT ( 'NONE',  ( 4.084115945267899264E-15, 47.74346882095355937, 5.863224505151864996 ) ) ;
#1647 = DIRECTION ( 'NONE',  ( 0.000000000000000000, -0.1736481776669316912, -0.9848077530122077983 ) ) ;
#1648 = CARTESIAN_POINT ( 'NONE',  ( 13.65558883091722819, 14.48981067927257094, 34.21151966233581732 ) ) ;
#1649 = DIRECTION ( 'NONE',  ( -1.447274064869760697E-17, 0.1736481776669300259, 0.9848077530122082424 ) ) ;
#1650 = DIRECTION ( 'NONE',  ( 1.000000000000000000, 0.000000000000000000, 0.000000000000000000 ) ) ;
#1651 = DIRECTION ( 'NONE',  ( 0.000000000000000000, 1.000000000000000000, 0.000000000000000000 ) ) ;
#1652 = CARTESIAN_POINT ( 'NONE',  ( -47.60000068545340213, 13.00000019371509907, 4.000000000000000000 ) ) ;
#1653 = ORIENTED_EDGE ( 'NONE', *, *, #2700, .F. ) ;
#1654 = ADVANCED_FACE ( 'NONE', ( #2719, #2311 ), #2218, .F. ) ;
#1655 = CYLINDRICAL_SURFACE ( 'NONE', #2927, 2.000000000000002220 ) ;
#1656 = DIRECTION ( 'NONE',  ( 3.330895137017530528E-18, -0.9848077530122082424, 0.1736481776669300259 ) ) ;
#1657 =( NAMED_UNIT ( * ) PLANE_ANGLE_UNIT ( ) SI_UNIT ( $, .RADIAN. ) );
#1658 = EDGE_LOOP ( 'NONE', ( #5869, #5989, #4252, #3739 ) ) ;
#1659 = EDGE_LOOP ( 'NONE', ( #5003, #3525, #2495, #5037 ) ) ;
#1660 = CARTESIAN_POINT ( 'NONE',  ( 13.00000000000000000, -3.238487358340159716E-15, 3.705562282892109516E-16 ) ) ;
#1661 = ORIENTED_EDGE ( 'NONE', *, *, #206, .F. ) ;
#1662 = ORIENTED_EDGE ( 'NONE', *, *, #1618, .T. ) ;
#1663 = AXIS2_PLACEMENT_3D ( 'NONE', #4006, #276, #4980 ) ;
#1664 = ORIENTED_EDGE ( 'NONE', *, *, #480, .T. ) ;
#1665 = ORIENTED_EDGE ( 'NONE', *, *, #3974, .F. ) ;
#1666 = CARTESIAN_POINT ( 'NONE',  ( 4.549567843633699896E-15, 54.44983298061829657, 20.86182370701970257 ) ) ;
#1667 = DIRECTION ( 'NONE',  ( 0.000000000000000000, 0.000000000000000000, -1.000000000000000000 ) ) ;
#1668 = EDGE_CURVE ( 'NONE', #4717, #4409, #4213, .T. ) ;
#1669 = CARTESIAN_POINT ( 'NONE',  ( 15.53241216860700114, 56.00704773209320564, 29.69322741629960305 ) ) ;
#1670 = DIRECTION ( 'NONE',  ( 0.000000000000000000, -0.1736481776669300259, -0.9848077530122081313 ) ) ;
#1671 = CARTESIAN_POINT ( 'NONE',  ( -13.18436255310560057, -6.451637833762830176, -36.58905635337699636 ) ) ;
#1672 = DIRECTION ( 'NONE',  ( -1.367446332762960049E-17, 0.000000000000000000, 1.000000000000000000 ) ) ;
#1673 = VERTEX_POINT ( 'NONE', #4158 ) ;
#1674 = CARTESIAN_POINT ( 'NONE',  ( 5.150294819945509666E-15, -3.313802291473829923E-15, 1.927882050300259942E-16 ) ) ;
#1675 = CARTESIAN_POINT ( 'NONE',  ( -15.00000000000000000, -14.61562092824673620, -8.226178936180158274 ) ) ;
#1676 = VECTOR ( 'NONE', #4233, 1000.000000000000000 ) ;
#1677 = DIRECTION ( 'NONE',  ( 0.000000000000000000, 0.000000000000000000, -1.000000000000000000 ) ) ;
#1678 = CARTESIAN_POINT ( 'NONE',  ( 0.5312577895528574068, 44.93123003120457071, 2.351769587079604928 ) ) ;
#1679 = CARTESIAN_POINT ( 'NONE',  ( -15.00000000000000000, -14.61562092824673620, -8.226178936180158274 ) ) ;
#1680 = LINE ( 'NONE', #4074, #4963 ) ;
#1681 = CIRCLE ( 'NONE', #1487, 21.49999999999999645 ) ;
#1682 = ORIENTED_EDGE ( 'NONE', *, *, #4397, .T. ) ;
#1683 = EDGE_CURVE ( 'NONE', #4937, #5157, #4721, .T. ) ;
#1684 = CARTESIAN_POINT ( 'NONE',  ( -20.00000000000000000, -1.041889066001583375, -5.908846518073247900 ) ) ;
#1685 = DIRECTION ( 'NONE',  ( -1.000000000000000000, -0.000000000000000000, -0.000000000000000000 ) ) ;
#1686 = EDGE_CURVE ( 'NONE', #329, #2232, #5602, .T. ) ;
#1687 = EDGE_CURVE ( 'NONE', #139, #1510, #3914, .T. ) ;
#1688 =( NAMED_UNIT ( * ) SI_UNIT ( $, .STERADIAN. ) SOLID_ANGLE_UNIT ( ) );
#1689 = ORIENTED_EDGE ( 'NONE', *, *, #5804, .F. ) ;
#1690 = VERTEX_POINT ( 'NONE', #4565 ) ;
#1691 = CARTESIAN_POINT ( 'NONE',  ( -5.154965192048634570, -10.11016507420662514, -42.91154345375908008 ) ) ;
#1692 = ORIENTED_EDGE ( 'NONE', *, *, #4657, .F. ) ;
#1693 = ORIENTED_EDGE ( 'NONE', *, *, #52, .F. ) ;
#1694 = VERTEX_POINT ( 'NONE', #5632 ) ;
#1695 = AXIS2_PLACEMENT_3D ( 'NONE', #5147, #3286, #2758 ) ;
#1696 = ORIENTED_EDGE ( 'NONE', *, *, #4610, .F. ) ;
#1697 = CIRCLE ( 'NONE', #5485, 1.999999999999999778 ) ;
#1698 = DIRECTION ( 'NONE',  ( 1.000000000000000000, 5.793456394897969729E-18, 1.367446332762960049E-17 ) ) ;
#1699 = DIRECTION ( 'NONE',  ( 0.000000000000000000, 0.1736481776669300259, 0.9848077530122081313 ) ) ;
#1700 = DIRECTION ( 'NONE',  ( -0.8660254037844425934, -0.08682408883346411088, -0.4924038765060974043 ) ) ;
#1701 = PLANE ( 'NONE',  #5596 ) ;
#1702 = CARTESIAN_POINT ( 'NONE',  ( -12.00000000000000000, 0.000000000000000000, 0.000000000000000000 ) ) ;
#1703 = CARTESIAN_POINT ( 'NONE',  ( 13.00000000000000000, 32.92111706335690258, -5.804881173331500221 ) ) ;
#1704 = VERTEX_POINT ( 'NONE', #4661 ) ;
#1705 = AXIS2_PLACEMENT_3D ( 'NONE', #747, #3070, #2663 ) ;
#1706 = CIRCLE ( 'NONE', #3583, 30.00000000000000000 ) ;
#1707 = EDGE_CURVE ( 'NONE', #3376, #4025, #3281, .T. ) ;
#1708 = CARTESIAN_POINT ( 'NONE',  ( 16.00000000000000000, -5.209445330007903330, -29.54423259036623861 ) ) ;
#1709 = CARTESIAN_POINT ( 'NONE',  ( -26.00000000000000000, -4.241674249936559171, -24.05573005840582113 ) ) ;
#1710 = DIRECTION ( 'NONE',  ( 1.000000000000000000, 5.793456394897969729E-18, 1.367446332762960049E-17 ) ) ;
#1711 = DIRECTION ( 'NONE',  ( -1.000000000000000000, -5.793456394897969729E-18, -1.367446332762960049E-17 ) ) ;
#1712 = DIRECTION ( 'NONE',  ( 1.000000000000000000, 5.793456394897969729E-18, 1.367446332762960049E-17 ) ) ;
#1713 = DIRECTION ( 'NONE',  ( 0.000000000000000000, 0.000000000000000000, -1.000000000000000000 ) ) ;
#1714 = ORIENTED_EDGE ( 'NONE', *, *, #3715, .T. ) ;
#1715 = DIRECTION ( 'NONE',  ( 0.000000000000000000, -0.1736481776669316912, -0.9848077530122077983 ) ) ;
#1716 = DIRECTION ( 'NONE',  ( 0.000000000000000000, 0.3420201433256758183, 0.9396926207859057634 ) ) ;
#1717 = ADVANCED_FACE ( 'NONE', ( #2894, #2771 ), #2424, .T. ) ;
#1718 = ORIENTED_EDGE ( 'NONE', *, *, #3540, .T. ) ;
#1719 = ORIENTED_EDGE ( 'NONE', *, *, #1334, .T. ) ;
#1720 = PLANE ( 'NONE',  #953 ) ;
#1721 = ORIENTED_EDGE ( 'NONE', *, *, #2254, .T. ) ;
#1722 = EDGE_LOOP ( 'NONE', ( #5807, #4979, #4999, #236 ) ) ;
#1723 = VERTEX_POINT ( 'NONE', #4211 ) ;
#1724 = EDGE_LOOP ( 'NONE', ( #261, #4720, #1462, #4537, #5534 ) ) ;
#1725 = CARTESIAN_POINT ( 'NONE',  ( 13.00038385147407638, 23.34519155719467776, 26.35841941551346324 ) ) ;
#1726 = DIRECTION ( 'NONE',  ( 1.000000000000000000, 5.793456394897969729E-18, 1.367446332762960049E-17 ) ) ;
#1727 = EDGE_CURVE ( 'NONE', #1398, #4887, #6116, .T. ) ;
#1728 = CARTESIAN_POINT ( 'NONE',  ( 11.87413000897540094, -34.61569742489469803, 6.880738050989639198 ) ) ;
#1729 = CARTESIAN_POINT ( 'NONE',  ( 4.666749041294922407, -6.302799650943792464, -43.80447099054418914 ) ) ;
#1730 = DIRECTION ( 'NONE',  ( 1.000000000000000000, 5.793456394897969729E-18, 1.367446332762960049E-17 ) ) ;
#1731 = CARTESIAN_POINT ( 'NONE',  ( -13.60000017881390022, 13.00000019371509907, 4.000000000000000000 ) ) ;
#1732 = ORIENTED_EDGE ( 'NONE', *, *, #2668, .F. ) ;
#1733 = ORIENTED_EDGE ( 'NONE', *, *, #1800, .F. ) ;
#1734 = VECTOR ( 'NONE', #2227, 1000.000000000000114 ) ;
#1735 = EDGE_CURVE ( 'NONE', #3209, #760, #2137, .T. ) ;
#1736 = CARTESIAN_POINT ( 'NONE',  ( -15.00000000000000000, 5.699021115336249110, -29.45371213152854040 ) ) ;
#1737 = SURFACE_STYLE_USAGE ( .BOTH. , #6009 ) ;
#1738 = AXIS2_PLACEMENT_3D ( 'NONE', #3776, #2745, #4247 ) ;
#1739 = CYLINDRICAL_SURFACE ( 'NONE', #314, 2.000000000000000444 ) ;
#1740 = CARTESIAN_POINT ( 'NONE',  ( 1.797720272548221976, 44.75869886130186615, 3.458857177365558755 ) ) ;
#1741 = FACE_BOUND ( 'NONE', #3608, .T. ) ;
#1742 = CARTESIAN_POINT ( 'NONE',  ( -15.00000000000000000, 2.619051511721453451, 11.19779304947852694 ) ) ;
#1743 = AXIS2_PLACEMENT_3D ( 'NONE', #1809, #2172, #1260 ) ;
#1744 = AXIS2_PLACEMENT_3D ( 'NONE', #211, #3533, #2591 ) ;
#1745 = ORIENTED_EDGE ( 'NONE', *, *, #857, .F. ) ;
#1746 = AXIS2_PLACEMENT_3D ( 'NONE', #4241, #2802, #2865 ) ;
#1747 = AXIS2_PLACEMENT_3D ( 'NONE', #2644, #232, #3146 ) ;
#1748 = DIRECTION ( 'NONE',  ( -1.000000000000000000, -5.793456394897969729E-18, -1.367446332762960049E-17 ) ) ;
#1749 = DIRECTION ( 'NONE',  ( 1.000000000000000000, -0.000000000000000000, 0.000000000000000000 ) ) ;
#1750 = CARTESIAN_POINT ( 'NONE',  ( -15.00000000000000000, 0.000000000000000000, 0.000000000000000000 ) ) ;
#1751 = ORIENTED_EDGE ( 'NONE', *, *, #2550, .F. ) ;
#1752 = VERTEX_POINT ( 'NONE', #5054 ) ;
#1753 = CARTESIAN_POINT ( 'NONE',  ( -1.530317666091172146, -16.04680524598204627, -41.95803951569849488 ) ) ;
#1754 = ORIENTED_EDGE ( 'NONE', *, *, #5618, .T. ) ;
#1755 = ORIENTED_EDGE ( 'NONE', *, *, #2938, .T. ) ;
#1756 = ORIENTED_EDGE ( 'NONE', *, *, #4198, .T. ) ;
#1757 = ORIENTED_EDGE ( 'NONE', *, *, #1683, .F. ) ;
#1758 = CARTESIAN_POINT ( 'NONE',  ( -1.400000000000000133, 1.898202538678397459E-16, 1.550000000000000044 ) ) ;
#1759 = CYLINDRICAL_SURFACE ( 'NONE', #5012, 1.600000000000000755 ) ;
#1760 = DIRECTION ( 'NONE',  ( -3.330895137017530528E-18, 0.9848077530122082424, -0.1736481776669300259 ) ) ;
#1761 = DIRECTION ( 'NONE',  ( 3.330895137017530528E-18, -0.9848077530122082424, 0.1736481776669300259 ) ) ;
#1762 = CARTESIAN_POINT ( 'NONE',  ( -1.982947250557808072, 42.61412334106989164, 4.469874856112912020 ) ) ;
#1763 = FACE_OUTER_BOUND ( 'NONE', #2577, .T. ) ;
#1764 = ORIENTED_EDGE ( 'NONE', *, *, #5618, .F. ) ;
#1765 = AXIS2_PLACEMENT_3D ( 'NONE', #3176, #5098, #108 ) ;
#1766 = EDGE_CURVE ( 'NONE', #174, #5250, #5424, .T. ) ;
#1767 = ORIENTED_EDGE ( 'NONE', *, *, #5291, .F. ) ;
#1768 = AXIS2_PLACEMENT_3D ( 'NONE', #1917, #3284, #4700 ) ;
#1769 = CARTESIAN_POINT ( 'NONE',  ( -15.00000000000000000, -10.57287988952642976, 4.523738591214964799 ) ) ;
#1770 = CARTESIAN_POINT ( 'NONE',  ( -11.93488257301919830, -3.382946513238849603E-15, 2.958509096570819911E-17 ) ) ;
#1771 = DIRECTION ( 'NONE',  ( 1.000000000000000000, 5.793456394897969729E-18, 1.367446332762960049E-17 ) ) ;
#1772 = FACE_OUTER_BOUND ( 'NONE', #728, .T. ) ;
#1773 = CARTESIAN_POINT ( 'NONE',  ( -16.00000000000000000, -3.406497593792199596E-15, -2.600320821204820216E-17 ) ) ;
#1774 = DIRECTION ( 'NONE',  ( 0.000000000000000000, -0.1736481776669316912, -0.9848077530122077983 ) ) ;
#1775 = AXIS2_PLACEMENT_3D ( 'NONE', #4772, #5613, #3320 ) ;
#1776 = EDGE_LOOP ( 'NONE', ( #3150, #2341, #2146, #5598 ) ) ;
#1777 = CYLINDRICAL_SURFACE ( 'NONE', #3626, 11.50000000000000000 ) ;
#1778 = DIRECTION ( 'NONE',  ( 0.000000000000000000, 0.000000000000000000, -1.000000000000000000 ) ) ;
#1779 = AXIS2_PLACEMENT_3D ( 'NONE', #990, #1460, #466 ) ;
#1780 = EDGE_CURVE ( 'NONE', #5932, #6065, #145, .T. ) ;
#1781 = DIRECTION ( 'NONE',  ( 0.000000000000000000, -0.8660254037844362651, 0.5000000000000039968 ) ) ;
#1782 = ORIENTED_EDGE ( 'NONE', *, *, #5918, .T. ) ;
#1783 = ADVANCED_FACE ( 'NONE', ( #2079 ), #5021, .F. ) ;
#1784 = ORIENTED_EDGE ( 'NONE', *, *, #1727, .T. ) ;
#1785 = CARTESIAN_POINT ( 'NONE',  ( -4.349354859760103054, -12.86241030109112948, -42.44970524002714285 ) ) ;
#1786 = DIRECTION ( 'NONE',  ( 0.000000000000000000, -0.1736481776669298593, -0.9848077530122082424 ) ) ;
#1787 = PRODUCT ( 'vaccum with impeller', 'vaccum with impeller', '', ( #3737 ) ) ;
#1788 = ORIENTED_EDGE ( 'NONE', *, *, #5309, .T. ) ;
#1789 = VERTEX_POINT ( 'NONE', #3542 ) ;
#1790 = DIRECTION ( 'NONE',  ( 0.000000000000000000, -0.1736481776669299981, -0.9848077530122081313 ) ) ;
#1791 = DIRECTION ( 'NONE',  ( 1.000000000000000000, 5.793456394897969729E-18, 1.367446332762960049E-17 ) ) ;
#1792 = CARTESIAN_POINT ( 'NONE',  ( 15.53241216860700114, 52.06781672004429851, 30.38782012696730206 ) ) ;
#1793 = CARTESIAN_POINT ( 'NONE',  ( -0.2727692801004275580, 42.45973963666061479, 6.794888519099442803 ) ) ;
#1794 = FACE_OUTER_BOUND ( 'NONE', #1363, .T. ) ;
#1795 = ORIENTED_EDGE ( 'NONE', *, *, #1117, .T. ) ;
#1796 = ADVANCED_FACE ( 'NONE', ( #1215 ), #3010, .F. ) ;
#1797 = ORIENTED_EDGE ( 'NONE', *, *, #4724, .F. ) ;
#1798 = DIRECTION ( 'NONE',  ( 1.000000000000000000, 5.793456394897969729E-18, 1.367446332762960049E-17 ) ) ;
#1799 = DIRECTION ( 'NONE',  ( 1.000000000000000000, -0.000000000000000000, 0.000000000000000000 ) ) ;
#1800 = EDGE_CURVE ( 'NONE', #4697, #5130, #750, .T. ) ;
#1801 = CARTESIAN_POINT ( 'NONE',  ( -15.00000000000000000, -14.56677776079964737, -26.22611266786355344 ) ) ;
#1802 = FACE_BOUND ( 'NONE', #1074, .T. ) ;
#1803 = ADVANCED_FACE ( 'NONE', ( #3041 ), #4986, .F. ) ;
#1804 = DIRECTION ( 'NONE',  ( 0.000000000000000000, 0.000000000000000000, 1.000000000000000000 ) ) ;
#1805 = CARTESIAN_POINT ( 'NONE',  ( 6.000000000000000000, 33.26841341869076274, -3.835265667307083959 ) ) ;
#1806 = EDGE_CURVE ( 'NONE', #4904, #4242, #1680, .T. ) ;
#1807 = EDGE_CURVE ( 'NONE', #2030, #2066, #3574, .T. ) ;
#1808 = AXIS2_PLACEMENT_3D ( 'NONE', #535, #502, #3820 ) ;
#1809 = CARTESIAN_POINT ( 'NONE',  ( 4.113061426565299975E-15, 47.39617246561969921, 3.893608999127440295 ) ) ;
#1810 = EDGE_CURVE ( 'NONE', #2179, #4617, #2666, .T. ) ;
#1811 = CARTESIAN_POINT ( 'NONE',  ( -15.00000000000000000, 8.388047491308563863, -7.867061667709999817 ) ) ;
#1812 = SHAPE_DEFINITION_REPRESENTATION ( #4284, #5028 ) ;
#1813 = DIRECTION ( 'NONE',  ( -1.000000000000000000, -5.793456394897969729E-18, -1.367446332762960049E-17 ) ) ;
#1814 = ORIENTED_EDGE ( 'NONE', *, *, #323, .F. ) ;
#1815 = ORIENTED_EDGE ( 'NONE', *, *, #260, .T. ) ;
#1816 = CARTESIAN_POINT ( 'NONE',  ( -0.1074281449165194191, -16.28745938616441791, -41.94906639050708463 ) ) ;
#1817 = DIRECTION ( 'NONE',  ( 1.000000000000000000, 0.000000000000000000, 0.000000000000000000 ) ) ;
#1818 = EDGE_CURVE ( 'NONE', #4242, #3447, #287, .T. ) ;
#1819 = VERTEX_POINT ( 'NONE', #4957 ) ;
#1820 = AXIS2_PLACEMENT_3D ( 'NONE', #1171, #3060, #737 ) ;
#1821 = DIRECTION ( 'NONE',  ( 3.330895137017530528E-18, -0.9848077530122082424, 0.1736481776669300259 ) ) ;
#1822 = DIRECTION ( 'NONE',  ( 1.000000000000000000, 0.000000000000000000, 0.000000000000000000 ) ) ;
#1823 = DIRECTION ( 'NONE',  ( 0.000000000000000000, 0.1736481776669318577, 0.9848077530122079093 ) ) ;
#1824 = CARTESIAN_POINT ( 'NONE',  ( -15.00000000000000000, 10.92067223570268197, 12.72891640826549775 ) ) ;
#1825 = ORIENTED_EDGE ( 'NONE', *, *, #5391, .T. ) ;
#1826 = CIRCLE ( 'NONE', #1439, 30.00000000000000711 ) ;
#1827 = ORIENTED_EDGE ( 'NONE', *, *, #3283, .T. ) ;
#1828 = CARTESIAN_POINT ( 'NONE',  ( 6.000000000000000000, 11.08608761428983946, -33.38257979051842028 ) ) ;
#1829 = CARTESIAN_POINT ( 'NONE',  ( -13.39017258625108298, 11.69039337455561345, 35.27401142581506122 ) ) ;
#1830 = DIRECTION ( 'NONE',  ( -1.000000000000000000, -5.793456394897969729E-18, -1.367446332762960049E-17 ) ) ;
#1831 = CARTESIAN_POINT ( 'NONE',  ( -15.00000000000000000, -14.61562092824673620, -24.52617893618015188 ) ) ;
#1832 = DIRECTION ( 'NONE',  ( 1.000000000000000000, -0.000000000000000000, -0.000000000000000000 ) ) ;
#1833 = DIRECTION ( 'NONE',  ( 1.000000000000000000, 5.793456394897969729E-18, 1.367446332762960049E-17 ) ) ;
#1834 = AXIS2_PLACEMENT_3D ( 'NONE', #4985, #2665, #2107 ) ;
#1835 = CARTESIAN_POINT ( 'NONE',  ( 14.76568876426157928, 23.14319107715271429, 29.06742445654844786 ) ) ;
#1836 = VECTOR ( 'NONE', #5430, 1000.000000000000000 ) ;
#1837 = CIRCLE ( 'NONE', #1938, 2.000000000000000888 ) ;
#1838 = FACE_OUTER_BOUND ( 'NONE', #4683, .T. ) ;
#1839 = CONTEXT_DEPENDENT_SHAPE_REPRESENTATION ( #5234, #4681 ) ;
#1840 = CIRCLE ( 'NONE', #3428, 35.15350152500619885 ) ;
#1841 = EDGE_CURVE ( 'NONE', #4245, #2618, #2164, .T. ) ;
#1842 = DIRECTION ( 'NONE',  ( 1.000000000000000000, -0.000000000000000000, 0.000000000000000000 ) ) ;
#1843 = ORIENTED_EDGE ( 'NONE', *, *, #987, .T. ) ;
#1844 = CARTESIAN_POINT ( 'NONE',  ( -4.322105847708058057, -2.236225373679234352, -44.30742949376094941 ) ) ;
#1845 = EDGE_LOOP ( 'NONE', ( #2119, #3202 ) ) ;
#1846 = CARTESIAN_POINT ( 'NONE',  ( -2.869871850983964023, -15.12266450751029190, -42.08853257592923569 ) ) ;
#1847 = CYLINDRICAL_SURFACE ( 'NONE', #2174, 31.99999999999999645 ) ;
#1848 = EDGE_CURVE ( 'NONE', #1694, #4215, #1970, .T. ) ;
#1849 = ORIENTED_EDGE ( 'NONE', *, *, #4504, .F. ) ;
#1850 = CARTESIAN_POINT ( 'NONE',  ( 2.947153908072626560, 41.42741774394200149, 10.27835560312270324 ) ) ;
#1851 = DIRECTION ( 'NONE',  ( -3.330895137017530528E-18, 0.9848077530122082424, -0.1736481776669300259 ) ) ;
#1852 = CARTESIAN_POINT ( 'NONE',  ( -1.858385491557234204, 42.68179161880580352, 3.974243293678605404 ) ) ;
#1853 = CARTESIAN_POINT ( 'NONE',  ( -15.00000000000000000, -28.35717349932570741, 9.791359003179278986 ) ) ;
#1854 = ORIENTED_EDGE ( 'NONE', *, *, #2175, .T. ) ;
#1855 = EDGE_LOOP ( 'NONE', ( #5718, #2611 ) ) ;
#1856 = EDGE_CURVE ( 'NONE', #3622, #2179, #2568, .T. ) ;
#1857 = CARTESIAN_POINT ( 'NONE',  ( 11.86198706381790124, 34.89780204633259331, -5.444074048458799275 ) ) ;
#1858 = CARTESIAN_POINT ( 'NONE',  ( -13.70613155217094814, 14.94590960311338357, 34.01845994609342227 ) ) ;
#1859 = CARTESIAN_POINT ( 'NONE',  ( 14.00000000000000000, -21.59889853575750251, -23.61117493988919946 ) ) ;
#1860 = DIRECTION ( 'NONE',  ( 1.000000000000000000, 5.793456394897969729E-18, 1.367446332762960049E-17 ) ) ;
#1861 = CARTESIAN_POINT ( 'NONE',  ( 11.92855750160615003, 11.07134015684155237, -33.37997943289294511 ) ) ;
#1862 = LINE ( 'NONE', #1805, #1676 ) ;
#1863 = CARTESIAN_POINT ( 'NONE',  ( 11.93488257301919830, -3.244658069708820104E-15, 3.559913190943430128E-16 ) ) ;
#1864 = EDGE_CURVE ( 'NONE', #4122, #3244, #4511, .T. ) ;
#1865 = AXIS2_PLACEMENT_3D ( 'NONE', #469, #3755, #3224 ) ;
#1866 = CARTESIAN_POINT ( 'NONE',  ( 14.94692286337115483, 25.20482654594281513, 27.29651056244463803 ) ) ;
#1867 = DIRECTION ( 'NONE',  ( -1.000000000000000000, -5.793456394897969729E-18, -1.367446332762960049E-17 ) ) ;
#1868 = CIRCLE ( 'NONE', #5263, 13.00000000000000355 ) ;
#1869 = EDGE_CURVE ( 'NONE', #4577, #2063, #1180, .T. ) ;
#1870 = CYLINDRICAL_SURFACE ( 'NONE', #5495, 17.99999999999999645 ) ;
#1871 = DIRECTION ( 'NONE',  ( 1.000000000000000000, 0.000000000000000000, 0.000000000000000000 ) ) ;
#1872 = AXIS2_PLACEMENT_3D ( 'NONE', #5286, #5697, #556 ) ;
#1873 = VERTEX_POINT ( 'NONE', #4483 ) ;
#1874 = CARTESIAN_POINT ( 'NONE',  ( -4.283277544220495336, -2.150685431994327157, -44.32332732782856510 ) ) ;
#1875 = EDGE_CURVE ( 'NONE', #4752, #5622, #98, .T. ) ;
#1876 =( LENGTH_UNIT ( ) NAMED_UNIT ( * ) SI_UNIT ( .MILLI., .METRE. ) );
#1877 = VERTEX_POINT ( 'NONE', #252 ) ;
#1878 = EDGE_CURVE ( 'NONE', #3484, #2915, #1862, .T. ) ;
#1879 = CARTESIAN_POINT ( 'NONE',  ( 14.00000000000000000, 32.57382070802304241, -7.774496679355915596 ) ) ;
#1880 = ORIENTED_EDGE ( 'NONE', *, *, #4504, .T. ) ;
#1881 = CARTESIAN_POINT ( 'NONE',  ( 0.7522251420407629618, 41.84876131800479726, 9.883378580424503568 ) ) ;
#1882 = CARTESIAN_POINT ( 'NONE',  ( -0.8093877967256325467, 1.065304212088715063, -44.96573774006484570 ) ) ;
#1883 = CARTESIAN_POINT ( 'NONE',  ( -1.790958230261131767, 42.50067878286554190, 5.661378377840017073 ) ) ;
#1884 = DIRECTION ( 'NONE',  ( 0.000000000000000000, 0.6427876096865299260, -0.7660444431189858960 ) ) ;
#1885 = ORIENTED_EDGE ( 'NONE', *, *, #5936, .F. ) ;
#1886 = AXIS2_PLACEMENT_3D ( 'NONE', #2841, #825, #6062 ) ;
#1887 = ORIENTED_EDGE ( 'NONE', *, *, #4446, .F. ) ;
#1888 = CARTESIAN_POINT ( 'NONE',  ( 11.82821663984000082, 34.92368686731679617, -5.751264490268519047 ) ) ;
#1889 = FACE_OUTER_BOUND ( 'NONE', #639, .T. ) ;
#1890 = DIRECTION ( 'NONE',  ( 1.000000000000000000, 0.000000000000000000, 0.000000000000000000 ) ) ;
#1891 = CARTESIAN_POINT ( 'NONE',  ( -49.00000073015689850, -44.00000065565109963, 4.000000000000000000 ) ) ;
#1892 = CARTESIAN_POINT ( 'NONE',  ( -0.7538216982182879278, 44.38668891188903842, 7.404828359229097323 ) ) ;
#1893 = CARTESIAN_POINT ( 'NONE',  ( -46.00000068545340071, -41.00000061094760184, 4.000000000000000000 ) ) ;
#1894 = ADVANCED_FACE ( 'NONE', ( #5582, #2265 ), #4666, .F. ) ;
#1895 = AXIS2_PLACEMENT_3D ( 'NONE', #5236, #5204, #2286 ) ;
#1896 = CIRCLE ( 'NONE', #2680, 2.000000000000000444 ) ;
#1897 = CARTESIAN_POINT ( 'NONE',  ( 14.54202766781885892, 30.42558156954911652, 21.33444551999650329 ) ) ;
#1898 = CYLINDRICAL_SURFACE ( 'NONE', #816, 1.999999999999998446 ) ;
#1899 = CIRCLE ( 'NONE', #3788, 17.99999999999998934 ) ;
#1900 = CIRCLE ( 'NONE', #5887, 17.99999999999999289 ) ;
#1901 = ORIENTED_EDGE ( 'NONE', *, *, #3745, .T. ) ;
#1902 = CIRCLE ( 'NONE', #3392, 5.999999999999999112 ) ;
#1903 = CARTESIAN_POINT ( 'NONE',  ( 11.91896633818867457, 11.11714499009059764, -33.38805609083139814 ) ) ;
#1904 = CARTESIAN_POINT ( 'NONE',  ( 12.52812995422750930, 27.32306237467561871, 22.11792733084179829 ) ) ;
#1905 = CARTESIAN_POINT ( 'NONE',  ( -3.326061909220359603, -0.5574374503860767271, -44.62340029803993247 ) ) ;
#1906 = DIRECTION ( 'NONE',  ( 0.000000000000000000, 0.000000000000000000, -1.000000000000000000 ) ) ;
#1907 = VERTEX_POINT ( 'NONE', #5116 ) ;
#1908 = DIRECTION ( 'NONE',  ( -3.330895137017530143E-18, 0.9848077530122081313, -0.1736481776669299981 ) ) ;
#1909 = VERTEX_POINT ( 'NONE', #4202 ) ;
#1910 = CARTESIAN_POINT ( 'NONE',  ( 11.00000000000000000, -12.22082813412720093, 29.57450523197509895 ) ) ;
#1911 = VERTEX_POINT ( 'NONE', #3292 ) ;
#1912 = CARTESIAN_POINT ( 'NONE',  ( -1.077881309462086712, 1.011071318291181020, -44.94996896041614320 ) ) ;
#1913 = CARTESIAN_POINT ( 'NONE',  ( -0.2595068970023967081, 42.91811972561887245, 2.652357294453565828 ) ) ;
#1914 = ORIENTED_EDGE ( 'NONE', *, *, #4396, .T. ) ;
#1915 = ORIENTED_EDGE ( 'NONE', *, *, #2029, .F. ) ;
#1916 = EDGE_CURVE ( 'NONE', #3434, #4577, #4560, .T. ) ;
#1917 = CARTESIAN_POINT ( 'NONE',  ( -2.999999999999998224, -16.48390109005785220, 3.093121378389106280 ) ) ;
#1918 = CARTESIAN_POINT ( 'NONE',  ( -9.000000134110448968, -44.00000065565109963, 0.000000000000000000 ) ) ;
#1919 = CARTESIAN_POINT ( 'NONE',  ( 4.562891424181769820E-15, 50.51060196856949602, 21.55641641768750105 ) ) ;
#1920 = DIRECTION ( 'NONE',  ( 1.000000000000000000, 5.793456394897969729E-18, 1.367446332762960049E-17 ) ) ;
#1921 = CARTESIAN_POINT ( 'NONE',  ( 14.00000000000000000, 31.24732657902119826, -6.899607355784239893 ) ) ;
#1922 = DIRECTION ( 'NONE',  ( -1.000000000000000000, -5.793456394897969729E-18, -1.367446332762960049E-17 ) ) ;
#1923 = CIRCLE ( 'NONE', #444, 31.99999999999999645 ) ;
#1924 = CARTESIAN_POINT ( 'NONE',  ( -15.00000000000000000, -10.63918073367659467, 12.96511582379512717 ) ) ;
#1925 = CARTESIAN_POINT ( 'NONE',  ( -15.00000000000000000, -10.34044964285405577, -5.032405109249399544 ) ) ;
#1926 = CARTESIAN_POINT ( 'NONE',  ( -2.999999999999997335, 0.000000000000000000, 0.000000000000000000 ) ) ;
#1927 = CIRCLE ( 'NONE', #5425, 30.00000000000000355 ) ;
#1928 = CARTESIAN_POINT ( 'NONE',  ( -4.109087878973202379, 40.95437030799884326, 10.71759934811924175 ) ) ;
#1929 = EDGE_CURVE ( 'NONE', #497, #3839, #5644, .T. ) ;
#1930 = DIRECTION ( 'NONE',  ( 1.000000000000000000, 5.793456394897969729E-18, 1.367446332762960049E-17 ) ) ;
#1931 = CARTESIAN_POINT ( 'NONE',  ( -3.643076878501847471, -0.9936266075788573460, -44.53979853676288059 ) ) ;
#1932 = CARTESIAN_POINT ( 'NONE',  ( 16.00000000000000000, 6.104341478428968237, 34.61944084735258542 ) ) ;
#1933 = EDGE_LOOP ( 'NONE', ( #234, #2984, #231, #5469 ) ) ;
#1934 = CIRCLE ( 'NONE', #160, 24.42682846964509480 ) ;
#1935 = CIRCLE ( 'NONE', #752, 3.000000000000000444 ) ;
#1936 = ORIENTED_EDGE ( 'NONE', *, *, #3408, .T. ) ;
#1937 = CIRCLE ( 'NONE', #5432, 2.000000000000002220 ) ;
#1938 = AXIS2_PLACEMENT_3D ( 'NONE', #3373, #2003, #528 ) ;
#1939 = DIRECTION ( 'NONE',  ( 0.000000000000000000, 0.3420201433256630508, -0.9396926207859104263 ) ) ;
#1940 = EDGE_LOOP ( 'NONE', ( #4966, #3774, #2673, #3440 ) ) ;
#1941 = CARTESIAN_POINT ( 'NONE',  ( 1.185033931011153285, 0.6981743164567993931, -44.94786627080416963 ) ) ;
#1942 = CARTESIAN_POINT ( 'NONE',  ( -0.9974999117056126963, 42.86153502192905052, 2.931805428479262954 ) ) ;
#1943 = CARTESIAN_POINT ( 'NONE',  ( -20.00000000000000000, -3.429671419371789943E-15, -8.070106152256670580E-17 ) ) ;
#1944 = VERTEX_POINT ( 'NONE', #474 ) ;
#1945 = AXIS2_PLACEMENT_3D ( 'NONE', #1709, #3601, #5513 ) ;
#1946 = ORIENTED_EDGE ( 'NONE', *, *, #4988, .T. ) ;
#1947 = CARTESIAN_POINT ( 'NONE',  ( -12.93406084090613284, 21.02631467624910044, 28.19690630812696597 ) ) ;
#1948 = FILL_AREA_STYLE ('',( #2353 ) ) ;
#1949 = DIRECTION ( 'NONE',  ( 0.000000000000000000, -0.1736481776669316912, -0.9848077530122077983 ) ) ;
#1950 = CARTESIAN_POINT ( 'NONE',  ( 16.00000000000000000, -3.221106989155459856E-15, 4.115796182720999718E-16 ) ) ;
#1951 = CARTESIAN_POINT ( 'NONE',  ( -15.00000000000000000, -5.908529299575821625, -15.69635870271548050 ) ) ;
#1952 = CARTESIAN_POINT ( 'NONE',  ( 11.24809744129438016, 37.47297208700230442, 13.77728045627048914 ) ) ;
#1953 = EDGE_CURVE ( 'NONE', #1430, #5519, #3642, .T. ) ;
#1954 = VERTEX_POINT ( 'NONE', #842 ) ;
#1955 = EDGE_CURVE ( 'NONE', #3484, #760, #5862, .T. ) ;
#1956 = ADVANCED_FACE ( 'NONE', ( #4706 ), #6105, .F. ) ;
#1957 = CARTESIAN_POINT ( 'NONE',  ( 1.868695664322018724, 42.51346304521390351, 5.478440629986934596 ) ) ;
#1958 = CARTESIAN_POINT ( 'NONE',  ( 14.98629442776794463, 27.65704030654011447, 24.81676374834755805 ) ) ;
#1959 = ADVANCED_FACE ( 'NONE', ( #4142 ), #3699, .F. ) ;
#1960 = DIRECTION ( 'NONE',  ( -3.330895137017530143E-18, 0.9848077530122081313, -0.1736481776669299981 ) ) ;
#1961 = DIRECTION ( 'NONE',  ( -0.8660254037844425934, -0.08682408883346411088, -0.4924038765060974043 ) ) ;
#1962 = CARTESIAN_POINT ( 'NONE',  ( -4.475979757492789091, -12.56374486855771266, -42.49874189733546359 ) ) ;
#1963 = VECTOR ( 'NONE', #4704, 1000.000000000000000 ) ;
#1964 = PLANE ( 'NONE',  #5725 ) ;
#1965 = AXIS2_PLACEMENT_3D ( 'NONE', #2950, #5364, #3481 ) ;
#1966 = CARTESIAN_POINT ( 'NONE',  ( -1.609334061710613106, 0.8300005212934201682, -44.90577327195740764 ) ) ;
#1967 = DIRECTION ( 'NONE',  ( -1.000000000000000000, -5.793456394897969729E-18, -1.367446332762960049E-17 ) ) ;
#1968 = ADVANCED_FACE ( 'NONE', ( #3760 ), #6138, .F. ) ;
#1969 = EDGE_LOOP ( 'NONE', ( #2, #4161, #2089, #1782 ) ) ;
#1970 = CIRCLE ( 'NONE', #888, 12.99999999999999822 ) ;
#1971 = ORIENTED_EDGE ( 'NONE', *, *, #889, .T. ) ;
#1972 = CARTESIAN_POINT ( 'NONE',  ( 3.573012985371714301, -2.057090765981493430, -44.52169643517601116 ) ) ;
#1973 = DIRECTION ( 'NONE',  ( 1.000000000000000000, -0.000000000000000000, -0.000000000000000000 ) ) ;
#1974 =( NAMED_UNIT ( * ) SI_UNIT ( $, .STERADIAN. ) SOLID_ANGLE_UNIT ( ) );
#1975 = ORIENTED_EDGE ( 'NONE', *, *, #4479, .F. ) ;
#1976 = CIRCLE ( 'NONE', #5465, 1.599999999999997202 ) ;
#1977 = ORIENTED_EDGE ( 'NONE', *, *, #3886, .T. ) ;
#1978 = CARTESIAN_POINT ( 'NONE',  ( 11.92547015910184172, -21.83502948663345578, -27.57769883023639323 ) ) ;
#1979 = CARTESIAN_POINT ( 'NONE',  ( -14.95628003271646023, 28.05887139077508152, 24.35328389275163019 ) ) ;
#1980 = DIRECTION ( 'NONE',  ( 1.000000000000000000, 0.000000000000000000, 0.000000000000000000 ) ) ;
#1981 = CARTESIAN_POINT ( 'NONE',  ( -15.00000000000000000, -16.48390109005785220, 3.093121378389106280 ) ) ;
#1982 = CARTESIAN_POINT ( 'NONE',  ( -7.999999999999972466, 0.000000000000000000, 5.000000000000000888 ) ) ;
#1983 = CARTESIAN_POINT ( 'NONE',  ( -8.664102401659816266, 40.86290185464863356, 10.80530970013396086 ) ) ;
#1984 = VERTEX_POINT ( 'NONE', #5612 ) ;
#1985 = ADVANCED_FACE ( 'NONE', ( #1346 ), #3229, .F. ) ;
#1986 = CARTESIAN_POINT ( 'NONE',  ( 2.387851737816767118E-15, 44.94140891468628496, 2.295596820645255498 ) ) ;
#1987 = CARTESIAN_POINT ( 'NONE',  ( 14.00000000000000000, -31.72268690230989918, 4.203704996549940454 ) ) ;
#1988 = CARTESIAN_POINT ( 'NONE',  ( 4.556229633907740380E-15, 52.48021747459389985, 21.20912006235359826 ) ) ;
#1989 = DIRECTION ( 'NONE',  ( 1.000000000000000000, 5.793456394897969729E-18, 1.367446332762960049E-17 ) ) ;
#1990 = CARTESIAN_POINT ( 'NONE',  ( 2.986457047683962696, -14.19320029485656143, -42.38651106235895583 ) ) ;
#1991 = AXIS2_PLACEMENT_3D ( 'NONE', #2319, #4295, #5266 ) ;
#1992 = VECTOR ( 'NONE', #1238, 1000.000000000000114 ) ;
#1993 = EDGE_CURVE ( 'NONE', #4311, #2314, #1481, .T. ) ;
#1994 = DIRECTION ( 'NONE',  ( 1.447274064869761313E-17, -0.1736481776669315247, -0.9848077530122077983 ) ) ;
#1995 = DIRECTION ( 'NONE',  ( 0.8660254037844363761, -0.08682408883346416639, -0.4924038765061081735 ) ) ;
#1996 = DIRECTION ( 'NONE',  ( 0.000000000000000000, 0.9396926207859069846, 0.3420201433256727097 ) ) ;
#1997 = VECTOR ( 'NONE', #1771, 1000.000000000000000 ) ;
#1998 = CIRCLE ( 'NONE', #5692, 14.99999999999999822 ) ;
#1999 = ORIENTED_EDGE ( 'NONE', *, *, #4205, .F. ) ;
#2000 = CIRCLE ( 'NONE', #25, 11.50000000000000178 ) ;
#2001 = ORIENTED_EDGE ( 'NONE', *, *, #5747, .T. ) ;
#2002 = CARTESIAN_POINT ( 'NONE',  ( 3.883870885524514538, -2.782752001286137755, -44.40152395061615209 ) ) ;
#2003 = DIRECTION ( 'NONE',  ( -3.330895137017530528E-18, 0.9848077530122082424, -0.1736481776669300259 ) ) ;
#2004 = DIRECTION ( 'NONE',  ( 0.000000000000000000, 0.1736481776669300259, 0.9848077530122081313 ) ) ;
#2005 = ORIENTED_EDGE ( 'NONE', *, *, #5493, .F. ) ;
#2006 = ORIENTED_EDGE ( 'NONE', *, *, #1629, .F. ) ;
#2007 = CIRCLE ( 'NONE', #427, 30.00000000000000000 ) ;
#2008 = ORIENTED_EDGE ( 'NONE', *, *, #4471, .F. ) ;
#2009 = CARTESIAN_POINT ( 'NONE',  ( -12.98447499528469251, 24.14239432450466438, 25.55225776352320466 ) ) ;
#2010 = FACE_OUTER_BOUND ( 'NONE', #6041, .T. ) ;
#2011 = DIRECTION ( 'NONE',  ( 0.000000000000000000, 0.000000000000000000, -1.000000000000000000 ) ) ;
#2012 = DIRECTION ( 'NONE',  ( 1.000000000000000000, 0.000000000000000000, 0.000000000000000000 ) ) ;
#2013 = DIRECTION ( 'NONE',  ( -1.000000000000000000, -5.793456394897969729E-18, -1.367446332762960049E-17 ) ) ;
#2014 = DIRECTION ( 'NONE',  ( 0.000000000000000000, 0.3420201433256758183, 0.9396926207859057634 ) ) ;
#2015 = ORIENTED_EDGE ( 'NONE', *, *, #609, .F. ) ;
#2016 = VECTOR ( 'NONE', #705, 1000.000000000000114 ) ;
#2017 = CARTESIAN_POINT ( 'NONE',  ( 1.216095771372414536, 42.83208210149640394, 3.084606936861688631 ) ) ;
#2018 = CARTESIAN_POINT ( 'NONE',  ( 13.00000000000000000, 19.50185876818270359, 25.37080023542530327 ) ) ;
#2019 = LINE ( 'NONE', #5335, #3017 ) ;
#2020 = FACE_OUTER_BOUND ( 'NONE', #5844, .T. ) ;
#2021 = CARTESIAN_POINT ( 'NONE',  ( 1.660185576063379465, -15.60514854605386681, -42.10933014279332554 ) ) ;
#2022 = EDGE_LOOP ( 'NONE', ( #266, #4591, #1795, #2677 ) ) ;
#2023 = VECTOR ( 'NONE', #281, 1000.000000000000000 ) ;
#2024 = DIRECTION ( 'NONE',  ( 0.000000000000000000, -0.3420201433256757073, -0.9396926207859057634 ) ) ;
#2025 = CARTESIAN_POINT ( 'NONE',  ( -15.00000000000000000, -14.61562092824673620, -8.226178936180158274 ) ) ;
#2026 = EDGE_CURVE ( 'NONE', #784, #4822, #4364, .T. ) ;
#2027 = ORIENTED_EDGE ( 'NONE', *, *, #2638, .T. ) ;
#2028 = AXIS2_PLACEMENT_3D ( 'NONE', #1090, #3418, #2539 ) ;
#2029 = EDGE_CURVE ( 'NONE', #4603, #47, #5959, .T. ) ;
#2030 = VERTEX_POINT ( 'NONE', #813 ) ;
#2031 = AXIS2_PLACEMENT_3D ( 'NONE', #321, #285, #1715 ) ;
#2032 = CIRCLE ( 'NONE', #5233, 17.99999999999999645 ) ;
#2033 = CARTESIAN_POINT ( 'NONE',  ( -15.00000000000000000, 29.82931294585216264, -3.195635958368312934 ) ) ;
#2034 = ORIENTED_EDGE ( 'NONE', *, *, #2723, .T. ) ;
#2035 = ORIENTED_EDGE ( 'NONE', *, *, #2344, .F. ) ;
#2036 = CIRCLE ( 'NONE', #6024, 30.00000000000000000 ) ;
#2037 = VERTEX_POINT ( 'NONE', #2795 ) ;
#2038 = CARTESIAN_POINT ( 'NONE',  ( -12.97275315820777664, 24.39966084262826129, 25.30602774966428115 ) ) ;
#2039 = CARTESIAN_POINT ( 'NONE',  ( 13.00000000000000000, -3.238487358340159716E-15, 3.705562282892109516E-16 ) ) ;
#2040 = EDGE_CURVE ( 'NONE', #2349, #2037, #442, .T. ) ;
#2041 = LINE ( 'NONE', #3470, #4186 ) ;
#2042 = CYLINDRICAL_SURFACE ( 'NONE', #3414, 2.000000000000002220 ) ;
#2043 = CARTESIAN_POINT ( 'NONE',  ( 13.00000000000000000, -3.238487358340159716E-15, 3.705562282892109516E-16 ) ) ;
#2044 = DIRECTION ( 'NONE',  ( -1.000000000000000000, 0.000000000000000000, 0.000000000000000000 ) ) ;
#2045 = VERTEX_POINT ( 'NONE', #5549 ) ;
#2046 = EDGE_CURVE ( 'NONE', #5748, #2639, #1285, .T. ) ;
#2047 = CARTESIAN_POINT ( 'NONE',  ( 16.00000000000000000, -3.221106989155459856E-15, 4.115796182720999718E-16 ) ) ;
#2048 = DIRECTION ( 'NONE',  ( 0.000000000000000000, -1.000000000000000000, 0.000000000000000000 ) ) ;
#2049 = DIRECTION ( 'NONE',  ( 0.000000000000000000, 0.000000000000000000, -1.000000000000000000 ) ) ;
#2050 = CARTESIAN_POINT ( 'NONE',  ( 12.83434722097779712, 19.74288749975741197, 29.08801490854025218 ) ) ;
#2051 = CARTESIAN_POINT ( 'NONE',  ( 15.53241216860700114, 46.50626655730496140, 33.39932469899332546 ) ) ;
#2052 = CARTESIAN_POINT ( 'NONE',  ( 1.210914337760514492, -15.88857613849431161, -42.04980333292912320 ) ) ;
#2053 = VERTEX_POINT ( 'NONE', #2443 ) ;
#2054 = CARTESIAN_POINT ( 'NONE',  ( 15.53241216860679863, 48.95338721709459406, 12.72501270840729859 ) ) ;
#2055 = DIRECTION ( 'NONE',  ( -1.000000000000000000, 0.000000000000000000, 0.000000000000000000 ) ) ;
#2056 = EDGE_CURVE ( 'NONE', #1442, #610, #2959, .T. ) ;
#2057 = CIRCLE ( 'NONE', #5806, 11.49999999999999822 ) ;
#2058 = TOROIDAL_SURFACE ( 'NONE', #5555, 24.42682846964509835, 10.00000000000000000 ) ;
#2059 = EDGE_CURVE ( 'NONE', #5566, #3962, #318, .T. ) ;
#2060 = EDGE_CURVE ( 'NONE', #2200, #1907, #2662, .T. ) ;
#2061 = ORIENTED_EDGE ( 'NONE', *, *, #4434, .F. ) ;
#2062 = CARTESIAN_POINT ( 'NONE',  ( -5.339185379248807983, -8.525663480108038428, -43.18431586715677639 ) ) ;
#2063 = VERTEX_POINT ( 'NONE', #1921 ) ;
#2064 = AXIS2_PLACEMENT_3D ( 'NONE', #1468, #2413, #70 ) ;
#2065 = EDGE_LOOP ( 'NONE', ( #3370, #3708 ) ) ;
#2066 = VERTEX_POINT ( 'NONE', #596 ) ;
#2067 = CARTESIAN_POINT ( 'NONE',  ( -14.61185650499847277, 21.84415399568017335, 30.05357224904330238 ) ) ;
#2068 = DIRECTION ( 'NONE',  ( 0.000000000000000000, 0.000000000000000000, -1.000000000000000000 ) ) ;
#2069 = CIRCLE ( 'NONE', #893, 5.999999999999999112 ) ;
#2070 = CARTESIAN_POINT ( 'NONE',  ( -14.00000000000000000, -3.394910681002399689E-15, 1.345718443211020004E-18 ) ) ;
#2071 = CARTESIAN_POINT ( 'NONE',  ( -0.2678445611937756987, 44.53847973292595697, 6.428360871263802956 ) ) ;
#2072 = CARTESIAN_POINT ( 'NONE',  ( 5.432033398847705641, 43.12203588136220134, 8.660591181423429319 ) ) ;
#2073 = ORIENTED_EDGE ( 'NONE', *, *, #5262, .F. ) ;
#2074 = CIRCLE ( 'NONE', #1580, 2.000000000000001332 ) ;
#2075 = CARTESIAN_POINT ( 'NONE',  ( 1.950153868662518386, 42.53565357623822507, 5.206002214359036984 ) ) ;
#2076 = CARTESIAN_POINT ( 'NONE',  ( -8.000000000000000000, 0.000000000000000000, 1.000000000000000888 ) ) ;
#2077 = CARTESIAN_POINT ( 'NONE',  ( 13.66622026359166675, 14.58521844362436504, 34.17098030796685038 ) ) ;
#2078 = DIRECTION ( 'NONE',  ( -1.000000000000000000, -0.000000000000000000, -0.000000000000000000 ) ) ;
#2079 = FACE_OUTER_BOUND ( 'NONE', #2093, .T. ) ;
#2080 = CARTESIAN_POINT ( 'NONE',  ( 16.00000000000000000, -6.451637833762830176, -36.58905635337699636 ) ) ;
#2081 = CIRCLE ( 'NONE', #489, 1.599999999999997202 ) ;
#2082 = ORIENTED_EDGE ( 'NONE', *, *, #4179, .T. ) ;
#2083 = DIRECTION ( 'NONE',  ( -1.000000000000000000, -5.793456394897969729E-18, -1.367446332762960049E-17 ) ) ;
#2084 = CARTESIAN_POINT ( 'NONE',  ( 1.251157557612193161, 42.46639665487847992, 6.369029264177415328 ) ) ;
#2085 = CARTESIAN_POINT ( 'NONE',  ( 0.000000000000000000, 0.000000000000000000, 0.000000000000000000 ) ) ;
#2086 = PRODUCT ( 'vaccum.step', 'vaccum.step', '', ( #5182 ) ) ;
#2087 = CIRCLE ( 'NONE', #1198, 37.15350152500629122 ) ;
#2088 = VECTOR ( 'NONE', #1791, 1000.000000000000000 ) ;
#2089 = ORIENTED_EDGE ( 'NONE', *, *, #5181, .F. ) ;
#2090 = CARTESIAN_POINT ( 'NONE',  ( -5.363287333623884656, -8.022059137829264941, -43.27166932276192313 ) ) ;
#2091 = ORIENTED_EDGE ( 'NONE', *, *, #4198, .F. ) ;
#2092 = VERTEX_POINT ( 'NONE', #2973 ) ;
#2093 = EDGE_LOOP ( 'NONE', ( #3279, #4594, #753, #1095 ) ) ;
#2094 = AXIS2_PLACEMENT_3D ( 'NONE', #565, #5789, #1521 ) ;
#2095 = CARTESIAN_POINT ( 'NONE',  ( -2.999999999999999112, 0.000000000000000000, 0.000000000000000000 ) ) ;
#2096 = CARTESIAN_POINT ( 'NONE',  ( -15.00000000000000000, -11.00709900302993027, -3.330731381768497812 ) ) ;
#2097 = DIRECTION ( 'NONE',  ( 0.000000000000000000, 0.8660254037844362651, -0.5000000000000039968 ) ) ;
#2098 = CARTESIAN_POINT ( 'NONE',  ( -15.00000000000000000, -0.000000000000000000, 0.000000000000000000 ) ) ;
#2099 = DIRECTION ( 'NONE',  ( -1.447274064869762545E-17, 0.1736481776669316912, 0.9848077530122077983 ) ) ;
#2100 = DIRECTION ( 'NONE',  ( 0.000000000000000000, -0.1736481776669316912, -0.9848077530122077983 ) ) ;
#2101 = ORIENTED_EDGE ( 'NONE', *, *, #1217, .T. ) ;
#2102 = EDGE_CURVE ( 'NONE', #2692, #5566, #2170, .T. ) ;
#2103 = CARTESIAN_POINT ( 'NONE',  ( 5.273272682377040749E-15, 57.21696612823423322, 36.55501561955537682 ) ) ;
#2104 = CARTESIAN_POINT ( 'NONE',  ( -8.630616315103706526, 37.19622685702364606, 14.01282746021139936 ) ) ;
#2105 = CARTESIAN_POINT ( 'NONE',  ( 13.93353062368502471, 16.79187975153228152, 33.15007026754508956 ) ) ;
#2106 = CARTESIAN_POINT ( 'NONE',  ( 1.615675592135865424, 44.56125660727600746, 5.620546810286367823 ) ) ;
#2107 = DIRECTION ( 'NONE',  ( 0.000000000000000000, -0.9848077530122062440, 0.1736481776669404620 ) ) ;
#2108 = DIRECTION ( 'NONE',  ( 1.000000000000000000, 5.793456394897969729E-18, 1.367446332762960049E-17 ) ) ;
#2109 = CARTESIAN_POINT ( 'NONE',  ( 2.960737757406076476, -14.23122004074498470, -42.37927646073653420 ) ) ;
#2110 = ORIENTED_EDGE ( 'NONE', *, *, #5007, .F. ) ;
#2111 = DIRECTION ( 'NONE',  ( -1.000000000000000000, -5.793456394897949699E-18, -1.367446332762956043E-17 ) ) ;
#2112 = DIRECTION ( 'NONE',  ( 1.447274064869760388E-17, -0.1736481776669298871, -0.9848077530122082424 ) ) ;
#2113 = DIRECTION ( 'NONE',  ( -0.02217550796470975707, -0.1721890105686393058, 0.9848142928927767770 ) ) ;
#2114 = EDGE_CURVE ( 'NONE', #3209, #22, #5667, .T. ) ;
#2115 = VERTEX_POINT ( 'NONE', #741 ) ;
#2116 = ORIENTED_EDGE ( 'NONE', *, *, #4471, .T. ) ;
#2117 = CARTESIAN_POINT ( 'NONE',  ( -2.999999999999998224, 0.000000000000000000, -30.00000000000000000 ) ) ;
#2118 = VERTEX_POINT ( 'NONE', #1112 ) ;
#2119 = ORIENTED_EDGE ( 'NONE', *, *, #5463, .T. ) ;
#2120 = VERTEX_POINT ( 'NONE', #2657 ) ;
#2121 = PLANE ( 'NONE',  #2233 ) ;
#2122 = CARTESIAN_POINT ( 'NONE',  ( 6.000000000000000000, -32.57382070802304241, 7.774496679355915596 ) ) ;
#2123 = CARTESIAN_POINT ( 'NONE',  ( -15.00000000000000000, 7.995660308259869176, 8.265556014867827983 ) ) ;
#2124 = CARTESIAN_POINT ( 'NONE',  ( -2.999999999999999112, -10.34044964285405577, -5.032405109249395991 ) ) ;
#2125 = FACE_OUTER_BOUND ( 'NONE', #3589, .T. ) ;
#2126 = CARTESIAN_POINT ( 'NONE',  ( -16.00000000000000000, -3.406497593792199596E-15, -2.600320821204820216E-17 ) ) ;
#2127 = VERTEX_POINT ( 'NONE', #4536 ) ;
#2128 = VECTOR ( 'NONE', #4931, 1000.000000000000000 ) ;
#2129 = EDGE_CURVE ( 'NONE', #3447, #204, #3958, .T. ) ;
#2130 = DIRECTION ( 'NONE',  ( -3.330895137017530143E-18, 0.9848077530122081313, -0.1736481776669299981 ) ) ;
#2131 = CARTESIAN_POINT ( 'NONE',  ( 11.86198706381790124, -12.73419459711759849, 32.94442013259399715 ) ) ;
#2132 = EDGE_CURVE ( 'NONE', #4075, #2314, #2074, .T. ) ;
#2133 = CARTESIAN_POINT ( 'NONE',  ( 16.00000000000000000, -3.221106989155459856E-15, 4.115796182720999718E-16 ) ) ;
#2134 = DIRECTION ( 'NONE',  ( 0.000000000000000000, -0.1736481776669300259, -0.9848077530122081313 ) ) ;
#2135 = EDGE_CURVE ( 'NONE', #3244, #5371, #1976, .T. ) ;
#2136 = DIRECTION ( 'NONE',  ( -3.330895137017530528E-18, 0.9848077530122082424, -0.1736481776669300259 ) ) ;
#2137 = LINE ( 'NONE', #3137, #2023 ) ;
#2138 = CARTESIAN_POINT ( 'NONE',  ( -15.00000000000000000, 0.000000000000000000, 0.000000000000000000 ) ) ;
#2139 = VECTOR ( 'NONE', #4737, 1000.000000000000000 ) ;
#2140 = ORIENTED_EDGE ( 'NONE', *, *, #4709, .F. ) ;
#2141 = ADVANCED_FACE ( 'NONE', ( #158 ), #188, .F. ) ;
#2142 = DIRECTION ( 'NONE',  ( 0.000000000000000000, 0.000000000000000000, -1.000000000000000000 ) ) ;
#2143 = DIRECTION ( 'NONE',  ( 1.000000000000000000, 0.000000000000000000, 0.000000000000000000 ) ) ;
#2144 = SHAPE_REPRESENTATION_RELATIONSHIP ( 'NONE' , 'NONE' ,  #173, #6000 ) ;
#2145 = ORIENTED_EDGE ( 'NONE', *, *, #1595, .F. ) ;
#2146 = ORIENTED_EDGE ( 'NONE', *, *, #4759, .T. ) ;
#2147 = CARTESIAN_POINT ( 'NONE',  ( -5.313751244918740291, -8.862261000724647175, -43.12610416229783539 ) ) ;
#2148 = VERTEX_POINT ( 'NONE', #5416 ) ;
#2149 = EDGE_CURVE ( 'NONE', #4998, #3345, #5861, .T. ) ;
#2150 = ORIENTED_EDGE ( 'NONE', *, *, #3805, .T. ) ;
#2151 = CIRCLE ( 'NONE', #5260, 31.99999999999999645 ) ;
#2152 = EDGE_LOOP ( 'NONE', ( #1756, #84, #1391, #3066 ) ) ;
#2153 = VERTEX_POINT ( 'NONE', #5851 ) ;
#2154 = CARTESIAN_POINT ( 'NONE',  ( 12.97292698654088561, 22.45335817108184528, 27.36242048939613980 ) ) ;
#2155 = CARTESIAN_POINT ( 'NONE',  ( 11.09472855270803038, 32.12814061225736850, 17.91310341542882512 ) ) ;
#2156 = CARTESIAN_POINT ( 'NONE',  ( 11.82268796044870030, -34.80952627357310547, 6.472370757162839716 ) ) ;
#2157 = CIRCLE ( 'NONE', #1173, 31.99999999999999645 ) ;
#2158 = CARTESIAN_POINT ( 'NONE',  ( 11.92855545387104321, -21.82029300056844079, -27.58029713150513018 ) ) ;
#2159 = DIRECTION ( 'NONE',  ( -1.000000000000000000, -5.793456394897949699E-18, -1.367446332762956043E-17 ) ) ;
#2160 = DIRECTION ( 'NONE',  ( -1.000000000000000000, 0.000000000000000000, 0.000000000000000000 ) ) ;
#2161 = EDGE_LOOP ( 'NONE', ( #5040, #1901, #2205, #5327, #5022 ) ) ;
#2162 = CARTESIAN_POINT ( 'NONE',  ( 4.549567843633699896E-15, 54.44983298061829657, 20.86182370701970257 ) ) ;
#2163 = CARTESIAN_POINT ( 'NONE',  ( 4.386936267692160727E-15, 47.04887611028583905, 1.923993493103031138 ) ) ;
#2164 = CIRCLE ( 'NONE', #2367, 2.000000000000001332 ) ;
#2165 = DIRECTION ( 'NONE',  ( -1.000000000000000000, -0.000000000000000000, -0.000000000000000000 ) ) ;
#2166 = CARTESIAN_POINT ( 'NONE',  ( -2.999999999999999112, 1.368767404691080047, -11.41825187109897577 ) ) ;
#2167 = EDGE_CURVE ( 'NONE', #1488, #5899, #1206, .T. ) ;
#2168 = LINE ( 'NONE', #3136, #3618 ) ;
#2169 = DIRECTION ( 'NONE',  ( 0.000000000000000000, -0.1736481776669316912, -0.9848077530122077983 ) ) ;
#2170 = B_SPLINE_CURVE_WITH_KNOTS ( 'NONE', 3,
 ( #2384, #69, #3412, #5297, #4831, #5269, #626, #5707, #1952, #4298, #567, #3852, #1437, #3319, #5761, #37, #5239, #5326, #4860, #965, #5733, #1467, #2072, #5384, #5478, #1241, #2627, #2534, #679, #5877, #5974, #2561, #3971, #4444, #3128, #1614, #5047, #244, #4475, #4948, #3003, #212 ),
 .UNSPECIFIED., .F., .F.,
 ( 4, 2, 2, 2, 2, 2, 2, 1, 2, 2, 2, 2, 1, 2, 2, 1, 1, 2, 2, 2, 2, 2, 4 ),
 ( 0.000000000000000000, 0.06373596326926130040, 0.09560394490389206856, 0.1115379357212075012, 0.1274719265385229061, 0.1912078898077839428, 0.2230758714424145028, 0.2390098622597298661, 0.2469768576683875061, 0.2549438530770451461, 0.3186798163463049893, 0.3505477979809348832, 0.3664817887982498856, 0.3744487842069074146, 0.3764405330590718246, 0.3784322819112361791, 0.3824157796155648326, 0.4461517428848230105, 0.4780197245194521272, 0.4939537153367666855, 0.5019207107454238814, 0.5059042084497525904, 0.5098877061540810773 ),
 .UNSPECIFIED. ) ;
#2171 = ORIENTED_EDGE ( 'NONE', *, *, #5658, .F. ) ;
#2172 = DIRECTION ( 'NONE',  ( -3.330895137017530528E-18, 0.9848077530122082424, -0.1736481776669300259 ) ) ;
#2173 = CYLINDRICAL_SURFACE ( 'NONE', #5980, 11.50000000000000000 ) ;
#2174 = AXIS2_PLACEMENT_3D ( 'NONE', #5220, #487, #3712 ) ;
#2175 = EDGE_CURVE ( 'NONE', #3138, #4029, #3473, .T. ) ;
#2176 = VERTEX_POINT ( 'NONE', #650 ) ;
#2177 = VERTEX_POINT ( 'NONE', #3034 ) ;
#2178 = CARTESIAN_POINT ( 'NONE',  ( -2.999999999999998224, 0.000000000000000000, 0.000000000000000000 ) ) ;
#2179 = VERTEX_POINT ( 'NONE', #1642 ) ;
#2180 = ORIENTED_EDGE ( 'NONE', *, *, #1545, .T. ) ;
#2181 = VERTEX_POINT ( 'NONE', #3096 ) ;
#2182 = CIRCLE ( 'NONE', #3684, 1.600000000000000755 ) ;
#2183 = ORIENTED_EDGE ( 'NONE', *, *, #170, .F. ) ;
#2184 = CARTESIAN_POINT ( 'NONE',  ( 12.98205191545071990, 22.77276552570395651, 27.14092000377572234 ) ) ;
#2185 = CARTESIAN_POINT ( 'NONE',  ( 4.646494107650264382, 40.69182957624875030, 10.95871558178449234 ) ) ;
#2186 = CARTESIAN_POINT ( 'NONE',  ( 4.680513887597046896, -6.469532957532674544, -43.77564948011356449 ) ) ;
#2187 = DIRECTION ( 'NONE',  ( -3.330895137017530528E-18, 0.9848077530122082424, -0.1736481776669300259 ) ) ;
#2188 = DIRECTION ( 'NONE',  ( 0.000000000000000000, -0.1736481776669300259, -0.9848077530122081313 ) ) ;
#2189 = ORIENTED_EDGE ( 'NONE', *, *, #4813, .F. ) ;
#2190 = AXIS2_PLACEMENT_3D ( 'NONE', #2948, #5422, #2049 ) ;
#2191 = CIRCLE ( 'NONE', #5793, 16.30000000000000071 ) ;
#2192 = ORIENTED_EDGE ( 'NONE', *, *, #4862, .F. ) ;
#2193 = CARTESIAN_POINT ( 'NONE',  ( -2.999999999999998224, -16.48390109005785220, 3.093121378389106280 ) ) ;
#2194 = CARTESIAN_POINT ( 'NONE',  ( -10.20540412925947926, 34.42468628942944520, 16.21750079479651063 ) ) ;
#2195 = CARTESIAN_POINT ( 'NONE',  ( 6.000000000000000000, -33.26841341869076274, 3.835265667307083959 ) ) ;
#2196 = CARTESIAN_POINT ( 'NONE',  ( -2.999999999999999112, 0.000000000000000000, 0.000000000000000000 ) ) ;
#2197 = CARTESIAN_POINT ( 'NONE',  ( 10.00000000000000000, 0.000000000000000000, 0.000000000000000000 ) ) ;
#2198 = CARTESIAN_POINT ( 'NONE',  ( 6.000000000000000000, 32.92111706335690258, -5.804881173331500221 ) ) ;
#2199 = AXIS2_PLACEMENT_3D ( 'NONE', #1750, #4585, #4209 ) ;
#2200 = VERTEX_POINT ( 'NONE', #3534 ) ;
#2201 = LINE ( 'NONE', #1684, #6121 ) ;
#2202 = CARTESIAN_POINT ( 'NONE',  ( 11.93488257301919830, 34.78468076121159669, -5.078843747272739684 ) ) ;
#2203 = FACE_OUTER_BOUND ( 'NONE', #1724, .T. ) ;
#2204 = ORIENTED_EDGE ( 'NONE', *, *, #2167, .T. ) ;
#2205 = ORIENTED_EDGE ( 'NONE', *, *, #1504, .F. ) ;
#2206 = ADVANCED_FACE ( 'NONE', ( #5447, #4978 ), #4502, .F. ) ;
#2207 = CARTESIAN_POINT ( 'NONE',  ( -3.706025575336686195, -14.07565358799544697, -42.25209923482182717 ) ) ;
#2208 = EDGE_LOOP ( 'NONE', ( #5232, #4723, #3872, #1515, #5661, #2183, #2034, #3517 ) ) ;
#2209 = VERTEX_POINT ( 'NONE', #3568 ) ;
#2210 = ORIENTED_EDGE ( 'NONE', *, *, #1625, .F. ) ;
#2211 = VERTEX_POINT ( 'NONE', #341 ) ;
#2212 = CIRCLE ( 'NONE', #5219, 16.42682846964509835 ) ;
#2213 = CARTESIAN_POINT ( 'NONE',  ( 12.99370367148591221, 23.10550926565568020, 26.79728011850150793 ) ) ;
#2214 = LINE ( 'NONE', #1638, #142 ) ;
#2215 = EDGE_CURVE ( 'NONE', #1673, #4311, #4459, .T. ) ;
#2216 = DIRECTION ( 'NONE',  ( 0.000000000000000000, 0.000000000000000000, -1.000000000000000000 ) ) ;
#2217 =( GEOMETRIC_REPRESENTATION_CONTEXT ( 3 ) GLOBAL_UNCERTAINTY_ASSIGNED_CONTEXT ( ( #670 ) ) GLOBAL_UNIT_ASSIGNED_CONTEXT ( ( #5960, #1657, #4964 ) ) REPRESENTATION_CONTEXT ( 'NONE', 'WORKASPACE' ) );
#2218 = PLANE ( 'NONE',  #4112 ) ;
#2219 = DIRECTION ( 'NONE',  ( 0.000000000000000000, -0.1736481776669300259, -0.9848077530122081313 ) ) ;
#2220 = CARTESIAN_POINT ( 'NONE',  ( -15.00000000000000000, 0.1837305293149807395, 16.77058848403524749 ) ) ;
#2221 = ORIENTED_EDGE ( 'NONE', *, *, #1707, .T. ) ;
#2222 = ORIENTED_EDGE ( 'NONE', *, *, #284, .T. ) ;
#2223 = AXIS2_PLACEMENT_3D ( 'NONE', #4331, #542, #2980 ) ;
#2224 = DIRECTION ( 'NONE',  ( 1.000000000000000000, 0.000000000000000000, 0.000000000000000000 ) ) ;
#2225 = DIRECTION ( 'NONE',  ( -1.000000000000000000, -5.793456394897969729E-18, -1.367446332762960049E-17 ) ) ;
#2226 = CYLINDRICAL_SURFACE ( 'NONE', #5494, 2.000000000000001332 ) ;
#2227 = DIRECTION ( 'NONE',  ( -3.330895137017530143E-18, 0.9848077530122081313, -0.1736481776669299981 ) ) ;
#2228 = DIRECTION ( 'NONE',  ( 1.000000000000000000, 5.793456394897969729E-18, 1.367446332762960049E-17 ) ) ;
#2229 = VECTOR ( 'NONE', #4144, 1000.000000000000000 ) ;
#2230 = CIRCLE ( 'NONE', #5825, 17.99999999999998934 ) ;
#2231 = ADVANCED_FACE ( 'NONE', ( #2721 ), #1308, .T. ) ;
#2232 = VERTEX_POINT ( 'NONE', #1338 ) ;
#2233 = AXIS2_PLACEMENT_3D ( 'NONE', #1170, #268, #4030 ) ;
#2234 = CARTESIAN_POINT ( 'NONE',  ( -15.00000000000000000, 8.326892901709809891, 28.82122229544498282 ) ) ;
#2235 = CARTESIAN_POINT ( 'NONE',  ( -2.999999999999998224, -5.908529299575821625, -15.69635870271548050 ) ) ;
#2236 = APPLICATION_PROTOCOL_DEFINITION ( 'draft international standard', 'automotive_design', 1998, #4268 ) ;
#2237 = DIRECTION ( 'NONE',  ( 0.8660254037844363761, -0.08682408883346416639, -0.4924038765061081735 ) ) ;
#2238 = ORIENTED_EDGE ( 'NONE', *, *, #323, .T. ) ;
#2239 = ORIENTED_EDGE ( 'NONE', *, *, #1517, .F. ) ;
#2240 = EDGE_CURVE ( 'NONE', #5157, #4937, #2659, .T. ) ;
#2241 = CARTESIAN_POINT ( 'NONE',  ( -2.705370523881124534, -15.28157814152793925, -42.06452662445066437 ) ) ;
#2242 = CARTESIAN_POINT ( 'NONE',  ( 13.00000000000000000, 31.24732657902119826, -6.899607355784239893 ) ) ;
#2243 = VERTEX_POINT ( 'NONE', #1853 ) ;
#2244 = EDGE_LOOP ( 'NONE', ( #2171, #205, #2406, #2342 ) ) ;
#2245 = ADVANCED_FACE ( 'NONE', ( #6070 ), #6003, .T. ) ;
#2246 = ORIENTED_EDGE ( 'NONE', *, *, #4936, .F. ) ;
#2247 = EDGE_CURVE ( 'NONE', #1594, #1113, #2558, .T. ) ;
#2248 = DIRECTION ( 'NONE',  ( 1.000000000000000000, 5.793456394897969729E-18, 1.367446332762960049E-17 ) ) ;
#2249 = CARTESIAN_POINT ( 'NONE',  ( 11.00000000000000000, 11.04198112356280070, -33.37429133832659289 ) ) ;
#2250 = CYLINDRICAL_SURFACE ( 'NONE', #1235, 30.00000000000000000 ) ;
#2251 = CYLINDRICAL_SURFACE ( 'NONE', #5626, 1.999999999999998446 ) ;
#2252 = DIRECTION ( 'NONE',  ( 0.9913386052023123174, -0.1313307650001856175, 0.000000000000000000 ) ) ;
#2253 = ORIENTED_EDGE ( 'NONE', *, *, #517, .F. ) ;
#2254 = EDGE_CURVE ( 'NONE', #5871, #5348, #1681, .T. ) ;
#2255 = VECTOR ( 'NONE', #1311, 1000.000000000000000 ) ;
#2256 = VECTOR ( 'NONE', #1711, 1000.000000000000000 ) ;
#2257 = ORIENTED_EDGE ( 'NONE', *, *, #5122, .T. ) ;
#2258 = ADVANCED_FACE ( 'NONE', ( #868 ), #2750, .F. ) ;
#2259 = CIRCLE ( 'NONE', #4950, 2.000000000000001332 ) ;
#2260 = DIRECTION ( 'NONE',  ( -1.000000000000000000, 0.000000000000000000, 0.000000000000000000 ) ) ;
#2261 = CYLINDRICAL_SURFACE ( 'NONE', #1287, 16.29999999999999361 ) ;
#2262 = LINE ( 'NONE', #3102, #1997 ) ;
#2263 = CARTESIAN_POINT ( 'NONE',  ( 14.00000000000000000, -31.24732657902129773, 6.899607355784239893 ) ) ;
#2264 = DIRECTION ( 'NONE',  ( 1.000000000000000000, 5.793456394897969729E-18, 1.367446332762960049E-17 ) ) ;
#2265 = FACE_BOUND ( 'NONE', #4014, .T. ) ;
#2266 = VERTEX_POINT ( 'NONE', #4696 ) ;
#2267 = VECTOR ( 'NONE', #782, 1000.000000000000000 ) ;
#2268 = CARTESIAN_POINT ( 'NONE',  ( 14.00000000000000000, 33.26841341869076274, -3.835265667307084403 ) ) ;
#2269 = ADVANCED_FACE ( 'NONE', ( #303 ), #4631, .F. ) ;
#2270 = FACE_OUTER_BOUND ( 'NONE', #2817, .T. ) ;
#2271 = APPLICATION_PROTOCOL_DEFINITION ( 'draft international standard', 'automotive_design', 1998, #2351 ) ;
#2272 = CARTESIAN_POINT ( 'NONE',  ( -9.000000134110448968, 16.00000023841859687, 4.000000000000000000 ) ) ;
#2273 = ORIENTED_EDGE ( 'NONE', *, *, #5429, .F. ) ;
#2274 = ORIENTED_EDGE ( 'NONE', *, *, #967, .T. ) ;
#2275 = CARTESIAN_POINT ( 'NONE',  ( 0.4210995638941610331, -16.19921407865187746, -41.97694367891133993 ) ) ;
#2276 = PLANE ( 'NONE',  #1454 ) ;
#2277 = ORIENTED_EDGE ( 'NONE', *, *, #3681, .F. ) ;
#2278 = CARTESIAN_POINT ( 'NONE',  ( 13.00000000000000000, 21.48773309373349960, 25.60808311116269920 ) ) ;
#2279 = DIRECTION ( 'NONE',  ( 0.000000000000000000, 0.000000000000000000, 1.000000000000000000 ) ) ;
#2280 = CARTESIAN_POINT ( 'NONE',  ( -1.975273028511395967, 42.62082663831036911, 4.416791745152057302 ) ) ;
#2281 = CARTESIAN_POINT ( 'NONE',  ( 10.00000000000000000, 0.000000000000000000, 0.000000000000000000 ) ) ;
#2282 = VERTEX_POINT ( 'NONE', #1731 ) ;
#2283 = VERTEX_POINT ( 'NONE', #897 ) ;
#2284 = CARTESIAN_POINT ( 'NONE',  ( 13.00000000000000000, 5.209445330007900665, 29.54423259036624572 ) ) ;
#2285 = DIRECTION ( 'NONE',  ( -1.367446332762960049E-17, 0.000000000000000000, 1.000000000000000000 ) ) ;
#2286 = DIRECTION ( 'NONE',  ( 0.000000000000000000, -0.1736481776669316912, -0.9848077530122077983 ) ) ;
#2287 = CIRCLE ( 'NONE', #5288, 0.9999999999999731326 ) ;
#2288 = DIRECTION ( 'NONE',  ( 1.000000000000000000, 0.000000000000000000, 0.000000000000000000 ) ) ;
#2289 = AXIS2_PLACEMENT_3D ( 'NONE', #1597, #4429, #663 ) ;
#2290 = DIRECTION ( 'NONE',  ( 0.000000000000000000, 0.000000000000000000, 1.000000000000000000 ) ) ;
#2291 = CARTESIAN_POINT ( 'NONE',  ( -15.00000000000000000, 16.54771003325250334, 2.731242878920251638 ) ) ;
#2292 = LINE ( 'NONE', #3730, #4573 ) ;
#2293 = ADVANCED_FACE ( 'NONE', ( #401 ), #370, .F. ) ;
#2294 = AXIS2_PLACEMENT_3D ( 'NONE', #4381, #2441, #2881 ) ;
#2295 = DIRECTION ( 'NONE',  ( 0.000000000000000000, 0.1736481776669316912, 0.9848077530122077983 ) ) ;
#2296 = CARTESIAN_POINT ( 'NONE',  ( 21.50000000000000000, -3.189242978983519578E-15, 4.867891665740629948E-16 ) ) ;
#2297 = VECTOR ( 'NONE', #3647, 1000.000000000000000 ) ;
#2298 = SHAPE_DEFINITION_REPRESENTATION ( #6073, #4580 ) ;
#2299 = DIRECTION ( 'NONE',  ( -1.000000000000000000, -5.793456394897969729E-18, -1.367446332762960049E-17 ) ) ;
#2300 = ORIENTED_EDGE ( 'NONE', *, *, #4357, .F. ) ;
#2301 = CARTESIAN_POINT ( 'NONE',  ( -4.655776581789037749, -3.051022494831328480, -44.15672553233575570 ) ) ;
#2302 = CYLINDRICAL_SURFACE ( 'NONE', #4835, 17.99999999999999645 ) ;
#2303 = ORIENTED_EDGE ( 'NONE', *, *, #4968, .F. ) ;
#2304 = CARTESIAN_POINT ( 'NONE',  ( 0.2424959980555621286, -16.23764466178246124, -41.96623886919088875 ) ) ;
#2305 = ORIENTED_EDGE ( 'NONE', *, *, #5023, .T. ) ;
#2306 = ADVANCED_FACE ( 'NONE', ( #1794 ), #803, .T. ) ;
#2307 = ORIENTED_EDGE ( 'NONE', *, *, #5199, .T. ) ;
#2308 = CIRCLE ( 'NONE', #438, 37.15350152500619174 ) ;
#2309 = CARTESIAN_POINT ( 'NONE',  ( 8.130234919945314214E-07, 41.84882680800669874, 9.883158927489629875 ) ) ;
#2310 = APPLICATION_CONTEXT ( 'automotive_design' ) ;
#2311 = FACE_OUTER_BOUND ( 'NONE', #3368, .T. ) ;
#2312 = LINE ( 'NONE', #896, #4019 ) ;
#2313 = DIRECTION ( 'NONE',  ( 1.000000000000000000, 0.000000000000000000, 0.000000000000000000 ) ) ;
#2314 = VERTEX_POINT ( 'NONE', #6040 ) ;
#2315 = AXIS2_PLACEMENT_3D ( 'NONE', #5569, #5139, #1306 ) ;
#2316 = ORIENTED_EDGE ( 'NONE', *, *, #5923, .F. ) ;
#2317 = DIRECTION ( 'NONE',  ( -1.447274064869762545E-17, 0.1736481776669316912, 0.9848077530122077983 ) ) ;
#2318 = CARTESIAN_POINT ( 'NONE',  ( -14.13176957126859712, 18.27756132498656783, 32.34682411482474151 ) ) ;
#2319 = CARTESIAN_POINT ( 'NONE',  ( -15.00000000000000000, 14.43189039893187164, -8.544409547855025266 ) ) ;
#2320 = DIRECTION ( 'NONE',  ( 0.000000000000000000, -0.6427876096865301481, 0.7660444431189857850 ) ) ;
#2321 = CARTESIAN_POINT ( 'NONE',  ( 11.00000000000000000, 34.78468076121159669, -5.078843747272739684 ) ) ;
#2322 = CARTESIAN_POINT ( 'NONE',  ( 14.00000000000000000, -32.92111706335690258, 5.804881173331500221 ) ) ;
#2323 = FACE_OUTER_BOUND ( 'NONE', #6122, .T. ) ;
#2324 = EDGE_CURVE ( 'NONE', #3107, #5966, #4265, .T. ) ;
#2325 = AXIS2_PLACEMENT_3D ( 'NONE', #1214, #2136, #5548 ) ;
#2326 = AXIS2_PLACEMENT_3D ( 'NONE', #5693, #1821, #5620 ) ;
#2327 = ADVANCED_FACE ( 'NONE', ( #1763 ), #5604, .F. ) ;
#2328 = EDGE_CURVE ( 'NONE', #329, #3492, #689, .T. ) ;
#2329 = DIRECTION ( 'NONE',  ( 0.000000000000000000, 0.3420201433256758738, 0.9396926207859058744 ) ) ;
#2330 = CIRCLE ( 'NONE', #3924, 17.99999999999998934 ) ;
#2331 = CIRCLE ( 'NONE', #1351, 2.000000000000000444 ) ;
#2332 = CARTESIAN_POINT ( 'NONE',  ( -12.00000000000000000, 0.000000000000000000, 0.000000000000000000 ) ) ;
#2333 = EDGE_CURVE ( 'NONE', #5371, #3244, #3565, .T. ) ;
#2334 = VECTOR ( 'NONE', #5473, 1000.000000000000114 ) ;
#2335 = VECTOR ( 'NONE', #3302, 1000.000000000000000 ) ;
#2336 = CARTESIAN_POINT ( 'NONE',  ( -15.00000000000000000, 16.54771003325250334, 2.731242878920251638 ) ) ;
#2337 = DIRECTION ( 'NONE',  ( 0.000000000000000000, -0.1736481776669300259, -0.9848077530122081313 ) ) ;
#2338 = ORIENTED_EDGE ( 'NONE', *, *, #4933, .T. ) ;
#2339 = CARTESIAN_POINT ( 'NONE',  ( -2.950428211367866371, -0.1235392386114714108, -44.70796116853045987 ) ) ;
#2340 = ORIENTED_EDGE ( 'NONE', *, *, #4461, .T. ) ;
#2341 = ORIENTED_EDGE ( 'NONE', *, *, #2247, .F. ) ;
#2342 = ORIENTED_EDGE ( 'NONE', *, *, #134, .F. ) ;
#2343 = DIRECTION ( 'NONE',  ( 3.330895137017530528E-18, -0.9848077530122082424, 0.1736481776669300259 ) ) ;
#2344 = EDGE_CURVE ( 'NONE', #3148, #5061, #495, .T. ) ;
#2345 = EDGE_CURVE ( 'NONE', #4174, #1420, #2069, .T. ) ;
#2346 = CARTESIAN_POINT ( 'NONE',  ( 0.7944467627901319329, 0.8824809203396951629, -44.97038422190264129 ) ) ;
#2347 = CARTESIAN_POINT ( 'NONE',  ( -1.901940642774986756, 42.51971618763298011, 5.392886615454566268 ) ) ;
#2348 = CYLINDRICAL_SURFACE ( 'NONE', #1075, 35.15350152500619885 ) ;
#2349 = VERTEX_POINT ( 'NONE', #3374 ) ;
#2350 = ORIENTED_EDGE ( 'NONE', *, *, #5463, .F. ) ;
#2351 = APPLICATION_CONTEXT ( 'automotive_design' ) ;
#2352 = DIRECTION ( 'NONE',  ( 1.000000000000000000, 0.000000000000000000, 0.000000000000000000 ) ) ;
#2353 = FILL_AREA_STYLE_COLOUR ( '', #569 ) ;
#2354 = DIRECTION ( 'NONE',  ( 0.000000000000000000, 0.1736481776669315247, 0.9848077530122077983 ) ) ;
#2355 = CARTESIAN_POINT ( 'NONE',  ( 5.960124844366230154E-15, 54.73764378426398736, 34.01162085151230485 ) ) ;
#2356 = DIRECTION ( 'NONE',  ( -1.000000000000000000, -5.793456394897969729E-18, -1.367446332762960049E-17 ) ) ;
#2357 = DIRECTION ( 'NONE',  ( 3.330895137017530143E-18, -0.9848077530122081313, 0.1736481776669299981 ) ) ;
#2358 = FACE_OUTER_BOUND ( 'NONE', #958, .T. ) ;
#2359 = EDGE_CURVE ( 'NONE', #5956, #6065, #4366, .T. ) ;
#2360 = DIRECTION ( 'NONE',  ( 0.000000000000000000, -0.1736481776669300259, -0.9848077530122082424 ) ) ;
#2361 = CARTESIAN_POINT ( 'NONE',  ( 16.00000000000000000, 21.14043673839963944, 23.63846760513828471 ) ) ;
#2362 = EDGE_LOOP ( 'NONE', ( #2553, #3720, #5281, #5904, #4143 ) ) ;
#2363 = LINE ( 'NONE', #5450, #5359 ) ;
#2364 = DIRECTION ( 'NONE',  ( 0.000000000000000000, 0.000000000000000000, 1.000000000000000000 ) ) ;
#2365 = CARTESIAN_POINT ( 'NONE',  ( -5.289354815849923952, -6.026218475836047972, -43.62227219841338410 ) ) ;
#2366 = ORIENTED_EDGE ( 'NONE', *, *, #635, .T. ) ;
#2367 = AXIS2_PLACEMENT_3D ( 'NONE', #1184, #4107, #4452 ) ;
#2368 = PRODUCT_DEFINITION ( 'UNKNOWN', '', #2422, #235 ) ;
#2369 = LINE ( 'NONE', #21, #5677 ) ;
#2370 = EDGE_CURVE ( 'NONE', #5748, #4278, #4558, .T. ) ;
#2371 = ORIENTED_EDGE ( 'NONE', *, *, #60, .F. ) ;
#2372 = CARTESIAN_POINT ( 'NONE',  ( 4.418831796354559106E-15, 42.91811972561890087, 2.652357294453559611 ) ) ;
#2373 = CARTESIAN_POINT ( 'NONE',  ( 0.8980649386447741023, 0.8391443141432816111, -44.96535757670233835 ) ) ;
#2374 = LINE ( 'NONE', #2873, #4930 ) ;
#2375 = SURFACE_STYLE_FILL_AREA ( #4791 ) ;
#2376 = ORIENTED_EDGE ( 'NONE', *, *, #4479, .T. ) ;
#2377 = AXIS2_PLACEMENT_3D ( 'NONE', #935, #3823, #443 ) ;
#2378 = EDGE_LOOP ( 'NONE', ( #2493, #4152, #5319, #6115 ) ) ;
#2379 = CARTESIAN_POINT ( 'NONE',  ( -15.53241216860679863, 46.50626655730496140, 33.39932469899351730 ) ) ;
#2380 = DIRECTION ( 'NONE',  ( 0.000000000000000000, 0.000000000000000000, -1.000000000000000000 ) ) ;
#2381 = LINE ( 'NONE', #1918, #4385 ) ;
#2382 = FACE_OUTER_BOUND ( 'NONE', #4319, .T. ) ;
#2383 = CYLINDRICAL_SURFACE ( 'NONE', #5526, 2.000000000000001332 ) ;
#2384 = CARTESIAN_POINT ( 'NONE',  ( 13.18436255310830063, 32.82094664956759544, 17.41172411320899727 ) ) ;
#2385 = DIRECTION ( 'NONE',  ( 1.748209563223863227E-34, -0.1736481776669299981, -0.9848077530122079093 ) ) ;
#2386 = AXIS2_PLACEMENT_3D ( 'NONE', #4199, #5704, #3226 ) ;
#2387 = AXIS2_PLACEMENT_3D ( 'NONE', #3675, #3646, #1716 ) ;
#2388 = CARTESIAN_POINT ( 'NONE',  ( 14.62459774439608218, 21.94573872849282026, 29.97944785545534785 ) ) ;
#2389 = FACE_OUTER_BOUND ( 'NONE', #634, .T. ) ;
#2390 = CARTESIAN_POINT ( 'NONE',  ( 11.93169573793810123, -11.05663719637989928, 33.37721610735050604 ) ) ;
#2391 = AXIS2_PLACEMENT_3D ( 'NONE', #1001, #445, #2295 ) ;
#2392 = ORIENTED_EDGE ( 'NONE', *, *, #5194, .T. ) ;
#2393 = VECTOR ( 'NONE', #3094, 1000.000000000000000 ) ;
#2394 = CARTESIAN_POINT ( 'NONE',  ( -3.403857705566404768, 41.24492187620244010, 10.44855253867626566 ) ) ;
#2395 = CARTESIAN_POINT ( 'NONE',  ( -2.999999999999998224, 0.000000000000000000, -0.000000000000000000 ) ) ;
#2396 = CARTESIAN_POINT ( 'NONE',  ( -5.348474993963754365, -6.682707916946997173, -43.50622925321295043 ) ) ;
#2397 = CARTESIAN_POINT ( 'NONE',  ( -15.00000000000000000, -14.61562092824673620, -24.52617893618015188 ) ) ;
#2398 = ORIENTED_EDGE ( 'NONE', *, *, #4466, .T. ) ;
#2399 = EDGE_LOOP ( 'NONE', ( #1643, #230, #1541, #3597, #1634, #3195, #1197, #358 ) ) ;
#2400 = DIRECTION ( 'NONE',  ( 0.000000000000000000, -0.1736481776669300259, -0.9848077530122081313 ) ) ;
#2401 = EDGE_CURVE ( 'NONE', #3713, #457, #197, .T. ) ;
#2402 = EDGE_LOOP ( 'NONE', ( #3801, #2782, #1064, #1339 ) ) ;
#2403 = CARTESIAN_POINT ( 'NONE',  ( 1.792494348063498499, 0.2990830614312107172, -44.89158914678646539 ) ) ;
#2404 = DIRECTION ( 'NONE',  ( 1.000000000000000000, 5.793456394897969729E-18, 1.367446332762960049E-17 ) ) ;
#2405 = PRESENTATION_STYLE_ASSIGNMENT (( #1134 ) ) ;
#2406 = ORIENTED_EDGE ( 'NONE', *, *, #4432, .F. ) ;
#2407 = EDGE_LOOP ( 'NONE', ( #4462, #3035, #2699, #1370 ) ) ;
#2408 = CARTESIAN_POINT ( 'NONE',  ( -12.66519720209923427, 17.83042215188372026, 30.29725798181337026 ) ) ;
#2409 = CARTESIAN_POINT ( 'NONE',  ( -47.60000068545340213, 13.00000019371509907, 1.000000000000000000 ) ) ;
#2410 = DIRECTION ( 'NONE',  ( 0.000000000000000000, 0.1736481776669300259, 0.9848077530122081313 ) ) ;
#2411 = FACE_BOUND ( 'NONE', #88, .T. ) ;
#2412 = CARTESIAN_POINT ( 'NONE',  ( 13.00000000000000000, -21.48773309373329710, -25.60808311116290170 ) ) ;
#2413 = DIRECTION ( 'NONE',  ( 1.000000000000000000, 5.793456394897969729E-18, 1.367446332762960049E-17 ) ) ;
#2414 = CARTESIAN_POINT ( 'NONE',  ( 14.66255650392603549, 30.00288506596907467, 21.92662251667015738 ) ) ;
#2415 = DIRECTION ( 'NONE',  ( -1.367446332762960049E-17, 0.000000000000000000, 1.000000000000000000 ) ) ;
#2416 = CARTESIAN_POINT ( 'NONE',  ( -8.000000000000000000, 0.000000000000000000, 0.000000000000000000 ) ) ;
#2417 = EDGE_CURVE ( 'NONE', #6063, #3438, #5366, .T. ) ;
#2418 = AXIS2_PLACEMENT_3D ( 'NONE', #5953, #5486, #4073 ) ;
#2419 = CARTESIAN_POINT ( 'NONE',  ( -1.609149758851973422, -16.01171344742956393, -41.96249834039026894 ) ) ;
#2420 = ORIENTED_EDGE ( 'NONE', *, *, #5443, .F. ) ;
#2421 = AXIS2_PLACEMENT_3D ( 'NONE', #2043, #2500, #2913 ) ;
#2422 = PRODUCT_DEFINITION_FORMATION_WITH_SPECIFIED_SOURCE ( 'ANY', '', #4177, .NOT_KNOWN. ) ;
#2423 = CARTESIAN_POINT ( 'NONE',  ( 4.999397841250179208E-15, 57.56426248356810049, 38.52463112557980196 ) ) ;
#2424 = PLANE ( 'NONE',  #238 ) ;
#2425 = DIRECTION ( 'NONE',  ( -1.000000000000000000, -0.000000000000000000, -0.000000000000000000 ) ) ;
#2426 = ORIENTED_EDGE ( 'NONE', *, *, #2754, .T. ) ;
#2427 = AXIS2_PLACEMENT_3D ( 'NONE', #2423, #1475, #1994 ) ;
#2428 = AXIS2_PLACEMENT_3D ( 'NONE', #4754, #2772, #886 ) ;
#2429 = ORIENTED_EDGE ( 'NONE', *, *, #2435, .F. ) ;
#2430 = ADVANCED_FACE ( 'NONE', ( #2462 ), #87, .F. ) ;
#2431 = EDGE_LOOP ( 'NONE', ( #2742, #952, #5996, #2995 ) ) ;
#2432 = CARTESIAN_POINT ( 'NONE',  ( 1.418431988532890431, 0.5626222406823514488, -44.92966701864146728 ) ) ;
#2433 = CARTESIAN_POINT ( 'NONE',  ( -1.215793855385400191, 42.83279112030520963, 3.080277177486892004 ) ) ;
#2434 = ORIENTED_EDGE ( 'NONE', *, *, #5898, .F. ) ;
#2435 = EDGE_CURVE ( 'NONE', #1164, #4602, #4050, .T. ) ;
#2436 = EDGE_CURVE ( 'NONE', #4375, #22, #2157, .T. ) ;
#2437 = ORIENTED_EDGE ( 'NONE', *, *, #4466, .F. ) ;
#2438 = CARTESIAN_POINT ( 'NONE',  ( 13.00000000000000000, 5.556741685341533454, 31.51384809639069218 ) ) ;
#2439 = CARTESIAN_POINT ( 'NONE',  ( -14.99698935108312625, 27.20350078151604833, 25.30733957613633578 ) ) ;
#2440 = CARTESIAN_POINT ( 'NONE',  ( -15.00000000000000000, 0.000000000000000000, -0.000000000000000000 ) ) ;
#2441 = DIRECTION ( 'NONE',  ( 1.000000000000000000, 5.793456394897969729E-18, 1.367446332762960049E-17 ) ) ;
#2442 = DIRECTION ( 'NONE',  ( -1.000000000000000000, 0.000000000000000000, 1.918186059750325065E-17 ) ) ;
#2443 = CARTESIAN_POINT ( 'NONE',  ( 14.00000000000000000, 23.38199357051259852, 26.24978183027659995 ) ) ;
#2444 = EDGE_LOOP ( 'NONE', ( #144, #3673 ) ) ;
#2445 = ADVANCED_FACE ( 'NONE', ( #4374 ), #2348, .F. ) ;
#2446 = CARTESIAN_POINT ( 'NONE',  ( 1.566829514993599570, 42.76711371575576237, 3.440930629476285141 ) ) ;
#2447 = LINE ( 'NONE', #5888, #4890 ) ;
#2448 = CARTESIAN_POINT ( 'NONE',  ( -1.400000000000000133, 0.000000000000000000, -1.550000000000000044 ) ) ;
#2449 = CARTESIAN_POINT ( 'NONE',  ( -15.00000000000000000, -5.319590366838297335, 6.482557911897563585 ) ) ;
#2450 = LINE ( 'NONE', #2080, #1455 ) ;
#2451 = AXIS2_PLACEMENT_3D ( 'NONE', #1500, #75, #1961 ) ;
#2452 = EDGE_CURVE ( 'NONE', #5839, #3753, #2906, .T. ) ;
#2453 = DIRECTION ( 'NONE',  ( 1.000000000000000000, 5.793456394897969729E-18, 1.367446332762960049E-17 ) ) ;
#2454 = VECTOR ( 'NONE', #1989, 1000.000000000000000 ) ;
#2455 = CARTESIAN_POINT ( 'NONE',  ( 0.5282432369423356588, 44.53937054252733674, 6.360759016679866207 ) ) ;
#2456 = CARTESIAN_POINT ( 'NONE',  ( 0.2726149352660848790, 42.45973963666060058, 6.794888519099439250 ) ) ;
#2457 = ORIENTED_EDGE ( 'NONE', *, *, #4555, .F. ) ;
#2458 = VECTOR ( 'NONE', #3258, 1000.000000000000000 ) ;
#2459 = VERTEX_POINT ( 'NONE', #116 ) ;
#2460 = CARTESIAN_POINT ( 'NONE',  ( 2.153015384475823968, -0.01701210078425763328, -44.84469703828133902 ) ) ;
#2461 = CYLINDRICAL_SURFACE ( 'NONE', #4227, 17.99999999999999645 ) ;
#2462 = FACE_OUTER_BOUND ( 'NONE', #4426, .T. ) ;
#2463 = EDGE_LOOP ( 'NONE', ( #4210, #763 ) ) ;
#2464 = ORIENTED_EDGE ( 'NONE', *, *, #4216, .T. ) ;
#2465 = MANIFOLD_SOLID_BREP ( 'vaccum with base.step<1>', #4134 ) ;
#2466 = ORIENTED_EDGE ( 'NONE', *, *, #229, .T. ) ;
#2467 = CARTESIAN_POINT ( 'NONE',  ( 6.000000000000000000, 21.48773309373349960, 25.60808311116269920 ) ) ;
#2468 = CARTESIAN_POINT ( 'NONE',  ( -14.94009506875219451, 25.09706810846691738, 27.39566639394703174 ) ) ;
#2469 = DIRECTION ( 'NONE',  ( 0.000000000000000000, -0.3420201433256630508, 0.9396926207859104263 ) ) ;
#2470 = DIRECTION ( 'NONE',  ( 0.000000000000000000, -0.1736481776669316912, -0.9848077530122077983 ) ) ;
#2471 = CARTESIAN_POINT ( 'NONE',  ( -2.999999999999998224, 20.79646422511909876, -21.62191193519532817 ) ) ;
#2472 = CARTESIAN_POINT ( 'NONE',  ( -3.536263326689262687, 43.86873049142489123, 7.924255452961039836 ) ) ;
#2473 = ORIENTED_EDGE ( 'NONE', *, *, #2452, .F. ) ;
#2474 = CARTESIAN_POINT ( 'NONE',  ( 1.294983258906765577, 42.81941331509701598, 3.152572216662306914 ) ) ;
#2475 = CARTESIAN_POINT ( 'NONE',  ( 13.72631327505884791, 15.10833365199377454, 33.94324869194262817 ) ) ;
#2476 = EDGE_CURVE ( 'NONE', #213, #916, #4655, .T. ) ;
#2477 = DIRECTION ( 'NONE',  ( 1.000000000000000000, 5.793456394897959714E-18, 1.367446332762960049E-17 ) ) ;
#2478 = DIRECTION ( 'NONE',  ( -1.000000000000000000, 0.000000000000000000, 1.918186059750325065E-17 ) ) ;
#2479 = CARTESIAN_POINT ( 'NONE',  ( 3.413265168330211985, -13.47781760775214543, -42.52184589875054854 ) ) ;
#2480 = AXIS2_PLACEMENT_3D ( 'NONE', #4598, #707, #1639 ) ;
#2481 = CIRCLE ( 'NONE', #112, 16.42682846964509835 ) ;
#2482 = CARTESIAN_POINT ( 'NONE',  ( 5.150294819945509666E-15, -3.313802291473829923E-15, 1.927882050300259942E-16 ) ) ;
#2483 = DIRECTION ( 'NONE',  ( 0.000000000000000000, 0.000000000000000000, -1.000000000000000000 ) ) ;
#2484 = EDGE_CURVE ( 'NONE', #2282, #2209, #4850, .T. ) ;
#2485 = AXIS2_PLACEMENT_3D ( 'NONE', #5273, #3506, #2415 ) ;
#2486 = VERTEX_POINT ( 'NONE', #3437 ) ;
#2487 = VERTEX_POINT ( 'NONE', #5346 ) ;
#2488 = CARTESIAN_POINT ( 'NONE',  ( -1.299339340647438501, 0.9491060406555925644, -44.93362067364928691 ) ) ;
#2489 = LINE ( 'NONE', #28, #253 ) ;
#2490 = FACE_OUTER_BOUND ( 'NONE', #3023, .T. ) ;
#2491 = ORIENTED_EDGE ( 'NONE', *, *, #5817, .T. ) ;
#2492 = ADVANCED_FACE ( 'NONE', ( #615 ), #1073, .F. ) ;
#2493 = ORIENTED_EDGE ( 'NONE', *, *, #2683, .F. ) ;
#2494 = VECTOR ( 'NONE', #6143, 1000.000000000000000 ) ;
#2495 = ORIENTED_EDGE ( 'NONE', *, *, #4434, .T. ) ;
#2496 = CARTESIAN_POINT ( 'NONE',  ( -12.86514923779705377, 20.08348493992784611, 28.87567743480726890 ) ) ;
#2497 = CARTESIAN_POINT ( 'NONE',  ( -15.00000000000000000, -6.290974162736592490, -9.626715124266462809 ) ) ;
#2498 = DIRECTION ( 'NONE',  ( 1.000000000000000000, -0.000000000000000000, -0.000000000000000000 ) ) ;
#2499 = CARTESIAN_POINT ( 'NONE',  ( -13.18436255310560057, 6.451637833762839946, 36.58905635337710294 ) ) ;
#2500 = DIRECTION ( 'NONE',  ( 1.000000000000000000, 5.793456394897969729E-18, 1.367446332762960049E-17 ) ) ;
#2501 = CARTESIAN_POINT ( 'NONE',  ( -4.417387956518135539, 43.56528234532530774, 8.225103260122169857 ) ) ;
#2502 = ORIENTED_EDGE ( 'NONE', *, *, #2175, .F. ) ;
#2503 = CARTESIAN_POINT ( 'NONE',  ( 1.420252490344129148, 42.79708884044465123, 3.274676391187580027 ) ) ;
#2504 = CARTESIAN_POINT ( 'NONE',  ( 5.589651219303151237E-15, -16.12447348438634975, -25.29824805893327877 ) ) ;
#2505 = DIRECTION ( 'NONE',  ( -3.330895137017530143E-18, 0.9848077530122081313, -0.1736481776669299981 ) ) ;
#2506 = ADVANCED_FACE ( 'NONE', ( #2490 ), #3950, .F. ) ;
#2507 = DIRECTION ( 'NONE',  ( -1.447274064869760697E-17, 0.1736481776669300259, 0.9848077530122082424 ) ) ;
#2508 = DIRECTION ( 'NONE',  ( 0.000000000000000000, 0.1736481776669230592, 0.9848077530122093526 ) ) ;
#2509 = CARTESIAN_POINT ( 'NONE',  ( 3.003556090912330223, -14.16775032312062876, -42.39135083177784225 ) ) ;
#2510 = EDGE_CURVE ( 'NONE', #2120, #4623, #3965, .T. ) ;
#2511 = VERTEX_POINT ( 'NONE', #5741 ) ;
#2512 = ADVANCED_FACE ( 'NONE', ( #1091, #4777, #604, #2981, #5858, #3829, #3451, #2020 ), #1061, .F. ) ;
#2513 = CIRCLE ( 'NONE', #5716, 1.999999999999998446 ) ;
#2514 = FACE_OUTER_BOUND ( 'NONE', #5142, .T. ) ;
#2515 = AXIS2_PLACEMENT_3D ( 'NONE', #3514, #5464, #1190 ) ;
#2516 = CARTESIAN_POINT ( 'NONE',  ( 10.00000000000000000, 0.000000000000000000, 0.000000000000000000 ) ) ;
#2517 = EDGE_CURVE ( 'NONE', #2486, #2283, #1381, .T. ) ;
#2518 = AXIS2_PLACEMENT_3D ( 'NONE', #5706, #5611, #4674 ) ;
#2519 = EDGE_LOOP ( 'NONE', ( #1797, #4529, #5358, #2724 ) ) ;
#2520 = AXIS2_PLACEMENT_3D ( 'NONE', #5459, #724, #199 ) ;
#2521 = VECTOR ( 'NONE', #5013, 1000.000000000000000 ) ;
#2522 = DIRECTION ( 'NONE',  ( 0.000000000000000000, -0.7660444431189840087, 0.6427876096865321465 ) ) ;
#2523 = ORIENTED_EDGE ( 'NONE', *, *, #2167, .F. ) ;
#2524 = UNCERTAINTY_MEASURE_WITH_UNIT (LENGTH_MEASURE( 1.000000000000000082E-05 ), #5079, 'distance_accuracy_value', 'NONE');
#2525 = ORIENTED_EDGE ( 'NONE', *, *, #4018, .F. ) ;
#2526 = CIRCLE ( 'NONE', #3330, 1.600000000000000755 ) ;
#2527 = ORIENTED_EDGE ( 'NONE', *, *, #968, .F. ) ;
#2528 = EDGE_CURVE ( 'NONE', #1357, #2053, #5336, .T. ) ;
#2529 = LINE ( 'NONE', #2438, #1165 ) ;
#2530 = DIRECTION ( 'NONE',  ( -1.447274064869760080E-17, 0.1736481776669300814, 0.9848077530122080203 ) ) ;
#2531 = DIRECTION ( 'NONE',  ( 1.000000000000000000, 0.000000000000000000, -0.000000000000000000 ) ) ;
#2532 = CARTESIAN_POINT ( 'NONE',  ( 15.53241216860679863, 48.60609086176073390, 10.75539720238289476 ) ) ;
#2533 = CARTESIAN_POINT ( 'NONE',  ( -1.989594063933399770, 44.62821041181876325, 4.629373137502878599 ) ) ;
#2534 = CARTESIAN_POINT ( 'NONE',  ( 4.780601054231418345, 43.41848737644521350, 8.369793665613093125 ) ) ;
#2535 = ORIENTED_EDGE ( 'NONE', *, *, #4759, .F. ) ;
#2536 = CARTESIAN_POINT ( 'NONE',  ( 2.001229540071650881, 42.56769445311935129, 4.869344474401063216 ) ) ;
#2537 = FACE_OUTER_BOUND ( 'NONE', #267, .T. ) ;
#2538 = DIRECTION ( 'NONE',  ( 0.000000000000000000, -0.1736481776669159260, -0.9848077530122105738 ) ) ;
#2539 = DIRECTION ( 'NONE',  ( 0.000000000000000000, -0.1736481776669316912, -0.9848077530122077983 ) ) ;
#2540 = DIRECTION ( 'NONE',  ( 1.000000000000000000, 5.793456394897969729E-18, 1.367446332762960049E-17 ) ) ;
#2541 = CARTESIAN_POINT ( 'NONE',  ( 1.107413485172386247, -15.94307328492871179, -42.03772569623269106 ) ) ;
#2542 = ORIENTED_EDGE ( 'NONE', *, *, #138, .T. ) ;
#2543 = APPLICATION_CONTEXT ( 'automotive_design' ) ;
#2544 = DIRECTION ( 'NONE',  ( 1.000000000000000000, 5.793456394897969729E-18, 1.367446332762960049E-17 ) ) ;
#2545 = CYLINDRICAL_SURFACE ( 'NONE', #1209, 2.000000000000000444 ) ;
#2546 = AXIS2_PLACEMENT_3D ( 'NONE', #4009, #3894, #3071 ) ;
#2547 =( NAMED_UNIT ( * ) PLANE_ANGLE_UNIT ( ) SI_UNIT ( $, .RADIAN. ) );
#2548 = CIRCLE ( 'NONE', #4154, 11.50000000000000178 ) ;
#2549 = ORIENTED_EDGE ( 'NONE', *, *, #3818, .T. ) ;
#2550 = EDGE_CURVE ( 'NONE', #1430, #5698, #4863, .T. ) ;
#2551 = FACE_BOUND ( 'NONE', #2871, .T. ) ;
#2552 = ORIENTED_EDGE ( 'NONE', *, *, #510, .F. ) ;
#2553 = ORIENTED_EDGE ( 'NONE', *, *, #857, .T. ) ;
#2554 = ORIENTED_EDGE ( 'NONE', *, *, #2240, .F. ) ;
#2555 = CARTESIAN_POINT ( 'NONE',  ( -12.81993394676617370, 26.12895322720717672, 23.54415853979926965 ) ) ;
#2556 = CARTESIAN_POINT ( 'NONE',  ( 13.00000000000000000, -3.238487358340159716E-15, 3.705562282892109516E-16 ) ) ;
#2557 = DIRECTION ( 'NONE',  ( 1.000000000000000000, 0.000000000000000000, 0.000000000000000000 ) ) ;
#2558 = CIRCLE ( 'NONE', #2767, 3.000000000000000444 ) ;
#2559 = CARTESIAN_POINT ( 'NONE',  ( -20.00000000000000000, 1.041889066001577380, 5.908846518073247900 ) ) ;
#2560 = DIRECTION ( 'NONE',  ( -1.000000000000000000, 0.000000000000000000, 0.000000000000000000 ) ) ;
#2561 = CARTESIAN_POINT ( 'NONE',  ( 1.953774421557807006, 44.23689289301604077, 7.555846970029178600 ) ) ;
#2562 = ORIENTED_EDGE ( 'NONE', *, *, #2240, .T. ) ;
#2563 = CARTESIAN_POINT ( 'NONE',  ( 1.981770006782884064, 42.61570022882109754, 4.455303068901920405 ) ) ;
#2564 = CARTESIAN_POINT ( 'NONE',  ( -9.286012312290027992, 36.17934708521534759, 14.84041717057634102 ) ) ;
#2565 = CARTESIAN_POINT ( 'NONE',  ( 14.02887819406135783, 17.52305611122082851, 32.77476659463215469 ) ) ;
#2566 = CARTESIAN_POINT ( 'NONE',  ( 1.515953698614370460, 44.82225216659698930, 3.015933955283022438 ) ) ;
#2567 = FACE_BOUND ( 'NONE', #2463, .T. ) ;
#2568 = LINE ( 'NONE', #659, #599 ) ;
#2569 = CARTESIAN_POINT ( 'NONE',  ( 4.388750821542643621, -10.75567800938528329, -43.01974283049531067 ) ) ;
#2570 = ADVANCED_FACE ( 'NONE', ( #5303 ), #1003, .T. ) ;
#2571 = EDGE_LOOP ( 'NONE', ( #3936, #4874, #516, #5527 ) ) ;
#2572 = DIRECTION ( 'NONE',  ( 1.000000000000000000, -0.000000000000000000, -0.000000000000000000 ) ) ;
#2573 = DIRECTION ( 'NONE',  ( 1.000000000000000000, 0.000000000000000000, -0.000000000000000000 ) ) ;
#2574 = CIRCLE ( 'NONE', #4486, 37.15350152500629122 ) ;
#2575 = VERTEX_POINT ( 'NONE', #1530 ) ;
#2576 = CIRCLE ( 'NONE', #4488, 18.00000000000000000 ) ;
#2577 = EDGE_LOOP ( 'NONE', ( #5559, #5560, #372, #3617 ) ) ;
#2578 = EDGE_CURVE ( 'NONE', #3656, #5410, #3051, .T. ) ;
#2579 = DIRECTION ( 'NONE',  ( 1.000000000000000000, -0.000000000000000000, 0.000000000000000000 ) ) ;
#2580 = ORIENTED_EDGE ( 'NONE', *, *, #2578, .T. ) ;
#2581 = ORIENTED_EDGE ( 'NONE', *, *, #1498, .F. ) ;
#2582 = UNCERTAINTY_MEASURE_WITH_UNIT (LENGTH_MEASURE( 1.000000000000000082E-05 ), #5897, 'distance_accuracy_value', 'NONE');
#2583 = EDGE_CURVE ( 'NONE', #859, #4067, #5163, .T. ) ;
#2584 = ORIENTED_EDGE ( 'NONE', *, *, #4746, .T. ) ;
#2585 = EDGE_CURVE ( 'NONE', #43, #1056, #5274, .T. ) ;
#2586 = VECTOR ( 'NONE', #3640, 1000.000000000000114 ) ;
#2587 = CARTESIAN_POINT ( 'NONE',  ( 12.96521674968610327, 21.96847764850424056, 27.55416809909944220 ) ) ;
#2588 = CARTESIAN_POINT ( 'NONE',  ( -2.999999999999999112, -11.00709900302993027, -3.330731381768498256 ) ) ;
#2589 = DIRECTION ( 'NONE',  ( -3.330895137017530528E-18, 0.9848077530122082424, -0.1736481776669300259 ) ) ;
#2590 = DIRECTION ( 'NONE',  ( 0.000000000000000000, 0.1736481776669315247, 0.9848077530122077983 ) ) ;
#2591 = DIRECTION ( 'NONE',  ( -0.8660254037844321573, 0.08682408883346766360, 0.4924038765061152234 ) ) ;
#2592 = DIRECTION ( 'NONE',  ( -1.000000000000000000, 0.000000000000000000, 0.000000000000000000 ) ) ;
#2593 = ORIENTED_EDGE ( 'NONE', *, *, #793, .T. ) ;
#2594 = ADVANCED_FACE ( 'NONE', ( #4806 ), #3252, .T. ) ;
#2595 = EDGE_CURVE ( 'NONE', #5157, #5813, #167, .T. ) ;
#2596 = CARTESIAN_POINT ( 'NONE',  ( -2.999999999999999112, 8.388047491308565640, -7.867061667710001593 ) ) ;
#2597 = CARTESIAN_POINT ( 'NONE',  ( -15.00000000000000000, -12.14715455173183756, 27.43076076772827321 ) ) ;
#2598 = CARTESIAN_POINT ( 'NONE',  ( -16.00000000000000000, -3.406497593792199596E-15, -2.600320821204820216E-17 ) ) ;
#2599 = CYLINDRICAL_SURFACE ( 'NONE', #3355, 3.000000000000000444 ) ;
#2600 = CARTESIAN_POINT ( 'NONE',  ( -2.999999999999998224, -16.48390109005785220, -14.90687862161088972 ) ) ;
#2601 = DIRECTION ( 'NONE',  ( 0.000000000000000000, 0.1736481776669280830, 0.9848077530122084644 ) ) ;
#2602 = CARTESIAN_POINT ( 'NONE',  ( 14.00000000000000000, -5.556741685341764381, -31.51384809639066376 ) ) ;
#2603 = VECTOR ( 'NONE', #5504, 1000.000000000000000 ) ;
#2604 = ORIENTED_EDGE ( 'NONE', *, *, #1686, .T. ) ;
#2605 = EDGE_CURVE ( 'NONE', #5813, #2743, #5848, .T. ) ;
#2606 = CARTESIAN_POINT ( 'NONE',  ( -15.00000000000000000, 24.90469462333517470, 16.72591359891652019 ) ) ;
#2607 = CYLINDRICAL_SURFACE ( 'NONE', #913, 1.600000000000000755 ) ;
#2608 = VECTOR ( 'NONE', #2637, 1000.000000000000000 ) ;
#2609 = DIRECTION ( 'NONE',  ( 0.000000000000000000, 0.000000000000000000, 1.000000000000000000 ) ) ;
#2610 = VERTEX_POINT ( 'NONE', #2920 ) ;
#2611 = ORIENTED_EDGE ( 'NONE', *, *, #3324, .F. ) ;
#2612 = CARTESIAN_POINT ( 'NONE',  ( -5.325117436436418217, -8.721938932394113664, -43.15036141321366614 ) ) ;
#2613 = EDGE_LOOP ( 'NONE', ( #334, #1266, #2350, #2303 ) ) ;
#2614 = CIRCLE ( 'NONE', #744, 21.50000000000000000 ) ;
#2615 = ORIENTED_EDGE ( 'NONE', *, *, #3552, .F. ) ;
#2616 = VECTOR ( 'NONE', #864, 1000.000000000000000 ) ;
#2617 = ORIENTED_EDGE ( 'NONE', *, *, #4347, .T. ) ;
#2618 = VERTEX_POINT ( 'NONE', #3389 ) ;
#2619 = ADVANCED_FACE ( 'NONE', ( #4837 ), #573, .F. ) ;
#2620 = AXIS2_PLACEMENT_3D ( 'NONE', #5339, #785, #2764 ) ;
#2621 = CYLINDRICAL_SURFACE ( 'NONE', #1453, 5.000000000000000888 ) ;
#2622 = CIRCLE ( 'NONE', #3723, 35.15350152500630543 ) ;
#2623 = CARTESIAN_POINT ( 'NONE',  ( 11.50779186757764627, 30.75699763232704953, 18.87387475097967027 ) ) ;
#2624 = CARTESIAN_POINT ( 'NONE',  ( 11.91555511181480043, -34.48410734512059861, 7.053578561550620130 ) ) ;
#2625 = DIRECTION ( 'NONE',  ( 0.000000000000000000, -0.1736481776669280275, -0.9848077530122083534 ) ) ;
#2626 = CARTESIAN_POINT ( 'NONE',  ( 16.00000000000000000, -21.48773309373329710, -25.60808311116290170 ) ) ;
#2627 = CARTESIAN_POINT ( 'NONE',  ( 4.826356125031804112, 43.39904366168708094, 8.388927440131405788 ) ) ;
#2628 = ORIENTED_EDGE ( 'NONE', *, *, #969, .F. ) ;
#2629 = CIRCLE ( 'NONE', #1257, 1.999999999999999778 ) ;
#2630 = AXIS2_PLACEMENT_3D ( 'NONE', #947, #1386, #4277 ) ;
#2631 = DIRECTION ( 'NONE',  ( 1.000000000000000000, 0.000000000000000000, 0.000000000000000000 ) ) ;
#2632 =( NAMED_UNIT ( * ) SI_UNIT ( $, .STERADIAN. ) SOLID_ANGLE_UNIT ( ) );
#2633 = CARTESIAN_POINT ( 'NONE',  ( 10.00000000000000000, 3.673940397442060361E-16, -3.000000000000000444 ) ) ;
#2634 = CARTESIAN_POINT ( 'NONE',  ( 1.022061338901440575, 44.89388172441894653, 2.568358315475625542 ) ) ;
#2635 = EDGE_CURVE ( 'NONE', #5956, #5410, #5798, .T. ) ;
#2636 = DIRECTION ( 'NONE',  ( 0.000000000000000000, 0.3420201433256758738, 0.9396926207859058744 ) ) ;
#2637 = DIRECTION ( 'NONE',  ( 1.000000000000000000, -0.000000000000000000, -0.000000000000000000 ) ) ;
#2638 = EDGE_CURVE ( 'NONE', #870, #5946, #6045, .T. ) ;
#2639 = VERTEX_POINT ( 'NONE', #3196 ) ;
#2640 = CARTESIAN_POINT ( 'NONE',  ( -15.00000000000000000, -10.57287988952642976, 4.523738591214964799 ) ) ;
#2641 = DIRECTION ( 'NONE',  ( 0.000000000000000000, 0.000000000000000000, -1.000000000000000000 ) ) ;
#2642 = ORIENTED_EDGE ( 'NONE', *, *, #4540, .T. ) ;
#2643 = VERTEX_POINT ( 'NONE', #2596 ) ;
#2644 = CARTESIAN_POINT ( 'NONE',  ( 16.00000000000000000, -3.221106989155459856E-15, 4.115796182720999718E-16 ) ) ;
#2645 = VERTEX_POINT ( 'NONE', #3100 ) ;
#2646 = ORIENTED_EDGE ( 'NONE', *, *, #5121, .F. ) ;
#2647 = CIRCLE ( 'NONE', #3654, 15.00000000000000000 ) ;
#2648 = ORIENTED_EDGE ( 'NONE', *, *, #3371, .T. ) ;
#2649 = ORIENTED_EDGE ( 'NONE', *, *, #2040, .T. ) ;
#2650 = CARTESIAN_POINT ( 'NONE',  ( 12.97742462470618463, 22.62478700547765698, 27.25426801919440223 ) ) ;
#2651 = CARTESIAN_POINT ( 'NONE',  ( 5.558487919777236108, 40.15785352047650747, 11.44400616431437356 ) ) ;
#2652 = CARTESIAN_POINT ( 'NONE',  ( 11.81621205001870045, -34.84284394505550608, 6.369409394195299612 ) ) ;
#2653 = AXIS2_PLACEMENT_3D ( 'NONE', #1474, #3478, #511 ) ;
#2654 = COLOUR_RGB ( '',0.7921568627450980005, 0.8196078431372548767, 0.9333333333333333481 ) ;
#2655 = FACE_OUTER_BOUND ( 'NONE', #1418, .T. ) ;
#2656 = DIRECTION ( 'NONE',  ( 0.000000000000000000, 0.000000000000000000, -1.000000000000000000 ) ) ;
#2657 = CARTESIAN_POINT ( 'NONE',  ( 11.92546950120790150, -11.08608761403979948, 33.38257979047450164 ) ) ;
#2658 = EDGE_LOOP ( 'NONE', ( #4840, #1754 ) ) ;
#2659 = CIRCLE ( 'NONE', #4165, 2.000000000000002220 ) ;
#2660 = DIRECTION ( 'NONE',  ( -1.000000000000000000, -5.793456394897989759E-18, -1.367446332762963901E-17 ) ) ;
#2661 = CARTESIAN_POINT ( 'NONE',  ( 11.91896633255269933, -11.11714500389000015, 33.38805604626359980 ) ) ;
#2662 = CIRCLE ( 'NONE', #787, 2.000000000000001332 ) ;
#2663 = DIRECTION ( 'NONE',  ( -1.447274064869761313E-17, 0.1736481776669315247, 0.9848077530122077983 ) ) ;
#2664 = CYLINDRICAL_SURFACE ( 'NONE', #2546, 16.29999999999999361 ) ;
#2665 = DIRECTION ( 'NONE',  ( -1.000000000000000000, 0.000000000000000000, 0.000000000000000000 ) ) ;
#2666 = LINE ( 'NONE', #5890, #4266 ) ;
#2667 = ORIENTED_EDGE ( 'NONE', *, *, #4018, .T. ) ;
#2668 = EDGE_CURVE ( 'NONE', #3492, #4149, #4137, .T. ) ;
#2669 = DIRECTION ( 'NONE',  ( 0.000000000000000000, -0.9396926207859044311, -0.3420201433256797041 ) ) ;
#2670 = DIRECTION ( 'NONE',  ( 0.000000000000000000, -0.1736481776669299981, -0.9848077530122081313 ) ) ;
#2671 = TOROIDAL_SURFACE ( 'NONE', #2976, 24.42682846964509835, 10.00000000000000000 ) ;
#2672 = ORIENTED_EDGE ( 'NONE', *, *, #3623, .F. ) ;
#2673 = ORIENTED_EDGE ( 'NONE', *, *, #1232, .F. ) ;
#2674 = CARTESIAN_POINT ( 'NONE',  ( -2.830215251971619939, -15.16182229313474394, -42.08260005617797361 ) ) ;
#2675 = VERTEX_POINT ( 'NONE', #5016 ) ;
#2676 = VERTEX_POINT ( 'NONE', #1646 ) ;
#2677 = ORIENTED_EDGE ( 'NONE', *, *, #5306, .T. ) ;
#2678 = AXIS2_PLACEMENT_3D ( 'NONE', #93, #1980, #3409 ) ;
#2679 = ORIENTED_EDGE ( 'NONE', *, *, #4815, .T. ) ;
#2680 = AXIS2_PLACEMENT_3D ( 'NONE', #3154, #5105, #4128 ) ;
#2681 = DIRECTION ( 'NONE',  ( 0.000000000000000000, 0.000000000000000000, 1.000000000000000000 ) ) ;
#2682 = CARTESIAN_POINT ( 'NONE',  ( -12.00000017881390058, -41.00000061094760184, 4.000000000000000000 ) ) ;
#2683 = EDGE_CURVE ( 'NONE', #2283, #2486, #3455, .T. ) ;
#2684 = CARTESIAN_POINT ( 'NONE',  ( -15.53241216860689988, 43.04454069902140390, 13.76690177440909935 ) ) ;
#2685 = DIRECTION ( 'NONE',  ( 0.000000000000000000, 0.6427876096865404731, 0.7660444431189771253 ) ) ;
#2686 = DIRECTION ( 'NONE',  ( 0.000000000000000000, 0.000000000000000000, 1.000000000000000000 ) ) ;
#2687 = DIRECTION ( 'NONE',  ( 1.000000000000000000, 0.000000000000000000, -0.000000000000000000 ) ) ;
#2688 = ORIENTED_EDGE ( 'NONE', *, *, #6027, .F. ) ;
#2689 = CIRCLE ( 'NONE', #3987, 37.15350152500619174 ) ;
#2690 = CIRCLE ( 'NONE', #5095, 16.29999999999999716 ) ;
#2691 = CIRCLE ( 'NONE', #1106, 2.000000000000001332 ) ;
#2692 = VERTEX_POINT ( 'NONE', #4038 ) ;
#2693 = DIRECTION ( 'NONE',  ( -3.330895137017530528E-18, 0.9848077530122082424, -0.1736481776669300259 ) ) ;
#2694 = CARTESIAN_POINT ( 'NONE',  ( 11.81177564388629797, -12.19002266554259961, 33.26677900932900656 ) ) ;
#2695 = DIRECTION ( 'NONE',  ( 0.000000000000000000, -0.1736481776669300259, -0.9848077530122081313 ) ) ;
#2696 = CARTESIAN_POINT ( 'NONE',  ( -15.00000000000000000, -11.15601163940871388, 2.791666939550152104 ) ) ;
#2697 = CARTESIAN_POINT ( 'NONE',  ( -2.999999999999999112, 23.29818467404173887, -18.89959234730333293 ) ) ;
#2698 = CARTESIAN_POINT ( 'NONE',  ( 11.00000000000000000, 21.79074808759569848, 27.58499532810470001 ) ) ;
#2699 = ORIENTED_EDGE ( 'NONE', *, *, #3891, .F. ) ;
#2700 = EDGE_CURVE ( 'NONE', #2209, #4395, #5749, .T. ) ;
#2701 = DIRECTION ( 'NONE',  ( 1.000000000000000000, 5.793456394897969729E-18, 1.367446332762960049E-17 ) ) ;
#2702 = DIRECTION ( 'NONE',  ( 1.000000000000000000, -0.000000000000000000, 0.000000000000000000 ) ) ;
#2703 = EDGE_CURVE ( 'NONE', #4697, #295, #2548, .T. ) ;
#2704 = EDGE_CURVE ( 'NONE', #5698, #1430, #4647, .T. ) ;
#2705 = CYLINDRICAL_SURFACE ( 'NONE', #5205, 35.15350152500619885 ) ;
#2706 = EDGE_CURVE ( 'NONE', #2118, #5574, #774, .T. ) ;
#2707 = EDGE_LOOP ( 'NONE', ( #2464, #804 ) ) ;
#2708 = VERTEX_POINT ( 'NONE', #3638 ) ;
#2709 = ADVANCED_FACE ( 'NONE', ( #1178 ), #5948, .F. ) ;
#2710 = CARTESIAN_POINT ( 'NONE',  ( 0.4778065577550185683, -16.18482561852719925, -41.98065976924814890 ) ) ;
#2711 = CARTESIAN_POINT ( 'NONE',  ( 11.92547015910184172, -21.83502948663345578, -27.57769883023639323 ) ) ;
#2712 = EDGE_CURVE ( 'NONE', #1263, #2459, #185, .T. ) ;
#2713 = EDGE_LOOP ( 'NONE', ( #3535, #1187, #2150, #4086 ) ) ;
#2714 = EDGE_LOOP ( 'NONE', ( #1139, #855 ) ) ;
#2715 = VERTEX_POINT ( 'NONE', #3162 ) ;
#2716 = AXIS2_PLACEMENT_3D ( 'NONE', #5195, #866, #1273 ) ;
#2717 = CARTESIAN_POINT ( 'NONE',  ( 4.512678358558065206, 40.76047004365462101, 10.89582109328606663 ) ) ;
#2718 = LINE ( 'NONE', #4628, #6085 ) ;
#2719 = FACE_BOUND ( 'NONE', #5085, .T. ) ;
#2720 = CARTESIAN_POINT ( 'NONE',  ( -1.867217318171752405, 42.67830101263082554, 3.997535940417645595 ) ) ;
#2721 = FACE_OUTER_BOUND ( 'NONE', #2867, .T. ) ;
#2722 = ORIENTED_EDGE ( 'NONE', *, *, #5747, .F. ) ;
#2723 = EDGE_CURVE ( 'NONE', #2575, #828, #714, .T. ) ;
#2724 = ORIENTED_EDGE ( 'NONE', *, *, #5461, .F. ) ;
#2725 = AXIS2_PLACEMENT_3D ( 'NONE', #1679, #251, #4106 ) ;
#2726 = CARTESIAN_POINT ( 'NONE',  ( -7.999999999999972466, 6.123233995736767268E-16, -5.000000000000000888 ) ) ;
#2727 = DIRECTION ( 'NONE',  ( 0.000000000000000000, -0.1736481776669300259, -0.9848077530122081313 ) ) ;
#2728 = DIRECTION ( 'NONE',  ( 1.000000000000000000, 0.000000000000000000, 0.000000000000000000 ) ) ;
#2729 = DIRECTION ( 'NONE',  ( -0.000000000000000000, 0.000000000000000000, -1.000000000000000000 ) ) ;
#2730 = CARTESIAN_POINT ( 'NONE',  ( -2.999999999999999112, 0.000000000000000000, 0.000000000000000000 ) ) ;
#2731 = DIRECTION ( 'NONE',  ( 1.000000000000000000, -0.000000000000000000, -0.000000000000000000 ) ) ;
#2732 = CIRCLE ( 'NONE', #61, 35.15350152500619885 ) ;
#2733 = AXIS2_PLACEMENT_3D ( 'NONE', #4600, #5909, #4566 ) ;
#2734 = ORIENTED_EDGE ( 'NONE', *, *, #1423, .T. ) ;
#2735 = VECTOR ( 'NONE', #1817, 1000.000000000000000 ) ;
#2736 = LINE ( 'NONE', #5957, #3019 ) ;
#2737 = DIRECTION ( 'NONE',  ( 0.000000000000000000, 0.000000000000000000, 1.000000000000000000 ) ) ;
#2738 = CARTESIAN_POINT ( 'NONE',  ( 13.18436255310560057, -6.451637833762830176, -36.58905635337699636 ) ) ;
#2739 = VERTEX_POINT ( 'NONE', #2726 ) ;
#2740 = ORIENTED_EDGE ( 'NONE', *, *, #1324, .F. ) ;
#2741 = CARTESIAN_POINT ( 'NONE',  ( -4.226808769526957832, -13.13731419456545346, -42.40471509846264553 ) ) ;
#2742 = ORIENTED_EDGE ( 'NONE', *, *, #151, .F. ) ;
#2743 = VERTEX_POINT ( 'NONE', #5111 ) ;
#2744 = VERTEX_POINT ( 'NONE', #2103 ) ;
#2745 = DIRECTION ( 'NONE',  ( 1.000000000000000000, 0.000000000000000000, 0.000000000000000000 ) ) ;
#2746 = ADVANCED_FACE ( 'NONE', ( #5913 ), #4049, .F. ) ;
#2747 = DIRECTION ( 'NONE',  ( 0.000000000000000000, -0.1736481776669316912, -0.9848077530122077983 ) ) ;
#2748 = DIRECTION ( 'NONE',  ( 1.000000000000000000, 0.000000000000000000, -0.000000000000000000 ) ) ;
#2749 = CARTESIAN_POINT ( 'NONE',  ( -1.338375856106569964E-14, 42.45973963666059348, 6.794888519099430368 ) ) ;
#2750 = CYLINDRICAL_SURFACE ( 'NONE', #396, 11.50000000000000000 ) ;
#2751 = ORIENTED_EDGE ( 'NONE', *, *, #2595, .T. ) ;
#2752 = AXIS2_PLACEMENT_3D ( 'NONE', #2162, #6008, #5976 ) ;
#2753 = ORIENTED_EDGE ( 'NONE', *, *, #4862, .T. ) ;
#2754 = EDGE_CURVE ( 'NONE', #2066, #3839, #3149, .T. ) ;
#2755 = STYLED_ITEM ( 'NONE', ( #2405 ), #2465 ) ;
#2756 = CARTESIAN_POINT ( 'NONE',  ( -12.00000017881390058, 13.00000019371509907, 4.000000000000000000 ) ) ;
#2757 = CARTESIAN_POINT ( 'NONE',  ( -13.65233835743580215, 14.46045606665495953, 34.22393784932815208 ) ) ;
#2758 = DIRECTION ( 'NONE',  ( -1.367446332762960049E-17, 0.000000000000000000, 1.000000000000000000 ) ) ;
#2759 = PLANE ( 'NONE',  #320 ) ;
#2760 = CYLINDRICAL_SURFACE ( 'NONE', #352, 11.50000000000000000 ) ;
#2761 = CARTESIAN_POINT ( 'NONE',  ( -15.00000000000000000, -6.290974162736592490, -9.626715124266462809 ) ) ;
#2762 = FACE_OUTER_BOUND ( 'NONE', #5657, .T. ) ;
#2763 = AXIS2_PLACEMENT_3D ( 'NONE', #4675, #1833, #3729 ) ;
#2764 = DIRECTION ( 'NONE',  ( 0.000000000000000000, 0.1736481776669300259, 0.9848077530122081313 ) ) ;
#2765 = CARTESIAN_POINT ( 'NONE',  ( 4.562891424181769820E-15, 50.51060196856949602, 21.55641641768750105 ) ) ;
#2766 = ADVANCED_FACE ( 'NONE', ( #1210 ), #4539, .T. ) ;
#2767 = AXIS2_PLACEMENT_3D ( 'NONE', #833, #2313, #3219 ) ;
#2768 = B_SPLINE_CURVE_WITH_KNOTS ( 'NONE', 3,
 ( #4864, #5854, #601, #5361, #3477, #132, #3883, #4833, #3416, #570, #5885, #2978, #629, #2017, #2474, #1586, #4389, #1058, #3915, #5795, #2503, #1027, #2446, #5827, #1527, #1561, #1619, #4418, #3448, #191, #4359, #162, #4951, #5420, #3006, #5331, #2563, #5767, #682, #4918, #654, #1088, #2536, #4447, #2075, #3502, #100, #1141, #4477, #1957, #3986, #579, #1567, #2084, #3395, #2956, #2456, #1537 ),
 .UNSPECIFIED., .F., .F.,
 ( 4, 2, 2, 1, 2, 2, 2, 2, 1, 1, 1, 2, 2, 2, 2, 1, 1, 2, 2, 2, 2, 2, 1, 2, 2, 2, 2, 1, 2, 2, 2, 2, 4 ),
 ( 0.000000000000000000, 0.06249999999999721056, 0.09374999999999579503, 0.1093749999999951983, 0.1171874999999950595, 0.1249999999999949207, 0.1874999999999933942, 0.2187499999999925060, 0.2343749999999918399, 0.2421874999999917288, 0.2460937499999916178, 0.2480468749999914790, 0.2499999999999913403, 0.3124999999999851785, 0.3437499999999820144, 0.3593749999999805156, 0.3671874999999798495, 0.3710937499999795719, 0.3749999999999792943, 0.4062499999999791278, 0.4374999999999790168, 0.4687499999999789058, 0.4843749999999788503, 0.4921874999999789613, 0.4999999999999791278, 0.5624999999999811262, 0.5937499999999820144, 0.6093749999999824585, 0.6171874999999825695, 0.6249999999999826805, 0.7499999999999884537, 0.8749999999999942268, 1.000000000000000000 ),
 .UNSPECIFIED. ) ;
#2769 = DIRECTION ( 'NONE',  ( 0.000000000000000000, 0.000000000000000000, 1.000000000000000000 ) ) ;
#2770 = VERTEX_POINT ( 'NONE', #1708 ) ;
#2771 = FACE_OUTER_BOUND ( 'NONE', #342, .T. ) ;
#2772 = DIRECTION ( 'NONE',  ( -3.330895137017530528E-18, 0.9848077530122082424, -0.1736481776669300259 ) ) ;
#2773 = ORIENTED_EDGE ( 'NONE', *, *, #3223, .F. ) ;
#2774 = CARTESIAN_POINT ( 'NONE',  ( 0.7435433013925326629, -16.10174501333990449, -42.00098049447672111 ) ) ;
#2775 = DIRECTION ( 'NONE',  ( 0.000000000000000000, 0.000000000000000000, -1.000000000000000000 ) ) ;
#2776 = VERTEX_POINT ( 'NONE', #5512 ) ;
#2777 = DIRECTION ( 'NONE',  ( 1.000000000000000000, 5.793456394897959714E-18, 1.367446332762960049E-17 ) ) ;
#2778 = EDGE_CURVE ( 'NONE', #3345, #2610, #1245, .T. ) ;
#2779 = DIRECTION ( 'NONE',  ( -1.000000000000000000, -5.793456394897969729E-18, -1.367446332762960049E-17 ) ) ;
#2780 = CARTESIAN_POINT ( 'NONE',  ( -0.5418879434688045338, 42.45985186198840466, 6.737508931608275908 ) ) ;
#2781 = DIRECTION ( 'NONE',  ( -3.330895137017530528E-18, 0.9848077530122082424, -0.1736481776669300259 ) ) ;
#2782 = ORIENTED_EDGE ( 'NONE', *, *, #3777, .F. ) ;
#2783 = EDGE_CURVE ( 'NONE', #488, #6063, #2151, .T. ) ;
#2784 = AXIS2_PLACEMENT_3D ( 'NONE', #155, #3940, #2469 ) ;
#2785 = ADVANCED_FACE ( 'NONE', ( #406 ), #5172, .F. ) ;
#2786 = CIRCLE ( 'NONE', #909, 30.00000000000000711 ) ;
#2787 = VERTEX_POINT ( 'NONE', #499 ) ;
#2788 = CARTESIAN_POINT ( 'NONE',  ( 11.81963731049270017, 34.92349221235220824, -5.866465033662840334 ) ) ;
#2789 = CARTESIAN_POINT ( 'NONE',  ( -14.09155698779653676, 17.98093550914916250, 32.51293468618994353 ) ) ;
#2790 = FACE_OUTER_BOUND ( 'NONE', #29, .T. ) ;
#2791 = CIRCLE ( 'NONE', #120, 31.99999999999999645 ) ;
#2792 = FACE_BOUND ( 'NONE', #4878, .T. ) ;
#2793 = VECTOR ( 'NONE', #1867, 1000.000000000000000 ) ;
#2794 = DIRECTION ( 'NONE',  ( 1.000000000000000000, 0.000000000000000000, 0.000000000000000000 ) ) ;
#2795 = CARTESIAN_POINT ( 'NONE',  ( 6.176108722898300527E-15, 55.08494013959784752, 35.98123635753668026 ) ) ;
#2796 = CARTESIAN_POINT ( 'NONE',  ( -15.00000000000000000, -0.000000000000000000, 0.000000000000000000 ) ) ;
#2797 = CIRCLE ( 'NONE', #1012, 16.30000000000000071 ) ;
#2798 = CARTESIAN_POINT ( 'NONE',  ( 13.18436255310830063, 32.82094664956759544, 17.41172411320899727 ) ) ;
#2799 = DIRECTION ( 'NONE',  ( -1.000000000000000000, -0.000000000000000000, -0.000000000000000000 ) ) ;
#2800 = EDGE_CURVE ( 'NONE', #1191, #2282, #5156, .T. ) ;
#2801 = FACE_OUTER_BOUND ( 'NONE', #1228, .T. ) ;
#2802 = DIRECTION ( 'NONE',  ( 1.000000000000000000, 5.793456394897969729E-18, 1.367446332762960049E-17 ) ) ;
#2803 = ORIENTED_EDGE ( 'NONE', *, *, #773, .T. ) ;
#2804 = CARTESIAN_POINT ( 'NONE',  ( -2.318520238687010071, 0.4198002138749438727, -44.81778868843930042 ) ) ;
#2805 = VERTEX_POINT ( 'NONE', #5202 ) ;
#2806 = CARTESIAN_POINT ( 'NONE',  ( -3.178304070757933086, -14.79029609001294077, -42.13948007291343600 ) ) ;
#2807 = DIRECTION ( 'NONE',  ( 1.000000000000000000, 5.793456394897969729E-18, 1.367446332762960049E-17 ) ) ;
#2808 = ORIENTED_EDGE ( 'NONE', *, *, #3832, .F. ) ;
#2809 = CIRCLE ( 'NONE', #727, 15.00000000000000178 ) ;
#2810 = CARTESIAN_POINT ( 'NONE',  ( 4.556229633907740380E-15, 52.48021747459389985, 21.20912006235359826 ) ) ;
#2811 = CARTESIAN_POINT ( 'NONE',  ( -0.7218398835219486109, 1.077768879179615391, -44.96981932681995886 ) ) ;
#2812 = CYLINDRICAL_SURFACE ( 'NONE', #554, 2.000000000000002220 ) ;
#2813 =( LENGTH_UNIT ( ) NAMED_UNIT ( * ) SI_UNIT ( .MILLI., .METRE. ) );
#2814 = ORIENTED_EDGE ( 'NONE', *, *, #2517, .F. ) ;
#2815 = EDGE_CURVE ( 'NONE', #5061, #3148, #83, .T. ) ;
#2816 = AXIS2_PLACEMENT_3D ( 'NONE', #831, #339, #2685 ) ;
#2817 = EDGE_LOOP ( 'NONE', ( #5811, #1854, #4020, #3178 ) ) ;
#2818 = CARTESIAN_POINT ( 'NONE',  ( 14.00000000000000000, -32.92111706335690258, 5.804881173331500221 ) ) ;
#2819 = FACE_BOUND ( 'NONE', #2966, .T. ) ;
#2820 = CARTESIAN_POINT ( 'NONE',  ( 14.00000000000000000, -34.42397469407509902, 7.124509508050099527 ) ) ;
#2821 = LINE ( 'NONE', #5579, #2586 ) ;
#2822 = DIRECTION ( 'NONE',  ( 0.000000000000000000, 0.000000000000000000, -1.000000000000000000 ) ) ;
#2823 = DIRECTION ( 'NONE',  ( -1.000000000000000000, -5.793456394897989759E-18, -1.367446332762963901E-17 ) ) ;
#2824 = CARTESIAN_POINT ( 'NONE',  ( 13.00000000000000000, -11.43338396962349890, 31.41296428449409817 ) ) ;
#2825 = CIRCLE ( 'NONE', #153, 35.15350152500621306 ) ;
#2826 = AXIS2_PLACEMENT_3D ( 'NONE', #5662, #2843, #5223 ) ;
#2827 = PRODUCT_DEFINITION ( 'UNKNOWN', '', #3516, #1166 ) ;
#2828 = CARTESIAN_POINT ( 'NONE',  ( 14.62676728847446128, 21.96313627817324843, 29.96670795967230561 ) ) ;
#2829 = AXIS2_PLACEMENT_3D ( 'NONE', #6082, #3203, #818 ) ;
#2830 = VECTOR ( 'NONE', #5821, 1000.000000000000000 ) ;
#2831 = EDGE_CURVE ( 'NONE', #460, #5311, #4294, .T. ) ;
#2832 = CARTESIAN_POINT ( 'NONE',  ( -15.00000000000000000, 2.032718766497999319, -29.93105501676021518 ) ) ;
#2833 = APPLICATION_PROTOCOL_DEFINITION ( 'draft international standard', 'automotive_design', 1998, #2543 ) ;
#2834 = PRODUCT_DEFINITION_SHAPE ( 'NONE', 'NONE',  #2368 ) ;
#2835 = CIRCLE ( 'NONE', #3025, 11.50000000000000178 ) ;
#2836 = DIRECTION ( 'NONE',  ( 1.000000000000000000, -0.000000000000000000, -0.000000000000000000 ) ) ;
#2837 = CARTESIAN_POINT ( 'NONE',  ( 12.48642722372511216, 27.46242244282787937, 21.94462099699048707 ) ) ;
#2838 = ORIENTED_EDGE ( 'NONE', *, *, #3430, .T. ) ;
#2839 = CARTESIAN_POINT ( 'NONE',  ( -5.161427541941735697, -5.070489238922362141, -43.79211499500906513 ) ) ;
#2840 = ORIENTED_EDGE ( 'NONE', *, *, #4936, .T. ) ;
#2841 = CARTESIAN_POINT ( 'NONE',  ( -2.999999999999998224, 0.000000000000000000, 0.000000000000000000 ) ) ;
#2842 = EDGE_LOOP ( 'NONE', ( #3083, #3177, #5457, #6098 ) ) ;
#2843 = DIRECTION ( 'NONE',  ( 1.000000000000000000, -0.000000000000000000, -0.000000000000000000 ) ) ;
#2844 = CARTESIAN_POINT ( 'NONE',  ( 3.680877037479215019, -2.296812523122161664, -44.48210557203037041 ) ) ;
#2845 = DIRECTION ( 'NONE',  ( 0.000000000000000000, 0.000000000000000000, -1.000000000000000000 ) ) ;
#2846 = DIRECTION ( 'NONE',  ( 1.000000000000000000, 5.793456394897969729E-18, 1.367446332762960049E-17 ) ) ;
#2847 = ORIENTED_EDGE ( 'NONE', *, *, #2550, .T. ) ;
#2848 = ORIENTED_EDGE ( 'NONE', *, *, #6140, .T. ) ;
#2849 = CARTESIAN_POINT ( 'NONE',  ( 11.91555511181480043, 34.48410734512059861, -7.053578561550580162 ) ) ;
#2850 = LINE ( 'NONE', #533, #2139 ) ;
#2851 = CARTESIAN_POINT ( 'NONE',  ( 14.00000000000000000, 5.556741685341534343, 31.51384809639069928 ) ) ;
#2852 = CARTESIAN_POINT ( 'NONE',  ( -15.00000000000000000, 20.79646422511909876, -21.62191193519532817 ) ) ;
#2853 = FACE_OUTER_BOUND ( 'NONE', #3557, .T. ) ;
#2854 = CARTESIAN_POINT ( 'NONE',  ( -3.978204044719710276E-07, 44.38660728574480174, 7.404826103770196788 ) ) ;
#2855 = DIRECTION ( 'NONE',  ( 1.447274064869760388E-17, -0.1736481776669298871, -0.9848077530122082424 ) ) ;
#2856 = CIRCLE ( 'NONE', #1168, 1.600000000000000755 ) ;
#2857 = AXIS2_PLACEMENT_3D ( 'NONE', #1674, #2660, #3570 ) ;
#2858 = CARTESIAN_POINT ( 'NONE',  ( 14.95013440311567443, 25.25735339583276584, 27.24793050266741190 ) ) ;
#2859 = DIRECTION ( 'NONE',  ( 0.000000000000000000, 0.1736481776669318577, 0.9848077530122079093 ) ) ;
#2860 = CARTESIAN_POINT ( 'NONE',  ( 11.92855750024400052, -11.07134015823769957, 33.37997941611590136 ) ) ;
#2861 = COLOUR_RGB ( '',0.7921568627450980005, 0.8196078431372548767, 0.9333333333333333481 ) ;
#2862 = ORIENTED_EDGE ( 'NONE', *, *, #4709, .T. ) ;
#2863 = EDGE_CURVE ( 'NONE', #784, #5542, #4196, .T. ) ;
#2864 = CARTESIAN_POINT ( 'NONE',  ( -2.528815874876884529, 41.52581438652018875, 10.18620756559885265 ) ) ;
#2865 = DIRECTION ( 'NONE',  ( 0.000000000000000000, -0.1736481776669300259, -0.9848077530122081313 ) ) ;
#2866 = CARTESIAN_POINT ( 'NONE',  ( -4.302307416674563179, -2.192437078286896046, -44.31556852126767154 ) ) ;
#2867 = EDGE_LOOP ( 'NONE', ( #2457, #3518, #2952, #2535 ) ) ;
#2868 = EDGE_CURVE ( 'NONE', #5185, #5685, #1378, .T. ) ;
#2869 = EDGE_LOOP ( 'NONE', ( #5408, #1503, #1199, #4778, #2338 ) ) ;
#2870 = DIRECTION ( 'NONE',  ( 1.000000000000000000, 0.000000000000000000, 0.000000000000000000 ) ) ;
#2871 = EDGE_LOOP ( 'NONE', ( #1751, #3493 ) ) ;
#2872 = CARTESIAN_POINT ( 'NONE',  ( 3.467776883951109834, -1.843592998240290326, -44.55640953917057345 ) ) ;
#2873 = CARTESIAN_POINT ( 'NONE',  ( -15.00000000000000000, 9.204112484835338392, 6.894513279884100676 ) ) ;
#2874 = CARTESIAN_POINT ( 'NONE',  ( 13.18436255310560057, -3.237419261927890256E-15, 3.730772872606420346E-16 ) ) ;
#2875 = ORIENTED_EDGE ( 'NONE', *, *, #1864, .T. ) ;
#2876 = VERTEX_POINT ( 'NONE', #4671 ) ;
#2877 = EDGE_CURVE ( 'NONE', #6154, #4037, #3250, .T. ) ;
#2878 = CARTESIAN_POINT ( 'NONE',  ( -11.93488257301919830, 6.104341478428979784, 34.61944084735259963 ) ) ;
#2879 = PRESENTATION_STYLE_ASSIGNMENT (( #4701 ) ) ;
#2880 = DIRECTION ( 'NONE',  ( -1.000000000000000000, 0.000000000000000000, 0.000000000000000000 ) ) ;
#2881 = DIRECTION ( 'NONE',  ( -1.367446332762960049E-17, 0.000000000000000000, 1.000000000000000000 ) ) ;
#2882 = CARTESIAN_POINT ( 'NONE',  ( -0.8973746132210927984, 44.90338753613420408, 2.513228737722370099 ) ) ;
#2883 = CARTESIAN_POINT ( 'NONE',  ( -6.944348578699925056, 42.24419928089213272, 9.508889557965410688 ) ) ;
#2884 = CARTESIAN_POINT ( 'NONE',  ( 0.000000000000000000, 3.673940397442060361E-16, -3.000000000000000444 ) ) ;
#2885 = VECTOR ( 'NONE', #564, 1000.000000000000000 ) ;
#2886 = AXIS2_PLACEMENT_3D ( 'NONE', #4613, #6018, #2670 ) ;
#2887 = CARTESIAN_POINT ( 'NONE',  ( 13.00000000000000000, -3.238487358340159716E-15, 3.705562282892109516E-16 ) ) ;
#2888 = FACE_OUTER_BOUND ( 'NONE', #5435, .T. ) ;
#2889 = DIRECTION ( 'NONE',  ( 1.000000000000000000, 5.793456394897969729E-18, 1.367446332762960049E-17 ) ) ;
#2890 = EDGE_CURVE ( 'NONE', #2153, #3622, #5702, .T. ) ;
#2891 = CIRCLE ( 'NONE', #5891, 35.15350152500619885 ) ;
#2892 = CARTESIAN_POINT ( 'NONE',  ( 11.87413000897540094, 11.34895476350440013, -33.41844236516909916 ) ) ;
#2893 = CARTESIAN_POINT ( 'NONE',  ( -2.999999999999999112, 7.995660308259869176, 8.265556014867826207 ) ) ;
#2894 = FACE_BOUND ( 'NONE', #5623, .T. ) ;
#2895 = EDGE_CURVE ( 'NONE', #4242, #2643, #4857, .T. ) ;
#2896 = LINE ( 'NONE', #1932, #359 ) ;
#2897 = ORIENTED_EDGE ( 'NONE', *, *, #2974, .F. ) ;
#2898 = EDGE_CURVE ( 'NONE', #4632, #3656, #4253, .T. ) ;
#2899 = B_SPLINE_CURVE_WITH_KNOTS ( 'NONE', 3,
 ( #2798, #3358, #4267, #1897, #2414, #39, #4329, #5272, #11, #910, #4237, #3793, #1379, #3734, #73, #4710, #1958, #1440, #5647, #6141, #4204, #3856, #5244, #970, #2858, #5709, #3826, #1866, #3764, #5678, #1408, #1835, #507, #3295, #5210, #939, #5769, #2828, #2388, #477, #3387, #5738, #5301, #1028, #2918, #413, #6110, #5396, #1621, #4480, #3916, #3008, #219, #2565, #2105, #4008, #3449, #2475, #4865, #5828, #1181, #2077, #1588, #2979, #5916, #1648, #684, #1143, #4420, #4391, #3538, #5451 ),
 .UNSPECIFIED., .F., .F.,
 ( 4, 2, 2, 2, 1, 1, 1, 1, 1, 2, 2, 2, 2, 1, 1, 1, 1, 2, 2, 2, 2, 1, 1, 1, 1, 1, 1, 2, 2, 2, 2, 2, 1, 2, 2, 2, 2, 2, 1, 1, 1, 1, 2, 2, 2, 4 ),
 ( 0.000000000000000000, 0.1249999999999178713, 0.1874999999998767930, 0.2187499999998563371, 0.2343749999998462064, 0.2421874999998410438, 0.2460937499998384625, 0.2480468749998372691, 0.2490234374998368805, 0.2495117187498366029, 0.2499999999998362976, 0.3124999999997655209, 0.3437499999997300493, 0.3593749999997121747, 0.3671874999997031819, 0.3710937499996986855, 0.3730468749996965205, 0.3740234374996954103, 0.3749999999996943556, 0.4374999999996407318, 0.4687499999996139199, 0.4843749999996004862, 0.4921874999995935474, 0.4960937499995902167, 0.4980468749995885513, 0.4990234374995877742, 0.4995117187495874411, 0.4997558593745873856, 0.4999999999995873301, 0.5624999999996507238, 0.5937499999996824762, 0.6093749999996985744, 0.6171874999997064570, 0.6210937499997104538, 0.6249999999997144506, 0.6874999999997772893, 0.7187499999998085976, 0.7343749999998243627, 0.7421874999998322453, 0.7460937499998361311, 0.7480468749998379074, 0.7490234374998386846, 0.7495117187498390177, 0.7499999999998393507, 0.8749999999999197309, 1.000000000000000000 ),
 .UNSPECIFIED. ) ;
#2900 = ORIENTED_EDGE ( 'NONE', *, *, #5556, .F. ) ;
#2901 = EDGE_CURVE ( 'NONE', #612, #1495, #1569, .T. ) ;
#2902 = VERTEX_POINT ( 'NONE', #2284 ) ;
#2903 = CARTESIAN_POINT ( 'NONE',  ( 4.493347770585933709, -4.996770598503784910, -44.02855571580847283 ) ) ;
#2904 = ADVANCED_FACE ( 'NONE', ( #4258 ), #3694, .F. ) ;
#2905 = CARTESIAN_POINT ( 'NONE',  ( 13.00000000000000000, -31.72268690230989918, 4.203704996549940454 ) ) ;
#2906 = LINE ( 'NONE', #957, #5456 ) ;
#2907 = ORIENTED_EDGE ( 'NONE', *, *, #1269, .T. ) ;
#2908 = ORIENTED_EDGE ( 'NONE', *, *, #2359, .T. ) ;
#2909 = CARTESIAN_POINT ( 'NONE',  ( -12.74132000833544431, 18.65651270253886196, 29.79456068335708352 ) ) ;
#2910 = CARTESIAN_POINT ( 'NONE',  ( -14.94558933488777264, 25.18337904785984804, 27.31629898547413049 ) ) ;
#2911 = CARTESIAN_POINT ( 'NONE',  ( 11.81963731049270017, -34.92349221235220824, 5.866465033662930040 ) ) ;
#2912 = CARTESIAN_POINT ( 'NONE',  ( -15.00000000000000000, 8.273855016626251668, 1.365621439460125819 ) ) ;
#2913 = DIRECTION ( 'NONE',  ( 0.000000000000000000, -0.1736481776669300259, -0.9848077530122082424 ) ) ;
#2914 = CARTESIAN_POINT ( 'NONE',  ( -10.53261606169470710, 38.61333711772995514, 12.80815962195100433 ) ) ;
#2915 = VERTEX_POINT ( 'NONE', #6099 ) ;
#2916 = EDGE_CURVE ( 'NONE', #6088, #3904, #3253, .T. ) ;
#2917 = DIRECTION ( 'NONE',  ( 1.000000000000000000, 0.000000000000000000, -0.000000000000000000 ) ) ;
#2918 = CARTESIAN_POINT ( 'NONE',  ( 14.39036852672462530, 20.17342353571263658, 31.20165487887159728 ) ) ;
#2919 = DIRECTION ( 'NONE',  ( -1.000000000000000000, -5.793456394897969729E-18, -1.367446332762960049E-17 ) ) ;
#2920 = CARTESIAN_POINT ( 'NONE',  ( -2.999999999999999112, 5.699021115336249110, -29.45371213152854040 ) ) ;
#2921 = AXIS2_PLACEMENT_3D ( 'NONE', #933, #5149, #2822 ) ;
#2922 = CARTESIAN_POINT ( 'NONE',  ( -15.00000000000000000, 11.48246693397892493, -0.6347858773481435124 ) ) ;
#2923 = CIRCLE ( 'NONE', #2733, 2.000000000000000888 ) ;
#2924 = CARTESIAN_POINT ( 'NONE',  ( 13.00000000000000000, -5.556741685341763493, -31.51384809639065665 ) ) ;
#2925 = CARTESIAN_POINT ( 'NONE',  ( 0.6537610674175460268, 44.53994245232995297, 6.321384634529693791 ) ) ;
#2926 = LINE ( 'NONE', #692, #3485 ) ;
#2927 = AXIS2_PLACEMENT_3D ( 'NONE', #3547, #3076, #1535 ) ;
#2928 = AXIS2_PLACEMENT_3D ( 'NONE', #1194, #4435, #5001 ) ;
#2929 = ORIENTED_EDGE ( 'NONE', *, *, #4100, .F. ) ;
#2930 = EDGE_LOOP ( 'NONE', ( #519, #1975, #742, #3742 ) ) ;
#2931 = CARTESIAN_POINT ( 'NONE',  ( 2.270631732492384813, -0.1335555198871712645, -44.82707067878003926 ) ) ;
#2932 = DIRECTION ( 'NONE',  ( 1.000000000000000000, 5.793456394897969729E-18, 1.367446332762960049E-17 ) ) ;
#2933 = DIRECTION ( 'NONE',  ( 1.000000000000000000, 5.793456394897969729E-18, 1.367446332762960049E-17 ) ) ;
#2934 = ORIENTED_EDGE ( 'NONE', *, *, #2370, .F. ) ;
#2935 = PRESENTATION_LAYER_ASSIGNMENT (  '', '', ( #4033 ) ) ;
#2936 = ORIENTED_EDGE ( 'NONE', *, *, #1878, .T. ) ;
#2937 = VERTEX_POINT ( 'NONE', #6074 ) ;
#2938 = EDGE_CURVE ( 'NONE', #4752, #2092, #1229, .T. ) ;
#2939 = CARTESIAN_POINT ( 'NONE',  ( -12.17570666646735411, 12.35929546497339437, 32.90942016459719355 ) ) ;
#2940 = CYLINDRICAL_SURFACE ( 'NONE', #1526, 31.99999999999999289 ) ;
#2941 = CARTESIAN_POINT ( 'NONE',  ( 11.82821663984000082, -34.92368686731679617, 5.751264490268639840 ) ) ;
#2942 = DIRECTION ( 'NONE',  ( 1.000000000000000000, 0.000000000000000000, 0.000000000000000000 ) ) ;
#2943 = CARTESIAN_POINT ( 'NONE',  ( -1.012251480455616859, 44.89228992693823983, 2.578162524122952881 ) ) ;
#2944 = DIRECTION ( 'NONE',  ( 0.000000000000000000, -0.1736481776669298593, -0.9848077530122082424 ) ) ;
#2945 = VERTEX_POINT ( 'NONE', #3938 ) ;
#2946 = CARTESIAN_POINT ( 'NONE',  ( -15.00000000000000000, -10.34044964285405577, -5.032405109249399544 ) ) ;
#2947 = EDGE_CURVE ( 'NONE', #4375, #4075, #2259, .T. ) ;
#2948 = CARTESIAN_POINT ( 'NONE',  ( -15.00000000000000000, -10.63918073367659467, 12.96511582379512717 ) ) ;
#2949 = CARTESIAN_POINT ( 'NONE',  ( 4.549567843633699896E-15, 54.44983298061829657, 20.86182370701970257 ) ) ;
#2950 = CARTESIAN_POINT ( 'NONE',  ( -15.00000000000000000, -5.908529299575821625, -15.69635870271548050 ) ) ;
#2951 = CARTESIAN_POINT ( 'NONE',  ( 2.046559999945780639, -15.29282915500917284, -42.17258092637255373 ) ) ;
#2952 = ORIENTED_EDGE ( 'NONE', *, *, #1687, .T. ) ;
#2953 = EDGE_CURVE ( 'NONE', #457, #3993, #2529, .T. ) ;
#2954 = CARTESIAN_POINT ( 'NONE',  ( 4.556229633907740380E-15, 52.48021747459389985, 21.20912006235359826 ) ) ;
#2955 = AXIS2_PLACEMENT_3D ( 'NONE', #509, #3360, #2508 ) ;
#2956 = CARTESIAN_POINT ( 'NONE',  ( 0.5415893538622827963, 42.45985204669420199, 6.737574392915128385 ) ) ;
#2957 = ADVANCED_FACE ( 'NONE', ( #91 ), #4911, .F. ) ;
#2958 = VERTEX_POINT ( 'NONE', #1978 ) ;
#2959 = CIRCLE ( 'NONE', #1585, 16.29999999999999361 ) ;
#2960 = ORIENTED_EDGE ( 'NONE', *, *, #600, .F. ) ;
#2961 = CARTESIAN_POINT ( 'NONE',  ( -1.163281065831894390, 0.9897717539991178759, -44.94411164576644779 ) ) ;
#2962 = DIRECTION ( 'NONE',  ( -1.000000000000000000, -5.793456394897969729E-18, -1.367446332762960049E-17 ) ) ;
#2963 = DIRECTION ( 'NONE',  ( 1.000000000000000000, 0.000000000000000000, 0.000000000000000000 ) ) ;
#2964 = VERTEX_POINT ( 'NONE', #182 ) ;
#2965 = VERTEX_POINT ( 'NONE', #1518 ) ;
#2966 = EDGE_LOOP ( 'NONE', ( #5939, #3898 ) ) ;
#2967 = ADVANCED_FACE ( 'NONE', ( #644 ), #2058, .F. ) ;
#2968 = CARTESIAN_POINT ( 'NONE',  ( -26.00000000000000000, -3.464432157741179803E-15, -1.627478414883439944E-16 ) ) ;
#2969 = CARTESIAN_POINT ( 'NONE',  ( -14.95579998296809165, 28.06536145818084194, 24.34580428547532449 ) ) ;
#2970 = DIRECTION ( 'NONE',  ( 1.000000000000000000, -0.000000000000000000, 0.000000000000000000 ) ) ;
#2971 = PLANE ( 'NONE',  #2294 ) ;
#2972 = DIRECTION ( 'NONE',  ( 0.000000000000000000, -0.9848077530122086864, -0.1736481776669273891 ) ) ;
#2973 = CARTESIAN_POINT ( 'NONE',  ( 11.93488257301919830, 34.42397469407509902, -7.124509508050089757 ) ) ;
#2974 = EDGE_CURVE ( 'NONE', #49, #4998, #5354, .T. ) ;
#2975 = EDGE_LOOP ( 'NONE', ( #6081, #3634 ) ) ;
#2976 = AXIS2_PLACEMENT_3D ( 'NONE', #4676, #5151, #2385 ) ;
#2977 = EDGE_CURVE ( 'NONE', #213, #2645, #2647, .T. ) ;
#2978 = CARTESIAN_POINT ( 'NONE',  ( 0.9991356733760439202, 42.86198273698729366, 2.928833853590016023 ) ) ;
#2979 = CARTESIAN_POINT ( 'NONE',  ( 13.65760659063056437, 14.50798769465391480, 34.20381671898017828 ) ) ;
#2980 = DIRECTION ( 'NONE',  ( 0.000000000000000000, -1.224646799147353207E-16, 1.000000000000000000 ) ) ;
#2981 = FACE_BOUND ( 'NONE', #1277, .T. ) ;
#2982 = CARTESIAN_POINT ( 'NONE',  ( 0.9510147405789445285, -16.01629354826614460, -42.02101224542325753 ) ) ;
#2983 = AXIS2_PLACEMENT_3D ( 'NONE', #3316, #4913, #647 ) ;
#2984 = ORIENTED_EDGE ( 'NONE', *, *, #3890, .F. ) ;
#2985 = CIRCLE ( 'NONE', #3884, 2.000000000000000444 ) ;
#2986 = CARTESIAN_POINT ( 'NONE',  ( -2.999999999999999112, 3.673940397442059178E-15, -30.00000000000000000 ) ) ;
#2987 = DIRECTION ( 'NONE',  ( 1.000000000000000000, 5.793456394897989759E-18, 1.367446332762960049E-17 ) ) ;
#2988 = VECTOR ( 'NONE', #3948, 1000.000000000000000 ) ;
#2989 = AXIS2_PLACEMENT_3D ( 'NONE', #5363, #2477, #1499 ) ;
#2990 = CIRCLE ( 'NONE', #4490, 2.000000000000001332 ) ;
#2991 = ORIENTED_EDGE ( 'NONE', *, *, #5086, .T. ) ;
#2992 = EDGE_CURVE ( 'NONE', #4075, #5967, #5411, .T. ) ;
#2993 = ORIENTED_EDGE ( 'NONE', *, *, #2215, .F. ) ;
#2994 = DIRECTION ( 'NONE',  ( 1.000000000000000000, 0.000000000000000000, -0.000000000000000000 ) ) ;
#2995 = ORIENTED_EDGE ( 'NONE', *, *, #1869, .F. ) ;
#2996 = ORIENTED_EDGE ( 'NONE', *, *, #4111, .T. ) ;
#2997 = VERTEX_POINT ( 'NONE', #621 ) ;
#2998 = DIRECTION ( 'NONE',  ( 1.000000000000000000, 3.280291355405529772E-18, -5.784038705427340244E-19 ) ) ;
#2999 = DIRECTION ( 'NONE',  ( 1.000000000000000000, 5.793456394897969729E-18, 1.367446332762960049E-17 ) ) ;
#3000 = DIRECTION ( 'NONE',  ( -1.000000000000000000, 0.000000000000000000, 0.000000000000000000 ) ) ;
#3001 = DIRECTION ( 'NONE',  ( 0.000000000000000000, -0.9848077530122086864, -0.1736481776669273613 ) ) ;
#3002 = CARTESIAN_POINT ( 'NONE',  ( -2.999999999999999112, 9.528415488171638970, -6.438889522640595331 ) ) ;
#3003 = CARTESIAN_POINT ( 'NONE',  ( 0.04901441453303594098, 44.38662805581275705, 7.404839068047211370 ) ) ;
#3004 = ORIENTED_EDGE ( 'NONE', *, *, #576, .T. ) ;
#3005 = EDGE_CURVE ( 'NONE', #4632, #6051, #3524, .T. ) ;
#3006 = CARTESIAN_POINT ( 'NONE',  ( 1.946834367850763359, 42.64108167074665090, 4.262590009375770705 ) ) ;
#3007 = DIRECTION ( 'NONE',  ( 2.464307478094499634E-18, 0.8432749352977761959, -0.5374824494795450436 ) ) ;
#3008 = CARTESIAN_POINT ( 'NONE',  ( 14.15306509952442937, 18.43370979573890978, 32.25809212699623885 ) ) ;
#3009 = CARTESIAN_POINT ( 'NONE',  ( 12.71481152960403449, 18.36468493106814037, 29.97532116691981940 ) ) ;
#3010 = CYLINDRICAL_SURFACE ( 'NONE', #3312, 35.15350152500622016 ) ;
#3011 = CARTESIAN_POINT ( 'NONE',  ( 4.431730820918303948, -10.55143515699995049, -43.05643697375620604 ) ) ;
#3012 = ORIENTED_EDGE ( 'NONE', *, *, #3599, .F. ) ;
#3013 = AXIS2_PLACEMENT_3D ( 'NONE', #4000, #1640, #271 ) ;
#3014 = EDGE_CURVE ( 'NONE', #4029, #2176, #5333, .T. ) ;
#3015 = FACE_BOUND ( 'NONE', #1845, .T. ) ;
#3016 = DIRECTION ( 'NONE',  ( 0.000000000000000000, -0.1736481776669300259, -0.9848077530122081313 ) ) ;
#3017 = VECTOR ( 'NONE', #1960, 1000.000000000000114 ) ;
#3018 = VERTEX_POINT ( 'NONE', #704 ) ;
#3019 = VECTOR ( 'NONE', #4109, 1000.000000000000000 ) ;
#3020 = VECTOR ( 'NONE', #2404, 1000.000000000000000 ) ;
#3021 = CARTESIAN_POINT ( 'NONE',  ( -5.261611104485431234, -9.391338568045505042, -43.03476430218076842 ) ) ;
#3022 = ORIENTED_EDGE ( 'NONE', *, *, #3168, .T. ) ;
#3023 = EDGE_LOOP ( 'NONE', ( #5497, #3555, #5836, #4356 ) ) ;
#3024 = UNCERTAINTY_MEASURE_WITH_UNIT (LENGTH_MEASURE( 1.000000000000000082E-05 ), #5029, 'distance_accuracy_value', 'NONE');
#3025 = AXIS2_PLACEMENT_3D ( 'NONE', #5712, #1871, #3768 ) ;
#3026 = ORIENTED_EDGE ( 'NONE', *, *, #6084, .F. ) ;
#3027 = CIRCLE ( 'NONE', #4023, 21.49999999999999645 ) ;
#3028 = DIRECTION ( 'NONE',  ( 1.000000000000000000, 5.793456394897989759E-18, 1.367446332762960049E-17 ) ) ;
#3029 = CYLINDRICAL_SURFACE ( 'NONE', #5802, 29.99999999999999289 ) ;
#3030 = EDGE_CURVE ( 'NONE', #4998, #5565, #3997, .T. ) ;
#3031 = CARTESIAN_POINT ( 'NONE',  ( -15.00000000000000000, 0.000000000000000000, 0.000000000000000000 ) ) ;
#3032 = CARTESIAN_POINT ( 'NONE',  ( 14.00000000000000000, -3.232693901945260157E-15, 3.842306916168400005E-16 ) ) ;
#3033 = CYLINDRICAL_SURFACE ( 'NONE', #5330, 1.600000000000000755 ) ;
#3034 = CARTESIAN_POINT ( 'NONE',  ( -15.00000000000000000, -15.42909093248276875, 25.72825592606653800 ) ) ;
#3035 = ORIENTED_EDGE ( 'NONE', *, *, #2953, .T. ) ;
#3036 = CARTESIAN_POINT ( 'NONE',  ( -20.00000000000000000, 2.852488828601113635, 16.17726803430815607 ) ) ;
#3037 = CARTESIAN_POINT ( 'NONE',  ( -7.495532534254959245, 38.52598014064625431, 12.88345992909660787 ) ) ;
#3038 = LINE ( 'NONE', #3479, #2988 ) ;
#3039 = CARTESIAN_POINT ( 'NONE',  ( 0.2672802227383889728, 44.94140891468627785, 2.295596820645276370 ) ) ;
#3040 = LINE ( 'NONE', #5831, #317 ) ;
#3041 = FACE_OUTER_BOUND ( 'NONE', #734, .T. ) ;
#3042 = CARTESIAN_POINT ( 'NONE',  ( 3.669025532544349488, -12.95230400434914841, -42.61968560660928773 ) ) ;
#3043 = ORIENTED_EDGE ( 'NONE', *, *, #1121, .T. ) ;
#3044 = FACE_OUTER_BOUND ( 'NONE', #1659, .T. ) ;
#3045 = DIRECTION ( 'NONE',  ( 0.000000000000000000, 0.1736481776669315247, 0.9848077530122077983 ) ) ;
#3046 = AXIS2_PLACEMENT_3D ( 'NONE', #3875, #4881, #3966 ) ;
#3047 = B_SPLINE_CURVE_WITH_KNOTS ( 'NONE', 3,
 ( #2711, #361, #4689, #3744, #5660, #3337, #3802, #5251, #982, #5717, #1449, #4742, #4327, #6106 ),
 .UNSPECIFIED., .F., .F.,
 ( 4, 2, 2, 2, 2, 2, 4 ),
 ( -0.7480457703853571338, -0.6942082074353519427, -0.6595797146027500002, -0.6308857898294730759, -0.5983807620154399931, -0.5462999521634159805, -0.5320256192710179910 ),
 .UNSPECIFIED. ) ;
#3048 = CIRCLE ( 'NONE', #1473, 30.00000000000000000 ) ;
#3049 = EDGE_CURVE ( 'NONE', #2232, #1163, #2036, .T. ) ;
#3050 = CARTESIAN_POINT ( 'NONE',  ( -42.33712777034315167, -13.59753565597207547, 44.79825474743173430 ) ) ;
#3051 = CIRCLE ( 'NONE', #3854, 12.99999999999999645 ) ;
#3052 = ORIENTED_EDGE ( 'NONE', *, *, #576, .F. ) ;
#3053 = VERTEX_POINT ( 'NONE', #3529 ) ;
#3054 = CARTESIAN_POINT ( 'NONE',  ( 16.00000000000000000, 11.78068032495755979, -29.44334877846958065 ) ) ;
#3055 = ORIENTED_EDGE ( 'NONE', *, *, #3357, .F. ) ;
#3056 = ORIENTED_EDGE ( 'NONE', *, *, #3544, .T. ) ;
#3057 = AXIS2_PLACEMENT_3D ( 'NONE', #3201, #2823, #4172 ) ;
#3058 = ORIENTED_EDGE ( 'NONE', *, *, #5990, .F. ) ;
#3059 = CARTESIAN_POINT ( 'NONE',  ( 16.00000000000000000, -32.57382070802304241, 7.774496679355915596 ) ) ;
#3060 = DIRECTION ( 'NONE',  ( -1.000000000000000000, 0.000000000000000000, 0.000000000000000000 ) ) ;
#3061 = LINE ( 'NONE', #2123, #1316 ) ;
#3062 = AXIS2_PLACEMENT_3D ( 'NONE', #3248, #5168, #3157 ) ;
#3063 = DIRECTION ( 'NONE',  ( 1.000000000000000000, 5.793456394897969729E-18, 1.367446332762960049E-17 ) ) ;
#3064 = DIRECTION ( 'NONE',  ( 0.000000000000000000, -0.7660444431189840087, 0.6427876096865321465 ) ) ;
#3065 = CARTESIAN_POINT ( 'NONE',  ( -46.00000068545340071, -41.00000061094760184, 1.000000000000000000 ) ) ;
#3066 = ORIENTED_EDGE ( 'NONE', *, *, #700, .T. ) ;
#3067 = EDGE_CURVE ( 'NONE', #2805, #5871, #5441, .T. ) ;
#3068 = DIRECTION ( 'NONE',  ( 0.000000000000000000, 0.000000000000000000, 1.000000000000000000 ) ) ;
#3069 = CYLINDRICAL_SURFACE ( 'NONE', #72, 16.29999999999999361 ) ;
#3070 = DIRECTION ( 'NONE',  ( -3.330895137017530528E-18, 0.9848077530122082424, -0.1736481776669300259 ) ) ;
#3071 = DIRECTION ( 'NONE',  ( 0.000000000000000000, 0.000000000000000000, -1.000000000000000000 ) ) ;
#3072 = DIRECTION ( 'NONE',  ( 1.000000000000000000, 5.793456394897969729E-18, 1.367446332762960049E-17 ) ) ;
#3073 = CARTESIAN_POINT ( 'NONE',  ( -44.40000068545340639, -41.00000061094760184, 4.000000000000000000 ) ) ;
#3074 = CYLINDRICAL_SURFACE ( 'NONE', #5243, 11.50000000000000000 ) ;
#3075 = ORIENTED_EDGE ( 'NONE', *, *, #4574, .T. ) ;
#3076 = DIRECTION ( 'NONE',  ( -3.330895137017530528E-18, 0.9848077530122082424, -0.1736481776669300259 ) ) ;
#3077 = FACE_OUTER_BOUND ( 'NONE', #1933, .T. ) ;
#3078 = ADVANCED_FACE ( 'NONE', ( #5905 ), #2121, .F. ) ;
#3079 = PRODUCT_RELATED_PRODUCT_CATEGORY ( 'part', '', ( #5241 ) ) ;
#3080 = AXIS2_PLACEMENT_3D ( 'NONE', #3968, #4441, #1109 ) ;
#3081 = ORIENTED_EDGE ( 'NONE', *, *, #1668, .F. ) ;
#3082 = CIRCLE ( 'NONE', #5688, 31.99999999999999645 ) ;
#3083 = ORIENTED_EDGE ( 'NONE', *, *, #4618, .T. ) ;
#3084 = DIRECTION ( 'NONE',  ( 1.000000000000000000, 0.000000000000000000, 0.000000000000000000 ) ) ;
#3085 = ORIENTED_EDGE ( 'NONE', *, *, #3030, .F. ) ;
#3086 = ORIENTED_EDGE ( 'NONE', *, *, #1193, .F. ) ;
#3087 = ORIENTED_EDGE ( 'NONE', *, *, #1687, .F. ) ;
#3088 = ORIENTED_EDGE ( 'NONE', *, *, #102, .F. ) ;
#3089 = CIRCLE ( 'NONE', #3692, 16.29999999999999716 ) ;
#3090 = CARTESIAN_POINT ( 'NONE',  ( 12.96668536622987133, 22.12176654316098379, 27.51338549966405367 ) ) ;
#3091 = CARTESIAN_POINT ( 'NONE',  ( 10.31435044180570415, 34.18191912902588570, 16.40185233134122811 ) ) ;
#3092 = ADVANCED_FACE ( 'NONE', ( #1200 ), #2621, .T. ) ;
#3093 = CARTESIAN_POINT ( 'NONE',  ( 11.92498442561999816, -34.45460233556249818, 7.089629244032259692 ) ) ;
#3094 = DIRECTION ( 'NONE',  ( 1.000000000000000000, 5.793456394897969729E-18, 1.367446332762960049E-17 ) ) ;
#3095 = FACE_OUTER_BOUND ( 'NONE', #1207, .T. ) ;
#3096 = CARTESIAN_POINT ( 'NONE',  ( -15.53241216860689988, 49.30068357242845423, 14.69462821443194578 ) ) ;
#3097 = ORIENTED_EDGE ( 'NONE', *, *, #4658, .T. ) ;
#3098 = CIRCLE ( 'NONE', #1421, 1.999999999999998890 ) ;
#3099 = AXIS2_PLACEMENT_3D ( 'NONE', #6139, #38, #2855 ) ;
#3100 = CARTESIAN_POINT ( 'NONE',  ( -13.18436255310560057, -21.85237952632607161, -30.04756536902861797 ) ) ;
#3101 = CARTESIAN_POINT ( 'NONE',  ( -10.99850319349190997, 32.65977219597785108, 17.56297141705426768 ) ) ;
#3102 = CARTESIAN_POINT ( 'NONE',  ( 6.000000000000000000, -21.83502944906715726, -27.57769861718731974 ) ) ;
#3103 = CARTESIAN_POINT ( 'NONE',  ( 2.001836035682922788, 44.62694421292721358, 4.631508241103944989 ) ) ;
#3104 = DIRECTION ( 'NONE',  ( -1.000000000000000000, -0.000000000000000000, 0.000000000000000000 ) ) ;
#3105 = DIRECTION ( 'NONE',  ( 0.000000000000000000, -0.1736481776669298593, -0.9848077530122082424 ) ) ;
#3106 = VECTOR ( 'NONE', #3153, 1000.000000000000000 ) ;
#3107 = VERTEX_POINT ( 'NONE', #4531 ) ;
#3108 = CARTESIAN_POINT ( 'NONE',  ( 16.00000000000000000, 32.92111706335690258, -5.804881173331500221 ) ) ;
#3109 = CARTESIAN_POINT ( 'NONE',  ( -2.999999999999999112, 0.000000000000000000, 0.000000000000000000 ) ) ;
#3110 = VECTOR ( 'NONE', #2748, 1000.000000000000000 ) ;
#3111 = DIRECTION ( 'NONE',  ( 0.000000000000000000, 0.000000000000000000, 1.000000000000000000 ) ) ;
#3112 = VERTEX_POINT ( 'NONE', #3059 ) ;
#3113 = EDGE_LOOP ( 'NONE', ( #3212, #3085, #2897, #3369 ) ) ;
#3114 = DIRECTION ( 'NONE',  ( 0.000000000000000000, -0.1736481776669300259, -0.9848077530122082424 ) ) ;
#3115 = ORIENTED_EDGE ( 'NONE', *, *, #1955, .T. ) ;
#3116 = AXIS2_PLACEMENT_3D ( 'NONE', #221, #1250, #1183 ) ;
#3117 = ORIENTED_EDGE ( 'NONE', *, *, #5637, .T. ) ;
#3118 = VECTOR ( 'NONE', #3686, 1000.000000000000000 ) ;
#3119 = ORIENTED_EDGE ( 'NONE', *, *, #5893, .F. ) ;
#3120 = ORIENTED_EDGE ( 'NONE', *, *, #1856, .T. ) ;
#3121 = AXIS2_PLACEMENT_3D ( 'NONE', #171, #2083, #4015 ) ;
#3122 = DIRECTION ( 'NONE',  ( 0.000000000000000000, 0.9396926207859069846, 0.3420201433256727097 ) ) ;
#3123 = VECTOR ( 'NONE', #2013, 1000.000000000000000 ) ;
#3124 = CARTESIAN_POINT ( 'NONE',  ( 6.682729213135210067, 39.32654260415355907, 12.18702599174684487 ) ) ;
#3125 = FACE_OUTER_BOUND ( 'NONE', #2378, .T. ) ;
#3126 = DIRECTION ( 'NONE',  ( 1.000000000000000000, 0.000000000000000000, 0.000000000000000000 ) ) ;
#3127 = CARTESIAN_POINT ( 'NONE',  ( -2.999999999999997335, 6.123233995736768255E-16, -5.000000000000001776 ) ) ;
#3128 = CARTESIAN_POINT ( 'NONE',  ( 0.7903295221606078114, 44.36273450694510956, 7.428920490306355262 ) ) ;
#3129 = ORIENTED_EDGE ( 'NONE', *, *, #1150, .F. ) ;
#3130 = CIRCLE ( 'NONE', #4934, 31.99999999999999645 ) ;
#3131 = EDGE_CURVE ( 'NONE', #3753, #4055, #3130, .T. ) ;
#3132 = CARTESIAN_POINT ( 'NONE',  ( -15.00000000000000000, 0.000000000000000000, 0.000000000000000000 ) ) ;
#3133 = CARTESIAN_POINT ( 'NONE',  ( 11.87413000897540094, -11.34895476350429888, 33.41844236516919864 ) ) ;
#3134 = CARTESIAN_POINT ( 'NONE',  ( -15.00000000000000000, 29.82931294585216264, -3.195635958368312934 ) ) ;
#3135 = CARTESIAN_POINT ( 'NONE',  ( 14.00000000000000000, -21.48773309373329710, -25.60808311116290170 ) ) ;
#3136 = CARTESIAN_POINT ( 'NONE',  ( 13.00000000000000000, -5.209445330007903330, -29.54423259036623861 ) ) ;
#3137 = CARTESIAN_POINT ( 'NONE',  ( 11.00000000000000000, 31.72268690230989918, -4.203704996549940454 ) ) ;
#3138 = VERTEX_POINT ( 'NONE', #5536 ) ;
#3139 = DIRECTION ( 'NONE',  ( 0.000000000000000000, -0.6427876096865404731, -0.7660444431189771253 ) ) ;
#3140 = EDGE_CURVE ( 'NONE', #2805, #4341, #5735, .T. ) ;
#3141 = CYLINDRICAL_SURFACE ( 'NONE', #1104, 31.99999999999999645 ) ;
#3142 = DIRECTION ( 'NONE',  ( 0.000000000000000000, 0.000000000000000000, 1.000000000000000000 ) ) ;
#3143 = EDGE_CURVE ( 'NONE', #3053, #2487, #461, .T. ) ;
#3144 = ORIENTED_EDGE ( 'NONE', *, *, #1780, .T. ) ;
#3145 = EDGE_LOOP ( 'NONE', ( #3913, #1085, #5386, #1825 ) ) ;
#3146 = DIRECTION ( 'NONE',  ( 0.000000000000000000, -0.1736481776669300259, -0.9848077530122082424 ) ) ;
#3147 = ORIENTED_EDGE ( 'NONE', *, *, #900, .F. ) ;
#3148 = VERTEX_POINT ( 'NONE', #1758 ) ;
#3149 = CIRCLE ( 'NONE', #483, 16.30000000000000071 ) ;
#3150 = ORIENTED_EDGE ( 'NONE', *, *, #3931, .F. ) ;
#3151 = ORIENTED_EDGE ( 'NONE', *, *, #3923, .F. ) ;
#3152 = DIRECTION ( 'NONE',  ( 1.000000000000000000, 5.793456394897969729E-18, 1.367446332762960049E-17 ) ) ;
#3153 = DIRECTION ( 'NONE',  ( -1.000000000000000000, -0.000000000000000000, -0.000000000000000000 ) ) ;
#3154 = CARTESIAN_POINT ( 'NONE',  ( -15.53241216860689988, 48.95338721709459406, 12.72501270840749932 ) ) ;
#3155 = CARTESIAN_POINT ( 'NONE',  ( 4.568423486866504568, -5.452934186023401963, -43.95057495136000369 ) ) ;
#3156 = CARTESIAN_POINT ( 'NONE',  ( 16.00000000000000000, -6.104341478428483292, -34.61944084735269200 ) ) ;
#3157 = DIRECTION ( 'NONE',  ( -1.000000000000000000, 0.000000000000000000, 0.000000000000000000 ) ) ;
#3158 = VERTEX_POINT ( 'NONE', #5008 ) ;
#3159 = EDGE_CURVE ( 'NONE', #828, #1819, #2629, .T. ) ;
#3160 = ORIENTED_EDGE ( 'NONE', *, *, #2135, .F. ) ;
#3161 = AXIS2_PLACEMENT_3D ( 'NONE', #1824, #4223, #3719 ) ;
#3162 = CARTESIAN_POINT ( 'NONE',  ( -2.999999999999999112, -5.191492771242285365, 10.26150100161467904 ) ) ;
#3163 = CARTESIAN_POINT ( 'NONE',  ( 11.81621205001870045, -11.90535163005150032, 33.35949269361249492 ) ) ;
#3164 = EDGE_CURVE ( 'NONE', #3994, #1357, #123, .T. ) ;
#3165 = AXIS2_PLACEMENT_3D ( 'NONE', #380, #1404, #411 ) ;
#3166 = CARTESIAN_POINT ( 'NONE',  ( 15.53241216860700114, 45.81167384663723396, 29.46009368694448582 ) ) ;
#3167 = DIRECTION ( 'NONE',  ( 1.000000000000000000, 5.793456394897969729E-18, 1.367446332762960049E-17 ) ) ;
#3168 = EDGE_CURVE ( 'NONE', #5410, #4623, #4743, .T. ) ;
#3169 = DIRECTION ( 'NONE',  ( 1.000000000000000000, 5.793456394897969729E-18, 1.367446332762960049E-17 ) ) ;
#3170 = DIRECTION ( 'NONE',  ( 1.000000000000000000, 5.793456394897969729E-18, 1.367446332762960049E-17 ) ) ;
#3171 = EDGE_CURVE ( 'NONE', #5077, #4346, #1550, .T. ) ;
#3172 = ORIENTED_EDGE ( 'NONE', *, *, #1766, .F. ) ;
#3173 = CARTESIAN_POINT ( 'NONE',  ( 6.000000000000000000, -21.48773309373329710, -25.60808311116290170 ) ) ;
#3174 = CARTESIAN_POINT ( 'NONE',  ( 21.50000000000000000, 0.5209445330007868025, 2.954423259036624394 ) ) ;
#3175 = AXIS2_PLACEMENT_3D ( 'NONE', #2796, #4264, #9 ) ;
#3176 = CARTESIAN_POINT ( 'NONE',  ( -2.999999999999998224, -14.61562092824673620, -8.226178936180158274 ) ) ;
#3177 = ORIENTED_EDGE ( 'NONE', *, *, #5817, .F. ) ;
#3178 = ORIENTED_EDGE ( 'NONE', *, *, #4658, .F. ) ;
#3179 = CARTESIAN_POINT ( 'NONE',  ( -1.134485049595200357, -16.18155535063596417, -41.94394957298572990 ) ) ;
#3180 = FACE_OUTER_BOUND ( 'NONE', #3648, .T. ) ;
#3181 = ORIENTED_EDGE ( 'NONE', *, *, #1766, .T. ) ;
#3182 = EDGE_LOOP ( 'NONE', ( #3151, #1230, #4795, #455 ) ) ;
#3183 = TOROIDAL_SURFACE ( 'NONE', #2480, 1.000000000000000888, 4.000000000000000000 ) ;
#3184 = ORIENTED_EDGE ( 'NONE', *, *, #2452, .T. ) ;
#3185 = CIRCLE ( 'NONE', #518, 15.00000000000000178 ) ;
#3186 = CARTESIAN_POINT ( 'NONE',  ( 13.00000000000000000, -21.48773309373329710, -25.60808311116290170 ) ) ;
#3187 = CARTESIAN_POINT ( 'NONE',  ( -46.00000068545340071, 13.00000019371509907, 4.000000000000000000 ) ) ;
#3188 = FACE_OUTER_BOUND ( 'NONE', #1267, .T. ) ;
#3189 = CARTESIAN_POINT ( 'NONE',  ( -1.946261991421617266, 42.64128538040580452, 4.259915551742673223 ) ) ;
#3190 = DIRECTION ( 'NONE',  ( -1.000000000000000000, -0.000000000000000000, -0.000000000000000000 ) ) ;
#3191 = VERTEX_POINT ( 'NONE', #3798 ) ;
#3192 = AXIS2_PLACEMENT_3D ( 'NONE', #5950, #808, #2695 ) ;
#3193 = VECTOR ( 'NONE', #1221, 1000.000000000000000 ) ;
#3194 = AXIS2_PLACEMENT_3D ( 'NONE', #1950, #3380, #2410 ) ;
#3195 = ORIENTED_EDGE ( 'NONE', *, *, #290, .T. ) ;
#3196 = CARTESIAN_POINT ( 'NONE',  ( 12.96525364766050181, 21.79074808759569848, 27.58499532810470001 ) ) ;
#3197 = FACE_OUTER_BOUND ( 'NONE', #2431, .T. ) ;
#3198 = CARTESIAN_POINT ( 'NONE',  ( 13.00000000000000000, 21.14043673839963944, 23.63846760513828471 ) ) ;
#3199 = DIRECTION ( 'NONE',  ( 0.000000000000000000, -0.1736481776669298593, -0.9848077530122082424 ) ) ;
#3200 = DIRECTION ( 'NONE',  ( -1.000000000000000000, 0.000000000000000000, 0.000000000000000000 ) ) ;
#3201 = CARTESIAN_POINT ( 'NONE',  ( 5.150294819945509666E-15, -3.313802291473829923E-15, 1.927882050300259942E-16 ) ) ;
#3202 = ORIENTED_EDGE ( 'NONE', *, *, #1128, .T. ) ;
#3203 = DIRECTION ( 'NONE',  ( -1.000000000000000000, 0.000000000000000000, -0.000000000000000000 ) ) ;
#3204 = CARTESIAN_POINT ( 'NONE',  ( -12.00000017881390058, -41.00000061094760184, 1.000000000000000000 ) ) ;
#3205 = SHAPE_DEFINITION_REPRESENTATION ( #5680, #1159 ) ;
#3206 = EDGE_CURVE ( 'NONE', #5367, #5533, #2835, .T. ) ;
#3207 = LINE ( 'NONE', #5125, #4901 ) ;
#3208 = ORIENTED_EDGE ( 'NONE', *, *, #969, .T. ) ;
#3209 = VERTEX_POINT ( 'NONE', #915 ) ;
#3210 = CARTESIAN_POINT ( 'NONE',  ( -3.691571380427850713, -14.09797871898942745, -42.24853255034987853 ) ) ;
#3211 = ORIENTED_EDGE ( 'NONE', *, *, #5086, .F. ) ;
#3212 = ORIENTED_EDGE ( 'NONE', *, *, #60, .T. ) ;
#3213 = ORIENTED_EDGE ( 'NONE', *, *, #5385, .F. ) ;
#3214 = DIRECTION ( 'NONE',  ( 3.330895137017530528E-18, -0.9848077530122082424, 0.1736481776669300259 ) ) ;
#3215 = DIRECTION ( 'NONE',  ( 1.000000000000000000, 5.793456394897969729E-18, 1.367446332762960049E-17 ) ) ;
#3216 = CARTESIAN_POINT ( 'NONE',  ( -15.00000000000000000, -12.14715455173183756, 27.43076076772827321 ) ) ;
#3217 = VECTOR ( 'NONE', #6137, 1000.000000000000000 ) ;
#3218 = CARTESIAN_POINT ( 'NONE',  ( -1.440359243196054795, 42.79319941740514821, 3.296239768003547788 ) ) ;
#3219 = DIRECTION ( 'NONE',  ( 0.000000000000000000, 0.000000000000000000, -1.000000000000000000 ) ) ;
#3220 = ORIENTED_EDGE ( 'NONE', *, *, #5276, .T. ) ;
#3221 = VERTEX_POINT ( 'NONE', #45 ) ;
#3222 = CIRCLE ( 'NONE', #3827, 16.29999999999999361 ) ;
#3223 = EDGE_CURVE ( 'NONE', #4311, #6063, #3835, .T. ) ;
#3224 = DIRECTION ( 'NONE',  ( 9.026511603488232214E-16, -0.1736481776669300259, -0.9848077530122080203 ) ) ;
#3225 = CARTESIAN_POINT ( 'NONE',  ( -13.89317254205304764, 16.46963582396225334, 33.30558059223425715 ) ) ;
#3226 = DIRECTION ( 'NONE',  ( 0.000000000000000000, 0.000000000000000000, -1.000000000000000000 ) ) ;
#3227 = CARTESIAN_POINT ( 'NONE',  ( 13.00000000000000000, 21.48773309373349960, 25.60808311116269920 ) ) ;
#3228 = CYLINDRICAL_SURFACE ( 'NONE', #2921, 18.00000000000000000 ) ;
#3229 = CYLINDRICAL_SURFACE ( 'NONE', #3861, 2.000000000000001332 ) ;
#3230 = CARTESIAN_POINT ( 'NONE',  ( -49.00000073015689850, 16.00000023841859687, 0.000000000000000000 ) ) ;
#3231 = AXIS2_PLACEMENT_3D ( 'NONE', #5119, #5491, #4578 ) ;
#3232 = AXIS2_PLACEMENT_3D ( 'NONE', #5437, #1162, #5406 ) ;
#3233 = CARTESIAN_POINT ( 'NONE',  ( -16.00000000000000000, -3.406497593792199596E-15, -2.600320821204820216E-17 ) ) ;
#3234 = CARTESIAN_POINT ( 'NONE',  ( -2.999999999999998224, -10.63918073367659467, -5.034884176204868389 ) ) ;
#3235 = AXIS2_PLACEMENT_3D ( 'NONE', #500, #6133, #2285 ) ;
#3236 = EDGE_CURVE ( 'NONE', #159, #1368, #5529, .T. ) ;
#3237 = CARTESIAN_POINT ( 'NONE',  ( 11.00000000000000000, 21.59889853575770147, 23.61117493988899696 ) ) ;
#3238 = ORIENTED_EDGE ( 'NONE', *, *, #2484, .T. ) ;
#3239 = EDGE_CURVE ( 'NONE', #3339, #2675, #657, .T. ) ;
#3240 = ORIENTED_EDGE ( 'NONE', *, *, #5443, .T. ) ;
#3241 = EDGE_CURVE ( 'NONE', #784, #3018, #1840, .T. ) ;
#3242 = CARTESIAN_POINT ( 'NONE',  ( -2.318469013754734132, -15.59590182745813181, -42.01886631806672057 ) ) ;
#3243 = DIRECTION ( 'NONE',  ( -3.330895137017530528E-18, 0.9848077530122082424, -0.1736481776669300259 ) ) ;
#3244 = VERTEX_POINT ( 'NONE', #5744 ) ;
#3245 = CARTESIAN_POINT ( 'NONE',  ( 11.93488257301919830, 11.04198112356280070, -33.37429133832659289 ) ) ;
#3246 = CARTESIAN_POINT ( 'NONE',  ( 4.719105777468245222, -7.169336918719396046, -43.65412172227073029 ) ) ;
#3247 = CARTESIAN_POINT ( 'NONE',  ( -1.572398321972094948, 42.76538719789513721, 3.453709545151121052 ) ) ;
#3248 = CARTESIAN_POINT ( 'NONE',  ( -46.00000068545340071, -41.00000061094760184, 1.000000000000000000 ) ) ;
#3249 = ORIENTED_EDGE ( 'NONE', *, *, #1807, .T. ) ;
#3250 = CIRCLE ( 'NONE', #381, 2.000000000000000444 ) ;
#3251 = EDGE_LOOP ( 'NONE', ( #177, #6033 ) ) ;
#3252 = TOROIDAL_SURFACE ( 'NONE', #4550, 1.000000000000000888, 4.000000000000000000 ) ;
#3253 = LINE ( 'NONE', #1828, #3849 ) ;
#3254 = SURFACE_SIDE_STYLE ('',( #961 ) ) ;
#3255 = CARTESIAN_POINT ( 'NONE',  ( -26.00000000000000000, 4.241674249936554730, 24.05573005840582113 ) ) ;
#3256 = DIRECTION ( 'NONE',  ( 0.000000000000000000, 0.000000000000000000, -1.000000000000000000 ) ) ;
#3257 = PLANE ( 'NONE',  #4826 ) ;
#3258 = DIRECTION ( 'NONE',  ( -1.000000000000000000, -0.000000000000000000, -0.000000000000000000 ) ) ;
#3259 = DIRECTION ( 'NONE',  ( 1.000000000000000000, 5.793456394897969729E-18, 1.367446332762960049E-17 ) ) ;
#3260 = ADVANCED_FACE ( 'NONE', ( #3333 ), #482, .T. ) ;
#3261 = DIRECTION ( 'NONE',  ( 1.000000000000000000, 5.793456394897969729E-18, 1.367446332762960049E-17 ) ) ;
#3262 = FACE_OUTER_BOUND ( 'NONE', #1482, .T. ) ;
#3263 = ITEM_DEFINED_TRANSFORMATION ( 'NONE', 'NONE', #1645,  #2630 ) ;
#3264 = CARTESIAN_POINT ( 'NONE',  ( -15.53241216860689988, 52.89261822914340172, 12.03041999773979853 ) ) ;
#3265 = CARTESIAN_POINT ( 'NONE',  ( 12.57844875491917236, 27.13811730454183646, 22.34323361497830973 ) ) ;
#3266 = B_SPLINE_CURVE_WITH_KNOTS ( 'NONE', 3,
 ( #3947, #3976, #977, #2864, #4779, #2394, #3537, #3503, #4307, #44, #5886, #1928, #1620, #5421, #3833, #3364, #1004, #4808, #545, #1142, #3037, #4952, #2104, #2564, #4478, #4007, #3695, #807, #5050, #2194, #3101, #776, #4167 ),
 .UNSPECIFIED., .F., .F.,
 ( 4, 2, 2, 2, 1, 2, 2, 1, 2, 2, 2, 2, 2, 2, 1, 2, 2, 4 ),
 ( 0.5068444416872137648, 0.5684888864763071314, 0.5993111088708538148, 0.6147222200681272675, 0.6224277756667639938, 0.6243541645664232309, 0.6262805534660825790, 0.6301333312654011642, 0.6917777760545004151, 0.7225999984490499850, 0.7380111096463248810, 0.7534222208435998880, 0.8150666656326999160, 0.8458888880272501520, 0.8612999992245249370, 0.8690055548231623295, 0.8767111104217997219, 1.000000000000000000 ),
 .UNSPECIFIED. ) ;
#3267 = EDGE_LOOP ( 'NONE', ( #2246, #4153, #2238, #1600 ) ) ;
#3268 = CARTESIAN_POINT ( 'NONE',  ( -1.765209275371007358, 0.7573686994233539416, -44.88976765913113098 ) ) ;
#3269 = SHAPE_REPRESENTATION_RELATIONSHIP ( 'NONE' , 'NONE' ,  #5028, #726 ) ;
#3270 = ORIENTED_EDGE ( 'NONE', *, *, #5687, .T. ) ;
#3271 = EDGE_CURVE ( 'NONE', #3839, #3897, #5034, .T. ) ;
#3272 = CARTESIAN_POINT ( 'NONE',  ( 0.5880762521389716335, -16.15367073576274137, -41.98845727696778596 ) ) ;
#3273 = FACE_OUTER_BOUND ( 'NONE', #256, .T. ) ;
#3274 = ORIENTED_EDGE ( 'NONE', *, *, #1618, .F. ) ;
#3275 = LINE ( 'NONE', #5193, #3118 ) ;
#3276 = DIRECTION ( 'NONE',  ( -0.000000000000000000, 0.000000000000000000, 1.000000000000000000 ) ) ;
#3277 = CARTESIAN_POINT ( 'NONE',  ( -1.454473587114548438, 42.79042807393959436, 3.311654918513227130 ) ) ;
#3278 = DIRECTION ( 'NONE',  ( 0.000000000000000000, 0.000000000000000000, -1.000000000000000000 ) ) ;
#3279 = ORIENTED_EDGE ( 'NONE', *, *, #434, .F. ) ;
#3280 = AXIS2_PLACEMENT_3D ( 'NONE', #5538, #5999, #1272 ) ;
#3281 = B_SPLINE_CURVE_WITH_KNOTS ( 'NONE', 3,
 ( #399, #1365, #3246, #430, #301, #2186, #4095, #6001, #1729, #3631, #5539, #3155, #3372, #5314, #2903, #5721, #54, #4342, #988, #4760, #3778, #2002, #1458, #1483, #3342, #1043, #4372, #2844, #1972, #2872, #5256, #4727, #4248, #4818, #5284, #1014, #3807, #553, #4789, #583, #5751, #2931, #5808, #526, #2460, #3869, #1543, #2403, #3308, #4315, #3435, #2432, #491, #1941, #5695, #3899, #464, #3399, #2373, #2346, #1424, #5224, #85, #5522, #114, #5344, #5781, #955, #1513, #4848, #2811, #1882, #4287, #27, #3841, #1912, #2961, #613, #2488, #4403, #1071, #4875, #46, #1966, #3367, #3268, #1416, #452, #547, #3301, #2804, #5186, #3864, #4718, #5776, #980, #5217, #5684, #3740, #2339, #5713, #1905, #4810, #4275, #1506, #1931, #3836, #4243, #917, #16, #1477, #3394, #6147, #1874, #2866, #4781, #1844, #3770, #2301, #3799, #5654, #1385, #945, #885, #5279, #5745, #421, #2839, #4753, #513, #485, #2365, #1447, #3334, #5249, #2396, #4309, #1006 ),
 .UNSPECIFIED., .F., .F.,
 ( 4, 2, 1, 1, 2, 2, 2, 1, 1, 2, 2, 2, 2, 1, 1, 1, 2, 2, 2, 1, 1, 1, 2, 2, 2, 1, 1, 2, 2, 1, 2, 2, 2, 1, 2, 2, 2, 2, 1, 2, 2, 2, 2, 1, 2, 2, 1, 2, 2, 1, 2, 2, 2, 2, 2, 2, 1, 1, 2, 2, 2, 1, 1, 1, 2, 2, 2, 1, 1, 1, 2, 2, 2, 2, 1, 1, 2, 2, 2, 1, 1, 2, 2, 4 ),
 ( 0.000000000000000000, 0.01562499999999933040, 0.02343749999999906325, 0.02734374999999890365, 0.02929687499999883427, 0.03124999999999876488, 0.04687499999999830691, 0.05468749999999814732, 0.05859374999999807099, 0.06054687499999796690, 0.06249999999999786282, 0.09374999999999636402, 0.1093749999999955591, 0.1171874999999951567, 0.1210937499999949624, 0.1230468749999948930, 0.1240234374999949069, 0.1249999999999949207, 0.1406249999999946154, 0.1484374999999944211, 0.1523437499999943379, 0.1542968749999943101, 0.1552734374999942824, 0.1562499999999942824, 0.1718749999999947820, 0.1796874999999950040, 0.1835937499999951150, 0.1855468749999951428, 0.1874999999999951428, 0.1953124999999951428, 0.1992187499999951150, 0.2031249999999950873, 0.2109374999999950318, 0.2148437499999950040, 0.2167968749999950040, 0.2187499999999950040, 0.2226562499999950318, 0.2265624999999950595, 0.2304687499999950873, 0.2324218749999950873, 0.2343749999999950873, 0.2499999999999951705, 0.2578124999999951705, 0.2617187499999951705, 0.2636718749999951705, 0.2656249999999952260, 0.2695312499999952260, 0.2714843749999951705, 0.2734374999999951705, 0.2773437499999951705, 0.2792968749999951705, 0.2812499999999952260, 0.2890624999999952260, 0.2968749999999952260, 0.2988281249999951705, 0.3007812499999951705, 0.3046874999999951705, 0.3085937499999951705, 0.3105468749999951705, 0.3124999999999952260, 0.3281249999999953926, 0.3359374999999954481, 0.3398437499999955036, 0.3417968749999955591, 0.3427734374999956146, 0.3437499999999957256, 0.3593749999999961142, 0.3671874999999962808, 0.3710937499999963918, 0.3730468749999964473, 0.3740234374999965028, 0.3749999999999965583, 0.4062499999999971134, 0.4218749999999973910, 0.4296874999999975575, 0.4335937499999976130, 0.4355468749999976130, 0.4374999999999975575, 0.4531249999999976130, 0.4609374999999976130, 0.4648437499999976685, 0.4667968749999977796, 0.4687499999999978351, 0.5000000000000000000 ),
 .UNSPECIFIED. ) ;
#3282 = EDGE_LOOP ( 'NONE', ( #26, #3677, #4282, #5305, #2420 ) ) ;
#3283 = EDGE_CURVE ( 'NONE', #4395, #2209, #2526, .T. ) ;
#3284 = DIRECTION ( 'NONE',  ( -1.000000000000000000, 0.000000000000000000, -0.000000000000000000 ) ) ;
#3285 = CARTESIAN_POINT ( 'NONE',  ( -14.59080147817080686, 21.67880762301708586, 30.17310664865841474 ) ) ;
#3286 = DIRECTION ( 'NONE',  ( 1.000000000000000000, 5.793456394897969729E-18, 1.367446332762960049E-17 ) ) ;
#3287 = AXIS2_PLACEMENT_3D ( 'NONE', #5362, #3885, #5796 ) ;
#3288 = CARTESIAN_POINT ( 'NONE',  ( 16.00000000000000000, -3.221106989155459856E-15, 4.115796182720999718E-16 ) ) ;
#3289 = B_SPLINE_CURVE_WITH_KNOTS ( 'NONE', 3,
 ( #4508, #3039, #1678, #2634, #3603, #2566, #5484, #310, #1740, #1213, #4481, #3103, #1035, #5019, #2106, #748, #4542, #2925, #2455, #5979, #4072, #1249 ),
 .UNSPECIFIED., .F., .F.,
 ( 4, 2, 2, 2, 2, 2, 2, 2, 2, 2, 4 ),
 ( 0.000000000000000000, 0.06249314624898813508, 0.1249862924979762702, 0.1562328656224702961, 0.1874794387469643497, 0.2499725849959523738, 0.3124657312449402036, 0.3749588774939280889, 0.4374520237429159186, 0.4686985968674098335, 0.4999451699919037484 ),
 .UNSPECIFIED. ) ;
#3290 = AXIS2_PLACEMENT_3D ( 'NONE', #2296, #12, #1352 ) ;
#3291 = LINE ( 'NONE', #2321, #4515 ) ;
#3292 = CARTESIAN_POINT ( 'NONE',  ( -13.60000017881390022, -41.00000061094760184, 1.000000000000000000 ) ) ;
#3293 = LINE ( 'NONE', #1438, #796 ) ;
#3294 = EDGE_CURVE ( 'NONE', #113, #2053, #4133, .T. ) ;
#3295 = CARTESIAN_POINT ( 'NONE',  ( 14.68930723836566621, 22.47545551102218653, 29.58549380133784368 ) ) ;
#3296 = CYLINDRICAL_SURFACE ( 'NONE', #3290, 2.999999999999999556 ) ;
#3297 = AXIS2_PLACEMENT_3D ( 'NONE', #356, #5214, #389 ) ;
#3298 = DIRECTION ( 'NONE',  ( 0.000000000000000000, 0.000000000000000000, -1.000000000000000000 ) ) ;
#3299 = CARTESIAN_POINT ( 'NONE',  ( -12.00000017881390058, 13.00000019371509907, 1.000000000000000000 ) ) ;
#3300 = ORIENTED_EDGE ( 'NONE', *, *, #3030, .T. ) ;
#3301 = CARTESIAN_POINT ( 'NONE',  ( -2.294730418693074370, 0.4366403985595772586, -44.82133070377234674 ) ) ;
#3302 = DIRECTION ( 'NONE',  ( 1.000000000000000000, -0.000000000000000000, 0.000000000000000000 ) ) ;
#3303 = EDGE_LOOP ( 'NONE', ( #5032, #680 ) ) ;
#3304 = CARTESIAN_POINT ( 'NONE',  ( -2.999999999999999112, -15.42909093248276875, 25.72825592606653800 ) ) ;
#3305 = APPLICATION_CONTEXT ( 'automotive_design' ) ;
#3306 = EDGE_LOOP ( 'NONE', ( #4792, #5282, #1718, #1387, #3184, #5190, #333, #4817 ) ) ;
#3307 = CARTESIAN_POINT ( 'NONE',  ( 4.385275060346496723, 40.82413004575113291, 10.83739869979694070 ) ) ;
#3308 = CARTESIAN_POINT ( 'NONE',  ( 1.708329452068771737, 0.3633205038599464642, -44.90100464610372200 ) ) ;
#3309 = CARTESIAN_POINT ( 'NONE',  ( -1.997902162881721733, 42.57039953299658208, 4.848481272041550660 ) ) ;
#3310 = DIRECTION ( 'NONE',  ( -1.367446332762960049E-17, 0.000000000000000000, 1.000000000000000000 ) ) ;
#3311 = EDGE_LOOP ( 'NONE', ( #451, #1538, #1265, #4371 ) ) ;
#3312 = AXIS2_PLACEMENT_3D ( 'NONE', #5454, #3979, #5518 ) ;
#3313 = EDGE_LOOP ( 'NONE', ( #357, #1559, #4416, #3362 ) ) ;
#3314 = DIRECTION ( 'NONE',  ( -3.330895137017530528E-18, 0.9848077530122082424, -0.1736481776669300259 ) ) ;
#3315 = FACE_OUTER_BOUND ( 'NONE', #1177, .T. ) ;
#3316 = CARTESIAN_POINT ( 'NONE',  ( 4.556229633907740380E-15, 52.48021747459389985, 21.20912006235359826 ) ) ;
#3317 = DIRECTION ( 'NONE',  ( 0.000000000000000000, 0.9848077530122062440, -0.1736481776669404342 ) ) ;
#3318 = CARTESIAN_POINT ( 'NONE',  ( 6.884718118401579981E-15, 54.24403778840847679, 42.72978310744989017 ) ) ;
#3319 = CARTESIAN_POINT ( 'NONE',  ( 8.940573976258978206, 40.56004182213621334, 11.07974208540108840 ) ) ;
#3320 = DIRECTION ( 'NONE',  ( -1.447274064869762545E-17, 0.1736481776669316912, 0.9848077530122077983 ) ) ;
#3321 = EDGE_CURVE ( 'NONE', #2181, #2211, #3393, .T. ) ;
#3322 = VECTOR ( 'NONE', #1060, 1000.000000000000000 ) ;
#3323 = B_SPLINE_CURVE_WITH_KNOTS ( 'NONE', 3,
 ( #4054, #730, #2090, #4087, #2062, #2612, #1126, #2147, #5964, #5498, #3021, #1264, #5900, #1691, #4938, #667, #3586, #4463, #3992, #5772, #919, #1359, #1962, #791, #1501, #1785, #360, #4214, #2741, #5189, #4619, #4722, #330, #4183, #2207, #3210, #5129, #3743, #6028, #2806, #4151, #5063, #1846, #2674, #3651, #2241, #456, #6089, #5659, #3242, #3860, #4590, #4117, #3679, #6061, #6119, #4652, #2419, #1753, #5561, #1298, #5160, #4333, #5594, #3179, #5097, #824, #1329, #858, #1389, #1816, #76, #890, #2304, #393, #3711, #2275, #2710, #3272, #5624, #2774, #4688, #424, #2982, #168, #2541, #2052, #4897, #4839, #1624, #2021, #1063, #4424, #3508, #5892, #633, #2951, #4958, #4868, #1148, #3390, #3920, #688, #605, #2109, #1990, #2509, #3454, #3980, #5832, #2479, #5365, #4012, #4453, #4394, #5426, #3042, #137, #5922, #3951, #574, #5337, #2569, #3011, #1565, #1092, #105, #4485, #660, #1031, #5799, #196, #3889, #5860, #1591, #224, #3482, #5400 ),
 .UNSPECIFIED., .F., .F.,
 ( 4, 2, 1, 1, 2, 2, 2, 1, 1, 2, 2, 2, 2, 1, 1, 1, 2, 2, 2, 1, 1, 1, 2, 2, 2, 1, 1, 2, 2, 1, 2, 2, 2, 1, 2, 2, 1, 2, 2, 1, 2, 2, 2, 2, 1, 2, 2, 2, 2, 1, 2, 2, 2, 2, 2, 2, 1, 1, 2, 2, 2, 1, 1, 1, 2, 2, 2, 1, 1, 1, 2, 2, 2, 2, 1, 1, 2, 2, 2, 1, 1, 2, 2, 4 ),
 ( 0.5000000000000000000, 0.5156250000000004441, 0.5234375000000006661, 0.5273437500000006661, 0.5292968750000006661, 0.5312500000000006661, 0.5468750000000019984, 0.5546875000000026645, 0.5585937500000029976, 0.5605468750000029976, 0.5625000000000031086, 0.5937500000000046629, 0.6093750000000054401, 0.6171875000000058842, 0.6210937500000061062, 0.6230468750000061062, 0.6240234375000061062, 0.6250000000000062172, 0.6406250000000053291, 0.6484375000000048850, 0.6523437500000045519, 0.6542968750000044409, 0.6552734375000044409, 0.6562500000000044409, 0.6718750000000047740, 0.6796875000000049960, 0.6835937500000051070, 0.6855468750000051070, 0.6875000000000051070, 0.6953125000000049960, 0.6992187500000049960, 0.7031250000000048850, 0.7109375000000048850, 0.7148437500000048850, 0.7167968750000049960, 0.7187500000000051070, 0.7226562500000052180, 0.7246093750000052180, 0.7265625000000053291, 0.7304687500000053291, 0.7324218750000054401, 0.7343750000000054401, 0.7500000000000054401, 0.7578125000000055511, 0.7617187500000054401, 0.7636718750000054401, 0.7656250000000054401, 0.7695312500000053291, 0.7734375000000053291, 0.7773437500000053291, 0.7792968750000053291, 0.7812500000000053291, 0.7890625000000053291, 0.7968750000000054401, 0.7988281250000055511, 0.8007812500000056621, 0.8046875000000058842, 0.8085937500000059952, 0.8105468750000062172, 0.8125000000000062172, 0.8281250000000067724, 0.8359375000000071054, 0.8398437500000071054, 0.8417968750000071054, 0.8427734375000071054, 0.8437500000000071054, 0.8593750000000065503, 0.8671875000000063283, 0.8710937500000062172, 0.8730468750000062172, 0.8740234375000059952, 0.8750000000000059952, 0.9062500000000045519, 0.9218750000000038858, 0.9296875000000035527, 0.9335937500000033307, 0.9355468750000033307, 0.9375000000000031086, 0.9531250000000022204, 0.9609375000000017764, 0.9648437500000016653, 0.9667968750000015543, 0.9687500000000015543, 1.000000000000000000 ),
 .UNSPECIFIED. ) ;
#3324 = EDGE_CURVE ( 'NONE', #2744, #4635, #4022, .T. ) ;
#3325 = CARTESIAN_POINT ( 'NONE',  ( -11.93488257301919830, -6.104341478428970902, -34.61944084735258542 ) ) ;
#3326 = VECTOR ( 'NONE', #4077, 1000.000000000000000 ) ;
#3327 = VECTOR ( 'NONE', #740, 1000.000000000000000 ) ;
#3328 = CARTESIAN_POINT ( 'NONE',  ( -15.00000000000000000, -10.63918073367659467, 12.96511582379512717 ) ) ;
#3329 = PRODUCT_DEFINITION_SHAPE ( 'NONE', 'NONE',  #6155 ) ;
#3330 = AXIS2_PLACEMENT_3D ( 'NONE', #3299, #5215, #5775 ) ;
#3331 = ORIENTED_EDGE ( 'NONE', *, *, #1259, .T. ) ;
#3332 = CARTESIAN_POINT ( 'NONE',  ( 16.00000000000000000, 32.92111706335690258, -5.804881173331500221 ) ) ;
#3333 = FACE_OUTER_BOUND ( 'NONE', #1570, .T. ) ;
#3334 = CARTESIAN_POINT ( 'NONE',  ( -5.303549161163034320, -6.174279792851236515, -43.59608754525411456 ) ) ;
#3335 =( NAMED_UNIT ( * ) SI_UNIT ( $, .STERADIAN. ) SOLID_ANGLE_UNIT ( ) );
#3336 = ORIENTED_EDGE ( 'NONE', *, *, #4255, .T. ) ;
#3337 = CARTESIAN_POINT ( 'NONE',  ( 11.81177564388629797, -22.71486439139049907, -27.19025880573250120 ) ) ;
#3338 = ADVANCED_FACE ( 'NONE', ( #15 ), #1964, .F. ) ;
#3339 = VERTEX_POINT ( 'NONE', #2893 ) ;
#3340 = FACE_OUTER_BOUND ( 'NONE', #3413, .T. ) ;
#3341 = ORIENTED_EDGE ( 'NONE', *, *, #5952, .T. ) ;
#3342 = CARTESIAN_POINT ( 'NONE',  ( 3.712780246143246199, -2.368668790830229742, -44.47022857664109097 ) ) ;
#3343 = FACE_OUTER_BOUND ( 'NONE', #2930, .T. ) ;
#3344 = DIRECTION ( 'NONE',  ( 1.000000000000000000, 5.793456394897969729E-18, 1.367446332762960049E-17 ) ) ;
#3345 = VERTEX_POINT ( 'NONE', #3863 ) ;
#3346 = ORIENTED_EDGE ( 'NONE', *, *, #2706, .F. ) ;
#3347 = CARTESIAN_POINT ( 'NONE',  ( -2.999999999999998224, -5.908529299575821625, -15.69635870271548050 ) ) ;
#3348 = CARTESIAN_POINT ( 'NONE',  ( -13.64624356568857166, 14.40520206345523313, 34.24724565873761861 ) ) ;
#3349 = CARTESIAN_POINT ( 'NONE',  ( 6.000000000000000000, -32.92111706335690258, 5.804881173331500221 ) ) ;
#3350 = DIRECTION ( 'NONE',  ( 1.000000000000000000, 5.793456394897969729E-18, 1.367446332762960049E-17 ) ) ;
#3351 = CARTESIAN_POINT ( 'NONE',  ( -1.997837532504836755, 44.68039370336290972, 4.089846009219972878 ) ) ;
#3352 = CARTESIAN_POINT ( 'NONE',  ( -10.64632144236299105, 38.44544192093876944, 12.95285842514499919 ) ) ;
#3353 = DIRECTION ( 'NONE',  ( 0.000000000000000000, -0.1736481776669298593, -0.9848077530122082424 ) ) ;
#3354 = EDGE_CURVE ( 'NONE', #5622, #1357, #5616, .T. ) ;
#3355 = AXIS2_PLACEMENT_3D ( 'NONE', #5515, #220, #279 ) ;
#3356 = EDGE_CURVE ( 'NONE', #1572, #6071, #4519, .T. ) ;
#3357 = EDGE_CURVE ( 'NONE', #295, #1164, #1188, .T. ) ;
#3358 = CARTESIAN_POINT ( 'NONE',  ( 13.69592720530247654, 32.26063092790722209, 18.46791431517552340 ) ) ;
#3359 = DIRECTION ( 'NONE',  ( -3.330895137017530528E-18, 0.9848077530122082424, -0.1736481776669300259 ) ) ;
#3360 = DIRECTION ( 'NONE',  ( 1.000000000000000000, 5.793456394897979744E-18, 1.367446332762961898E-17 ) ) ;
#3361 = ADVANCED_FACE ( 'NONE', ( #3954 ), #607, .F. ) ;
#3362 = ORIENTED_EDGE ( 'NONE', *, *, #5385, .T. ) ;
#3363 = ADVANCED_FACE ( 'NONE', ( #3015, #5369, #2514 ), #4427, .T. ) ;
#3364 = CARTESIAN_POINT ( 'NONE',  ( -6.309035192239272227, 39.61377635924862517, 11.93134374745673654 ) ) ;
#3365 = DIRECTION ( 'NONE',  ( -1.367446332762960049E-17, 0.000000000000000000, 1.000000000000000000 ) ) ;
#3366 = AXIS2_PLACEMENT_3D ( 'NONE', #5910, #3500, #2160 ) ;
#3367 = CARTESIAN_POINT ( 'NONE',  ( -1.636862366390142931, 0.8175045653581703986, -44.90300474819657239 ) ) ;
#3368 = EDGE_LOOP ( 'NONE', ( #294, #3026 ) ) ;
#3369 = ORIENTED_EDGE ( 'NONE', *, *, #4803, .T. ) ;
#3370 = ORIENTED_EDGE ( 'NONE', *, *, #3623, .T. ) ;
#3371 = EDGE_CURVE ( 'NONE', #1420, #4174, #5329, .T. ) ;
#3372 = CARTESIAN_POINT ( 'NONE',  ( 4.542452868544370581, -5.280550703034479376, -43.98007997846480066 ) ) ;
#3373 = CARTESIAN_POINT ( 'NONE',  ( 4.099737846017230051E-15, 51.33540347766849976, 3.199016288459719970 ) ) ;
#3374 = CARTESIAN_POINT ( 'NONE',  ( 6.169446932624264777E-15, 57.05455564562225135, 35.63394000220282720 ) ) ;
#3375 = EDGE_LOOP ( 'NONE', ( #2277, #4949 ) ) ;
#3376 = VERTEX_POINT ( 'NONE', #1153 ) ;
#3377 = CARTESIAN_POINT ( 'NONE',  ( -12.19125876837637712, 12.56708952250021483, 32.83020704590219907 ) ) ;
#3378 = CARTESIAN_POINT ( 'NONE',  ( -14.62205324164283127, 21.92536396498804052, 29.99435103373311406 ) ) ;
#3379 = DIRECTION ( 'NONE',  ( -1.000000000000000000, 0.000000000000000000, -0.000000000000000000 ) ) ;
#3380 = DIRECTION ( 'NONE',  ( -1.000000000000000000, -5.793456394897969729E-18, -1.367446332762960049E-17 ) ) ;
#3381 = CARTESIAN_POINT ( 'NONE',  ( -11.93488257301919830, -3.382946513238849603E-15, 2.958509096570819911E-17 ) ) ;
#3382 = CARTESIAN_POINT ( 'NONE',  ( -10.18490893596776914, 39.10621981310525541, 12.38049419792596773 ) ) ;
#3383 = ORIENTED_EDGE ( 'NONE', *, *, #5350, .F. ) ;
#3384 = AXIS2_PLACEMENT_3D ( 'NONE', #3349, #66, #1949 ) ;
#3385 = CARTESIAN_POINT ( 'NONE',  ( 16.00000000000000000, -3.221106989155459856E-15, 4.115796182720999718E-16 ) ) ;
#3386 = CIRCLE ( 'NONE', #1407, 2.000000000000001332 ) ;
#3387 = CARTESIAN_POINT ( 'NONE',  ( 14.62304474529771525, 21.93329929995457306, 29.98854892942253159 ) ) ;
#3388 = CARTESIAN_POINT ( 'NONE',  ( 13.00000000000000000, -32.92111706335690258, 5.804881173331500221 ) ) ;
#3389 = CARTESIAN_POINT ( 'NONE',  ( 14.00000000000000000, -12.22082813412720093, 29.57450523197509895 ) ) ;
#3390 = CARTESIAN_POINT ( 'NONE',  ( 2.446192471963533954, -14.89675810619280760, -42.25109827039983657 ) ) ;
#3391 = ORIENTED_EDGE ( 'NONE', *, *, #5597, .T. ) ;
#3392 = AXIS2_PLACEMENT_3D ( 'NONE', #5547, #4673, #4261 ) ;
#3393 = LINE ( 'NONE', #5307, #1450 ) ;
#3394 = CARTESIAN_POINT ( 'NONE',  ( -4.147886901161760065, -1.865377142903889451, -44.37631581298207095 ) ) ;
#3395 = CARTESIAN_POINT ( 'NONE',  ( 1.030931105260666669, 42.46316248137969751, 6.524542260305024044 ) ) ;
#3396 = ADVANCED_FACE ( 'NONE', ( #3044 ), #4961, .F. ) ;
#3397 = ORIENTED_EDGE ( 'NONE', *, *, #2723, .F. ) ;
#3398 = ORIENTED_EDGE ( 'NONE', *, *, #6034, .F. ) ;
#3399 = CARTESIAN_POINT ( 'NONE',  ( 0.9508059632219753032, 0.8154498284520806939, -44.96254525253566214 ) ) ;
#3400 = ADVANCED_FACE ( 'NONE', ( #3893 ), #3456, .T. ) ;
#3401 = DIRECTION ( 'NONE',  ( 1.000000000000000000, 5.793456394897969729E-18, 1.367446332762960049E-17 ) ) ;
#3402 = DIRECTION ( 'NONE',  ( 0.000000000000000000, 0.000000000000000000, -1.000000000000000000 ) ) ;
#3403 = ORIENTED_EDGE ( 'NONE', *, *, #2953, .F. ) ;
#3404 = AXIS2_PLACEMENT_3D ( 'NONE', #4470, #1133, #4882 ) ;
#3405 = EDGE_LOOP ( 'NONE', ( #5779, #189, #289, #5792, #959, #3772, #265, #5128, #3683 ) ) ;
#3406 = CARTESIAN_POINT ( 'NONE',  ( 6.000000000000000000, 11.78068032495755979, -29.44334877846958065 ) ) ;
#3407 = CARTESIAN_POINT ( 'NONE',  ( -14.96798197313250078, 27.88866804097835228, 24.54823948423181079 ) ) ;
#3408 = EDGE_CURVE ( 'NONE', #3438, #4021, #5231, .T. ) ;
#3409 = DIRECTION ( 'NONE',  ( 0.000000000000000000, -0.9848077530122062440, 0.1736481776669404620 ) ) ;
#3410 = DIRECTION ( 'NONE',  ( 0.000000000000000000, 0.6427876096865299260, -0.7660444431189857850 ) ) ;
#3411 = FACE_BOUND ( 'NONE', #3963, .T. ) ;
#3412 = CARTESIAN_POINT ( 'NONE',  ( 12.61805078628830756, 34.57526198778744941, 16.10854835443802813 ) ) ;
#3413 = EDGE_LOOP ( 'NONE', ( #5501, #4314, #5438, #5812, #5287, #4656 ) ) ;
#3414 = AXIS2_PLACEMENT_3D ( 'NONE', #4442, #4976, #2590 ) ;
#3415 = EDGE_CURVE ( 'NONE', #5427, #5562, #1123, .T. ) ;
#3416 = CARTESIAN_POINT ( 'NONE',  ( 0.7458247322753651654, 42.88700716147452852, 2.804256857354684662 ) ) ;
#3417 = LINE ( 'NONE', #4920, #5691 ) ;
#3418 = DIRECTION ( 'NONE',  ( 1.000000000000000000, 5.793456394897969729E-18, 1.367446332762960049E-17 ) ) ;
#3419 = DIRECTION ( 'NONE',  ( 0.000000000000000000, 0.000000000000000000, -1.000000000000000000 ) ) ;
#3420 = VECTOR ( 'NONE', #2078, 1000.000000000000000 ) ;
#3421 = DIRECTION ( 'NONE',  ( 1.000000000000000000, -0.000000000000000000, -0.000000000000000000 ) ) ;
#3422 = CIRCLE ( 'NONE', #4732, 2.000000000000000444 ) ;
#3423 = ORIENTED_EDGE ( 'NONE', *, *, #3933, .T. ) ;
#3424 = AXIS2_PLACEMENT_3D ( 'NONE', #978, #4780, #943 ) ;
#3425 = CARTESIAN_POINT ( 'NONE',  ( 12.99969690997810012, 23.38199357051259852, 26.24978183027659995 ) ) ;
#3426 = LINE ( 'NONE', #4041, #3650 ) ;
#3427 = CARTESIAN_POINT ( 'NONE',  ( 14.00000000000000000, 12.22082813412750113, -29.57450523197499948 ) ) ;
#3428 = AXIS2_PLACEMENT_3D ( 'NONE', #107, #1930, #2337 ) ;
#3429 = CIRCLE ( 'NONE', #1258, 16.29999999999999361 ) ;
#3430 = EDGE_CURVE ( 'NONE', #2037, #5899, #5135, .T. ) ;
#3431 = ORIENTED_EDGE ( 'NONE', *, *, #3546, .F. ) ;
#3432 = EDGE_CURVE ( 'NONE', #2092, #5064, #662, .T. ) ;
#3433 = EDGE_CURVE ( 'NONE', #760, #3781, #458, .T. ) ;
#3434 = VERTEX_POINT ( 'NONE', #5800 ) ;
#3435 = CARTESIAN_POINT ( 'NONE',  ( 1.517195789149935470, 0.4988900082292844207, -44.92066055453929607 ) ) ;
#3436 = DIRECTION ( 'NONE',  ( -1.000000000000000000, 0.000000000000000000, 0.000000000000000000 ) ) ;
#3437 = CARTESIAN_POINT ( 'NONE',  ( -47.60000068545340213, 13.00000019371509907, 4.000000000000000000 ) ) ;
#3438 = VERTEX_POINT ( 'NONE', #4870 ) ;
#3439 = ORIENTED_EDGE ( 'NONE', *, *, #1953, .T. ) ;
#3440 = ORIENTED_EDGE ( 'NONE', *, *, #3523, .F. ) ;
#3441 = DIRECTION ( 'NONE',  ( 1.748209563223863227E-34, -0.1736481776669299981, -0.9848077530122079093 ) ) ;
#3442 = DIRECTION ( 'NONE',  ( 1.000000000000000000, 5.793456394897969729E-18, 1.367446332762960049E-17 ) ) ;
#3443 = CARTESIAN_POINT ( 'NONE',  ( -44.40000068545340639, -41.00000061094760184, 4.000000000000000000 ) ) ;
#3444 = CARTESIAN_POINT ( 'NONE',  ( -15.00000000000000000, -28.01661943095557561, -10.72702361612962463 ) ) ;
#3445 = DIRECTION ( 'NONE',  ( 1.000000000000000000, 5.793456394897969729E-18, 1.367446332762960049E-17 ) ) ;
#3446 = DIRECTION ( 'NONE',  ( -1.000000000000000000, -5.793456394897969729E-18, -1.367446332762960049E-17 ) ) ;
#3447 = VERTEX_POINT ( 'NONE', #2986 ) ;
#3448 = CARTESIAN_POINT ( 'NONE',  ( 1.831422148192097810, 42.69195286321406968, 3.906956828557135886 ) ) ;
#3449 = CARTESIAN_POINT ( 'NONE',  ( 13.77582856487759955, 15.52504609154365767, 33.75571695523085225 ) ) ;
#3450 = CARTESIAN_POINT ( 'NONE',  ( -12.00000000000000000, 0.000000000000000000, 0.9999999999999731326 ) ) ;
#3451 = FACE_BOUND ( 'NONE', #3489, .T. ) ;
#3452 = EDGE_CURVE ( 'NONE', #610, #4763, #5628, .T. ) ;
#3453 = ADVANCED_FACE ( 'NONE', ( #3511 ), #1655, .F. ) ;
#3454 = CARTESIAN_POINT ( 'NONE',  ( 3.013304142947268005, -14.15312968101862090, -42.39412929101148819 ) ) ;
#3455 = CIRCLE ( 'NONE', #5449, 1.599999999999997202 ) ;
#3456 = CYLINDRICAL_SURFACE ( 'NONE', #4733, 31.99999999999999645 ) ;
#3457 = AXIS2_PLACEMENT_3D ( 'NONE', #2076, #2048, #218 ) ;
#3458 = CARTESIAN_POINT ( 'NONE',  ( 4.773320743638204300E-15, 49.87549480958995218, 6.437003767170479840 ) ) ;
#3459 = ORIENTED_EDGE ( 'NONE', *, *, #2102, .T. ) ;
#3460 = AXIS2_PLACEMENT_3D ( 'NONE', #4601, #3750, #3690 ) ;
#3461 = AXIS2_PLACEMENT_3D ( 'NONE', #2291, #2731, #6050 ) ;
#3462 = ADVANCED_FACE ( 'NONE', ( #4899 ), #4398, .F. ) ;
#3463 = ORIENTED_EDGE ( 'NONE', *, *, #1810, .T. ) ;
#3464 = CARTESIAN_POINT ( 'NONE',  ( -0.8316033146633523554, 42.87921993125812747, 2.843035227095456641 ) ) ;
#3465 = EDGE_LOOP ( 'NONE', ( #4910, #2908, #6072, #699 ) ) ;
#3466 = ORIENTED_EDGE ( 'NONE', *, *, #2345, .F. ) ;
#3467 = ORIENTED_EDGE ( 'NONE', *, *, #2435, .T. ) ;
#3468 = CARTESIAN_POINT ( 'NONE',  ( -12.72408788285111747, 18.46645697960304844, 29.91248310294006885 ) ) ;
#3469 = DIRECTION ( 'NONE',  ( 0.000000000000000000, 0.1736481776669299981, 0.9848077530122081313 ) ) ;
#3470 = CARTESIAN_POINT ( 'NONE',  ( -15.00000000000000000, 8.326892901709809891, 28.82122229544498282 ) ) ;
#3471 = CARTESIAN_POINT ( 'NONE',  ( 15.53241216860679863, 53.23991458447727609, 14.00003550376400696 ) ) ;
#3472 = CARTESIAN_POINT ( 'NONE',  ( 4.549567843633699896E-15, 54.44983298061829657, 20.86182370701970257 ) ) ;
#3473 = LINE ( 'NONE', #4036, #1291 ) ;
#3474 = ORIENTED_EDGE ( 'NONE', *, *, #5597, .F. ) ;
#3475 = EDGE_CURVE ( 'NONE', #4717, #2148, #4047, .T. ) ;
#3476 = ADVANCED_FACE ( 'NONE', ( #3576 ), #755, .T. ) ;
#3477 = CARTESIAN_POINT ( 'NONE',  ( 0.5220774283700138074, 42.90319616545932746, 2.724210687194091207 ) ) ;
#3478 = DIRECTION ( 'NONE',  ( 1.000000000000000000, 0.000000000000000000, 0.000000000000000000 ) ) ;
#3479 = CARTESIAN_POINT ( 'NONE',  ( -9.000000134110448968, -44.00000065565109963, 4.000000000000000000 ) ) ;
#3480 = CARTESIAN_POINT ( 'NONE',  ( 12.77010861473059400, 18.98180075384963672, 29.58842825857616532 ) ) ;
#3481 = DIRECTION ( 'NONE',  ( 0.000000000000000000, 0.000000000000000000, -1.000000000000000000 ) ) ;
#3482 = CARTESIAN_POINT ( 'NONE',  ( 4.724101747592697187, -8.061160767369234037, -43.49834107797526883 ) ) ;
#3483 = AXIS2_PLACEMENT_3D ( 'NONE', #4828, #5353, #209 ) ;
#3484 = VERTEX_POINT ( 'NONE', #2268 ) ;
#3485 = VECTOR ( 'NONE', #4489, 1000.000000000000114 ) ;
#3486 = DIRECTION ( 'NONE',  ( 1.000000000000000000, 5.793456394897969729E-18, 1.367446332762960049E-17 ) ) ;
#3487 = DIRECTION ( 'NONE',  ( 1.000000000000000000, 5.793456394897969729E-18, 1.367446332762960049E-17 ) ) ;
#3488 = VECTOR ( 'NONE', #3850, 1000.000000000000000 ) ;
#3489 = EDGE_LOOP ( 'NONE', ( #2907, #2753 ) ) ;
#3490 = EDGE_CURVE ( 'NONE', #2676, #395, #257, .T. ) ;
#3491 = DIRECTION ( 'NONE',  ( 1.000000000000000000, -0.000000000000000000, -0.000000000000000000 ) ) ;
#3492 = VERTEX_POINT ( 'NONE', #2640 ) ;
#3493 = ORIENTED_EDGE ( 'NONE', *, *, #2704, .F. ) ;
#3494 = EDGE_LOOP ( 'NONE', ( #5742, #332, #2525, #1914 ) ) ;
#3495 = DIRECTION ( 'NONE',  ( 0.000000000000000000, 0.5881647389713259289, 0.8087411451328490042 ) ) ;
#3496 = DIRECTION ( 'NONE',  ( 1.000000000000000000, 5.793456394897979744E-18, 1.367446332762961898E-17 ) ) ;
#3497 = DIRECTION ( 'NONE',  ( 1.000000000000000000, 0.000000000000000000, 0.000000000000000000 ) ) ;
#3498 = DIRECTION ( 'NONE',  ( 1.000000000000000000, 0.000000000000000000, 0.000000000000000000 ) ) ;
#3499 = DIRECTION ( 'NONE',  ( 0.000000000000000000, 0.3420201433256758738, 0.9396926207859058744 ) ) ;
#3500 = DIRECTION ( 'NONE',  ( 0.000000000000000000, 0.000000000000000000, -1.000000000000000000 ) ) ;
#3501 = VERTEX_POINT ( 'NONE', #5024 ) ;
#3502 = CARTESIAN_POINT ( 'NONE',  ( 1.934884565406375323, 42.53014375590834817, 5.269437301633599802 ) ) ;
#3503 = CARTESIAN_POINT ( 'NONE',  ( -3.834019586416926639, 41.07481087133397324, 10.60637691117427650 ) ) ;
#3504 = CARTESIAN_POINT ( 'NONE',  ( 5.003761311322954883E-15, 48.06348130877986335, 42.23072840827351371 ) ) ;
#3505 = EDGE_CURVE ( 'NONE', #2283, #859, #2736, .T. ) ;
#3506 = DIRECTION ( 'NONE',  ( -1.000000000000000000, -5.793456394897969729E-18, -1.367446332762960049E-17 ) ) ;
#3507 = DIRECTION ( 'NONE',  ( 0.000000000000000000, 0.000000000000000000, -1.000000000000000000 ) ) ;
#3508 = CARTESIAN_POINT ( 'NONE',  ( 1.791089008706443053, -15.50797335145289502, -42.12911493393805529 ) ) ;
#3509 = EDGE_LOOP ( 'NONE', ( #2035, #4192, #981, #4181 ) ) ;
#3510 = AXIS2_PLACEMENT_3D ( 'NONE', #6094, #1822, #3748 ) ;
#3511 = FACE_OUTER_BOUND ( 'NONE', #4725, .T. ) ;
#3512 = CIRCLE ( 'NONE', #2518, 35.15350152500619885 ) ;
#3513 = DIRECTION ( 'NONE',  ( 1.000000000000000000, 5.793456394897969729E-18, 1.367446332762960049E-17 ) ) ;
#3514 = CARTESIAN_POINT ( 'NONE',  ( 0.000000000000000000, 0.000000000000000000, 0.000000000000000000 ) ) ;
#3515 = AXIS2_PLACEMENT_3D ( 'NONE', #1773, #2264, #4262 ) ;
#3516 = PRODUCT_DEFINITION_FORMATION_WITH_SPECIFIED_SOURCE ( 'ANY', '', #2086, .NOT_KNOWN. ) ;
#3517 = ORIENTED_EDGE ( 'NONE', *, *, #3159, .T. ) ;
#3518 = ORIENTED_EDGE ( 'NONE', *, *, #3931, .T. ) ;
#3519 = VECTOR ( 'NONE', #1748, 1000.000000000000000 ) ;
#3520 = CIRCLE ( 'NONE', #2421, 29.99999999999999289 ) ;
#3521 = CYLINDRICAL_SURFACE ( 'NONE', #5830, 11.50000000000000000 ) ;
#3522 = ORIENTED_EDGE ( 'NONE', *, *, #175, .F. ) ;
#3523 = EDGE_CURVE ( 'NONE', #4174, #1122, #2201, .T. ) ;
#3524 = B_SPLINE_CURVE_WITH_KNOTS ( 'NONE', 3,
 ( #2878, #4796, #5320, #562, #5379, #1050, #5845, #532, #2939, #3377, #4825, #4854, #5292, #4321, #124, #1553, #2408, #1577, #3468, #2909, #64, #1107, #1019, #2496, #1947, #3846, #591, #4410, #4378, #152, #2009, #5814, #2038, #4060, #4973, #1636, #2555, #5997, #4497, #239 ),
 .UNSPECIFIED., .F., .F.,
 ( 4, 2, 2, 2, 1, 2, 2, 2, 2, 2, 1, 2, 2, 2, 2, 2, 1, 1, 2, 2, 2, 4 ),
 ( 0.000000000000000000, 0.1250000000000017486, 0.1875000000000024980, 0.2187500000000028033, 0.2343750000000030809, 0.2421875000000030809, 0.2500000000000030531, 0.3750000000000021094, 0.4375000000000014988, 0.4687500000000011657, 0.4843750000000010547, 0.4921875000000008882, 0.5000000000000006661, 0.6249999999999983347, 0.6874999999999970024, 0.7187499999999966693, 0.7343749999999964473, 0.7421874999999964473, 0.7460937499999962252, 0.7499999999999960032, 0.8749999999999980016, 1.000000000000000000 ),
 .UNSPECIFIED. ) ;
#3525 = ORIENTED_EDGE ( 'NONE', *, *, #3171, .F. ) ;
#3526 = CIRCLE ( 'NONE', #4902, 2.000000000000001332 ) ;
#3527 = ORIENTED_EDGE ( 'NONE', *, *, #3672, .T. ) ;
#3528 = AXIS2_PLACEMENT_3D ( 'NONE', #1660, #761, #3114 ) ;
#3529 = CARTESIAN_POINT ( 'NONE',  ( 0.000000000000000000, 0.000000000000000000, 30.00000000000000000 ) ) ;
#3530 = CARTESIAN_POINT ( 'NONE',  ( 11.73959935671371113, 29.80085714994894985, 19.51587170977187213 ) ) ;
#3531 = CYLINDRICAL_SURFACE ( 'NONE', #4583, 2.000000000000000444 ) ;
#3532 = CARTESIAN_POINT ( 'NONE',  ( 0.000000000000000000, 0.000000000000000000, 3.000000000000000444 ) ) ;
#3533 = DIRECTION ( 'NONE',  ( -4.163336342344335178E-17, 0.9848077530122082424, -0.1736481776669300259 ) ) ;
#3534 = CARTESIAN_POINT ( 'NONE',  ( 13.00000000000000000, -21.14043673839943693, -23.63846760513848366 ) ) ;
#3535 = ORIENTED_EDGE ( 'NONE', *, *, #4556, .T. ) ;
#3536 = CARTESIAN_POINT ( 'NONE',  ( 6.000000000000000000, -11.78068032495735906, 29.44334877846968013 ) ) ;
#3537 = CARTESIAN_POINT ( 'NONE',  ( -3.576720703803013990, 41.17983777596706574, 10.50906980538172952 ) ) ;
#3538 = CARTESIAN_POINT ( 'NONE',  ( 13.18436255310559879, 7.693426437523617878, 36.37009551819767950 ) ) ;
#3539 = DIRECTION ( 'NONE',  ( 0.000000000000000000, 0.9848077530122082424, -0.1736481776669300259 ) ) ;
#3540 = EDGE_CURVE ( 'NONE', #1195, #2115, #4175, .T. ) ;
#3541 = CARTESIAN_POINT ( 'NONE',  ( 11.93488257301919830, 6.104341478428979784, 34.61944084735259963 ) ) ;
#3542 = CARTESIAN_POINT ( 'NONE',  ( -15.00000000000000000, -29.12335712682868660, -7.199310360249599583 ) ) ;
#3543 = DIRECTION ( 'NONE',  ( 0.000000000000000000, 0.000000000000000000, -1.000000000000000000 ) ) ;
#3544 = EDGE_CURVE ( 'NONE', #2243, #2787, #3704, .T. ) ;
#3545 = ORIENTED_EDGE ( 'NONE', *, *, #3356, .F. ) ;
#3546 = EDGE_CURVE ( 'NONE', #3904, #5967, #950, .T. ) ;
#3547 = CARTESIAN_POINT ( 'NONE',  ( 15.53241216860700114, 46.15897020197110123, 31.42970919296890386 ) ) ;
#3548 = DIRECTION ( 'NONE',  ( 0.000000000000000000, 0.000000000000000000, 1.000000000000000000 ) ) ;
#3549 = EDGE_CURVE ( 'NONE', #2915, #1056, #5030, .T. ) ;
#3550 = VECTOR ( 'NONE', #837, 1000.000000000000000 ) ;
#3551 = CARTESIAN_POINT ( 'NONE',  ( -28.34078639309299774, -13.57440228602600030, 45.11746141821100053 ) ) ;
#3552 = EDGE_CURVE ( 'NONE', #43, #5064, #652, .T. ) ;
#3553 = AXIS2_PLACEMENT_3D ( 'NONE', #2874, #2933, #2004 ) ;
#3554 = ORIENTED_EDGE ( 'NONE', *, *, #5835, .T. ) ;
#3555 = ORIENTED_EDGE ( 'NONE', *, *, #4803, .F. ) ;
#3556 = CARTESIAN_POINT ( 'NONE',  ( 16.00000000000000000, -21.48773309373329710, -25.60808311116290170 ) ) ;
#3557 = EDGE_LOOP ( 'NONE', ( #2862, #344, #4185, #3300 ) ) ;
#3558 = ORIENTED_EDGE ( 'NONE', *, *, #973, .T. ) ;
#3559 = EDGE_LOOP ( 'NONE', ( #4880, #1219, #2204, #5870 ) ) ;
#3560 = AXIS2_PLACEMENT_3D ( 'NONE', #2198, #4545, #2169 ) ;
#3561 = EDGE_LOOP ( 'NONE', ( #4293, #6060, #4132, #3693, #3058, #4286, #3012, #4438, #4551, #3569, #2140, #2371, #4244, #620, #731, #468, #4820, #2145, #5511, #3558, #5405, #246, #4494, #4101, #568, #3844, #5283, #4587, #1626, #616, #531, #1915, #5968, #2110, #5636, #4559, #2722, #2091, #5988, #5313, #2429, #264 ) ) ;
#3562 = CARTESIAN_POINT ( 'NONE',  ( -16.00000000000000000, -3.406497593792199596E-15, -2.600320821204820216E-17 ) ) ;
#3563 = DIRECTION ( 'NONE',  ( 1.000000000000000000, 5.793456394897969729E-18, 1.367446332762960049E-17 ) ) ;
#3564 = DIRECTION ( 'NONE',  ( -1.000000000000000000, 0.000000000000000000, 0.000000000000000000 ) ) ;
#3565 = CIRCLE ( 'NONE', #3062, 1.599999999999997202 ) ;
#3566 = DIRECTION ( 'NONE',  ( 3.330895137017530143E-18, -0.9848077530122081313, 0.1736481776669299981 ) ) ;
#3567 = DIRECTION ( 'NONE',  ( 1.446660789891119018E-17, -0.5881647389713260399, -0.8087411451328490042 ) ) ;
#3568 = CARTESIAN_POINT ( 'NONE',  ( -13.60000017881390022, 13.00000019371509907, 1.000000000000000000 ) ) ;
#3569 = ORIENTED_EDGE ( 'NONE', *, *, #4669, .T. ) ;
#3570 = DIRECTION ( 'NONE',  ( 1.464521331192140234E-17, -0.5374824494795450436, -0.8432749352977760848 ) ) ;
#3571 = FACE_BOUND ( 'NONE', #364, .T. ) ;
#3572 = DIRECTION ( 'NONE',  ( 1.000000000000000000, 5.793456394897969729E-18, 1.367446332762960049E-17 ) ) ;
#3573 = CARTESIAN_POINT ( 'NONE',  ( -2.999999999999998224, 8.326892901709809891, 28.82122229544498282 ) ) ;
#3574 = LINE ( 'NONE', #5982, #2267 ) ;
#3575 = EDGE_LOOP ( 'NONE', ( #1764, #2617, #3868, #2073 ) ) ;
#3576 = FACE_OUTER_BOUND ( 'NONE', #1390, .T. ) ;
#3577 = DIRECTION ( 'NONE',  ( -1.000000000000000000, 0.000000000000000000, 0.000000000000000000 ) ) ;
#3578 = CIRCLE ( 'NONE', #809, 31.99999999999999645 ) ;
#3579 = AXIS2_PLACEMENT_3D ( 'NONE', #2025, #608, #2483 ) ;
#3580 = CARTESIAN_POINT ( 'NONE',  ( 0.000000000000000000, 0.000000000000000000, 0.000000000000000000 ) ) ;
#3581 = AXIS2_PLACEMENT_3D ( 'NONE', #2133, #2225, #4169 ) ;
#3582 = EDGE_LOOP ( 'NONE', ( #3845, #530, #1653, #795 ) ) ;
#3583 = AXIS2_PLACEMENT_3D ( 'NONE', #3109, #5523, #5026 ) ;
#3584 = ORIENTED_EDGE ( 'NONE', *, *, #4928, .T. ) ;
#3585 = ADVANCED_FACE ( 'NONE', ( #845 ), #3609, .F. ) ;
#3586 = CARTESIAN_POINT ( 'NONE',  ( -5.124697659665229388, -10.27809003918194719, -42.88292236481512276 ) ) ;
#3587 = VERTEX_POINT ( 'NONE', #384 ) ;
#3588 = ORIENTED_EDGE ( 'NONE', *, *, #1217, .F. ) ;
#3589 = EDGE_LOOP ( 'NONE', ( #6043, #2740, #3211, #4523, #5133 ) ) ;
#3590 = ORIENTED_EDGE ( 'NONE', *, *, #1668, .T. ) ;
#3591 = CARTESIAN_POINT ( 'NONE',  ( 14.00000000000000000, -3.232693901945260157E-15, 3.842306916168400005E-16 ) ) ;
#3592 = DIRECTION ( 'NONE',  ( -1.000000000000000000, 0.000000000000000000, 0.000000000000000000 ) ) ;
#3593 = CARTESIAN_POINT ( 'NONE',  ( -15.00000000000000000, 5.563228854355292796, -15.82203778665462757 ) ) ;
#3594 = DIRECTION ( 'NONE',  ( -1.000000000000000000, -5.793456394897969729E-18, -1.367446332762960049E-17 ) ) ;
#3595 = DIRECTION ( 'NONE',  ( -3.330895137017530143E-18, 0.9848077530122081313, -0.1736481776669299981 ) ) ;
#3596 = DIRECTION ( 'NONE',  ( 0.000000000000000000, 0.000000000000000000, 1.000000000000000000 ) ) ;
#3597 = ORIENTED_EDGE ( 'NONE', *, *, #1916, .F. ) ;
#3598 = VECTOR ( 'NONE', #1842, 1000.000000000000000 ) ;
#3599 = EDGE_CURVE ( 'NONE', #3221, #5250, #4123, .T. ) ;
#3600 = DIRECTION ( 'NONE',  ( 0.000000000000000000, -0.6427876096865404731, -0.7660444431189771253 ) ) ;
#3601 = DIRECTION ( 'NONE',  ( 3.330895137017535536E-18, -0.9848077530122082424, 0.1736481776669300259 ) ) ;
#3602 = CARTESIAN_POINT ( 'NONE',  ( 16.00000000000000000, 11.08608761428983946, -33.38257979051842028 ) ) ;
#3603 = CARTESIAN_POINT ( 'NONE',  ( 1.236154464553100629, 44.86820286611552433, 2.720288420396463902 ) ) ;
#3604 = CARTESIAN_POINT ( 'NONE',  ( 15.53241216860700114, 52.41511307537815867, 32.35743563299175207 ) ) ;
#3605 = DIRECTION ( 'NONE',  ( -1.000000000000000000, -5.793456394897969729E-18, -1.367446332762960049E-17 ) ) ;
#3606 = ADVANCED_FACE ( 'NONE', ( #5553 ), #879, .F. ) ;
#3607 = AXIS2_PLACEMENT_3D ( 'NONE', #5380, #3442, #1079 ) ;
#3608 = EDGE_LOOP ( 'NONE', ( #5100, #2466 ) ) ;
#3609 = CYLINDRICAL_SURFACE ( 'NONE', #5525, 11.50000000000000000 ) ;
#3610 = DIRECTION ( 'NONE',  ( 0.000000000000000000, 0.000000000000000000, -1.000000000000000000 ) ) ;
#3611 = AXIS2_PLACEMENT_3D ( 'NONE', #1147, #5487, #3105 ) ;
#3612 = CARTESIAN_POINT ( 'NONE',  ( 0.000000000000000000, 0.000000000000000000, 0.000000000000000000 ) ) ;
#3613 = ORIENTED_EDGE ( 'NONE', *, *, #3540, .F. ) ;
#3614 = ORIENTED_EDGE ( 'NONE', *, *, #1410, .T. ) ;
#3615 = EDGE_CURVE ( 'NONE', #3897, #5185, #4625, .T. ) ;
#3616 = CARTESIAN_POINT ( 'NONE',  ( -49.00000073015689850, -29.00000043213369949, 1.000000000000000000 ) ) ;
#3617 = ORIENTED_EDGE ( 'NONE', *, *, #4193, .T. ) ;
#3618 = VECTOR ( 'NONE', #3072, 1000.000000000000000 ) ;
#3619 = PRODUCT_DEFINITION_FORMATION_WITH_SPECIFIED_SOURCE ( 'ANY', '', #5241, .NOT_KNOWN. ) ;
#3620 = ORIENTED_EDGE ( 'NONE', *, *, #2898, .F. ) ;
#3621 = AXIS2_PLACEMENT_3D ( 'NONE', #2810, #3214, #5600 ) ;
#3622 = VERTEX_POINT ( 'NONE', #4677 ) ;
#3623 = EDGE_CURVE ( 'NONE', #3158, #5746, #1934, .T. ) ;
#3624 = VERTEX_POINT ( 'NONE', #2234 ) ;
#3625 = ADVANCED_FACE ( 'NONE', ( #5586 ), #1777, .F. ) ;
#3626 = AXIS2_PLACEMENT_3D ( 'NONE', #3674, #1322, #2142 ) ;
#3627 = CARTESIAN_POINT ( 'NONE',  ( 4.860731767580697787E-15, 50.71639716077930160, -0.3115429827427705911 ) ) ;
#3628 = AXIS2_PLACEMENT_3D ( 'NONE', #4035, #2159, #3567 ) ;
#3629 = LINE ( 'NONE', #1304, #2603 ) ;
#3630 = CYLINDRICAL_SURFACE ( 'NONE', #3981, 2.000000000000000444 ) ;
#3631 = CARTESIAN_POINT ( 'NONE',  ( 4.642889132205613834, -6.034942299900643903, -43.85071067392060229 ) ) ;
#3632 = CARTESIAN_POINT ( 'NONE',  ( -15.53241216860679863, 45.81167384663723396, 29.46009368694468122 ) ) ;
#3633 = DIRECTION ( 'NONE',  ( 0.02280047648423378509, 0.1721073699357229536, 0.9848142928927768880 ) ) ;
#3634 = ORIENTED_EDGE ( 'NONE', *, *, #3873, .F. ) ;
#3635 = AXIS2_PLACEMENT_3D ( 'NONE', #1131, #5503, #2681 ) ;
#3636 = AXIS2_PLACEMENT_3D ( 'NONE', #6148, #4338, #4685 ) ;
#3637 = ORIENTED_EDGE ( 'NONE', *, *, #30, .F. ) ;
#3638 = CARTESIAN_POINT ( 'NONE',  ( 13.00000000000000000, -12.22082813412720093, 29.57450523197509895 ) ) ;
#3639 = CARTESIAN_POINT ( 'NONE',  ( 6.000000000000000000, -32.92111706335690258, 5.804881173331500221 ) ) ;
#3640 = DIRECTION ( 'NONE',  ( -3.330895137017530143E-18, 0.9848077530122081313, -0.1736481776669299981 ) ) ;
#3641 = CARTESIAN_POINT ( 'NONE',  ( 13.00000000000000000, 5.209445330007899777, 29.54423259036623861 ) ) ;
#3642 = LINE ( 'NONE', #4609, #2458 ) ;
#3643 = ORIENTED_EDGE ( 'NONE', *, *, #4678, .F. ) ;
#3644 = DIRECTION ( 'NONE',  ( -1.000000000000000000, 0.000000000000000000, 0.000000000000000000 ) ) ;
#3645 = EDGE_CURVE ( 'NONE', #1873, #4940, #2732, .T. ) ;
#3646 = DIRECTION ( 'NONE',  ( 1.000000000000000000, 0.000000000000000000, 0.000000000000000000 ) ) ;
#3647 = DIRECTION ( 'NONE',  ( -1.000000000000000000, -5.793456394897969729E-18, -1.367446332762960049E-17 ) ) ;
#3648 = EDGE_LOOP ( 'NONE', ( #3935, #1887, #1301, #2491 ) ) ;
#3649 = EDGE_LOOP ( 'NONE', ( #4290, #3331, #5627, #1682, #3115 ) ) ;
#3650 = VECTOR ( 'NONE', #578, 1000.000000000000000 ) ;
#3651 = CARTESIAN_POINT ( 'NONE',  ( -2.811491813779126048, -15.18004071334232918, -42.07984538157998600 ) ) ;
#3652 = ORIENTED_EDGE ( 'NONE', *, *, #5194, .F. ) ;
#3653 = VERTEX_POINT ( 'NONE', #3325 ) ;
#3654 = AXIS2_PLACEMENT_3D ( 'NONE', #1489, #1609, #3495 ) ;
#3655 = ORIENTED_EDGE ( 'NONE', *, *, #3805, .F. ) ;
#3656 = VERTEX_POINT ( 'NONE', #540 ) ;
#3657 = DIRECTION ( 'NONE',  ( -1.447274064869758231E-17, 0.1736481776669300259, 0.9848077530122081313 ) ) ;
#3658 = CARTESIAN_POINT ( 'NONE',  ( 5.845512359624488674, 39.96120155596707946, 11.62097457008120571 ) ) ;
#3659 = CARTESIAN_POINT ( 'NONE',  ( 13.00000000000000000, 12.22082813412750113, -29.57450523197499948 ) ) ;
#3660 = AXIS2_PLACEMENT_3D ( 'NONE', #14, #4448, #4419 ) ;
#3661 = CARTESIAN_POINT ( 'NONE',  ( -20.00000000000000000, -3.429671419371789943E-15, -8.070106152256670580E-17 ) ) ;
#3662 = CARTESIAN_POINT ( 'NONE',  ( -1.962765198935691791, 42.63024138514897032, 4.343811104795728184 ) ) ;
#3663 = DIRECTION ( 'NONE',  ( 0.000000000000000000, 0.000000000000000000, 1.000000000000000000 ) ) ;
#3664 = ORIENTED_EDGE ( 'NONE', *, *, #968, .T. ) ;
#3665 = VERTEX_POINT ( 'NONE', #5179 ) ;
#3666 = AXIS2_PLACEMENT_3D ( 'NONE', #2220, #2687, #3278 ) ;
#3667 = DIRECTION ( 'NONE',  ( 1.000000000000000000, 0.000000000000000000, -0.000000000000000000 ) ) ;
#3668 = DIRECTION ( 'NONE',  ( -1.000000000000000000, -5.793456394897969729E-18, -1.367446332762960049E-17 ) ) ;
#3669 = LINE ( 'NONE', #1801, #5488 ) ;
#3670 = CARTESIAN_POINT ( 'NONE',  ( -2.999999999999999112, 0.000000000000000000, 30.00000000000000000 ) ) ;
#3671 = FACE_OUTER_BOUND ( 'NONE', #5965, .T. ) ;
#3672 = EDGE_CURVE ( 'NONE', #4763, #835, #2330, .T. ) ;
#3673 = ORIENTED_EDGE ( 'NONE', *, *, #4002, .T. ) ;
#3674 = CARTESIAN_POINT ( 'NONE',  ( -15.00000000000000000, 0.000000000000000000, 0.000000000000000000 ) ) ;
#3675 = CARTESIAN_POINT ( 'NONE',  ( -2.999999999999998224, -10.63918073367659467, 12.96511582379512717 ) ) ;
#3676 = CARTESIAN_POINT ( 'NONE',  ( -15.53241216860689988, 48.60609086176073390, 10.75539720238311148 ) ) ;
#3677 = ORIENTED_EDGE ( 'NONE', *, *, #5658, .T. ) ;
#3678 = EDGE_LOOP ( 'NONE', ( #2527, #5499, #5863, #1880 ) ) ;
#3679 = CARTESIAN_POINT ( 'NONE',  ( -1.842768363473885174, -15.89544827872454924, -41.97781603106357551 ) ) ;
#3680 = DIRECTION ( 'NONE',  ( 1.000000000000000000, 0.000000000000000000, -0.000000000000000000 ) ) ;
#3681 = EDGE_CURVE ( 'NONE', #4903, #3112, #1253, .T. ) ;
#3682 = ORIENTED_EDGE ( 'NONE', *, *, #4111, .F. ) ;
#3683 = ORIENTED_EDGE ( 'NONE', *, *, #2578, .F. ) ;
#3684 = AXIS2_PLACEMENT_3D ( 'NONE', #4230, #3819, #1464 ) ;
#3685 = VECTOR ( 'NONE', #4017, 1000.000000000000000 ) ;
#3686 = DIRECTION ( 'NONE',  ( 1.000000000000000000, -0.000000000000000000, -0.000000000000000000 ) ) ;
#3687 = CARTESIAN_POINT ( 'NONE',  ( -2.999999999999998224, -26.93741338983295819, 13.20514141784359374 ) ) ;
#3688 = DIRECTION ( 'NONE',  ( 0.000000000000000000, 0.1736481776669315247, 0.9848077530122077983 ) ) ;
#3689 = CARTESIAN_POINT ( 'NONE',  ( -1.604908866826848080, 42.48224274185731275, 5.979200317183495095 ) ) ;
#3690 = DIRECTION ( 'NONE',  ( 0.000000000000000000, 0.000000000000000000, -1.000000000000000000 ) ) ;
#3691 = EDGE_LOOP ( 'NONE', ( #4939, #5198 ) ) ;
#3692 = AXIS2_PLACEMENT_3D ( 'NONE', #3878, #1465, #3317 ) ;
#3693 = ORIENTED_EDGE ( 'NONE', *, *, #5995, .F. ) ;
#3694 = CYLINDRICAL_SURFACE ( 'NONE', #3752, 2.000000000000000444 ) ;
#3695 = CARTESIAN_POINT ( 'NONE',  ( -9.933030753309326499, 34.99900230012659819, 15.77493091585858664 ) ) ;
#3696 = FACE_OUTER_BOUND ( 'NONE', #426, .T. ) ;
#3697 = LINE ( 'NONE', #2696, #1963 ) ;
#3698 = CARTESIAN_POINT ( 'NONE',  ( -15.00000000000000000, -0.000000000000000000, 0.000000000000000000 ) ) ;
#3699 = CYLINDRICAL_SURFACE ( 'NONE', #3461, 16.29999999999999361 ) ;
#3700 = CARTESIAN_POINT ( 'NONE',  ( -15.00000000000000000, 16.54771003325250334, 2.731242878920251638 ) ) ;
#3701 = ADVANCED_FACE ( 'NONE', ( #1497 ), #4302, .F. ) ;
#3702 = EDGE_CURVE ( 'NONE', #2692, #993, #2899, .T. ) ;
#3703 = EDGE_CURVE ( 'NONE', #1673, #488, #2447, .T. ) ;
#3704 = LINE ( 'NONE', #6016, #3326 ) ;
#3705 = DIRECTION ( 'NONE',  ( 0.000000000000000000, 0.000000000000000000, -1.000000000000000000 ) ) ;
#3706 = EDGE_CURVE ( 'NONE', #2739, #5519, #814, .T. ) ;
#3707 = CARTESIAN_POINT ( 'NONE',  ( -15.00000000000000000, -17.68215839412018653, -24.23512480935977109 ) ) ;
#3708 = ORIENTED_EDGE ( 'NONE', *, *, #820, .T. ) ;
#3709 = VERTEX_POINT ( 'NONE', #630 ) ;
#3710 = VECTOR ( 'NONE', #3605, 1000.000000000000000 ) ;
#3711 = CARTESIAN_POINT ( 'NONE',  ( 0.3336839466828794287, -16.21898471754458271, -41.97157451724204691 ) ) ;
#3712 = DIRECTION ( 'NONE',  ( 0.000000000000000000, -0.1736481776669300259, -0.9848077530122081313 ) ) ;
#3713 = VERTEX_POINT ( 'NONE', #2018 ) ;
#3714 = DIRECTION ( 'NONE',  ( 1.000000000000000000, 5.793456394897969729E-18, 1.367446332762960049E-17 ) ) ;
#3715 = EDGE_CURVE ( 'NONE', #4318, #4635, #133, .T. ) ;
#3716 = CARTESIAN_POINT ( 'NONE',  ( -15.00000000000000000, 10.92067223570268197, 12.72891640826549775 ) ) ;
#3717 = CIRCLE ( 'NONE', #2028, 2.000000000000000444 ) ;
#3718 = CARTESIAN_POINT ( 'NONE',  ( -1.523070404712669745, 42.47745822298972485, 6.083682247247141461 ) ) ;
#3719 = DIRECTION ( 'NONE',  ( 0.000000000000000000, 0.000000000000000000, -1.000000000000000000 ) ) ;
#3720 = ORIENTED_EDGE ( 'NONE', *, *, #4724, .T. ) ;
#3721 = VECTOR ( 'NONE', #2572, 1000.000000000000000 ) ;
#3722 = ORIENTED_EDGE ( 'NONE', *, *, #4334, .F. ) ;
#3723 = AXIS2_PLACEMENT_3D ( 'NONE', #3381, #649, #1083 ) ;
#3724 = DIRECTION ( 'NONE',  ( 1.000000000000000000, 5.793456394897969729E-18, 1.367446332762960049E-17 ) ) ;
#3725 = CARTESIAN_POINT ( 'NONE',  ( -14.00869647117357530, 17.35970082943547865, 32.84913446125236902 ) ) ;
#3726 = CARTESIAN_POINT ( 'NONE',  ( 12.96521674968609972, 21.83502944906729937, 27.57769861718709947 ) ) ;
#3727 = FACE_OUTER_BOUND ( 'NONE', #5783, .T. ) ;
#3728 = DIRECTION ( 'NONE',  ( -1.000000000000000000, 0.000000000000000000, 0.000000000000000000 ) ) ;
#3729 = DIRECTION ( 'NONE',  ( 0.000000000000000000, -0.1736481776669300259, -0.9848077530122081313 ) ) ;
#3730 = CARTESIAN_POINT ( 'NONE',  ( 11.00000000000000000, 31.24732657902119826, -6.899607355784239893 ) ) ;
#3731 = PRODUCT_DEFINITION_SHAPE ( 'NONE', 'NONE',  #6157 ) ;
#3732 = AXIS2_PLACEMENT_3D ( 'NONE', #5057, #6053, #2669 ) ;
#3733 = ADVANCED_FACE ( 'NONE', ( #1059 ), #3977, .T. ) ;
#3734 = CARTESIAN_POINT ( 'NONE',  ( 14.95407818396099664, 28.08831216383493867, 24.31932225329034125 ) ) ;
#3735 = CARTESIAN_POINT ( 'NONE',  ( -12.00000000000000000, 0.000000000000000000, 0.000000000000000000 ) ) ;
#3736 = VECTOR ( 'NONE', #894, 1000.000000000000000 ) ;
#3737 = PRODUCT_CONTEXT ( 'NONE', #337, 'mechanical' ) ;
#3738 = DIRECTION ( 'NONE',  ( -1.000000000000000000, -0.000000000000000000, -0.000000000000000000 ) ) ;
#3739 = ORIENTED_EDGE ( 'NONE', *, *, #2046, .F. ) ;
#3740 = CARTESIAN_POINT ( 'NONE',  ( -2.770247473853525655, 0.04745592837199884284, -44.74196462422170129 ) ) ;
#3741 = DIRECTION ( 'NONE',  ( -1.447274064869758540E-17, 0.1736481776669300536, 0.9848077530122081313 ) ) ;
#3742 = ORIENTED_EDGE ( 'NONE', *, *, #1152, .T. ) ;
#3743 = CARTESIAN_POINT ( 'NONE',  ( -3.541587784529721894, -14.32677039852869783, -42.21205676346995972 ) ) ;
#3744 = CARTESIAN_POINT ( 'NONE',  ( 11.82821663984000082, -22.44258458611410134, -27.36916777577519611 ) ) ;
#3745 = EDGE_CURVE ( 'NONE', #3653, #1944, #3417, .T. ) ;
#3746 = ORIENTED_EDGE ( 'NONE', *, *, #1625, .T. ) ;
#3747 = FACE_OUTER_BOUND ( 'NONE', #3509, .T. ) ;
#3748 = DIRECTION ( 'NONE',  ( 0.000000000000000000, 0.000000000000000000, 1.000000000000000000 ) ) ;
#3749 = CARTESIAN_POINT ( 'NONE',  ( -1.849911970880590673, 42.68509263668823905, 3.952365466819926620 ) ) ;
#3750 = DIRECTION ( 'NONE',  ( 1.000000000000000000, -0.000000000000000000, -0.000000000000000000 ) ) ;
#3751 = ORIENTED_EDGE ( 'NONE', *, *, #2370, .T. ) ;
#3752 = AXIS2_PLACEMENT_3D ( 'NONE', #871, #3314, #2317 ) ;
#3753 = VERTEX_POINT ( 'NONE', #1987 ) ;
#3754 = AXIS2_PLACEMENT_3D ( 'NONE', #5810, #4762, #1884 ) ;
#3755 = DIRECTION ( 'NONE',  ( -3.330895137017510884E-18, 0.9848077530122082424, -0.1736481776669300259 ) ) ;
#3756 = CARTESIAN_POINT ( 'NONE',  ( -14.55501427363282829, 21.40278360870534513, 30.36981059457500365 ) ) ;
#3757 = DIRECTION ( 'NONE',  ( -1.000000000000000000, -0.000000000000000000, -0.000000000000000000 ) ) ;
#3758 = DIRECTION ( 'NONE',  ( 0.000000000000000000, -0.1736481776669298593, -0.9848077530122082424 ) ) ;
#3759 = CARTESIAN_POINT ( 'NONE',  ( -15.00000000000000000, 1.368767404691080047, -11.41825187109897577 ) ) ;
#3760 = FACE_OUTER_BOUND ( 'NONE', #4522, .T. ) ;
#3761 = FACE_OUTER_BOUND ( 'NONE', #328, .T. ) ;
#3762 = AXIS2_PLACEMENT_3D ( 'NONE', #4097, #3633, #2252 ) ;
#3763 = AXIS2_PLACEMENT_3D ( 'NONE', #934, #4641, #349 ) ;
#3764 = CARTESIAN_POINT ( 'NONE',  ( 14.91810430319269365, 24.74041174733076787, 27.72511296906262146 ) ) ;
#3765 = CYLINDRICAL_SURFACE ( 'NONE', #3988, 17.99999999999999645 ) ;
#3766 = APPLICATION_PROTOCOL_DEFINITION ( 'draft international standard', 'automotive_design', 1998, #3305 ) ;
#3767 = DIRECTION ( 'NONE',  ( 1.000000000000000000, -0.000000000000000000, -0.000000000000000000 ) ) ;
#3768 = DIRECTION ( 'NONE',  ( 0.000000000000000000, 0.8660254037844362651, -0.5000000000000039968 ) ) ;
#3769 = ORIENTED_EDGE ( 'NONE', *, *, #1953, .F. ) ;
#3770 = CARTESIAN_POINT ( 'NONE',  ( -4.502649425638516334, -2.639194895796620699, -44.23250827306637945 ) ) ;
#3771 = CYLINDRICAL_SURFACE ( 'NONE', #3636, 2.000000000000001332 ) ;
#3772 = ORIENTED_EDGE ( 'NONE', *, *, #3164, .F. ) ;
#3773 = AXIS2_PLACEMENT_3D ( 'NONE', #5240, #877, #3353 ) ;
#3774 = ORIENTED_EDGE ( 'NONE', *, *, #1443, .T. ) ;
#3775 = ORIENTED_EDGE ( 'NONE', *, *, #4127, .F. ) ;
#3776 = CARTESIAN_POINT ( 'NONE',  ( -2.999999999999998224, 10.92067223570268197, 12.72891640826549775 ) ) ;
#3777 = EDGE_CURVE ( 'NONE', #1789, #2030, #1411, .T. ) ;
#3778 = CARTESIAN_POINT ( 'NONE',  ( 3.999677065110113450, -3.092213029297794069, -44.34996146423490870 ) ) ;
#3779 = CARTESIAN_POINT ( 'NONE',  ( -1.994384029815614801, 42.56490086412342322, 4.901406302812842952 ) ) ;
#3780 = DIRECTION ( 'NONE',  ( -1.000000000000000000, -5.793456394897969729E-18, -1.367446332762960049E-17 ) ) ;
#3781 = VERTEX_POINT ( 'NONE', #1528 ) ;
#3782 = CIRCLE ( 'NONE', #1208, 2.000000000000000444 ) ;
#3783 = AXIS2_PLACEMENT_3D ( 'NONE', #1036, #5403, #3045 ) ;
#3784 = ORIENTED_EDGE ( 'NONE', *, *, #2247, .T. ) ;
#3785 = CARTESIAN_POINT ( 'NONE',  ( 11.81621205001870045, 34.84284394505550608, -6.369409394195259644 ) ) ;
#3786 = CARTESIAN_POINT ( 'NONE',  ( -14.25280591873619684, 19.16512442653425907, 31.84341347201911177 ) ) ;
#3787 = PLANE ( 'NONE',  #2983 ) ;
#3788 = AXIS2_PLACEMENT_3D ( 'NONE', #346, #6010, #1248 ) ;
#3789 = DIRECTION ( 'NONE',  ( -3.330895137017530528E-18, 0.9848077530122082424, -0.1736481776669300259 ) ) ;
#3790 = CARTESIAN_POINT ( 'NONE',  ( -49.00000073015689850, -44.00000065565109963, 0.000000000000000000 ) ) ;
#3791 = CARTESIAN_POINT ( 'NONE',  ( -7.958510418467429126, 41.47135121335981012, 10.23837228169733038 ) ) ;
#3792 = DIRECTION ( 'NONE',  ( -1.000000000000000000, 0.000000000000000000, 0.000000000000000000 ) ) ;
#3793 = CARTESIAN_POINT ( 'NONE',  ( 14.95091767276082706, 28.12939142842154538, 24.27181733047312306 ) ) ;
#3794 = CARTESIAN_POINT ( 'NONE',  ( 15.53241216860679863, 43.04454069902129731, 13.76690177440890039 ) ) ;
#3795 = ADVANCED_FACE ( 'NONE', ( #1089 ), #5332, .F. ) ;
#3796 = SHAPE_DEFINITION_REPRESENTATION ( #5879, #6136 ) ;
#3797 = CARTESIAN_POINT ( 'NONE',  ( 11.92546950366808112, 11.08608760972812490, -33.38257981638917471 ) ) ;
#3798 = CARTESIAN_POINT ( 'NONE',  ( -15.00000000000000000, -14.56677776079964737, -26.22611266786355344 ) ) ;
#3799 = CARTESIAN_POINT ( 'NONE',  ( -4.853394619377826125, -3.700333626698725453, -44.03864254416659918 ) ) ;
#3800 = CARTESIAN_POINT ( 'NONE',  ( 14.00000000000000000, -32.57382070802304241, 7.774496679355915596 ) ) ;
#3801 = ORIENTED_EDGE ( 'NONE', *, *, #1807, .F. ) ;
#3802 = CARTESIAN_POINT ( 'NONE',  ( 11.81116938234860037, -22.78904463925739776, -27.12983408906809757 ) ) ;
#3803 = ORIENTED_EDGE ( 'NONE', *, *, #3049, .F. ) ;
#3804 = FACE_OUTER_BOUND ( 'NONE', #5994, .T. ) ;
#3805 = EDGE_CURVE ( 'NONE', #3587, #948, #3038, .T. ) ;
#3806 = ORIENTED_EDGE ( 'NONE', *, *, #3523, .T. ) ;
#3807 = CARTESIAN_POINT ( 'NONE',  ( 3.029085663944376172, -1.088257549614440656, -44.67772392153738537 ) ) ;
#3808 = LINE ( 'NONE', #1099, #653 ) ;
#3809 =( NAMED_UNIT ( * ) PLANE_ANGLE_UNIT ( ) SI_UNIT ( $, .RADIAN. ) );
#3810 = ORIENTED_EDGE ( 'NONE', *, *, #2947, .T. ) ;
#3811 = ADVANCED_FACE ( 'NONE', ( #602 ), #4953, .F. ) ;
#3812 = ADVANCED_FACE ( 'NONE', ( #4449 ), #193, .F. ) ;
#3813 = AXIS2_PLACEMENT_3D ( 'NONE', #3716, #4629, #368 ) ;
#3814 = ORIENTED_EDGE ( 'NONE', *, *, #1037, .F. ) ;
#3815 = AXIS2_PLACEMENT_3D ( 'NONE', #3050, #5060, #788 ) ;
#3816 = DIRECTION ( 'NONE',  ( 0.000000000000000000, -0.1736481776669316912, -0.9848077530122077983 ) ) ;
#3817 = PLANE ( 'NONE',  #3235 ) ;
#3818 = EDGE_CURVE ( 'NONE', #835, #2243, #1899, .T. ) ;
#3819 = DIRECTION ( 'NONE',  ( 0.000000000000000000, 0.000000000000000000, 1.000000000000000000 ) ) ;
#3820 = DIRECTION ( 'NONE',  ( 0.000000000000000000, 0.1736481776669300259, 0.9848077530122081313 ) ) ;
#3821 = DIRECTION ( 'NONE',  ( -1.000000000000000000, -0.000000000000000000, -0.000000000000000000 ) ) ;
#3822 = CARTESIAN_POINT ( 'NONE',  ( -6.644207283652775686, 42.44244983808427918, 9.319071546243705484 ) ) ;
#3823 = DIRECTION ( 'NONE',  ( -1.000000000000000000, 0.000000000000000000, -0.000000000000000000 ) ) ;
#3824 = AXIS2_PLACEMENT_3D ( 'NONE', #1146, #4451, #5889 ) ;
#3825 = ADVANCED_FACE ( 'NONE', ( #1281 ), #1739, .F. ) ;
#3826 = CARTESIAN_POINT ( 'NONE',  ( 14.94753564236329524, 25.21475672962216308, 27.28733870182274757 ) ) ;
#3827 = AXIS2_PLACEMENT_3D ( 'NONE', #1951, #5383, #2972 ) ;
#3828 = CARTESIAN_POINT ( 'NONE',  ( 12.96521674968609972, 21.82035344863970039, 27.58028639203140031 ) ) ;
#3829 = FACE_BOUND ( 'NONE', #1300, .T. ) ;
#3830 = VECTOR ( 'NONE', #3865, 1000.000000000000000 ) ;
#3831 = ORIENTED_EDGE ( 'NONE', *, *, #2215, .T. ) ;
#3832 = EDGE_CURVE ( 'NONE', #4937, #2743, #249, .T. ) ;
#3833 = CARTESIAN_POINT ( 'NONE',  ( -5.462933814838205393, 40.24060888136870062, 11.37098766327613752 ) ) ;
#3834 = CIRCLE ( 'NONE', #1149, 35.15350152500630543 ) ;
#3835 = LINE ( 'NONE', #2924, #4524 ) ;
#3836 = CARTESIAN_POINT ( 'NONE',  ( -3.660110170808218655, -1.019114069781637877, -44.53494633665640379 ) ) ;
#3837 = CARTESIAN_POINT ( 'NONE',  ( -10.40000017881389915, -41.00000061094760184, 4.000000000000000000 ) ) ;
#3838 = ORIENTED_EDGE ( 'NONE', *, *, #3702, .T. ) ;
#3839 = VERTEX_POINT ( 'NONE', #375 ) ;
#3840 = VERTEX_POINT ( 'NONE', #716 ) ;
#3841 = CARTESIAN_POINT ( 'NONE',  ( -0.9902669415130076480, 1.030543175670309175, -44.95549542857166614 ) ) ;
#3842 = CARTESIAN_POINT ( 'NONE',  ( 15.53241216860700114, 56.35434408742706580, 31.66284292232401754 ) ) ;
#3843 = DIRECTION ( 'NONE',  ( 1.000000000000000000, 5.793456394897969729E-18, 1.367446332762960049E-17 ) ) ;
#3844 = ORIENTED_EDGE ( 'NONE', *, *, #6027, .T. ) ;
#3845 = ORIENTED_EDGE ( 'NONE', *, *, #2800, .F. ) ;
#3846 = CARTESIAN_POINT ( 'NONE',  ( -12.98943289092892606, 22.37699802667637172, 27.11873220764167058 ) ) ;
#3847 = CARTESIAN_POINT ( 'NONE',  ( -14.98592543125653620, 27.53790641773337811, 24.94140512486400141 ) ) ;
#3848 = DIRECTION ( 'NONE',  ( -1.000000000000000000, 0.000000000000000000, -0.000000000000000000 ) ) ;
#3849 = VECTOR ( 'NONE', #3724, 1000.000000000000000 ) ;
#3850 = DIRECTION ( 'NONE',  ( 1.000000000000000000, -0.000000000000000000, 0.000000000000000000 ) ) ;
#3851 = DIRECTION ( 'NONE',  ( -3.330895137017528988E-18, 0.9848077530122081313, -0.1736481776669300259 ) ) ;
#3852 = CARTESIAN_POINT ( 'NONE',  ( 9.570937239022054399, 39.87527229618591917, 11.69937664704321278 ) ) ;
#3853 = VERTEX_POINT ( 'NONE', #3198 ) ;
#3854 = AXIS2_PLACEMENT_3D ( 'NONE', #136, #4896, #1590 ) ;
#3855 = CYLINDRICAL_SURFACE ( 'NONE', #4082, 35.15350152500619885 ) ;
#3856 = CARTESIAN_POINT ( 'NONE',  ( 14.97261311622101587, 25.66829957512025473, 26.86223232241527015 ) ) ;
#3857 = ADVANCED_FACE ( 'NONE', ( #5080 ), #5018, .F. ) ;
#3858 = CARTESIAN_POINT ( 'NONE',  ( -12.00000000000000000, 0.000000000000000000, 30.00000000000000000 ) ) ;
#3859 = CARTESIAN_POINT ( 'NONE',  ( 11.92546950120790150, -11.08608761403979948, 33.38257979047450164 ) ) ;
#3860 = CARTESIAN_POINT ( 'NONE',  ( -2.175077805054836944, -15.69647494529319331, -42.00488235468468901 ) ) ;
#3861 = AXIS2_PLACEMENT_3D ( 'NONE', #5150, #2228, #876 ) ;
#3862 = EDGE_CURVE ( 'NONE', #4887, #1723, #5392, .T. ) ;
#3863 = CARTESIAN_POINT ( 'NONE',  ( -15.00000000000000000, 5.699021115336249110, -29.45371213152854040 ) ) ;
#3864 = CARTESIAN_POINT ( 'NONE',  ( -2.385851257586186325, 0.3707819004884036485, -44.80752627571916236 ) ) ;
#3865 = DIRECTION ( 'NONE',  ( 0.000000000000000000, 0.000000000000000000, -1.000000000000000000 ) ) ;
#3866 = ADVANCED_FACE ( 'NONE', ( #3571, #4638 ), #5978, .F. ) ;
#3867 = EDGE_LOOP ( 'NONE', ( #606, #4530, #3238, #1125 ) ) ;
#3868 = ORIENTED_EDGE ( 'NONE', *, *, #5893, .T. ) ;
#3869 = CARTESIAN_POINT ( 'NONE',  ( 2.046412227491971159, 0.08480681805819290098, -44.85999446090423248 ) ) ;
#3870 = DIRECTION ( 'NONE',  ( 1.000000000000000000, 0.000000000000000000, -0.000000000000000000 ) ) ;
#3871 = CARTESIAN_POINT ( 'NONE',  ( 13.00000000000000000, -3.238487358340159716E-15, 3.705562282892109516E-16 ) ) ;
#3872 = ORIENTED_EDGE ( 'NONE', *, *, #5780, .T. ) ;
#3873 = EDGE_CURVE ( 'NONE', #1723, #4887, #2689, .T. ) ;
#3874 = ORIENTED_EDGE ( 'NONE', *, *, #1502, .T. ) ;
#3875 = CARTESIAN_POINT ( 'NONE',  ( -15.00000000000000000, 0.000000000000000000, 0.000000000000000000 ) ) ;
#3876 = CARTESIAN_POINT ( 'NONE',  ( -14.09931960956326158, 31.60080996971538525, 19.58925982562820778 ) ) ;
#3877 = CARTESIAN_POINT ( 'NONE',  ( 11.86198706381790124, -34.89780204633259331, 5.444074048458840132 ) ) ;
#3878 = CARTESIAN_POINT ( 'NONE',  ( -15.00000000000000000, 10.92067223570268197, 12.72891640826549775 ) ) ;
#3879 = CARTESIAN_POINT ( 'NONE',  ( 11.93488257301919830, -34.78468076121159669, 5.078843747272739684 ) ) ;
#3880 = CARTESIAN_POINT ( 'NONE',  ( -9.944312003331774008, 39.42040432826718899, 12.10395806117498907 ) ) ;
#3881 = VERTEX_POINT ( 'NONE', #6047 ) ;
#3882 = AXIS2_PLACEMENT_3D ( 'NONE', #996, #3848, #5671 ) ;
#3883 = CARTESIAN_POINT ( 'NONE',  ( 0.6666370898870409567, 42.89344496320585165, 2.772303460452995694 ) ) ;
#3884 = AXIS2_PLACEMENT_3D ( 'NONE', #5138, #3215, #2747 ) ;
#3885 = DIRECTION ( 'NONE',  ( 1.000000000000000000, 0.000000000000000000, 0.000000000000000000 ) ) ;
#3886 = EDGE_CURVE ( 'NONE', #2958, #5187, #2262, .T. ) ;
#3887 = CARTESIAN_POINT ( 'NONE',  ( -13.60000017881390022, -41.00000061094760184, 4.000000000000000000 ) ) ;
#3888 = DIRECTION ( 'NONE',  ( 0.000000000000000000, 0.3420201433256757073, 0.9396926207859057634 ) ) ;
#3889 = CARTESIAN_POINT ( 'NONE',  ( 4.653073543667178846, -9.076131872633649067, -43.31946927228392497 ) ) ;
#3890 = EDGE_CURVE ( 'NONE', #3191, #204, #3669, .T. ) ;
#3891 = EDGE_CURVE ( 'NONE', #4278, #3993, #2791, .T. ) ;
#3892 = CIRCLE ( 'NONE', #2094, 11.50000000000000178 ) ;
#3893 = FACE_OUTER_BOUND ( 'NONE', #4088, .T. ) ;
#3894 = DIRECTION ( 'NONE',  ( 1.000000000000000000, -0.000000000000000000, 0.000000000000000000 ) ) ;
#3895 = DIRECTION ( 'NONE',  ( 1.000000000000000000, 5.793456394897969729E-18, 1.367446332762960049E-17 ) ) ;
#3896 = CIRCLE ( 'NONE', #1218, 2.000000000000000444 ) ;
#3897 = VERTEX_POINT ( 'NONE', #4040 ) ;
#3898 = ORIENTED_EDGE ( 'NONE', *, *, #5493, .T. ) ;
#3899 = CARTESIAN_POINT ( 'NONE',  ( 1.055982777549965279, 0.7646884086219728482, -44.95630503928077815 ) ) ;
#3900 = CARTESIAN_POINT ( 'NONE',  ( 4.773320743638197989E-15, 49.87549480958994508, 6.437003767170439872 ) ) ;
#3901 = DIRECTION ( 'NONE',  ( -1.000000000000000000, -5.793456394897969729E-18, -1.367446332762960049E-17 ) ) ;
#3902 = EDGE_LOOP ( 'NONE', ( #2808, #2554, #2751, #1297 ) ) ;
#3903 = AXIS2_PLACEMENT_3D ( 'NONE', #365, #5137, #4188 ) ;
#3904 = VERTEX_POINT ( 'NONE', #3602 ) ;
#3905 = ORIENTED_EDGE ( 'NONE', *, *, #1806, .F. ) ;
#3906 = ADVANCED_FACE ( 'NONE', ( #3696 ), #5609, .T. ) ;
#3907 = DIRECTION ( 'NONE',  ( 1.000000000000000000, 5.793456394897969729E-18, 1.367446332762960049E-17 ) ) ;
#3908 = CARTESIAN_POINT ( 'NONE',  ( -14.94333107626376211, 25.14751641742992305, 27.34932834152646208 ) ) ;
#3909 = DIRECTION ( 'NONE',  ( -3.330895137017530528E-18, 0.9848077530122082424, -0.1736481776669300259 ) ) ;
#3910 = CARTESIAN_POINT ( 'NONE',  ( -15.00000000000000000, 7.995660308259869176, 8.265556014867827983 ) ) ;
#3911 = CARTESIAN_POINT ( 'NONE',  ( -3.978204044719710276E-07, 44.38660728574480174, 7.404826103770196788 ) ) ;
#3912 = CARTESIAN_POINT ( 'NONE',  ( -10.86929563039818625, 38.10241631369233062, 13.24635459419226713 ) ) ;
#3913 = ORIENTED_EDGE ( 'NONE', *, *, #4484, .T. ) ;
#3914 = CIRCLE ( 'NONE', #3510, 3.000000000000000444 ) ;
#3915 = CARTESIAN_POINT ( 'NONE',  ( 1.409961578731416143, 42.79904402961317800, 3.263865096220812223 ) ) ;
#3916 = CARTESIAN_POINT ( 'NONE',  ( 14.16704550305068189, 18.53618522839686378, 32.19931678911619599 ) ) ;
#3917 = LINE ( 'NONE', #4421, #3322 ) ;
#3918 = CARTESIAN_POINT ( 'NONE',  ( -46.00000068545340071, 13.00000019371509907, 1.000000000000000000 ) ) ;
#3919 = AXIS2_PLACEMENT_3D ( 'NONE', #1988, #1589, #1563 ) ;
#3920 = CARTESIAN_POINT ( 'NONE',  ( 2.668403585763727381, -14.62875425547855635, -42.30306363004571324 ) ) ;
#3921 = PRODUCT_DEFINITION_FORMATION_WITH_SPECIFIED_SOURCE ( 'ANY', '', #1787, .NOT_KNOWN. ) ;
#3922 = CIRCLE ( 'NONE', #1247, 2.000000000000002220 ) ;
#3923 = EDGE_CURVE ( 'NONE', #5275, #4318, #4388, .T. ) ;
#3924 = AXIS2_PLACEMENT_3D ( 'NONE', #1924, #4748, #2329 ) ;
#3925 = AXIS2_PLACEMENT_3D ( 'NONE', #1557, #3445, #4915 ) ;
#3926 = CARTESIAN_POINT ( 'NONE',  ( -15.00000000000000000, 0.8120341546824982881, 11.47129463189003751 ) ) ;
#3927 = CARTESIAN_POINT ( 'NONE',  ( -2.999999999999999112, 22.65815238398967679, 19.66235312834917792 ) ) ;
#3928 = VECTOR ( 'NONE', #4124, 1000.000000000000000 ) ;
#3929 = AXIS2_PLACEMENT_3D ( 'NONE', #4790, #2962, #4876 ) ;
#3930 = ORIENTED_EDGE ( 'NONE', *, *, #3430, .F. ) ;
#3931 = EDGE_CURVE ( 'NONE', #1113, #139, #4982, .T. ) ;
#3932 = EDGE_LOOP ( 'NONE', ( #3043, #4281 ) ) ;
#3933 = EDGE_CURVE ( 'NONE', #2200, #3665, #308, .T. ) ;
#3934 = CARTESIAN_POINT ( 'NONE',  ( 15.53241216860679863, 43.39183705435516458, 15.73651728043331310 ) ) ;
#3935 = ORIENTED_EDGE ( 'NONE', *, *, #2901, .T. ) ;
#3936 = ORIENTED_EDGE ( 'NONE', *, *, #1615, .F. ) ;
#3937 = ORIENTED_EDGE ( 'NONE', *, *, #2417, .T. ) ;
#3938 = CARTESIAN_POINT ( 'NONE',  ( 15.53241216860679863, 52.54532187380955577, 10.06080449171517444 ) ) ;
#3939 = CARTESIAN_POINT ( 'NONE',  ( -13.18436255310560057, 32.82094664957689645, 17.41172411320229685 ) ) ;
#3940 = DIRECTION ( 'NONE',  ( -1.000000000000000000, 0.000000000000000000, -0.000000000000000000 ) ) ;
#3941 = CARTESIAN_POINT ( 'NONE',  ( -2.999999999999999112, 0.000000000000000000, 0.000000000000000000 ) ) ;
#3942 = FACE_BOUND ( 'NONE', #1224, .T. ) ;
#3943 = DIRECTION ( 'NONE',  ( 0.000000000000000000, -0.9848077530122085754, -0.1736481776669273613 ) ) ;
#3944 = ORIENTED_EDGE ( 'NONE', *, *, #3164, .T. ) ;
#3945 = APPLICATION_CONTEXT ( 'automotive_design' ) ;
#3946 = DIRECTION ( 'NONE',  ( -1.000000000000000000, -5.793456394897969729E-18, -1.367446332762960049E-17 ) ) ;
#3947 = CARTESIAN_POINT ( 'NONE',  ( 8.130234919945314214E-07, 41.84882680800669874, 9.883158927489629875 ) ) ;
#3948 = DIRECTION ( 'NONE',  ( 0.000000000000000000, 1.000000000000000000, 0.000000000000000000 ) ) ;
#3949 = DIRECTION ( 'NONE',  ( 1.000000000000000000, 5.793456394897969729E-18, 1.367446332762960049E-17 ) ) ;
#3950 = CYLINDRICAL_SURFACE ( 'NONE', #1965, 16.29999999999999005 ) ;
#3951 = CARTESIAN_POINT ( 'NONE',  ( 4.204275900091664298, -11.48949452832278517, -42.88710043291926866 ) ) ;
#3952 = AXIS2_PLACEMENT_3D ( 'NONE', #2449, #104, #3888 ) ;
#3953 = VERTEX_POINT ( 'NONE', #3134 ) ;
#3954 = FACE_OUTER_BOUND ( 'NONE', #1658, .T. ) ;
#3955 = VECTOR ( 'NONE', #5855, 1000.000000000000000 ) ;
#3956 = DIRECTION ( 'NONE',  ( 0.000000000000000000, 0.6427876096865404731, 0.7660444431189770143 ) ) ;
#3957 = AXIS2_PLACEMENT_3D ( 'NONE', #5510, #2044, #3943 ) ;
#3958 = CIRCLE ( 'NONE', #4774, 30.00000000000000000 ) ;
#3959 = ORIENTED_EDGE ( 'NONE', *, *, #1864, .F. ) ;
#3960 = FACE_OUTER_BOUND ( 'NONE', #3311, .T. ) ;
#3961 = ORIENTED_EDGE ( 'NONE', *, *, #4894, .T. ) ;
#3962 = VERTEX_POINT ( 'NONE', #5051 ) ;
#3963 = EDGE_LOOP ( 'NONE', ( #2552, #6118 ) ) ;
#3964 = EDGE_CURVE ( 'NONE', #4822, #4903, #4571, .T. ) ;
#3965 = B_SPLINE_CURVE_WITH_KNOTS ( 'NONE', 3,
 ( #3859, #2860, #2390, #4867 ),
 .UNSPECIFIED., .F., .F.,
 ( 4, 4 ),
 ( -0.5366214270338159897, -0.5320256249169219576 ),
 .UNSPECIFIED. ) ;
#3966 = DIRECTION ( 'NONE',  ( 0.000000000000000000, 0.9848077530122086864, 0.1736481776669273613 ) ) ;
#3967 = CARTESIAN_POINT ( 'NONE',  ( -14.84989221126040526, 23.96981735857731977, 28.38934853058801977 ) ) ;
#3968 = CARTESIAN_POINT ( 'NONE',  ( -46.00000068545340071, 13.00000019371509907, 1.000000000000000000 ) ) ;
#3969 = DIRECTION ( 'NONE',  ( 0.000000000000000000, -0.1736481776669300259, -0.9848077530122081313 ) ) ;
#3970 = CARTESIAN_POINT ( 'NONE',  ( -2.000984812808324520, 44.64025955951398572, 4.496444269022472184 ) ) ;
#3971 = CARTESIAN_POINT ( 'NONE',  ( 1.567212711155716587, 44.29268543898403721, 7.499605926372544751 ) ) ;
#3972 = ORIENTED_EDGE ( 'NONE', *, *, #2585, .F. ) ;
#3973 = AXIS2_PLACEMENT_3D ( 'NONE', #1377, #5675, #1405 ) ;
#3974 = EDGE_CURVE ( 'NONE', #2063, #43, #5686, .T. ) ;
#3975 = DIRECTION ( 'NONE',  ( 0.000000000000000000, 0.000000000000000000, -1.000000000000000000 ) ) ;
#3976 = CARTESIAN_POINT ( 'NONE',  ( -0.7319074000383835044, 41.84887047198576226, 9.882916786407257348 ) ) ;
#3977 = PLANE ( 'NONE',  #1103 ) ;
#3978 = CARTESIAN_POINT ( 'NONE',  ( 12.57942380268545968, 16.93138323798860156, 30.81607764572639496 ) ) ;
#3979 = DIRECTION ( 'NONE',  ( -1.000000000000000000, -5.793456394897979744E-18, -1.367446332762963901E-17 ) ) ;
#3980 = CARTESIAN_POINT ( 'NONE',  ( 3.137068839411539578, -13.96639288509838650, -42.42959700734297002 ) ) ;
#3981 = AXIS2_PLACEMENT_3D ( 'NONE', #2684, #1760, #3999 ) ;
#3982 = ORIENTED_EDGE ( 'NONE', *, *, #3974, .T. ) ;
#3983 = AXIS2_PLACEMENT_3D ( 'NONE', #5460, #1189, #4548 ) ;
#3984 = EDGE_CURVE ( 'NONE', #3622, #3587, #2381, .T. ) ;
#3985 = DIRECTION ( 'NONE',  ( 1.000000000000000000, 5.793456394897969729E-18, 1.367446332762960049E-17 ) ) ;
#3986 = CARTESIAN_POINT ( 'NONE',  ( 1.864058449278044316, 42.51253759854201775, 5.490866350722214406 ) ) ;
#3987 = AXIS2_PLACEMENT_3D ( 'NONE', #4139, #1710, #5578 ) ;
#3988 = AXIS2_PLACEMENT_3D ( 'NONE', #3328, #4805, #1409 ) ;
#3989 = ADVANCED_FACE ( 'NONE', ( #2790 ), #4768, .F. ) ;
#3990 = AXIS2_PLACEMENT_3D ( 'NONE', #1315, #5206, #840 ) ;
#3991 = ORIENTED_EDGE ( 'NONE', *, *, #2528, .T. ) ;
#3992 = CARTESIAN_POINT ( 'NONE',  ( -4.919280093057176728, -11.23831331764117536, -42.71975878454998110 ) ) ;
#3993 = VERTEX_POINT ( 'NONE', #2851 ) ;
#3994 = VERTEX_POINT ( 'NONE', #3726 ) ;
#3995 = ORIENTED_EDGE ( 'NONE', *, *, #6032, .T. ) ;
#3996 = ADVANCED_FACE ( 'NONE', ( #5174 ), #5730, .T. ) ;
#3997 = LINE ( 'NONE', #736, #3928 ) ;
#3998 = CARTESIAN_POINT ( 'NONE',  ( 10.94615603011634875, 32.57464355018708346, 17.59321671463063907 ) ) ;
#3999 = DIRECTION ( 'NONE',  ( 0.000000000000000000, 0.1736481776669316912, 0.9848077530122077983 ) ) ;
#4000 = CARTESIAN_POINT ( 'NONE',  ( -15.00000000000000000, -10.63918073367659467, 12.96511582379512717 ) ) ;
#4001 = DIRECTION ( 'NONE',  ( 0.000000000000000000, 0.000000000000000000, 1.000000000000000000 ) ) ;
#4002 = EDGE_CURVE ( 'NONE', #3501, #1911, #2182, .T. ) ;
#4003 = EDGE_LOOP ( 'NONE', ( #4476, #641, #5605, #146 ) ) ;
#4004 = EDGE_CURVE ( 'NONE', #5746, #4436, #5388, .T. ) ;
#4005 = ADVANCED_FACE ( 'NONE', ( #6134 ), #4323, .F. ) ;
#4006 = CARTESIAN_POINT ( 'NONE',  ( 10.00000000000000000, 0.000000000000000000, 0.000000000000000000 ) ) ;
#4007 = CARTESIAN_POINT ( 'NONE',  ( -9.789227956934929864, 35.27822510275674972, 15.55630996351178830 ) ) ;
#4008 = CARTESIAN_POINT ( 'NONE',  ( 13.81250465608402145, 15.82551414232190368, 33.61642016769368269 ) ) ;
#4009 = CARTESIAN_POINT ( 'NONE',  ( -15.00000000000000000, -16.48390109005785220, 3.093121378389106280 ) ) ;
#4010 = CARTESIAN_POINT ( 'NONE',  ( 12.39395472072088644, 14.97117144350026230, 31.80789136081309820 ) ) ;
#4011 = DIRECTION ( 'NONE',  ( 1.000000000000000000, -0.000000000000000000, -0.000000000000000000 ) ) ;
#4012 = CARTESIAN_POINT ( 'NONE',  ( 3.584878997224675512, -13.13421592212720590, -42.58602544137924895 ) ) ;
#4013 = EDGE_CURVE ( 'NONE', #5762, #2645, #2087, .T. ) ;
#4014 = EDGE_LOOP ( 'NONE', ( #5467, #4121 ) ) ;
#4015 = DIRECTION ( 'NONE',  ( 0.000000000000000000, 0.1736481776669299981, 0.9848077530122081313 ) ) ;
#4016 = AXIS2_PLACEMENT_3D ( 'NONE', #5857, #1029, #4836 ) ;
#4017 = DIRECTION ( 'NONE',  ( -1.000000000000000000, -5.793456394897969729E-18, -1.367446332762960049E-17 ) ) ;
#4018 = EDGE_CURVE ( 'NONE', #1368, #4406, #1009, .T. ) ;
#4019 = VECTOR ( 'NONE', #2845, 1000.000000000000000 ) ;
#4020 = ORIENTED_EDGE ( 'NONE', *, *, #5276, .F. ) ;
#4021 = VERTEX_POINT ( 'NONE', #1434 ) ;
#4022 = CIRCLE ( 'NONE', #2427, 2.000000000000002220 ) ;
#4023 = AXIS2_PLACEMENT_3D ( 'NONE', #4782, #5158, #3741 ) ;
#4024 = DIRECTION ( 'NONE',  ( 0.000000000000000000, 0.000000000000000000, -1.000000000000000000 ) ) ;
#4025 = VERTEX_POINT ( 'NONE', #1373 ) ;
#4026 = EDGE_LOOP ( 'NONE', ( #669, #4941, #4496, #2274 ) ) ;
#4027 = UNCERTAINTY_MEASURE_WITH_UNIT (LENGTH_MEASURE( 1.000000000000000082E-05 ), #4719, 'distance_accuracy_value', 'NONE');
#4028 = ORIENTED_EDGE ( 'NONE', *, *, #2417, .F. ) ;
#4029 = VERTEX_POINT ( 'NONE', #903 ) ;
#4030 = DIRECTION ( 'NONE',  ( 0.000000000000000000, 0.8660254037844432595, 0.4999999999999919509 ) ) ;
#4031 = DIRECTION ( 'NONE',  ( 1.000000000000000000, -0.000000000000000000, -0.000000000000000000 ) ) ;
#4032 = CARTESIAN_POINT ( 'NONE',  ( 14.00000000000000000, -3.232693901945260157E-15, 3.842306916168400005E-16 ) ) ;
#4033 = STYLED_ITEM ( 'NONE', ( #2879 ), #428 ) ;
#4034 = FACE_OUTER_BOUND ( 'NONE', #4026, .T. ) ;
#4035 = CARTESIAN_POINT ( 'NONE',  ( 5.150294819945509666E-15, -3.313802291473829923E-15, 1.927882050300259942E-16 ) ) ;
#4036 = CARTESIAN_POINT ( 'NONE',  ( 21.50000000000000000, -0.5209445330007927977, -2.954423259036623506 ) ) ;
#4037 = VERTEX_POINT ( 'NONE', #2820 ) ;
#4038 = CARTESIAN_POINT ( 'NONE',  ( 13.18436255310830063, 32.82094664956759544, 17.41172411320899727 ) ) ;
#4039 = CARTESIAN_POINT ( 'NONE',  ( 11.92546950120790150, -11.08608761403979948, 33.38257979047450164 ) ) ;
#4040 = CARTESIAN_POINT ( 'NONE',  ( -2.999999999999999112, -4.686476337111210810, -10.50175887847824541 ) ) ;
#4041 = CARTESIAN_POINT ( 'NONE',  ( 16.00000000000000000, 6.451637833762827512, 36.58905635337699636 ) ) ;
#4042 = FACE_BOUND ( 'NONE', #2714, .T. ) ;
#4043 = CARTESIAN_POINT ( 'NONE',  ( 16.00000000000000000, 6.451637833762827512, 36.58905635337699636 ) ) ;
#4044 = LINE ( 'NONE', #1652, #1552 ) ;
#4045 = ORIENTED_EDGE ( 'NONE', *, *, #3452, .T. ) ;
#4046 = EDGE_CURVE ( 'NONE', #2127, #204, #1314, .T. ) ;
#4047 = LINE ( 'NONE', #5985, #2229 ) ;
#4048 = DIRECTION ( 'NONE',  ( 1.000000000000000000, 5.793456394897969729E-18, 1.367446332762960049E-17 ) ) ;
#4049 = TOROIDAL_SURFACE ( 'NONE', #2857, 30.00000000000000000, 13.00000000000000000 ) ;
#4050 = CIRCLE ( 'NONE', #3754, 17.99999999999999645 ) ;
#4051 = ORIENTED_EDGE ( 'NONE', *, *, #836, .T. ) ;
#4052 = EDGE_CURVE ( 'NONE', #3962, #5762, #2574, .T. ) ;
#4053 = ORIENTED_EDGE ( 'NONE', *, *, #1955, .F. ) ;
#4054 = CARTESIAN_POINT ( 'NONE',  ( -5.368227080838540388, -7.575813007014519762, -43.34950288518829353 ) ) ;
#4055 = VERTEX_POINT ( 'NONE', #1859 ) ;
#4056 = ORIENTED_EDGE ( 'NONE', *, *, #5291, .T. ) ;
#4057 = ORIENTED_EDGE ( 'NONE', *, *, #1349, .F. ) ;
#4058 = AXIS2_PLACEMENT_3D ( 'NONE', #6079, #1318, #1774 ) ;
#4059 = ORIENTED_EDGE ( 'NONE', *, *, #134, .T. ) ;
#4060 = CARTESIAN_POINT ( 'NONE',  ( -12.97010938955778059, 24.45086345975704845, 25.25657281276076560 ) ) ;
#4061 = DIRECTION ( 'NONE',  ( 1.000000000000000000, 5.793456394897969729E-18, 1.367446332762960049E-17 ) ) ;
#4062 = EDGE_CURVE ( 'NONE', #5067, #5117, #2287, .T. ) ;
#4063 = CARTESIAN_POINT ( 'NONE',  ( 11.93488257301919830, -34.42397469407509902, 7.124509508050089757 ) ) ;
#4064 = CARTESIAN_POINT ( 'NONE',  ( 11.92547015910184172, -21.83502948663345578, -27.57769883023639323 ) ) ;
#4065 = CARTESIAN_POINT ( 'NONE',  ( -9.000000134110448968, 16.00000023841859687, 0.000000000000000000 ) ) ;
#4066 = DIRECTION ( 'NONE',  ( 1.000000000000000000, 5.793456394897969729E-18, 1.367446332762960049E-17 ) ) ;
#4067 = VERTEX_POINT ( 'NONE', #2409 ) ;
#4068 = ADVANCED_FACE ( 'NONE', ( #4260 ), #1343, .F. ) ;
#4069 = CARTESIAN_POINT ( 'NONE',  ( -15.53241216860689988, 42.69724434368753663, 11.79728626838468308 ) ) ;
#4070 = CARTESIAN_POINT ( 'NONE',  ( 11.84890924854319927, -11.52124033337520004, 33.41849208703950325 ) ) ;
#4071 = CARTESIAN_POINT ( 'NONE',  ( -46.00000068545340071, -41.00000061094760184, 4.000000000000000000 ) ) ;
#4072 = CARTESIAN_POINT ( 'NONE',  ( 0.1338932959161401592, 44.53848163689130502, 6.428347631753564606 ) ) ;
#4073 = DIRECTION ( 'NONE',  ( 1.000000000000000000, 0.000000000000000000, 0.000000000000000000 ) ) ;
#4074 = CARTESIAN_POINT ( 'NONE',  ( -15.00000000000000000, 2.032718766497999319, -29.93105501676021518 ) ) ;
#4075 = VERTEX_POINT ( 'NONE', #4672 ) ;
#4076 = EDGE_CURVE ( 'NONE', #460, #5841, #4793, .T. ) ;
#4077 = DIRECTION ( 'NONE',  ( 1.000000000000000000, 0.000000000000000000, -0.000000000000000000 ) ) ;
#4078 = FACE_OUTER_BOUND ( 'NONE', #3678, .T. ) ;
#4079 = ADVANCED_FACE ( 'NONE', ( #5, #1889 ), #3787, .T. ) ;
#4080 = VECTOR ( 'NONE', #34, 1000.000000000000000 ) ;
#4081 = EDGE_CURVE ( 'NONE', #1102, #2127, #1508, .T. ) ;
#4082 = AXIS2_PLACEMENT_3D ( 'NONE', #3385, #3946, #5300 ) ;
#4083 = AXIS2_PLACEMENT_3D ( 'NONE', #4360, #4893, #1562 ) ;
#4084 = EDGE_LOOP ( 'NONE', ( #5169, #5436 ) ) ;
#4085 = CIRCLE ( 'NONE', #1412, 5.000000000000000888 ) ;
#4086 = ORIENTED_EDGE ( 'NONE', *, *, #5676, .T. ) ;
#4087 = CARTESIAN_POINT ( 'NONE',  ( -5.348456299224743304, -8.357686271301298930, -43.21342346244195909 ) ) ;
#4088 = EDGE_LOOP ( 'NONE', ( #3831, #1415, #6031, #899 ) ) ;
#4089 = VERTEX_POINT ( 'NONE', #1579 ) ;
#4090 = EDGE_LOOP ( 'NONE', ( #5216, #2027, #729, #4832 ) ) ;
#4091 = VERTEX_POINT ( 'NONE', #623 ) ;
#4092 = CARTESIAN_POINT ( 'NONE',  ( 12.98914601029623306, 22.97674667358953471, 26.96464684190920025 ) ) ;
#4093 = CARTESIAN_POINT ( 'NONE',  ( 9.925695018166624806, 35.05258864922107875, 15.73887622722461010 ) ) ;
#4094 = CARTESIAN_POINT ( 'NONE',  ( 4.983775940500849209E-15, 53.97232782685316010, 41.18883934227192611 ) ) ;
#4095 = CARTESIAN_POINT ( 'NONE',  ( 4.673713580350844055, -6.385344761221952936, -43.79020744085033101 ) ) ;
#4096 = DIRECTION ( 'NONE',  ( 1.000000000000000000, 5.793456394897959714E-18, 1.367446332762960049E-17 ) ) ;
#4097 = CARTESIAN_POINT ( 'NONE',  ( -1.665644159130370117, -8.008520023242800434, -43.35960487943570030 ) ) ;
#4098 = VERTEX_POINT ( 'NONE', #675 ) ;
#4099 = CIRCLE ( 'NONE', #2199, 29.99999999999999645 ) ;
#4100 = EDGE_CURVE ( 'NONE', #974, #5185, #4350, .T. ) ;
#4101 = ORIENTED_EDGE ( 'NONE', *, *, #2754, .F. ) ;
#4102 = DIRECTION ( 'NONE',  ( 0.000000000000000000, -0.3420201433256629953, 0.9396926207859104263 ) ) ;
#4103 = FILL_AREA_STYLE_COLOUR ( '', #2861 ) ;
#4104 = DIRECTION ( 'NONE',  ( 1.000000000000000000, 5.793456394897969729E-18, 1.367446332762960049E-17 ) ) ;
#4105 = CARTESIAN_POINT ( 'NONE',  ( -16.00000000000000000, -1.041889066001583597, -5.908846518073249676 ) ) ;
#4106 = DIRECTION ( 'NONE',  ( 0.000000000000000000, -0.8660254037844362651, 0.5000000000000039968 ) ) ;
#4107 = DIRECTION ( 'NONE',  ( 1.000000000000000000, 5.793456394897969729E-18, 1.367446332762960049E-17 ) ) ;
#4108 = VERTEX_POINT ( 'NONE', #1520 ) ;
#4109 = DIRECTION ( 'NONE',  ( 0.000000000000000000, 0.000000000000000000, -1.000000000000000000 ) ) ;
#4110 = LINE ( 'NONE', #5492, #3193 ) ;
#4111 = EDGE_CURVE ( 'NONE', #5338, #974, #309, .T. ) ;
#4112 = AXIS2_PLACEMENT_3D ( 'NONE', #1394, #4129, #3276 ) ;
#4113 = AXIS2_PLACEMENT_3D ( 'NONE', #2085, #2609, #1222 ) ;
#4114 = CYLINDRICAL_SURFACE ( 'NONE', #4997, 2.000000000000001332 ) ;
#4115 = ORIENTED_EDGE ( 'NONE', *, *, #1686, .F. ) ;
#4116 = EDGE_LOOP ( 'NONE', ( #695, #117, #1480, #1268 ) ) ;
#4117 = CARTESIAN_POINT ( 'NONE',  ( -1.920445405185486898, -15.85190994667623166, -41.98370305432419514 ) ) ;
#4118 = ORIENTED_EDGE ( 'NONE', *, *, #2938, .F. ) ;
#4119 = AXIS2_PLACEMENT_3D ( 'NONE', #3698, #905, #1403 ) ;
#4120 = ORIENTED_EDGE ( 'NONE', *, *, #5573, .T. ) ;
#4121 = ORIENTED_EDGE ( 'NONE', *, *, #4461, .F. ) ;
#4122 = VERTEX_POINT ( 'NONE', #3443 ) ;
#4123 = CIRCLE ( 'NONE', #354, 18.00000000000000000 ) ;
#4124 = DIRECTION ( 'NONE',  ( 1.000000000000000000, -0.000000000000000000, -0.000000000000000000 ) ) ;
#4125 = CIRCLE ( 'NONE', #1451, 35.15350152500619885 ) ;
#4126 = CARTESIAN_POINT ( 'NONE',  ( 7.951354002309604319, 38.02262494681635019, 13.31410931601511294 ) ) ;
#4127 = EDGE_CURVE ( 'NONE', #3191, #2997, #712, .T. ) ;
#4128 = DIRECTION ( 'NONE',  ( 0.000000000000000000, 0.1736481776669316912, 0.9848077530122077983 ) ) ;
#4129 = DIRECTION ( 'NONE',  ( -1.000000000000000000, 0.000000000000000000, -0.000000000000000000 ) ) ;
#4130 = CARTESIAN_POINT ( 'NONE',  ( -1.812700258388408869, 42.50369507720075291, 5.615531069722099922 ) ) ;
#4131 = DIRECTION ( 'NONE',  ( 1.000000000000000000, 5.793456394897969729E-18, 1.367446332762960049E-17 ) ) ;
#4132 = ORIENTED_EDGE ( 'NONE', *, *, #3239, .F. ) ;
#4133 = CIRCLE ( 'NONE', #3424, 35.15350152500619885 ) ;
#4134 = CLOSED_SHELL ( 'NONE', ( #2967, #1592, #4838, #5768, #3453, #319, #2709, #4320, #237, #1956, #1617, #2766, #854, #6151, #3825, #118, #2957, #1803, #3462, #226, #520, #5915, #937, #3400, #3361, #706, #3811, #2570, #3363, #2746, #4921, #2512, #5543, #418, #4745, #1717, #4460, #4068, #1894, #2206, #1202, #4079, #5577, #498, #3260, #5583, #398, #2445, #3857, #2785, #1796, #3338, #1243, #1286, #2430, #514, #3866, #758, #1155, #59, #1320, #951, #3701, #4582, #863, #4543, #1169, #5458, #4005, #3606, #1985, #3476, #743, #2904, #6108, #4301, #1576, #5764, #4538, #4909, #1968, #696, #106, #2293 ) ) ;
#4135 = AXIS2_PLACEMENT_3D ( 'NONE', #3556, #5531, #2522 ) ;
#4136 = ORIENTED_EDGE ( 'NONE', *, *, #6044, .T. ) ;
#4137 = LINE ( 'NONE', #1769, #6145 ) ;
#4138 = CARTESIAN_POINT ( 'NONE',  ( 11.82268796044870030, -11.79952563837209922, 33.38211942519749442 ) ) ;
#4139 = CARTESIAN_POINT ( 'NONE',  ( -16.00000000000000000, -3.406497593792199596E-15, -2.600320821204820216E-17 ) ) ;
#4140 = FACE_OUTER_BOUND ( 'NONE', #3465, .T. ) ;
#4141 = CARTESIAN_POINT ( 'NONE',  ( 5.286596262925110672E-15, 53.27773511618543978, 37.24960833022309004 ) ) ;
#4142 = FACE_OUTER_BOUND ( 'NONE', #651, .T. ) ;
#4143 = ORIENTED_EDGE ( 'NONE', *, *, #4127, .T. ) ;
#4144 = DIRECTION ( 'NONE',  ( 1.000000000000000000, -0.000000000000000000, -0.000000000000000000 ) ) ;
#4145 = CARTESIAN_POINT ( 'NONE',  ( 4.556229633907740380E-15, 52.48021747459389985, 21.20912006235359826 ) ) ;
#4146 = APPLICATION_PROTOCOL_DEFINITION ( 'draft international standard', 'automotive_design', 1998, #5631 ) ;
#4147 = DIRECTION ( 'NONE',  ( 0.000000000000000000, 0.1736481776669300259, 0.9848077530122081313 ) ) ;
#4148 = ORIENTED_EDGE ( 'NONE', *, *, #5199, .F. ) ;
#4149 = VERTEX_POINT ( 'NONE', #4380 ) ;
#4150 = AXIS2_PLACEMENT_3D ( 'NONE', #4984, #3539, #1995 ) ;
#4151 = CARTESIAN_POINT ( 'NONE',  ( -3.065148397428147931, -14.92035703672850744, -42.11937919126877716 ) ) ;
#4152 = ORIENTED_EDGE ( 'NONE', *, *, #3505, .T. ) ;
#4153 = ORIENTED_EDGE ( 'NONE', *, *, #3706, .T. ) ;
#4154 = AXIS2_PLACEMENT_3D ( 'NONE', #3132, #5049, #775 ) ;
#4155 = ORIENTED_EDGE ( 'NONE', *, *, #4168, .T. ) ;
#4156 = CARTESIAN_POINT ( 'NONE',  ( 11.00000000000000000, -12.99393267361599946, 32.66383907537739617 ) ) ;
#4157 = LINE ( 'NONE', #5601, #20 ) ;
#4158 = CARTESIAN_POINT ( 'NONE',  ( 13.00000000000000000, -19.50185876818250108, -25.37080023542539919 ) ) ;
#4159 = CARTESIAN_POINT ( 'NONE',  ( -1.719331967631262836, 42.72888833653733087, 3.670926256907441232 ) ) ;
#4160 = DIRECTION ( 'NONE',  ( -3.330895137017530528E-18, 0.9848077530122082424, -0.1736481776669300259 ) ) ;
#4161 = ORIENTED_EDGE ( 'NONE', *, *, #5837, .F. ) ;
#4162 = AXIS2_PLACEMENT_3D ( 'NONE', #5084, #5208, #4263 ) ;
#4163 = EDGE_CURVE ( 'NONE', #4067, #859, #4691, .T. ) ;
#4164 = ORIENTED_EDGE ( 'NONE', *, *, #2605, .F. ) ;
#4165 = AXIS2_PLACEMENT_3D ( 'NONE', #4567, #4160, #6129 ) ;
#4166 = CARTESIAN_POINT ( 'NONE',  ( -2.999999999999998224, -0.000000000000000000, 0.000000000000000000 ) ) ;
#4167 = CARTESIAN_POINT ( 'NONE',  ( -11.93488257301919830, 28.80480301358749884, 20.15073181839910177 ) ) ;
#4168 = EDGE_CURVE ( 'NONE', #2120, #1819, #5381, .T. ) ;
#4169 = DIRECTION ( 'NONE',  ( 0.000000000000000000, 0.1736481776669300259, 0.9848077530122081313 ) ) ;
#4170 = CYLINDRICAL_SURFACE ( 'NONE', #5399, 16.29999999999999361 ) ;
#4171 = CARTESIAN_POINT ( 'NONE',  ( -11.93488257301919830, -3.382946513238849603E-15, 2.958509096570819911E-17 ) ) ;
#4172 = DIRECTION ( 'NONE',  ( 1.464521331192140234E-17, -0.5374824494795450436, -0.8432749352977760848 ) ) ;
#4173 = EDGE_CURVE ( 'NONE', #6071, #1572, #3782, .T. ) ;
#4174 = VERTEX_POINT ( 'NONE', #1021 ) ;
#4175 = LINE ( 'NONE', #4547, #3519 ) ;
#4176 = LINE ( 'NONE', #5679, #2793 ) ;
#4177 = PRODUCT ( 'impeller_02_other blade direction', 'impeller_02_other blade direction', '', ( #4208 ) ) ;
#4178 = ITEM_DEFINED_TRANSFORMATION ( 'NONE', 'NONE', #3815,  #2630 ) ;
#4179 = EDGE_CURVE ( 'NONE', #835, #4853, #593, .T. ) ;
#4180 = FACE_OUTER_BOUND ( 'NONE', #5690, .T. ) ;
#4181 = ORIENTED_EDGE ( 'NONE', *, *, #527, .F. ) ;
#4182 = ORIENTED_EDGE ( 'NONE', *, *, #4555, .T. ) ;
#4183 = CARTESIAN_POINT ( 'NONE',  ( -3.727661503206392890, -14.04202294891019598, -42.25747769078195404 ) ) ;
#4184 = CARTESIAN_POINT ( 'NONE',  ( -15.00000000000000000, 8.388047491308563863, -7.867061667709999817 ) ) ;
#4185 = ORIENTED_EDGE ( 'NONE', *, *, #2149, .F. ) ;
#4186 = VECTOR ( 'NONE', #2498, 1000.000000000000000 ) ;
#4187 = AXIS2_PLACEMENT_3D ( 'NONE', #2516, #637, #172 ) ;
#4188 = DIRECTION ( 'NONE',  ( 0.8660254037844400399, 0.08682408883346411088, 0.4924038765061017342 ) ) ;
#4189 = DIRECTION ( 'NONE',  ( -0.8660254037844321573, 0.08682408883346766360, 0.4924038765061152234 ) ) ;
#4190 = CARTESIAN_POINT ( 'NONE',  ( 15.53241216860679863, 43.04454069902129731, 13.76690177440890039 ) ) ;
#4191 = DIRECTION ( 'NONE',  ( 1.000000000000000000, -0.000000000000000000, -0.000000000000000000 ) ) ;
#4192 = ORIENTED_EDGE ( 'NONE', *, *, #434, .T. ) ;
#4193 = EDGE_CURVE ( 'NONE', #3624, #5127, #2041, .T. ) ;
#4194 = AXIS2_PLACEMENT_3D ( 'NONE', #4324, #4352, #1556 ) ;
#4195 = ORIENTED_EDGE ( 'NONE', *, *, #4081, .T. ) ;
#4196 = LINE ( 'NONE', #928, #4959 ) ;
#4197 =( NAMED_UNIT ( * ) PLANE_ANGLE_UNIT ( ) SI_UNIT ( $, .RADIAN. ) );
#4198 = EDGE_CURVE ( 'NONE', #2715, #2148, #5089, .T. ) ;
#4199 = CARTESIAN_POINT ( 'NONE',  ( -15.00000000000000000, 5.563228854355292796, -15.82203778665462757 ) ) ;
#4200 = DIRECTION ( 'NONE',  ( 1.000000000000000000, -0.000000000000000000, -0.000000000000000000 ) ) ;
#4201 = CARTESIAN_POINT ( 'NONE',  ( 11.92546950366808112, 11.08608760972812490, -33.38257981638917471 ) ) ;
#4202 = CARTESIAN_POINT ( 'NONE',  ( 2.566814560295033558E-07, 44.53847439699631394, 6.428352352046232454 ) ) ;
#4203 = CYLINDRICAL_SURFACE ( 'NONE', #3099, 12.99999999999999645 ) ;
#4204 = CARTESIAN_POINT ( 'NONE',  ( 14.98077101435352709, 25.86343608715642617, 26.67390881460834962 ) ) ;
#4205 = EDGE_CURVE ( 'NONE', #4346, #5077, #4989, .T. ) ;
#4206 = DIRECTION ( 'NONE',  ( 1.000000000000000000, -0.000000000000000000, 0.000000000000000000 ) ) ;
#4207 = VECTOR ( 'NONE', #1726, 1000.000000000000000 ) ;
#4208 = PRODUCT_CONTEXT ( 'NONE', #3305, 'mechanical' ) ;
#4209 = DIRECTION ( 'NONE',  ( 0.000000000000000000, 0.9848077530122086864, 0.1736481776669273891 ) ) ;
#4210 = ORIENTED_EDGE ( 'NONE', *, *, #2517, .T. ) ;
#4211 = CARTESIAN_POINT ( 'NONE',  ( -16.00000000000000000, -6.451637833762831953, -36.58905635337700346 ) ) ;
#4212 = EDGE_LOOP ( 'NONE', ( #853, #3423, #1427, #733, #5143, #544, #5347, #2679 ) ) ;
#4213 = CIRCLE ( 'NONE', #3813, 17.99999999999999645 ) ;
#4214 = CARTESIAN_POINT ( 'NONE',  ( -4.333874871201942369, -12.89743499871298305, -42.44397009371420637 ) ) ;
#4215 = VERTEX_POINT ( 'NONE', #1555 ) ;
#4216 = EDGE_CURVE ( 'NONE', #2181, #870, #5188, .T. ) ;
#4217 = ORIENTED_EDGE ( 'NONE', *, *, #5649, .T. ) ;
#4218 = CARTESIAN_POINT ( 'NONE',  ( 4.779982533912239261E-15, 47.90587930356554125, 6.784300122504338226 ) ) ;
#4219 = CARTESIAN_POINT ( 'NONE',  ( 11.00000000000000000, -23.38199357051240312, -26.24978183027679890 ) ) ;
#4220 = CIRCLE ( 'NONE', #1039, 30.00000000000000000 ) ;
#4221 = PRODUCT_DEFINITION_FORMATION_WITH_SPECIFIED_SOURCE ( 'ANY', '', #5387, .NOT_KNOWN. ) ;
#4222 = CARTESIAN_POINT ( 'NONE',  ( -1.971040154690371971, 42.62426362479770603, 4.389841717863622428 ) ) ;
#4223 = DIRECTION ( 'NONE',  ( 1.000000000000000000, -0.000000000000000000, -0.000000000000000000 ) ) ;
#4224 = ORIENTED_EDGE ( 'NONE', *, *, #2046, .T. ) ;
#4225 = VECTOR ( 'NONE', #1364, 1000.000000000000000 ) ;
#4226 = ORIENTED_EDGE ( 'NONE', *, *, #3432, .F. ) ;
#4227 = AXIS2_PLACEMENT_3D ( 'NONE', #5752, #4373, #555 ) ;
#4228 = DIRECTION ( 'NONE',  ( 0.000000000000000000, -0.1736481776669300259, -0.9848077530122081313 ) ) ;
#4229 = CARTESIAN_POINT ( 'NONE',  ( -14.50707047803475547, 21.03915366709002654, 30.62391472807429338 ) ) ;
#4230 = CARTESIAN_POINT ( 'NONE',  ( -12.00000017881390058, -41.00000061094760184, 1.000000000000000000 ) ) ;
#4231 = CARTESIAN_POINT ( 'NONE',  ( -15.00000000000000000, 7.215945199465935822, -4.272204773927512633 ) ) ;
#4232 = DIRECTION ( 'NONE',  ( 0.000000000000000000, -0.6427876096865300370, 0.7660444431189857850 ) ) ;
#4233 = DIRECTION ( 'NONE',  ( 1.000000000000000000, 5.793456394897969729E-18, 1.367446332762960049E-17 ) ) ;
#4234 = DIRECTION ( 'NONE',  ( 0.000000000000000000, 0.1736481776669319410, 0.9848077530122076872 ) ) ;
#4235 = AXIS2_PLACEMENT_3D ( 'NONE', #3562, #1698, #1270 ) ;
#4236 = AXIS2_PLACEMENT_3D ( 'NONE', #5868, #176, #4553 ) ;
#4237 = CARTESIAN_POINT ( 'NONE',  ( 14.94633346627088599, 28.18668635304860359, 24.20532552696361250 ) ) ;
#4238 = CARTESIAN_POINT ( 'NONE',  ( 12.96525364766050181, 21.79074808759569848, 27.58499532810470001 ) ) ;
#4239 = ADVANCED_FACE ( 'NONE', ( #5818 ), #1080, .T. ) ;
#4240 = CARTESIAN_POINT ( 'NONE',  ( 4.999397841250179208E-15, 57.56426248356810049, 38.52463112557980196 ) ) ;
#4241 = CARTESIAN_POINT ( 'NONE',  ( 13.00000000000000000, -3.238487358340159716E-15, 3.705562282892109516E-16 ) ) ;
#4242 = VERTEX_POINT ( 'NONE', #5413 ) ;
#4243 = CARTESIAN_POINT ( 'NONE',  ( -3.669815317663761789, -1.033748793348527428, -44.53216180655183365 ) ) ;
#4244 = ORIENTED_EDGE ( 'NONE', *, *, #2895, .F. ) ;
#4245 = VERTEX_POINT ( 'NONE', #1135 ) ;
#4246 = ORIENTED_EDGE ( 'NONE', *, *, #2704, .T. ) ;
#4247 = DIRECTION ( 'NONE',  ( 0.000000000000000000, 0.9848077530122062440, -0.1736481776669404342 ) ) ;
#4248 = CARTESIAN_POINT ( 'NONE',  ( 3.121696256663075264, -1.232659379656621867, -44.65465379531539725 ) ) ;
#4249 = CARTESIAN_POINT ( 'NONE',  ( -1.031435480731117904, 42.46316912496857299, 6.524257869028582846 ) ) ;
#4250 = DIRECTION ( 'NONE',  ( 0.000000000000000000, 0.1736481776669300259, 0.9848077530122081313 ) ) ;
#4251 = EDGE_CURVE ( 'NONE', #2876, #4717, #5483, .T. ) ;
#4252 = ORIENTED_EDGE ( 'NONE', *, *, #5104, .F. ) ;
#4253 = CIRCLE ( 'NONE', #1865, 12.99999999999999645 ) ;
#4254 = ORIENTED_EDGE ( 'NONE', *, *, #4942, .F. ) ;
#4255 = EDGE_CURVE ( 'NONE', #1262, #3107, #111, .T. ) ;
#4256 = AXIS2_PLACEMENT_3D ( 'NONE', #3332, #5247, #1647 ) ;
#4257 =( GEOMETRIC_REPRESENTATION_CONTEXT ( 3 ) GLOBAL_UNCERTAINTY_ASSIGNED_CONTEXT ( ( #5842 ) ) GLOBAL_UNIT_ASSIGNED_CONTEXT ( ( #2813, #3809, #1974 ) ) REPRESENTATION_CONTEXT ( 'NONE', 'WORKASPACE' ) );
#4258 = FACE_OUTER_BOUND ( 'NONE', #1516, .T. ) ;
#4259 = CARTESIAN_POINT ( 'NONE',  ( -14.12519392069359547, 18.22921526001660553, 32.37408920353620800 ) ) ;
#4260 = FACE_OUTER_BOUND ( 'NONE', #2869, .T. ) ;
#4261 = DIRECTION ( 'NONE',  ( 0.000000000000000000, 0.1736481776669299981, 0.9848077530122081313 ) ) ;
#4262 = DIRECTION ( 'NONE',  ( 0.000000000000000000, -0.1736481776669299981, -0.9848077530122081313 ) ) ;
#4263 = DIRECTION ( 'NONE',  ( 0.000000000000000000, -0.1736481776669298593, -0.9848077530122082424 ) ) ;
#4264 = DIRECTION ( 'NONE',  ( -1.000000000000000000, -0.000000000000000000, 0.000000000000000000 ) ) ;
#4265 = CIRCLE ( 'NONE', #1081, 35.15350152500621306 ) ;
#4266 = VECTOR ( 'NONE', #4576, 1000.000000000000000 ) ;
#4267 = CARTESIAN_POINT ( 'NONE',  ( 14.09928906550382521, 31.60084760841326457, 19.58919910787253116 ) ) ;
#4268 = APPLICATION_CONTEXT ( 'automotive_design' ) ;
#4269 = DIRECTION ( 'NONE',  ( -1.000000000000000000, -0.000000000000000000, -0.000000000000000000 ) ) ;
#4270 = PRODUCT_CONTEXT ( 'NONE', #1294, 'mechanical' ) ;
#4271 = ORIENTED_EDGE ( 'NONE', *, *, #5461, .T. ) ;
#4272 = EDGE_CURVE ( 'NONE', #5542, #4940, #4983, .T. ) ;
#4273 = CARTESIAN_POINT ( 'NONE',  ( 11.81177564388629797, 12.19002266554270086, -33.26677900932900656 ) ) ;
#4274 = DIRECTION ( 'NONE',  ( 0.000000000000000000, 0.000000000000000000, -1.000000000000000000 ) ) ;
#4275 = CARTESIAN_POINT ( 'NONE',  ( -3.557169539128443247, -0.8677957516625861567, -44.56379207112036056 ) ) ;
#4276 = ADVANCED_FACE ( 'NONE', ( #768 ), #5072, .F. ) ;
#4277 = DIRECTION ( 'NONE',  ( 1.000000000000000000, 0.000000000000000000, 0.000000000000000000 ) ) ;
#4278 = VERTEX_POINT ( 'NONE', #5506 ) ;
#4279 = CIRCLE ( 'NONE', #4873, 16.29999999999999716 ) ;
#4280 = EDGE_CURVE ( 'NONE', #3993, #5932, #3578, .T. ) ;
#4281 = ORIENTED_EDGE ( 'NONE', *, *, #2800, .T. ) ;
#4282 = ORIENTED_EDGE ( 'NONE', *, *, #2324, .F. ) ;
#4283 = ADVANCED_FACE ( 'NONE', ( #4975 ), #3183, .T. ) ;
#4284 = PRODUCT_DEFINITION_SHAPE ( 'NONE', 'NONE',  #703 ) ;
#4285 = DIRECTION ( 'NONE',  ( 0.000000000000000000, -0.1736481776669298593, -0.9848077530122082424 ) ) ;
#4286 = ORIENTED_EDGE ( 'NONE', *, *, #1560, .T. ) ;
#4287 = CARTESIAN_POINT ( 'NONE',  ( -0.8988037464911418084, 1.048928126995460008, -44.96084410306581702 ) ) ;
#4288 = CARTESIAN_POINT ( 'NONE',  ( -0.7919765756193177797, 42.88294524301432631, 2.824490568942469526 ) ) ;
#4289 = SURFACE_SIDE_STYLE ('',( #2375 ) ) ;
#4290 = ORIENTED_EDGE ( 'NONE', *, *, #3433, .T. ) ;
#4291 = AXIS2_PLACEMENT_3D ( 'NONE', #408, #471, #2354 ) ;
#4292 = CIRCLE ( 'NONE', #2886, 2.999999999999999556 ) ;
#4293 = ORIENTED_EDGE ( 'NONE', *, *, #1325, .F. ) ;
#4294 = LINE ( 'NONE', #2379, #1476 ) ;
#4295 = DIRECTION ( 'NONE',  ( -1.000000000000000000, 0.000000000000000000, 0.000000000000000000 ) ) ;
#4296 = FACE_BOUND ( 'NONE', #5102, .T. ) ;
#4297 = FACE_OUTER_BOUND ( 'NONE', #4116, .T. ) ;
#4298 = CARTESIAN_POINT ( 'NONE',  ( 10.73385052065824041, 38.34581569323270145, 13.04365845646211142 ) ) ;
#4299 = FACE_BOUND ( 'NONE', #6131, .T. ) ;
#4300 = CIRCLE ( 'NONE', #1511, 2.000000000000000444 ) ;
#4301 = ADVANCED_FACE ( 'NONE', ( #338 ), #3630, .F. ) ;
#4302 = CYLINDRICAL_SURFACE ( 'NONE', #618, 29.99999999999999289 ) ;
#4303 = PLANE ( 'NONE',  #2485 ) ;
#4304 = DIRECTION ( 'NONE',  ( -1.000000000000000000, -0.000000000000000000, -0.000000000000000000 ) ) ;
#4305 = B_SPLINE_CURVE_WITH_KNOTS ( 'NONE', 3,
 ( #1493, #2071, #5760, #157, #1522, #4859, #1023, #566, #5325, #2533, #3970, #3351, #4885, #1054, #4382, #625, #128, #2943, #2882, #5850, #95, #4443 ),
 .UNSPECIFIED., .F., .F.,
 ( 4, 2, 2, 2, 2, 2, 2, 2, 2, 2, 4 ),
 ( 0.4999451699919038039, 0.5624520237429158076, 0.6249588774939277558, 0.6874657312449397040, 0.7187191581204457336, 0.7499725849959517632, 0.8124794387469638224, 0.8749862924979758816, 0.9062397193734819112, 0.9374931462489879408, 1.000000000000000000 ),
 .UNSPECIFIED. ) ;
#4306 = ORIENTED_EDGE ( 'NONE', *, *, #793, .F. ) ;
#4307 = CARTESIAN_POINT ( 'NONE',  ( -3.940811786633099612, 41.02950778536906284, 10.64828186125768283 ) ) ;
#4308 = CARTESIAN_POINT ( 'NONE',  ( 12.58908647272545522, 27.09784206257355166, 22.39199615743244820 ) ) ;
#4309 = CARTESIAN_POINT ( 'NONE',  ( -5.368225841557095812, -7.129949989029050528, -43.42742294258667357 ) ) ;
#4310 = FACE_OUTER_BOUND ( 'NONE', #4212, .T. ) ;
#4311 = VERTEX_POINT ( 'NONE', #4533 ) ;
#4312 = ORIENTED_EDGE ( 'NONE', *, *, #2114, .F. ) ;
#4313 = CARTESIAN_POINT ( 'NONE',  ( 16.00000000000000000, -11.78068032495735906, 29.44334877846968013 ) ) ;
#4314 = ORIENTED_EDGE ( 'NONE', *, *, #1269, .F. ) ;
#4315 = CARTESIAN_POINT ( 'NONE',  ( 1.660158370347855517, 0.3986127518504504752, -44.90616639856569492 ) ) ;
#4316 = LINE ( 'NONE', #1571, #4431 ) ;
#4317 = DIRECTION ( 'NONE',  ( 0.000000000000000000, -0.1736481776669300259, -0.9848077530122081313 ) ) ;
#4318 = VERTEX_POINT ( 'NONE', #4094 ) ;
#4319 = EDGE_LOOP ( 'NONE', ( #3398, #5162, #4686, #711, #983 ) ) ;
#4320 = ADVANCED_FACE ( 'NONE', ( #270 ), #3531, .F. ) ;
#4321 = CARTESIAN_POINT ( 'NONE',  ( -12.39314498090076633, 14.98121655250180417, 31.82394866382824716 ) ) ;
#4322 = CIRCLE ( 'NONE', #5912, 30.00000000000000000 ) ;
#4323 = CYLINDRICAL_SURFACE ( 'NONE', #3384, 2.000000000000000444 ) ;
#4324 = CARTESIAN_POINT ( 'NONE',  ( -2.999999999999998224, 16.54771003325250334, 2.731242878920251638 ) ) ;
#4325 = FACE_BOUND ( 'NONE', #4990, .T. ) ;
#4326 = CARTESIAN_POINT ( 'NONE',  ( -9.196803592070637023, 40.32014948485154804, 11.30236020345821935 ) ) ;
#4327 = CARTESIAN_POINT ( 'NONE',  ( 11.92498442561999816, -23.36710019652599968, -26.29374627787190022 ) ) ;
#4328 = EDGE_CURVE ( 'NONE', #2743, #5813, #4991, .T. ) ;
#4329 = CARTESIAN_POINT ( 'NONE',  ( 14.84275010564527797, 29.08118144759004409, 23.12616008375369958 ) ) ;
#4330 = AXIS2_PLACEMENT_3D ( 'NONE', #5732, #6104, #7 ) ;
#4331 = CARTESIAN_POINT ( 'NONE',  ( -8.000000000000000000, 1.224646799147354440E-16, -1.000000000000000888 ) ) ;
#4332 = DIRECTION ( 'NONE',  ( 0.000000000000000000, 0.000000000000000000, 1.000000000000000000 ) ) ;
#4333 = CARTESIAN_POINT ( 'NONE',  ( -1.299737037771165005, -16.13300066284978485, -41.94830913629380120 ) ) ;
#4334 = EDGE_CURVE ( 'NONE', #2776, #174, #2576, .T. ) ;
#4335 = MECHANICAL_DESIGN_GEOMETRIC_PRESENTATION_REPRESENTATION (  '', ( #4033 ), #4841 ) ;
#4336 = CARTESIAN_POINT ( 'NONE',  ( 11.93488257301919830, -3.244658069708820104E-15, 3.559913190943430128E-16 ) ) ;
#4337 = CARTESIAN_POINT ( 'NONE',  ( -14.00000000000000000, -3.394910681002399689E-15, 1.345718443210989959E-18 ) ) ;
#4338 = DIRECTION ( 'NONE',  ( 1.000000000000000000, 5.793456394897969729E-18, 1.367446332762960049E-17 ) ) ;
#4339 = ORIENTED_EDGE ( 'NONE', *, *, #4988, .F. ) ;
#4340 = ORIENTED_EDGE ( 'NONE', *, *, #3014, .F. ) ;
#4341 = VERTEX_POINT ( 'NONE', #800 ) ;
#4342 = CARTESIAN_POINT ( 'NONE',  ( 4.382078841107714950, -4.408587298620579631, -44.12889824436456365 ) ) ;
#4343 = CARTESIAN_POINT ( 'NONE',  ( 14.00000000000000000, -3.232693901945260157E-15, 3.842306916168400005E-16 ) ) ;
#4344 = DIRECTION ( 'NONE',  ( 0.000000000000000000, -0.1736481776669300259, -0.9848077530122081313 ) ) ;
#4345 = ORIENTED_EDGE ( 'NONE', *, *, #245, .T. ) ;
#4346 = VERTEX_POINT ( 'NONE', #4564 ) ;
#4347 = EDGE_CURVE ( 'NONE', #395, #1704, #5475, .T. ) ;
#4348 = DIRECTION ( 'NONE',  ( 0.000000000000000000, -0.1736481776669298593, -0.9848077530122082424 ) ) ;
#4349 = CARTESIAN_POINT ( 'NONE',  ( -14.99809973143213604, 26.25539574220367456, 26.29659654144907677 ) ) ;
#4350 = LINE ( 'NONE', #5294, #5589 ) ;
#4351 = AXIS2_PLACEMENT_3D ( 'NONE', #4505, #248, #5575 ) ;
#4352 = DIRECTION ( 'NONE',  ( 1.000000000000000000, 0.000000000000000000, 0.000000000000000000 ) ) ;
#4353 = LINE ( 'NONE', #187, #2830 ) ;
#4354 = CARTESIAN_POINT ( 'NONE',  ( -4.393133989618737800, 43.57460852905609983, 8.215889082372859420 ) ) ;
#4355 = ADVANCED_FACE ( 'NONE', ( #3125 ), #1305, .F. ) ;
#4356 = ORIENTED_EDGE ( 'NONE', *, *, #1806, .T. ) ;
#4357 = EDGE_CURVE ( 'NONE', #2708, #2115, #311, .T. ) ;
#4358 = AXIS2_PLACEMENT_3D ( 'NONE', #5771, #4362, #2478 ) ;
#4359 = CARTESIAN_POINT ( 'NONE',  ( 1.843762898357647062, 42.68743511925818979, 3.936945619690123799 ) ) ;
#4360 = CARTESIAN_POINT ( 'NONE',  ( -7.999999999999972466, 0.000000000000000000, 0.000000000000000000 ) ) ;
#4361 = DIRECTION ( 'NONE',  ( -3.330895137017530528E-18, 0.9848077530122082424, -0.1736481776669300259 ) ) ;
#4362 = DIRECTION ( 'NONE',  ( -3.330895137017528988E-18, 0.9848077530122081313, -0.1736481776669300259 ) ) ;
#4363 = DIRECTION ( 'NONE',  ( -1.000000000000000000, -5.793456394897969729E-18, -1.367446332762960049E-17 ) ) ;
#4364 = CIRCLE ( 'NONE', #1292, 2.000000000000000444 ) ;
#4365 = DIRECTION ( 'NONE',  ( 1.000000000000000000, 5.793456394897969729E-18, 1.367446332762960049E-17 ) ) ;
#4366 = CIRCLE ( 'NONE', #5564, 35.15350152500619885 ) ;
#4367 = CARTESIAN_POINT ( 'NONE',  ( 13.18436255310560057, 6.451637833762839946, 36.58905635337710294 ) ) ;
#4368 = CARTESIAN_POINT ( 'NONE',  ( -15.00000000000000000, -15.42909093248276875, 25.72825592606653800 ) ) ;
#4369 = EDGE_CURVE ( 'NONE', #870, #2181, #1896, .T. ) ;
#4370 = ORIENTED_EDGE ( 'NONE', *, *, #343, .F. ) ;
#4371 = ORIENTED_EDGE ( 'NONE', *, *, #4610, .T. ) ;
#4372 = CARTESIAN_POINT ( 'NONE',  ( 3.685524345040063210, -2.307209006883456315, -44.48038785545823259 ) ) ;
#4373 = DIRECTION ( 'NONE',  ( 1.000000000000000000, 0.000000000000000000, -0.000000000000000000 ) ) ;
#4374 = FACE_OUTER_BOUND ( 'NONE', #4653, .T. ) ;
#4375 = VERTEX_POINT ( 'NONE', #3659 ) ;
#4376 = EDGE_LOOP ( 'NONE', ( #1606, #5902, #3590, #5823 ) ) ;
#4377 = ORIENTED_EDGE ( 'NONE', *, *, #327, .F. ) ;
#4378 = CARTESIAN_POINT ( 'NONE',  ( -12.99758195600080590, 23.67232898484678927, 25.98953841860388536 ) ) ;
#4379 = CARTESIAN_POINT ( 'NONE',  ( -14.95864958267268641, 28.02636361710084856, 24.39070123975839266 ) ) ;
#4380 = CARTESIAN_POINT ( 'NONE',  ( -2.999999999999999112, -10.57287988952642976, 4.523738591214964799 ) ) ;
#4381 = CARTESIAN_POINT ( 'NONE',  ( 14.00000000000000000, -3.232693901945260157E-15, 3.842306916168400005E-16 ) ) ;
#4382 = CARTESIAN_POINT ( 'NONE',  ( -1.605069805836334629, 44.80766200047636971, 3.109746031122329502 ) ) ;
#4383 = CARTESIAN_POINT ( 'NONE',  ( -2.988442361146268933, 44.02428128253927753, 7.769227953042737056 ) ) ;
#4384 = EDGE_LOOP ( 'NONE', ( #4467, #627, #3144, #5255, #2189, #3751 ) ) ;
#4385 = VECTOR ( 'NONE', #501, 1000.000000000000000 ) ;
#4386 = EDGE_CURVE ( 'NONE', #2153, #5448, #2718, .T. ) ;
#4387 = CIRCLE ( 'NONE', #2387, 16.29999999999999361 ) ;
#4388 = CIRCLE ( 'NONE', #1705, 2.000000000000002220 ) ;
#4389 = CARTESIAN_POINT ( 'NONE',  ( 1.378556904500612967, 42.80489111087310050, 3.231641388060228604 ) ) ;
#4390 = AXIS2_PLACEMENT_3D ( 'NONE', #3735, #4269, #5648 ) ;
#4391 = CARTESIAN_POINT ( 'NONE',  ( 13.22356446418091025, 8.992324645784268711, 36.07599258495218209 ) ) ;
#4392 = CARTESIAN_POINT ( 'NONE',  ( 15.53241216860700114, 51.72052036471043834, 28.41820462094291244 ) ) ;
#4393 = DIRECTION ( 'NONE',  ( 0.000000000000000000, 0.000000000000000000, 1.000000000000000000 ) ) ;
#4394 = CARTESIAN_POINT ( 'NONE',  ( 3.649076454812484993, -12.99609382999416063, -42.61160017282241341 ) ) ;
#4395 = VERTEX_POINT ( 'NONE', #1172 ) ;
#4396 = EDGE_CURVE ( 'NONE', #1368, #3339, #3061, .T. ) ;
#4397 = EDGE_CURVE ( 'NONE', #113, #3484, #2985, .T. ) ;
#4398 = CYLINDRICAL_SURFACE ( 'NONE', #2620, 35.15350152500619885 ) ;
#4399 = LINE ( 'NONE', #4871, #4692 ) ;
#4400 = CIRCLE ( 'NONE', #5794, 16.29999999999999716 ) ;
#4401 = ORIENTED_EDGE ( 'NONE', *, *, #4746, .F. ) ;
#4402 = ORIENTED_EDGE ( 'NONE', *, *, #2056, .T. ) ;
#4403 = CARTESIAN_POINT ( 'NONE',  ( -1.327200668725819099, 0.9400656468016825862, -44.93135807316975416 ) ) ;
#4404 = DIRECTION ( 'NONE',  ( 0.000000000000000000, 0.000000000000000000, 1.000000000000000000 ) ) ;
#4405 = CARTESIAN_POINT ( 'NONE',  ( -15.00000000000000000, 5.460336117851340987, 6.364458204132748875 ) ) ;
#4406 = VERTEX_POINT ( 'NONE', #1335 ) ;
#4407 = CIRCLE ( 'NONE', #5212, 2.000000000000001332 ) ;
#4408 = VERTEX_POINT ( 'NONE', #3687 ) ;
#4409 = VERTEX_POINT ( 'NONE', #4660 ) ;
#4410 = CARTESIAN_POINT ( 'NONE',  ( -13.00007405576384123, 23.46037289657354918, 26.18126063565840767 ) ) ;
#4411 = CARTESIAN_POINT ( 'NONE',  ( -14.87369391204077118, 24.23040242957656787, 28.16701163897742788 ) ) ;
#4412 = CARTESIAN_POINT ( 'NONE',  ( 11.93488257301919830, -34.78468076121159669, 5.078843747272739684 ) ) ;
#4413 = DIRECTION ( 'NONE',  ( 0.000000000000000000, -0.3420201433256629953, 0.9396926207859104263 ) ) ;
#4414 = CARTESIAN_POINT ( 'NONE',  ( -15.00000000000000000, 3.160351331148820719, -11.05722295441789349 ) ) ;
#4415 = CARTESIAN_POINT ( 'NONE',  ( -7.384970038575835893, 41.92508708601003065, 9.811651225417312716 ) ) ;
#4416 = ORIENTED_EDGE ( 'NONE', *, *, #600, .T. ) ;
#4417 = CIRCLE ( 'NONE', #735, 30.00000000000000000 ) ;
#4418 = CARTESIAN_POINT ( 'NONE',  ( 1.819637005286205866, 42.69616547092018521, 3.879129006734392870 ) ) ;
#4419 = DIRECTION ( 'NONE',  ( -1.447274064869761313E-17, 0.1736481776669315247, 0.9848077530122077983 ) ) ;
#4420 = CARTESIAN_POINT ( 'NONE',  ( 13.38037210848214897, 11.67937072833722922, 35.29775407748716987 ) ) ;
#4421 = CARTESIAN_POINT ( 'NONE',  ( 11.00000000000000000, -9.648428043263638898, 30.51078229567319866 ) ) ;
#4422 = CARTESIAN_POINT ( 'NONE',  ( 6.000000000000000000, 32.57382070802304241, -7.774496679355915596 ) ) ;
#4423 = VECTOR ( 'NONE', #1712, 1000.000000000000000 ) ;
#4424 = CARTESIAN_POINT ( 'NONE',  ( 1.727212088439789461, -15.55626263137641097, -42.11929067594183351 ) ) ;
#4425 = AXIS2_PLACEMENT_3D ( 'NONE', #463, #2343, #490 ) ;
#4426 = EDGE_LOOP ( 'NONE', ( #203, #3937, #1936, #5653, #1689, #2116 ) ) ;
#4427 = TOROIDAL_SURFACE ( 'NONE', #4929, 30.00000000000000000, 15.00000000000000000 ) ;
#4428 = DIRECTION ( 'NONE',  ( 0.000000000000000000, -0.1736481776669300259, -0.9848077530122081313 ) ) ;
#4429 = DIRECTION ( 'NONE',  ( 1.000000000000000000, 0.000000000000000000, 0.000000000000000000 ) ) ;
#4430 = AXIS2_PLACEMENT_3D ( 'NONE', #5184, #1446, #4274 ) ;
#4431 = VECTOR ( 'NONE', #56, 1000.000000000000114 ) ;
#4432 = EDGE_CURVE ( 'NONE', #792, #4021, #6067, .T. ) ;
#4433 = ORIENTED_EDGE ( 'NONE', *, *, #6034, .T. ) ;
#4434 = EDGE_CURVE ( 'NONE', #5077, #1911, #4157, .T. ) ;
#4435 = DIRECTION ( 'NONE',  ( -1.000000000000000000, -0.000000000000000000, -0.000000000000000000 ) ) ;
#4436 = VERTEX_POINT ( 'NONE', #3036 ) ;
#4437 = VERTEX_POINT ( 'NONE', #1986 ) ;
#4438 = ORIENTED_EDGE ( 'NONE', *, *, #1423, .F. ) ;
#4439 = DIRECTION ( 'NONE',  ( 1.000000000000000000, 5.793456394897969729E-18, 1.367446332762960049E-17 ) ) ;
#4440 = CARTESIAN_POINT ( 'NONE',  ( -14.62211165507788202, 21.92583099442189010, 29.99400973999061648 ) ) ;
#4441 = DIRECTION ( 'NONE',  ( 0.000000000000000000, 0.000000000000000000, 1.000000000000000000 ) ) ;
#4442 = CARTESIAN_POINT ( 'NONE',  ( -15.53241216860679863, 46.15897020197110123, 31.42970919296909926 ) ) ;
#4443 = CARTESIAN_POINT ( 'NONE',  ( 2.387851737816767118E-15, 44.94140891468628496, 2.295596820645255498 ) ) ;
#4444 = CARTESIAN_POINT ( 'NONE',  ( 0.9848633350405187059, 44.34868373506093775, 7.443109701180497417 ) ) ;
#4445 = ORIENTED_EDGE ( 'NONE', *, *, #3702, .F. ) ;
#4446 = EDGE_CURVE ( 'NONE', #4763, #1495, #1114, .T. ) ;
#4447 = CARTESIAN_POINT ( 'NONE',  ( 1.987541595153773599, 42.55368564927141506, 5.009233213301956589 ) ) ;
#4448 = DIRECTION ( 'NONE',  ( -3.330895137017530528E-18, 0.9848077530122082424, -0.1736481776669300259 ) ) ;
#4449 = FACE_OUTER_BOUND ( 'NONE', #5535, .T. ) ;
#4450 = CIRCLE ( 'NONE', #5552, 17.99999999999999289 ) ;
#4451 = DIRECTION ( 'NONE',  ( 1.000000000000000000, 5.793456394897999774E-18, 1.367446332762961898E-17 ) ) ;
#4452 = DIRECTION ( 'NONE',  ( 0.000000000000000000, -0.1736481776669298593, -0.9848077530122082424 ) ) ;
#4453 = CARTESIAN_POINT ( 'NONE',  ( 3.629908611240364014, -13.03783271704280899, -42.60388459379695547 ) ) ;
#4454 = VECTOR ( 'NONE', #5351, 1000.000000000000000 ) ;
#4455 = ORIENTED_EDGE ( 'NONE', *, *, #3143, .T. ) ;
#4456 = CARTESIAN_POINT ( 'NONE',  ( 12.92733611031963292, 25.38524718269429670, 24.35304192698954751 ) ) ;
#4457 = DIRECTION ( 'NONE',  ( 0.000000000000000000, -1.000000000000000000, 0.000000000000000000 ) ) ;
#4458 = EDGE_CURVE ( 'NONE', #1984, #3840, #5590, .T. ) ;
#4459 = CIRCLE ( 'NONE', #1186, 31.99999999999999645 ) ;
#4460 = ADVANCED_FACE ( 'NONE', ( #4891 ), #3855, .F. ) ;
#4461 = EDGE_CURVE ( 'NONE', #762, #1954, #2768, .T. ) ;
#4462 = ORIENTED_EDGE ( 'NONE', *, *, #2401, .T. ) ;
#4463 = CARTESIAN_POINT ( 'NONE',  ( -5.029644509142063846, -10.78361126556521654, -42.79688947435204938 ) ) ;
#4464 =( REPRESENTATION_RELATIONSHIP ('NONE','NONE', #6136, #5028 ) REPRESENTATION_RELATIONSHIP_WITH_TRANSFORMATION ( #3263 )SHAPE_REPRESENTATION_RELATIONSHIP( ) );
#4465 = EDGE_LOOP ( 'NONE', ( #3336, #1815, #1788, #4972, #2580, #3022, #4495, #4370, #1310, #702, #3341, #3088, #5935 ) ) ;
#4466 = EDGE_CURVE ( 'NONE', #4436, #2965, #2481, .T. ) ;
#4467 = ORIENTED_EDGE ( 'NONE', *, *, #3891, .T. ) ;
#4468 = ORIENTED_EDGE ( 'NONE', *, *, #539, .F. ) ;
#4469 = DIRECTION ( 'NONE',  ( -1.000000000000000000, -0.000000000000000000, -0.000000000000000000 ) ) ;
#4470 = CARTESIAN_POINT ( 'NONE',  ( -15.00000000000000000, 0.000000000000000000, 0.000000000000000000 ) ) ;
#4471 = EDGE_CURVE ( 'NONE', #4611, #488, #3386, .T. ) ;
#4472 = DIRECTION ( 'NONE',  ( 0.000000000000000000, 0.8660254037844362651, -0.5000000000000039968 ) ) ;
#4473 = DIRECTION ( 'NONE',  ( 1.000000000000000000, -0.000000000000000000, 0.000000000000000000 ) ) ;
#4474 = DIRECTION ( 'NONE',  ( 1.000000000000000000, -0.000000000000000000, -0.000000000000000000 ) ) ;
#4475 = CARTESIAN_POINT ( 'NONE',  ( 0.2007363392597148466, 44.38508120382500977, 7.406390519853821353 ) ) ;
#4476 = ORIENTED_EDGE ( 'NONE', *, *, #2890, .T. ) ;
#4477 = CARTESIAN_POINT ( 'NONE',  ( 1.879124072313546279, 42.51563576381559528, 5.449665262087584949 ) ) ;
#4478 = CARTESIAN_POINT ( 'NONE',  ( -9.493666960964374013, 35.82679540456889811, 15.12334846808919586 ) ) ;
#4479 = EDGE_CURVE ( 'NONE', #2177, #47, #1124, .T. ) ;
#4480 = CARTESIAN_POINT ( 'NONE',  ( 14.18782076875525000, 18.68843776851621996, 32.11150434020685651 ) ) ;
#4481 = CARTESIAN_POINT ( 'NONE',  ( 1.998059185153279405, 44.68001317250727311, 4.093535694752850063 ) ) ;
#4482 = CARTESIAN_POINT ( 'NONE',  ( 12.36386703768913264, 14.64120199840388459, 31.96104165006924447 ) ) ;
#4483 = CARTESIAN_POINT ( 'NONE',  ( 11.93488257301919830, -12.99393267361599946, 32.66383907537739617 ) ) ;
#4484 = EDGE_CURVE ( 'NONE', #5563, #5700, #713, .T. ) ;
#4485 = CARTESIAN_POINT ( 'NONE',  ( 4.515133958122076407, -10.12027071373549880, -43.13364073549782063 ) ) ;
#4486 = AXIS2_PLACEMENT_3D ( 'NONE', #4738, #439, #4797 ) ;
#4487 = ORIENTED_EDGE ( 'NONE', *, *, #4004, .T. ) ;
#4488 = AXIS2_PLACEMENT_3D ( 'NONE', #3593, #3564, #5568 ) ;
#4489 = DIRECTION ( 'NONE',  ( 3.330895137017530143E-18, -0.9848077530122081313, 0.1736481776669299981 ) ) ;
#4490 = AXIS2_PLACEMENT_3D ( 'NONE', #4858, #3350, #35 ) ;
#4491 = ORIENTED_EDGE ( 'NONE', *, *, #2992, .T. ) ;
#4492 = ORIENTED_EDGE ( 'NONE', *, *, #5739, .F. ) ;
#4493 = DIRECTION ( 'NONE',  ( 0.000000000000000000, -1.000000000000000000, 0.000000000000000000 ) ) ;
#4494 = ORIENTED_EDGE ( 'NONE', *, *, #3271, .F. ) ;
#4495 = ORIENTED_EDGE ( 'NONE', *, *, #2510, .F. ) ;
#4496 = ORIENTED_EDGE ( 'NONE', *, *, #2149, .T. ) ;
#4497 = CARTESIAN_POINT ( 'NONE',  ( -12.24979513346671034, 28.21384759361996686, 20.99548299743218038 ) ) ;
#4498 = DIRECTION ( 'NONE',  ( 0.000000000000000000, -0.1736481776669298593, -0.9848077530122082424 ) ) ;
#4499 = DIRECTION ( 'NONE',  ( 0.000000000000000000, 0.000000000000000000, -1.000000000000000000 ) ) ;
#4500 = FACE_OUTER_BOUND ( 'NONE', #1940, .T. ) ;
#4501 = CARTESIAN_POINT ( 'NONE',  ( -2.999999999999998224, 10.92067223570268197, 12.72891640826549775 ) ) ;
#4502 = PLANE ( 'NONE',  #6064 ) ;
#4503 = ORIENTED_EDGE ( 'NONE', *, *, #1504, .T. ) ;
#4504 = EDGE_CURVE ( 'NONE', #3209, #5161, #3082, .T. ) ;
#4505 = CARTESIAN_POINT ( 'NONE',  ( -2.999999999999997335, 0.000000000000000000, 0.000000000000000000 ) ) ;
#4506 = CARTESIAN_POINT ( 'NONE',  ( 11.82821663984000082, -12.48110228120249943, 33.12043226604360058 ) ) ;
#4507 = DIRECTION ( 'NONE',  ( -1.000000000000000000, 0.000000000000000000, 0.000000000000000000 ) ) ;
#4508 = CARTESIAN_POINT ( 'NONE',  ( 2.387851737816767118E-15, 44.94140891468628496, 2.295596820645255498 ) ) ;
#4509 = CIRCLE ( 'NONE', #5516, 35.15350152500619885 ) ;
#4510 = FACE_OUTER_BOUND ( 'NONE', #2713, .T. ) ;
#4511 = LINE ( 'NONE', #3073, #5462 ) ;
#4512 = CARTESIAN_POINT ( 'NONE',  ( 14.00000000000000000, -11.04198112356250050, 33.37429133832669947 ) ) ;
#4513 = ORIENTED_EDGE ( 'NONE', *, *, #1259, .F. ) ;
#4514 = CARTESIAN_POINT ( 'NONE',  ( 14.00000000000000000, 11.43338396962369963, -31.41296428449399869 ) ) ;
#4515 = VECTOR ( 'NONE', #6078, 1000.000000000000000 ) ;
#4516 = CARTESIAN_POINT ( 'NONE',  ( -1.999959974955978215, 42.58018564735822054, 4.758430333654524169 ) ) ;
#4517 = CARTESIAN_POINT ( 'NONE',  ( -15.00000000000000000, -14.61562092824673620, -8.226178936180158274 ) ) ;
#4518 = DIRECTION ( 'NONE',  ( 1.000000000000000000, 0.000000000000000000, 0.000000000000000000 ) ) ;
#4519 = CIRCLE ( 'NONE', #1644, 2.000000000000000444 ) ;
#4520 = AXIS2_PLACEMENT_3D ( 'NONE', #1015, #5316, #3436 ) ;
#4521 = EDGE_CURVE ( 'NONE', #666, #5566, #5896, .T. ) ;
#4522 = EDGE_LOOP ( 'NONE', ( #2502, #283, #3097, #4340 ) ) ;
#4523 = ORIENTED_EDGE ( 'NONE', *, *, #1041, .F. ) ;
#4524 = VECTOR ( 'NONE', #4365, 1000.000000000000000 ) ;
#4525 = CIRCLE ( 'NONE', #3528, 29.99999999999999289 ) ;
#4526 = FACE_OUTER_BOUND ( 'NONE', #3561, .T. ) ;
#4527 = ORIENTED_EDGE ( 'NONE', *, *, #5637, .F. ) ;
#4528 = ORIENTED_EDGE ( 'NONE', *, *, #255, .F. ) ;
#4529 = ORIENTED_EDGE ( 'NONE', *, *, #6126, .T. ) ;
#4530 = ORIENTED_EDGE ( 'NONE', *, *, #1121, .F. ) ;
#4531 = CARTESIAN_POINT ( 'NONE',  ( 11.93488257301919830, -18.89439010744330005, -29.64406672398994047 ) ) ;
#4532 = CARTESIAN_POINT ( 'NONE',  ( 9.539711426229443347, 35.77757485484615785, 15.16588564944499318 ) ) ;
#4533 = CARTESIAN_POINT ( 'NONE',  ( 13.00000000000000000, -5.556741685341764381, -31.51384809639066376 ) ) ;
#4534 = FACE_OUTER_BOUND ( 'NONE', #1309, .T. ) ;
#4535 = FACE_OUTER_BOUND ( 'NONE', #1969, .T. ) ;
#4536 = CARTESIAN_POINT ( 'NONE',  ( -2.999999999999999112, 3.160351331148815390, -11.05722295441789349 ) ) ;
#4537 = ORIENTED_EDGE ( 'NONE', *, *, #6109, .T. ) ;
#4538 = ADVANCED_FACE ( 'NONE', ( #4962 ), #4932, .F. ) ;
#4539 = CYLINDRICAL_SURFACE ( 'NONE', #2752, 21.49999999999999645 ) ;
#4540 = EDGE_CURVE ( 'NONE', #1819, #828, #1697, .T. ) ;
#4541 = DIRECTION ( 'NONE',  ( 1.000000000000000000, 5.793456394897969729E-18, 1.367446332762960049E-17 ) ) ;
#4542 = CARTESIAN_POINT ( 'NONE',  ( 1.025422180649115944, 44.54294834301520467, 6.161571276525917185 ) ) ;
#4543 = ADVANCED_FACE ( 'NONE', ( #4844 ), #2545, .F. ) ;
#4544 = CARTESIAN_POINT ( 'NONE',  ( -14.00000000000000000, -3.394910681002399689E-15, 1.345718443211020004E-18 ) ) ;
#4545 = DIRECTION ( 'NONE',  ( 1.000000000000000000, 5.793456394897969729E-18, 1.367446332762960049E-17 ) ) ;
#4546 = ORIENTED_EDGE ( 'NONE', *, *, #4785, .T. ) ;
#4547 = CARTESIAN_POINT ( 'NONE',  ( 11.00000000000000000, -31.24732657902129773, 6.899607355784239893 ) ) ;
#4548 = DIRECTION ( 'NONE',  ( 0.000000000000000000, 0.000000000000000000, 1.000000000000000000 ) ) ;
#4549 = VECTOR ( 'NONE', #2130, 1000.000000000000114 ) ;
#4550 = AXIS2_PLACEMENT_3D ( 'NONE', #2416, #1564, #4332 ) ;
#4551 = ORIENTED_EDGE ( 'NONE', *, *, #4484, .F. ) ;
#4552 = EDGE_LOOP ( 'NONE', ( #5666, #1745, #3208, #1843 ) ) ;
#4553 = DIRECTION ( 'NONE',  ( 0.000000000000000000, 0.1736481776669300259, 0.9848077530122081313 ) ) ;
#4554 = ORIENTED_EDGE ( 'NONE', *, *, #5838, .F. ) ;
#4555 = EDGE_CURVE ( 'NONE', #1113, #1594, #215, .T. ) ;
#4556 = EDGE_CURVE ( 'NONE', #1603, #5448, #4399, .T. ) ;
#4557 = ORIENTED_EDGE ( 'NONE', *, *, #1993, .T. ) ;
#4558 = CIRCLE ( 'NONE', #1872, 2.000000000000001332 ) ;
#4559 = ORIENTED_EDGE ( 'NONE', *, *, #4747, .T. ) ;
#4560 = CIRCLE ( 'NONE', #4162, 2.000000000000001332 ) ;
#4561 = ORIENTED_EDGE ( 'NONE', *, *, #820, .F. ) ;
#4562 = CARTESIAN_POINT ( 'NONE',  ( 12.97935218391988066, 22.68906227146050725, 27.20730551413008769 ) ) ;
#4563 = LINE ( 'NONE', #5103, #2016 ) ;
#4564 = CARTESIAN_POINT ( 'NONE',  ( -10.40000017881389915, -41.00000061094760184, 4.000000000000000000 ) ) ;
#4565 = CARTESIAN_POINT ( 'NONE',  ( 6.335991689475147496E-15, 7.814167995011850998, 44.31634888554936680 ) ) ;
#4566 = DIRECTION ( 'NONE',  ( -1.447274064869762237E-17, 0.1736481776669316357, 0.9848077530122077983 ) ) ;
#4567 = CARTESIAN_POINT ( 'NONE',  ( 15.53241216860700114, 52.06781672004429851, 30.38782012696730206 ) ) ;
#4568 = ORIENTED_EDGE ( 'NONE', *, *, #3356, .T. ) ;
#4569 = CARTESIAN_POINT ( 'NONE',  ( 16.00000000000000000, 6.104341478428968237, 34.61944084735258542 ) ) ;
#4570 = DIRECTION ( 'NONE',  ( 0.000000000000000000, 0.000000000000000000, -1.000000000000000000 ) ) ;
#4571 = LINE ( 'NONE', #2195, #4080 ) ;
#4572 = DIRECTION ( 'NONE',  ( -1.000000000000000000, 0.000000000000000000, 0.000000000000000000 ) ) ;
#4573 = VECTOR ( 'NONE', #1922, 1000.000000000000000 ) ;
#4574 = EDGE_CURVE ( 'NONE', #4089, #1690, #2926, .T. ) ;
#4575 = PLANE ( 'NONE',  #2418 ) ;
#4576 = DIRECTION ( 'NONE',  ( -1.000000000000000000, 0.000000000000000000, 0.000000000000000000 ) ) ;
#4577 = VERTEX_POINT ( 'NONE', #3427 ) ;
#4578 = DIRECTION ( 'NONE',  ( 1.447274064869758540E-17, -0.1736481776669300536, -0.9848077530122081313 ) ) ;
#4579 = CARTESIAN_POINT ( 'NONE',  ( 4.970452359952779285E-15, 57.91155883890195355, 40.49424663160421289 ) ) ;
#4580 = SHAPE_REPRESENTATION ( 'vaccum with impeller', ( #4113, #2515, #3815 ), #2217 ) ;
#4581 = AXIS2_PLACEMENT_3D ( 'NONE', #184, #2068, #3000 ) ;
#4582 = ADVANCED_FACE ( 'NONE', ( #4900 ), #1507, .F. ) ;
#4583 = AXIS2_PLACEMENT_3D ( 'NONE', #1203, #2589, #5942 ) ;
#4584 = ADVANCED_FACE ( 'NONE', ( #5777 ), #5370, .F. ) ;
#4585 = DIRECTION ( 'NONE',  ( -1.000000000000000000, 0.000000000000000000, 0.000000000000000000 ) ) ;
#4586 = AXIS2_PLACEMENT_3D ( 'NONE', #5856, #656, #2538 ) ;
#4587 = ORIENTED_EDGE ( 'NONE', *, *, #5655, .F. ) ;
#4588 = AXIS2_PLACEMENT_3D ( 'NONE', #2332, #478, #5211 ) ;
#4589 = ORIENTED_EDGE ( 'NONE', *, *, #5368, .F. ) ;
#4590 = CARTESIAN_POINT ( 'NONE',  ( -2.076220227537519225, -15.76023321019158097, -41.99616691347981856 ) ) ;
#4591 = ORIENTED_EDGE ( 'NONE', *, *, #1498, .T. ) ;
#4592 = VECTOR ( 'NONE', #874, 1000.000000000000114 ) ;
#4593 = EDGE_LOOP ( 'NONE', ( #1630, #4879, #391, #467 ) ) ;
#4594 = ORIENTED_EDGE ( 'NONE', *, *, #2815, .F. ) ;
#4595 = ORIENTED_EDGE ( 'NONE', *, *, #3131, .F. ) ;
#4596 = CARTESIAN_POINT ( 'NONE',  ( 16.00000000000000000, -11.43338396962349890, 31.41296428449409817 ) ) ;
#4597 = LINE ( 'NONE', #5941, #3106 ) ;
#4598 = CARTESIAN_POINT ( 'NONE',  ( -8.000000000000000000, 0.000000000000000000, 0.000000000000000000 ) ) ;
#4599 = CARTESIAN_POINT ( 'NONE',  ( -49.00000073015689850, 16.00000023841859687, 4.000000000000000000 ) ) ;
#4600 = CARTESIAN_POINT ( 'NONE',  ( 4.099737846017230051E-15, 51.33540347766849976, 3.199016288459719970 ) ) ;
#4601 = CARTESIAN_POINT ( 'NONE',  ( -15.00000000000000000, 10.92067223570268197, 12.72891640826549775 ) ) ;
#4602 = VERTEX_POINT ( 'NONE', #3927 ) ;
#4603 = VERTEX_POINT ( 'NONE', #1094 ) ;
#4604 = DIRECTION ( 'NONE',  ( 0.000000000000000000, 0.1736481776669315247, 0.9848077530122077983 ) ) ;
#4605 = CARTESIAN_POINT ( 'NONE',  ( 13.00000000000000000, -3.238487358340159716E-15, 3.705562282892109516E-16 ) ) ;
#4606 = DIRECTION ( 'NONE',  ( 1.000000000000000000, 5.793456394897969729E-18, 1.367446332762960049E-17 ) ) ;
#4607 = FACE_OUTER_BOUND ( 'NONE', #525, .T. ) ;
#4608 = LINE ( 'NONE', #348, #1734 ) ;
#4609 = CARTESIAN_POINT ( 'NONE',  ( -12.00000000000000000, 0.000000000000000000, 5.000000000000000888 ) ) ;
#4610 = EDGE_CURVE ( 'NONE', #174, #1263, #2786, .T. ) ;
#4611 = VERTEX_POINT ( 'NONE', #5554 ) ;
#4612 = DIRECTION ( 'NONE',  ( 0.000000000000000000, -0.1736481776669300259, -0.9848077530122081313 ) ) ;
#4613 = CARTESIAN_POINT ( 'NONE',  ( -14.00000000000000000, -3.394910681002399689E-15, 1.345718443211020004E-18 ) ) ;
#4614 = CIRCLE ( 'NONE', #2816, 11.50000000000000178 ) ;
#4615 = FACE_OUTER_BOUND ( 'NONE', #4690, .T. ) ;
#4616 = ORIENTED_EDGE ( 'NONE', *, *, #3832, .T. ) ;
#4617 = VERTEX_POINT ( 'NONE', #1323 ) ;
#4618 = EDGE_CURVE ( 'NONE', #4408, #612, #4387, .T. ) ;
#4619 = CARTESIAN_POINT ( 'NONE',  ( -3.959635679679962994, -13.65308873296906000, -42.32033509522063497 ) ) ;
#4620 = CARTESIAN_POINT ( 'NONE',  ( 13.00000000000000000, -11.43338396962349890, 31.41296428449409817 ) ) ;
#4621 = AXIS2_PLACEMENT_3D ( 'NONE', #4705, #2794, #841 ) ;
#4622 = EDGE_LOOP ( 'NONE', ( #586, #5101, #1105, #2008, #3240, #2180, #1977, #5134 ) ) ;
#4623 = VERTEX_POINT ( 'NONE', #259 ) ;
#4624 = ORIENTED_EDGE ( 'NONE', *, *, #721, .F. ) ;
#4625 = CIRCLE ( 'NONE', #2829, 18.00000000000000000 ) ;
#4626 = AXIS2_PLACEMENT_3D ( 'NONE', #5540, #5074, #2219 ) ;
#4627 = CARTESIAN_POINT ( 'NONE',  ( 4.491872313637060188, 40.77100607853162018, 10.88615982142144034 ) ) ;
#4628 = CARTESIAN_POINT ( 'NONE',  ( -49.00000073015689850, -44.00000065565109963, 0.000000000000000000 ) ) ;
#4629 = DIRECTION ( 'NONE',  ( -1.000000000000000000, 0.000000000000000000, 0.000000000000000000 ) ) ;
#4630 = CARTESIAN_POINT ( 'NONE',  ( -1.852408436739931608, 42.68412635389078247, 3.958749949257407863 ) ) ;
#4631 = CYLINDRICAL_SURFACE ( 'NONE', #3666, 16.29999999999999361 ) ;
#4632 = VERTEX_POINT ( 'NONE', #819 ) ;
#4633 = CLOSED_SHELL ( 'NONE', ( #4824, #1429, #1069, #4584, #694, #2231, #4283, #3092, #1607, #6005, #1654, #4846, #4907, #2594, #299, #1062, #140, #1783, #4239, #5580, #5328, #2245, #1156, #1158, #2258, #3996, #6014, #2506, #3585, #5404, #1428, #366, #4642, #4665, #24, #404, #5961, #6107, #5200, #3795, #77, #1509, #2619, #2269, #4276, #5882, #3078, #2327, #3625, #2306, #2492, #1959, #6054, #936, #1361 ) ) ;
#4634 = AXIS2_PLACEMENT_3D ( 'NONE', #2178, #5991, #640 ) ;
#4635 = VERTEX_POINT ( 'NONE', #4579 ) ;
#4636 = DIRECTION ( 'NONE',  ( 0.000000000000000000, 0.000000000000000000, -1.000000000000000000 ) ) ;
#4637 = FACE_OUTER_BOUND ( 'NONE', #2402, .T. ) ;
#4638 = FACE_OUTER_BOUND ( 'NONE', #1358, .T. ) ;
#4639 = DIRECTION ( 'NONE',  ( 0.000000000000000000, -0.1736481776669298593, -0.9848077530122082424 ) ) ;
#4640 = LINE ( 'NONE', #5207, #3217 ) ;
#4641 = DIRECTION ( 'NONE',  ( -1.000000000000000000, -5.793456394897969729E-18, -1.367446332762960049E-17 ) ) ;
#4642 = ADVANCED_FACE ( 'NONE', ( #5120 ), #2173, .F. ) ;
#4643 = ORIENTED_EDGE ( 'NONE', *, *, #4013, .F. ) ;
#4644 = DIRECTION ( 'NONE',  ( 1.000000000000000000, 5.793456394897969729E-18, 1.367446332762960049E-17 ) ) ;
#4645 = DIRECTION ( 'NONE',  ( -1.447274064869760080E-17, 0.1736481776669300814, 0.9848077530122080203 ) ) ;
#4646 = CARTESIAN_POINT ( 'NONE',  ( 6.000000000000000000, 21.83502944906735976, 27.57769861718711724 ) ) ;
#4647 = CIRCLE ( 'NONE', #4351, 5.000000000000001776 ) ;
#4648 = ORIENTED_EDGE ( 'NONE', *, *, #1410, .F. ) ;
#4649 = ORIENTED_EDGE ( 'NONE', *, *, #2333, .F. ) ;
#4650 = EDGE_CURVE ( 'NONE', #1911, #3501, #1097, .T. ) ;
#4651 = VECTOR ( 'NONE', #4200, 1000.000000000000000 ) ;
#4652 = CARTESIAN_POINT ( 'NONE',  ( -1.689222742853487169, -15.97361652358557649, -41.96745492916818421 ) ) ;
#4653 = EDGE_LOOP ( 'NONE', ( #589, #1532, #433, #4589, #5843 ) ) ;
#4654 = ORIENTED_EDGE ( 'NONE', *, *, #635, .F. ) ;
#4655 = CIRCLE ( 'NONE', #3553, 37.15350152500619174 ) ;
#4656 = ORIENTED_EDGE ( 'NONE', *, *, #1041, .T. ) ;
#4657 = EDGE_CURVE ( 'NONE', #3138, #759, #4292, .T. ) ;
#4658 = EDGE_CURVE ( 'NONE', #759, #2176, #322, .T. ) ;
#4659 = CARTESIAN_POINT ( 'NONE',  ( 1.493457672680865267, 41.76336196768129128, 9.963504552436111439 ) ) ;
#4660 = CARTESIAN_POINT ( 'NONE',  ( -15.00000000000000000, 4.718434756914043682, 29.62661596343303927 ) ) ;
#4661 = CARTESIAN_POINT ( 'NONE',  ( 4.373612687144090804E-15, 50.98810712233463960, 1.229400782435316808 ) ) ;
#4662 = CARTESIAN_POINT ( 'NONE',  ( -2.000018079399085824, 42.58220034379312580, 4.740263734908429782 ) ) ;
#4663 = DIRECTION ( 'NONE',  ( 0.000000000000000000, 0.000000000000000000, -1.000000000000000000 ) ) ;
#4664 = ORIENTED_EDGE ( 'NONE', *, *, #2476, .F. ) ;
#4665 = ADVANCED_FACE ( 'NONE', ( #3077 ), #5088, .T. ) ;
#4666 = TOROIDAL_SURFACE ( 'NONE', #3057, 30.00000000000000000, 13.00000000000000000 ) ;
#4667 = PRODUCT_RELATED_PRODUCT_CATEGORY ( 'part', '', ( #5387 ) ) ;
#4668 = EDGE_LOOP ( 'NONE', ( #2734, #4401, #2006, #4136 ) ) ;
#4669 = EDGE_CURVE ( 'NONE', #5563, #2610, #1599, .T. ) ;
#4670 = AXIS2_PLACEMENT_3D ( 'NONE', #1396, #4191, #5108 ) ;
#4671 = CARTESIAN_POINT ( 'NONE',  ( -15.00000000000000000, -5.191492771242285365, 10.26150100161467904 ) ) ;
#4672 = CARTESIAN_POINT ( 'NONE',  ( 13.00000000000000000, 11.78068032495755979, -29.44334877846958065 ) ) ;
#4673 = DIRECTION ( 'NONE',  ( -1.000000000000000000, -5.793456394897969729E-18, -1.367446332762960049E-17 ) ) ;
#4674 = DIRECTION ( 'NONE',  ( 0.000000000000000000, -0.1736481776669300259, -0.9848077530122081313 ) ) ;
#4675 = CARTESIAN_POINT ( 'NONE',  ( 13.00000000000000000, -3.238487358340159716E-15, 3.705562282892109516E-16 ) ) ;
#4676 = CARTESIAN_POINT ( 'NONE',  ( -26.00000000000000000, -3.464432157741179803E-15, -1.627478414883439944E-16 ) ) ;
#4677 = CARTESIAN_POINT ( 'NONE',  ( -9.000000134110448968, -44.00000065565109963, 1.000000000000000000 ) ) ;
#4678 = EDGE_CURVE ( 'NONE', #5899, #2037, #3185, .T. ) ;
#4679 = DIRECTION ( 'NONE',  ( -1.447274064869760388E-17, 0.1736481776669301369, 0.9848077530122080203 ) ) ;
#4680 = APPLICATION_PROTOCOL_DEFINITION ( 'draft international standard', 'automotive_design', 1998, #337 ) ;
#4681 = PRODUCT_DEFINITION_SHAPE ( 'NONE', 'NONE',  #6156 ) ;
#4682 = CARTESIAN_POINT ( 'NONE',  ( -15.00000000000000000, -10.63918073367659467, -5.034884176204868389 ) ) ;
#4683 = EDGE_LOOP ( 'NONE', ( #4468, #4246, #3439, #81 ) ) ;
#4684 = DIRECTION ( 'NONE',  ( -1.367446332762960049E-17, 0.000000000000000000, 1.000000000000000000 ) ) ;
#4685 = DIRECTION ( 'NONE',  ( 0.000000000000000000, -0.1736481776669298593, -0.9848077530122082424 ) ) ;
#4686 = ORIENTED_EDGE ( 'NONE', *, *, #1087, .T. ) ;
#4687 = AXIS2_PLACEMENT_3D ( 'NONE', #1611, #3497, #2011 ) ;
#4688 = CARTESIAN_POINT ( 'NONE',  ( 0.8198393233941980718, -16.07290982616533626, -42.00784702728739717 ) ) ;
#4689 = CARTESIAN_POINT ( 'NONE',  ( 11.86032165332211008, -22.17736538877127472, -27.49387694025653772 ) ) ;
#4690 = EDGE_LOOP ( 'NONE', ( #5635, #4433, #2366, #3838, #815 ) ) ;
#4691 = CIRCLE ( 'NONE', #3080, 1.599999999999997202 ) ;
#4692 = VECTOR ( 'NONE', #4457, 1000.000000000000000 ) ;
#4693 = CARTESIAN_POINT ( 'NONE',  ( -15.00000000000000000, 0.000000000000000000, -0.000000000000000000 ) ) ;
#4694 = DIRECTION ( 'NONE',  ( -1.000000000000000000, -0.000000000000000000, -0.000000000000000000 ) ) ;
#4695 = CARTESIAN_POINT ( 'NONE',  ( -1.960750468984543637, 42.63162147447815897, 4.333281844201802180 ) ) ;
#4696 = CARTESIAN_POINT ( 'NONE',  ( -47.60000068545340213, -41.00000061094760184, 4.000000000000000000 ) ) ;
#4697 = VERTEX_POINT ( 'NONE', #353 ) ;
#4698 = AXIS2_PLACEMENT_3D ( 'NONE', #1919, #3789, #4769 ) ;
#4699 = VERTEX_POINT ( 'NONE', #4994 ) ;
#4700 = DIRECTION ( 'NONE',  ( 0.000000000000000000, -0.3420201433256630508, 0.9396926207859104263 ) ) ;
#4701 = SURFACE_STYLE_USAGE ( .BOTH. , #3254 ) ;
#4702 = DIRECTION ( 'NONE',  ( 0.000000000000000000, 0.1736481776669302202, 0.9848077530122081313 ) ) ;
#4703 = AXIS2_PLACEMENT_3D ( 'NONE', #6086, #1813, #4715 ) ;
#4704 = DIRECTION ( 'NONE',  ( 1.000000000000000000, 0.000000000000000000, -0.000000000000000000 ) ) ;
#4705 = CARTESIAN_POINT ( 'NONE',  ( -2.999999999999998224, -0.000000000000000000, 0.000000000000000000 ) ) ;
#4706 = FACE_OUTER_BOUND ( 'NONE', #3575, .T. ) ;
#4707 = DIRECTION ( 'NONE',  ( 0.000000000000000000, 0.6427876096865299260, -0.7660444431189858960 ) ) ;
#4708 = EDGE_CURVE ( 'NONE', #5519, #2739, #4085, .T. ) ;
#4709 = EDGE_CURVE ( 'NONE', #5565, #2610, #1900, .T. ) ;
#4710 = CARTESIAN_POINT ( 'NONE',  ( 14.95507495092151728, 28.07508664029289136, 24.33458876130229953 ) ) ;
#4711 = CARTESIAN_POINT ( 'NONE',  ( 12.96522896455169871, 21.80559055963409776, 27.58272031986959760 ) ) ;
#4712 = CIRCLE ( 'NONE', #1820, 17.99999999999999645 ) ;
#4713 = ADVANCED_FACE ( 'NONE', ( #725 ), #2607, .F. ) ;
#4714 = CONTEXT_DEPENDENT_SHAPE_REPRESENTATION ( #541, #1252 ) ;
#4715 = DIRECTION ( 'NONE',  ( 0.000000000000000000, 0.1736481776669300259, 0.9848077530122081313 ) ) ;
#4716 = CARTESIAN_POINT ( 'NONE',  ( -12.00000017881390058, -41.00000061094760184, 4.000000000000000000 ) ) ;
#4717 = VERTEX_POINT ( 'NONE', #5058 ) ;
#4718 = CARTESIAN_POINT ( 'NONE',  ( -2.449986670209475470, 0.3223664117054762523, -44.79748144307176716 ) ) ;
#4719 =( LENGTH_UNIT ( ) NAMED_UNIT ( * ) SI_UNIT ( .MILLI., .METRE. ) );
#4720 = ORIENTED_EDGE ( 'NONE', *, *, #386, .F. ) ;
#4721 = CIRCLE ( 'NONE', #1534, 2.000000000000002220 ) ;
#4722 = CARTESIAN_POINT ( 'NONE',  ( -3.876892589096313735, -13.79960722207722945, -42.29650291469693713 ) ) ;
#4723 = ORIENTED_EDGE ( 'NONE', *, *, #2510, .T. ) ;
#4724 = EDGE_CURVE ( 'NONE', #1167, #5367, #2690, .T. ) ;
#4725 = EDGE_LOOP ( 'NONE', ( #1757, #4616, #363, #1011 ) ) ;
#4726 = FACE_OUTER_BOUND ( 'NONE', #3559, .T. ) ;
#4727 = CARTESIAN_POINT ( 'NONE',  ( 3.221161283397141695, -1.395344169569485260, -44.62862178797583823 ) ) ;
#4728 = CIRCLE ( 'NONE', #6017, 17.99999999999998934 ) ;
#4729 = CARTESIAN_POINT ( 'NONE',  ( -1.852882184536842614, 42.51043135320579580, 5.519737521786285406 ) ) ;
#4730 = DIRECTION ( 'NONE',  ( 0.000000000000000000, -0.1736481776669300259, -0.9848077530122081313 ) ) ;
#4731 = ORIENTED_EDGE ( 'NONE', *, *, #1683, .T. ) ;
#4732 = AXIS2_PLACEMENT_3D ( 'NONE', #5630, #2777, #23 ) ;
#4733 = AXIS2_PLACEMENT_3D ( 'NONE', #1065, #3486, #4428 ) ;
#4734 = ORIENTED_EDGE ( 'NONE', *, *, #2026, .F. ) ;
#4735 = AXIS2_PLACEMENT_3D ( 'NONE', #6002, #4474, #2656 ) ;
#4736 = DIRECTION ( 'NONE',  ( 1.000000000000000000, 0.000000000000000000, 0.000000000000000000 ) ) ;
#4737 = DIRECTION ( 'NONE',  ( 1.000000000000000000, -0.000000000000000000, -0.000000000000000000 ) ) ;
#4738 = CARTESIAN_POINT ( 'NONE',  ( -13.18436255310560057, -3.390185321019769590E-15, 1.249912279940980135E-17 ) ) ;
#4739 = DIRECTION ( 'NONE',  ( 1.000000000000000000, 0.000000000000000000, -0.000000000000000000 ) ) ;
#4740 = CARTESIAN_POINT ( 'NONE',  ( 11.93488257301919830, 6.104341478428979784, 34.61944084735259963 ) ) ;
#4741 = DIRECTION ( 'NONE',  ( -1.000000000000000000, -0.000000000000000000, 0.000000000000000000 ) ) ;
#4742 = CARTESIAN_POINT ( 'NONE',  ( 11.91555511181480043, -23.35063189445219933, -26.33732370692889901 ) ) ;
#4743 = CIRCLE ( 'NONE', #1047, 35.15350152500619885 ) ;
#4744 = CIRCLE ( 'NONE', #2928, 30.00000000000000000 ) ;
#4745 = ADVANCED_FACE ( 'NONE', ( #4078 ), #3141, .T. ) ;
#4746 = EDGE_CURVE ( 'NONE', #2776, #3221, #4110, .T. ) ;
#4747 = EDGE_CURVE ( 'NONE', #1163, #2045, #1706, .T. ) ;
#4748 = DIRECTION ( 'NONE',  ( -1.000000000000000000, -0.000000000000000000, 0.000000000000000000 ) ) ;
#4749 = CARTESIAN_POINT ( 'NONE',  ( 14.00000000000000000, -3.232693901945260157E-15, 3.842306916168400005E-16 ) ) ;
#4750 = CARTESIAN_POINT ( 'NONE',  ( 11.93488257301919830, 12.99393267361619841, -32.66383907537730380 ) ) ;
#4751 = CARTESIAN_POINT ( 'NONE',  ( 12.56696801844462641, 27.18092529424890103, 22.29124060491449200 ) ) ;
#4752 = VERTEX_POINT ( 'NONE', #2202 ) ;
#4753 = CARTESIAN_POINT ( 'NONE',  ( -5.198373612344173722, -5.298483787362322950, -43.75142527784533542 ) ) ;
#4754 = CARTESIAN_POINT ( 'NONE',  ( 4.133046797387399338E-15, 41.48732594754649483, 4.935498065129019452 ) ) ;
#4755 = ORIENTED_EDGE ( 'NONE', *, *, #5429, .T. ) ;
#4756 = ORIENTED_EDGE ( 'NONE', *, *, #3432, .T. ) ;
#4757 = ORIENTED_EDGE ( 'NONE', *, *, #3475, .T. ) ;
#4758 = LINE ( 'NONE', #4156, #2616 ) ;
#4759 = EDGE_CURVE ( 'NONE', #1594, #1510, #786, .T. ) ;
#4760 = CARTESIAN_POINT ( 'NONE',  ( 4.071458081750065183, -3.303758738402299944, -44.31459446904504063 ) ) ;
#4761 = CARTESIAN_POINT ( 'NONE',  ( -1.996537670839052314, 42.59780664644834758, 4.603611003661284506 ) ) ;
#4762 = DIRECTION ( 'NONE',  ( -1.000000000000000000, 0.000000000000000000, 0.000000000000000000 ) ) ;
#4763 = VERTEX_POINT ( 'NONE', #1925 ) ;
#4764 = AXIS2_PLACEMENT_3D ( 'NONE', #32, #5607, #4636 ) ;
#4765 = ORIENTED_EDGE ( 'NONE', *, *, #4821, .T. ) ;
#4766 = DIRECTION ( 'NONE',  ( 0.000000000000000000, 0.1736481776669300259, 0.9848077530122081313 ) ) ;
#4767 =( LENGTH_UNIT ( ) NAMED_UNIT ( * ) SI_UNIT ( .MILLI., .METRE. ) );
#4768 = CYLINDRICAL_SURFACE ( 'NONE', #1406, 1.599999999999997202 ) ;
#4769 = DIRECTION ( 'NONE',  ( -1.447274064869760388E-17, 0.1736481776669301369, 0.9848077530122080203 ) ) ;
#4770 = FACE_OUTER_BOUND ( 'NONE', #2208, .T. ) ;
#4771 = DIRECTION ( 'NONE',  ( 1.000000000000000000, 0.000000000000000000, 0.000000000000000000 ) ) ;
#4772 = CARTESIAN_POINT ( 'NONE',  ( 4.133046797387399338E-15, 41.48732594754649483, 4.935498065129019452 ) ) ;
#4773 = AXIS2_PLACEMENT_3D ( 'NONE', #5075, #5723, #3402 ) ;
#4774 = AXIS2_PLACEMENT_3D ( 'NONE', #4916, #771, #3596 ) ;
#4775 = DIRECTION ( 'NONE',  ( 0.000000000000000000, 0.1736481776669300259, 0.9848077530122081313 ) ) ;
#4776 = CARTESIAN_POINT ( 'NONE',  ( -9.000000134110448968, -44.00000065565109963, 0.000000000000000000 ) ) ;
#4777 = FACE_BOUND ( 'NONE', #2707, .T. ) ;
#4778 = ORIENTED_EDGE ( 'NONE', *, *, #2026, .T. ) ;
#4779 = CARTESIAN_POINT ( 'NONE',  ( -2.881694455045380909, 41.42533049493366093, 10.28040839027677933 ) ) ;
#4780 = DIRECTION ( 'NONE',  ( 1.000000000000000000, 5.793456394897969729E-18, 1.367446332762960049E-17 ) ) ;
#4781 = CARTESIAN_POINT ( 'NONE',  ( -4.314964362503907580, -2.220365983762380147, -44.31037763775198357 ) ) ;
#4782 = CARTESIAN_POINT ( 'NONE',  ( 4.562891424181769820E-15, 50.51060196856949602, 21.55641641768750105 ) ) ;
#4783 = ORIENTED_EDGE ( 'NONE', *, *, #3140, .F. ) ;
#4784 = CIRCLE ( 'NONE', #5372, 35.15350152500621306 ) ;
#4785 = EDGE_CURVE ( 'NONE', #2639, #3994, #1525, .T. ) ;
#4786 = EDGE_LOOP ( 'NONE', ( #119, #5496 ) ) ;
#4787 = CARTESIAN_POINT ( 'NONE',  ( -16.00000000000000000, -3.406497593792199596E-15, -2.600320821204820216E-17 ) ) ;
#4788 = EDGE_LOOP ( 'NONE', ( #3545, #2101, #1046, #1067 ) ) ;
#4789 = CARTESIAN_POINT ( 'NONE',  ( 2.742501351013860944, -0.6759523883099859409, -44.74318247169158269 ) ) ;
#4790 = CARTESIAN_POINT ( 'NONE',  ( 16.00000000000000000, -3.221106989155459856E-15, 4.115796182720999718E-16 ) ) ;
#4791 = FILL_AREA_STYLE ('',( #493 ) ) ;
#4792 = ORIENTED_EDGE ( 'NONE', *, *, #628, .F. ) ;
#4793 = CIRCLE ( 'NONE', #4291, 2.000000000000002220 ) ;
#4794 = VECTOR ( 'NONE', #2917, 1000.000000000000000 ) ;
#4795 = ORIENTED_EDGE ( 'NONE', *, *, #3324, .T. ) ;
#4796 = CARTESIAN_POINT ( 'NONE',  ( -11.93488257301923738, 7.243792857575537703, 34.41852482600359764 ) ) ;
#4797 = DIRECTION ( 'NONE',  ( 0.000000000000000000, -0.1736481776669280275, -0.9848077530122083534 ) ) ;
#4798 = DIRECTION ( 'NONE',  ( 0.000000000000000000, 0.000000000000000000, 1.000000000000000000 ) ) ;
#4799 = CARTESIAN_POINT ( 'NONE',  ( -15.00000000000000000, 3.160351331148820719, -11.05722295441789349 ) ) ;
#4800 = CARTESIAN_POINT ( 'NONE',  ( -5.091120628735087195, 43.30413914433328415, 8.483036488798072483 ) ) ;
#4801 = DIRECTION ( 'NONE',  ( 1.000000000000000000, 5.793456394897969729E-18, 1.367446332762960049E-17 ) ) ;
#4802 = AXIS2_PLACEMENT_3D ( 'NONE', #624, #4798, #2942 ) ;
#4803 = EDGE_CURVE ( 'NONE', #49, #2643, #40, .T. ) ;
#4804 = CARTESIAN_POINT ( 'NONE',  ( 11.93488257301919830, -3.244658069708820104E-15, 3.559913190943430128E-16 ) ) ;
#4805 = DIRECTION ( 'NONE',  ( 1.000000000000000000, 0.000000000000000000, -0.000000000000000000 ) ) ;
#4806 = FACE_OUTER_BOUND ( 'NONE', #3267, .T. ) ;
#4807 = VERTEX_POINT ( 'NONE', #2361 ) ;
#4808 = CARTESIAN_POINT ( 'NONE',  ( -6.982248434807774906, 39.03117526352288280, 12.44475660644393322 ) ) ;
#4809 = DIRECTION ( 'NONE',  ( 0.000000000000000000, 0.000000000000000000, -1.000000000000000000 ) ) ;
#4810 = CARTESIAN_POINT ( 'NONE',  ( -3.434587517304780846, -0.6966451490485748854, -44.59655223623228437 ) ) ;
#4811 = LINE ( 'NONE', #3837, #3830 ) ;
#4812 = ORIENTED_EDGE ( 'NONE', *, *, #517, .T. ) ;
#4813 = EDGE_CURVE ( 'NONE', #5748, #5956, #4892, .T. ) ;
#4814 = ORIENTED_EDGE ( 'NONE', *, *, #4052, .F. ) ;
#4815 = EDGE_CURVE ( 'NONE', #4055, #1907, #4176, .T. ) ;
#4816 = ADVANCED_FACE ( 'NONE', ( #5740 ), #5153, .T. ) ;
#4817 = ORIENTED_EDGE ( 'NONE', *, *, #3681, .T. ) ;
#4818 = CARTESIAN_POINT ( 'NONE',  ( 3.071346304749119405, -1.153337593054218013, -44.66732985137778655 ) ) ;
#4819 = LINE ( 'NONE', #3934, #1044 ) ;
#4820 = ORIENTED_EDGE ( 'NONE', *, *, #4081, .F. ) ;
#4821 = EDGE_CURVE ( 'NONE', #3853, #4807, #5617, .T. ) ;
#4822 = VERTEX_POINT ( 'NONE', #1441 ) ;
#4823 = B_SPLINE_CURVE_WITH_KNOTS ( 'NONE', 3,
 ( #829, #3530, #2623, #2155, #3998, #5442, #336, #1201, #240, #3091, #4093, #4532, #1271, #269, #5970, #1237, #4126, #5071, #799, #3124, #3658, #2651, #298, #5998, #2185, #5567, #2717, #4627, #5906, #3307, #429, #1850, #4659, #1881, #2309 ),
 .UNSPECIFIED., .F., .F.,
 ( 4, 2, 2, 1, 2, 2, 2, 2, 2, 2, 2, 2, 1, 1, 2, 2, 2, 2, 4 ),
 ( 0.000000000000000000, 0.06335555521090208142, 0.09503333281635320540, 0.1108722216190789200, 0.1187916660204417774, 0.1267111104218046624, 0.1900666656327090476, 0.2217444432381614206, 0.2375833320408875515, 0.2534222208436137103, 0.3167777760545189558, 0.3484555536599717174, 0.3642944424626980982, 0.3722138868640613163, 0.3741937479644020237, 0.3761736090647427311, 0.3801333312654238128, 0.4434888864763188443, 0.5068444416872137648 ),
 .UNSPECIFIED. ) ;
#4824 = ADVANCED_FACE ( 'NONE', ( #2888 ), #3765, .T. ) ;
#4825 = CARTESIAN_POINT ( 'NONE',  ( -12.20174628062911815, 12.70555168988176398, 32.77692594238524038 ) ) ;
#4826 = AXIS2_PLACEMENT_3D ( 'NONE', #3790, #3728, #2290 ) ;
#4827 = CARTESIAN_POINT ( 'NONE',  ( -15.00030909679772506, 26.97265221832885373, 25.55341929755051211 ) ) ;
#4828 = CARTESIAN_POINT ( 'NONE',  ( 11.93488257301919830, -3.244658069708820104E-15, 3.559913190943430128E-16 ) ) ;
#4829 = CARTESIAN_POINT ( 'NONE',  ( -20.00000000000000000, 1.041889066001577602, 5.908846518073249676 ) ) ;
#4830 = FACE_BOUND ( 'NONE', #5039, .T. ) ;
#4831 = CARTESIAN_POINT ( 'NONE',  ( 11.93022047176354405, 36.17168551353945105, 14.84704774089367341 ) ) ;
#4832 = ORIENTED_EDGE ( 'NONE', *, *, #3321, .F. ) ;
#4833 = CARTESIAN_POINT ( 'NONE',  ( 0.7142168778023251230, 42.88963406390045208, 2.791210277725175715 ) ) ;
#4834 = DIRECTION ( 'NONE',  ( 1.000000000000000000, 5.793456394897969729E-18, 1.367446332762960049E-17 ) ) ;
#4835 = AXIS2_PLACEMENT_3D ( 'NONE', #5280, #454, #1906 ) ;
#4836 = DIRECTION ( 'NONE',  ( 0.000000000000000000, 0.8660254037844434816, 0.4999999999999919509 ) ) ;
#4837 = FACE_OUTER_BOUND ( 'NONE', #588, .T. ) ;
#4838 = ADVANCED_FACE ( 'NONE', ( #2270 ), #3296, .F. ) ;
#4839 = CARTESIAN_POINT ( 'NONE',  ( 1.516941191615363671, -15.70495630021661881, -42.08885276530783415 ) ) ;
#4840 = ORIENTED_EDGE ( 'NONE', *, *, #3490, .T. ) ;
#4841 =( GEOMETRIC_REPRESENTATION_CONTEXT ( 3 ) GLOBAL_UNCERTAINTY_ASSIGNED_CONTEXT ( ( #178 ) ) GLOBAL_UNIT_ASSIGNED_CONTEXT ( ( #4767, #4197, #5265 ) ) REPRESENTATION_CONTEXT ( 'NONE', 'WORKASPACE' ) );
#4842 = DIRECTION ( 'NONE',  ( 0.000000000000000000, 0.3420201433256630508, -0.9396926207859104263 ) ) ;
#4843 = CARTESIAN_POINT ( 'NONE',  ( 4.716112600484579460E-15, 5.209445330007899777, 29.54423259036619953 ) ) ;
#4844 = FACE_OUTER_BOUND ( 'NONE', #5500, .T. ) ;
#4845 = ORIENTED_EDGE ( 'NONE', *, *, #597, .T. ) ;
#4846 = ADVANCED_FACE ( 'NONE', ( #1380 ), #1471, .T. ) ;
#4847 = ORIENTED_EDGE ( 'NONE', *, *, #5389, .F. ) ;
#4848 = CARTESIAN_POINT ( 'NONE',  ( -0.5492512339979666036, 1.097480353079862248, -44.97699728262443841 ) ) ;
#4849 = CARTESIAN_POINT ( 'NONE',  ( 4.874055348128767710E-15, 46.77716614873048684, 0.3830497279249459042 ) ) ;
#4850 = LINE ( 'NONE', #585, #387 ) ;
#4851 = ORIENTED_EDGE ( 'NONE', *, *, #71, .F. ) ;
#4852 = ORIENTED_EDGE ( 'NONE', *, *, #1433, .T. ) ;
#4853 = VERTEX_POINT ( 'NONE', #3234 ) ;
#4854 = CARTESIAN_POINT ( 'NONE',  ( -12.20719233249115732, 12.77658846090466227, 32.74932817254441630 ) ) ;
#4855 = CARTESIAN_POINT ( 'NONE',  ( -14.61719657108673509, 21.88659507947410887, 30.02265841075833563 ) ) ;
#4856 = DIRECTION ( 'NONE',  ( 1.000000000000000000, 0.000000000000000000, 0.000000000000000000 ) ) ;
#4857 = CIRCLE ( 'NONE', #676, 16.29999999999999361 ) ;
#4858 = CARTESIAN_POINT ( 'NONE',  ( 14.00000000000000000, 21.48773309373349960, 25.60808311116269920 ) ) ;
#4859 = CARTESIAN_POINT ( 'NONE',  ( -1.617515587993911153, 44.56134225790143688, 5.618433493781268773 ) ) ;
#4860 = CARTESIAN_POINT ( 'NONE',  ( 7.717624894348071862, 41.69330698057620310, 10.03282521378541148 ) ) ;
#4861 = ORIENTED_EDGE ( 'NONE', *, *, #2877, .F. ) ;
#4862 = EDGE_CURVE ( 'NONE', #4089, #666, #1998, .T. ) ;
#4863 = CIRCLE ( 'NONE', #5360, 5.000000000000001776 ) ;
#4864 = CARTESIAN_POINT ( 'NONE',  ( 4.418831796354559106E-15, 42.91811972561890087, 2.652357294453559611 ) ) ;
#4865 = CARTESIAN_POINT ( 'NONE',  ( 13.71072465295107001, 14.97509055182717574, 34.00218636690944152 ) ) ;
#4866 = CARTESIAN_POINT ( 'NONE',  ( 12.75656950973140979, 18.82796829105931380, 29.68652571720682332 ) ) ;
#4867 = CARTESIAN_POINT ( 'NONE',  ( 11.93488257301919830, -11.04198112356250050, 33.37429133832659289 ) ) ;
#4868 = CARTESIAN_POINT ( 'NONE',  ( 2.111658730767918879, -15.23287074657191908, -42.18458623123975570 ) ) ;
#4869 = VECTOR ( 'NONE', #3446, 1000.000000000000000 ) ;
#4870 = CARTESIAN_POINT ( 'NONE',  ( 14.00000000000000000, 9.648428043263841403, -30.51078229567309918 ) ) ;
#4871 = CARTESIAN_POINT ( 'NONE',  ( -49.00000073015689850, 16.00000023841859687, 4.000000000000000000 ) ) ;
#4872 = ORIENTED_EDGE ( 'NONE', *, *, #1226, .T. ) ;
#4873 = AXIS2_PLACEMENT_3D ( 'NONE', #3700, #412, #4707 ) ;
#4874 = ORIENTED_EDGE ( 'NONE', *, *, #5952, .F. ) ;
#4875 = CARTESIAN_POINT ( 'NONE',  ( -1.478550983064666591, 0.8860486043737262341, -44.91838140201888763 ) ) ;
#4876 = DIRECTION ( 'NONE',  ( 0.000000000000000000, 0.1736481776669300259, 0.9848077530122081313 ) ) ;
#4877 = DIRECTION ( 'NONE',  ( 0.000000000000000000, 0.9848077530122062440, -0.1736481776669404620 ) ) ;
#4878 = EDGE_LOOP ( 'NONE', ( #5592, #1575 ) ) ;
#4879 = ORIENTED_EDGE ( 'NONE', *, *, #1486, .T. ) ;
#4880 = ORIENTED_EDGE ( 'NONE', *, *, #2040, .F. ) ;
#4881 = DIRECTION ( 'NONE',  ( 1.000000000000000000, 0.000000000000000000, 0.000000000000000000 ) ) ;
#4882 = DIRECTION ( 'NONE',  ( 0.000000000000000000, 0.000000000000000000, 1.000000000000000000 ) ) ;
#4883 = CARTESIAN_POINT ( 'NONE',  ( -15.53241216860689988, 48.95338721709459406, 12.72501270840749932 ) ) ;
#4884 = FACE_BOUND ( 'NONE', #6090, .T. ) ;
#4885 = CARTESIAN_POINT ( 'NONE',  ( -1.946938548793612389, 44.71019992737727478, 3.832509849329621243 ) ) ;
#4886 = CARTESIAN_POINT ( 'NONE',  ( -3.808861713077375200, 43.78444866921706335, 8.008096526269193660 ) ) ;
#4887 = VERTEX_POINT ( 'NONE', #414 ) ;
#4888 = VECTOR ( 'NONE', #2165, 1000.000000000000000 ) ;
#4889 = VECTOR ( 'NONE', #2573, 1000.000000000000000 ) ;
#4890 = VECTOR ( 'NONE', #4834, 1000.000000000000000 ) ;
#4891 = FACE_OUTER_BOUND ( 'NONE', #5937, .T. ) ;
#4892 = CIRCLE ( 'NONE', #522, 35.15350152500619885 ) ;
#4893 = DIRECTION ( 'NONE',  ( -1.000000000000000000, -0.000000000000000000, -0.000000000000000000 ) ) ;
#4894 = EDGE_CURVE ( 'NONE', #5338, #3897, #940, .T. ) ;
#4895 = CARTESIAN_POINT ( 'NONE',  ( -2.999999999999999112, 0.000000000000000000, 0.000000000000000000 ) ) ;
#4896 = DIRECTION ( 'NONE',  ( -3.330895137017510884E-18, 0.9848077530122082424, -0.1736481776669300259 ) ) ;
#4897 = CARTESIAN_POINT ( 'NONE',  ( 1.418988311703296423, -15.76746141880878938, -42.07581371642502432 ) ) ;
#4898 = ORIENTED_EDGE ( 'NONE', *, *, #2060, .T. ) ;
#4899 = FACE_OUTER_BOUND ( 'NONE', #2161, .T. ) ;
#4900 = FACE_OUTER_BOUND ( 'NONE', #3405, .T. ) ;
#4901 = VECTOR ( 'NONE', #5092, 1000.000000000000000 ) ;
#4902 = AXIS2_PLACEMENT_3D ( 'NONE', #4620, #2807, #1786 ) ;
#4903 = VERTEX_POINT ( 'NONE', #5246 ) ;
#4904 = VERTEX_POINT ( 'NONE', #2832 ) ;
#4905 = CARTESIAN_POINT ( 'NONE',  ( -0.8039439327021382642, 42.88183992159228808, 2.829989193292123950 ) ) ;
#4906 = ORIENTED_EDGE ( 'NONE', *, *, #2890, .F. ) ;
#4907 = ADVANCED_FACE ( 'NONE', ( #1838 ), #971, .T. ) ;
#4908 = ORIENTED_EDGE ( 'NONE', *, *, #665, .T. ) ;
#4909 = ADVANCED_FACE ( 'NONE', ( #3262 ), #1898, .F. ) ;
#4910 = ORIENTED_EDGE ( 'NONE', *, *, #2635, .F. ) ;
#4911 = CYLINDRICAL_SURFACE ( 'NONE', #275, 2.000000000000001332 ) ;
#4912 = CARTESIAN_POINT ( 'NONE',  ( -14.96187129123424597, 27.98067350164336275, 24.44314537588317648 ) ) ;
#4913 = DIRECTION ( 'NONE',  ( -3.330895137017528988E-18, 0.9848077530122081313, -0.1736481776669300259 ) ) ;
#4914 = CARTESIAN_POINT ( 'NONE',  ( 6.871394537853510058E-15, 58.18326880045729155, 42.03519039678217695 ) ) ;
#4915 = DIRECTION ( 'NONE',  ( 0.000000000000000000, 0.1736481776669316912, 0.9848077530122077983 ) ) ;
#4916 = CARTESIAN_POINT ( 'NONE',  ( -2.999999999999999112, 0.000000000000000000, 0.000000000000000000 ) ) ;
#4917 = ORIENTED_EDGE ( 'NONE', *, *, #2977, .T. ) ;
#4918 = CARTESIAN_POINT ( 'NONE',  ( 1.998296116783652376, 42.59182308347912027, 4.655307086899922453 ) ) ;
#4919 = CYLINDRICAL_SURFACE ( 'NONE', #3660, 2.000000000000002220 ) ;
#4920 = CARTESIAN_POINT ( 'NONE',  ( 16.00000000000000000, -6.104341478428970902, -34.61944084735258542 ) ) ;
#4921 = ADVANCED_FACE ( 'NONE', ( #508, #2389 ), #4303, .T. ) ;
#4922 = DIRECTION ( 'NONE',  ( -1.447274064869758231E-17, 0.1736481776669300259, 0.9848077530122081313 ) ) ;
#4923 = DIRECTION ( 'NONE',  ( -1.447274064869760080E-17, 0.1736481776669298593, 0.9848077530122082424 ) ) ;
#4924 = AXIS2_PLACEMENT_3D ( 'NONE', #4171, #5673, #5115 ) ;
#4925 = DIRECTION ( 'NONE',  ( 1.000000000000000000, -0.000000000000000000, 0.000000000000000000 ) ) ;
#4926 = EDGE_CURVE ( 'NONE', #4807, #5805, #619, .T. ) ;
#4927 = ORIENTED_EDGE ( 'NONE', *, *, #1152, .F. ) ;
#4928 = EDGE_CURVE ( 'NONE', #3438, #2314, #3040, .T. ) ;
#4929 = AXIS2_PLACEMENT_3D ( 'NONE', #2482, #2111, #5833 ) ;
#4930 = VECTOR ( 'NONE', #1973, 1000.000000000000000 ) ;
#4931 = DIRECTION ( 'NONE',  ( 1.000000000000000000, -0.000000000000000000, -0.000000000000000000 ) ) ;
#4932 = CYLINDRICAL_SURFACE ( 'NONE', #3783, 2.000000000000002220 ) ;
#4933 = EDGE_CURVE ( 'NONE', #4822, #3753, #3717, .T. ) ;
#4934 = AXIS2_PLACEMENT_3D ( 'NONE', #3591, #3152, #6035 ) ;
#4935 = VECTOR ( 'NONE', #4925, 1000.000000000000000 ) ;
#4936 = EDGE_CURVE ( 'NONE', #2739, #5117, #5521, .T. ) ;
#4937 = VERTEX_POINT ( 'NONE', #4392 ) ;
#4938 = CARTESIAN_POINT ( 'NONE',  ( -5.139848943612108201, -10.19502733350993928, -42.89707372978477196 ) ) ;
#4939 = ORIENTED_EDGE ( 'NONE', *, *, #4926, .F. ) ;
#4940 = VERTEX_POINT ( 'NONE', #74 ) ;
#4941 = ORIENTED_EDGE ( 'NONE', *, *, #2974, .T. ) ;
#4942 = EDGE_CURVE ( 'NONE', #3053, #1163, #135, .T. ) ;
#4943 = CARTESIAN_POINT ( 'NONE',  ( 12.99932259207483654, 23.28936630019863330, 26.49437146946655020 ) ) ;
#4944 = CARTESIAN_POINT ( 'NONE',  ( -14.87658384084974905, 29.12636819200280769, 23.12203975022397628 ) ) ;
#4945 = DIRECTION ( 'NONE',  ( 0.000000000000000000, 0.1736481776669316912, 0.9848077530122077983 ) ) ;
#4946 = DIRECTION ( 'NONE',  ( 1.000000000000000000, 5.793456394897969729E-18, 1.367446332762960049E-17 ) ) ;
#4947 = CYLINDRICAL_SURFACE ( 'NONE', #1140, 31.99999999999999645 ) ;
#4948 = CARTESIAN_POINT ( 'NONE',  ( 0.1003722616219405867, 44.38631709604558750, 7.405149657625688775 ) ) ;
#4949 = ORIENTED_EDGE ( 'NONE', *, *, #5573, .F. ) ;
#4950 = AXIS2_PLACEMENT_3D ( 'NONE', #5756, #4439, #5872 ) ;
#4951 = CARTESIAN_POINT ( 'NONE',  ( 1.893129830069534725, 42.66797410459986395, 4.069123230356618492 ) ) ;
#4952 = CARTESIAN_POINT ( 'NONE',  ( -8.150308578157753558, 37.81987022470806181, 13.48943377813434985 ) ) ;
#4953 = CYLINDRICAL_SURFACE ( 'NONE', #4586, 35.15350152500622016 ) ;
#4954 = DIRECTION ( 'NONE',  ( -3.330895137017530528E-18, 0.9848077530122082424, -0.1736481776669300259 ) ) ;
#4955 = CIRCLE ( 'NONE', #4150, 1.999999999999998890 ) ;
#4956 = DIRECTION ( 'NONE',  ( 0.000000000000000000, 0.000000000000000000, -1.000000000000000000 ) ) ;
#4957 = CARTESIAN_POINT ( 'NONE',  ( 16.00000000000000000, -11.08608761428964051, 33.38257979051851265 ) ) ;
#4958 = CARTESIAN_POINT ( 'NONE',  ( 2.089129389850475249, -15.25386931371282984, -42.18038787098959830 ) ) ;
#4959 = VECTOR ( 'NONE', #1399, 1000.000000000000000 ) ;
#4960 = ORIENTED_EDGE ( 'NONE', *, *, #2668, .T. ) ;
#4961 = CYLINDRICAL_SURFACE ( 'NONE', #558, 1.600000000000000755 ) ;
#4962 = FACE_OUTER_BOUND ( 'NONE', #3902, .T. ) ;
#4963 = VECTOR ( 'NONE', #1251, 1000.000000000000000 ) ;
#4964 =( NAMED_UNIT ( * ) SI_UNIT ( $, .STERADIAN. ) SOLID_ANGLE_UNIT ( ) );
#4965 = VECTOR ( 'NONE', #1583, 1000.000000000000114 ) ;
#4966 = ORIENTED_EDGE ( 'NONE', *, *, #2345, .T. ) ;
#4967 = ORIENTED_EDGE ( 'NONE', *, *, #5480, .T. ) ;
#4968 = EDGE_CURVE ( 'NONE', #1954, #1909, #2019, .T. ) ;
#4969 = LINE ( 'NONE', #3616, #5136 ) ;
#4970 = EDGE_LOOP ( 'NONE', ( #723, #549 ) ) ;
#4971 = EDGE_LOOP ( 'NONE', ( #2273, #3117, #5755, #5375 ) ) ;
#4972 = ORIENTED_EDGE ( 'NONE', *, *, #2898, .T. ) ;
#4973 = CARTESIAN_POINT ( 'NONE',  ( -12.96879078234279881, 24.47549040763362171, 25.23271918780232426 ) ) ;
#4974 = DIRECTION ( 'NONE',  ( 0.000000000000000000, -0.1736481776669300259, -0.9848077530122082424 ) ) ;
#4975 = FACE_OUTER_BOUND ( 'NONE', #97, .T. ) ;
#4976 = DIRECTION ( 'NONE',  ( -3.330895137017530528E-18, 0.9848077530122082424, -0.1736481776669300259 ) ) ;
#4977 = FACE_OUTER_BOUND ( 'NONE', #3582, .T. ) ;
#4978 = FACE_OUTER_BOUND ( 'NONE', #2975, .T. ) ;
#4979 = ORIENTED_EDGE ( 'NONE', *, *, #4216, .F. ) ;
#4980 = DIRECTION ( 'NONE',  ( 0.000000000000000000, 0.000000000000000000, -1.000000000000000000 ) ) ;
#4981 = DIRECTION ( 'NONE',  ( 1.000000000000000000, 5.793456394897969729E-18, 1.367446332762960049E-17 ) ) ;
#4982 = LINE ( 'NONE', #2633, #4888 ) ;
#4983 = B_SPLINE_CURVE_WITH_KNOTS ( 'NONE', 3,
 ( #4412, #5323, #3877, #2941, #2911, #6037, #5044, #2652, #2156, #738, #1728, #2624, #3093, #4063 ),
 .UNSPECIFIED., .F., .F.,
 ( 4, 2, 2, 2, 2, 2, 4 ),
 ( -0.7526348448583900508, -0.6942082074355159227, -0.6595797146028969937, -0.6308857898295919808, -0.5983807620155410234, -0.5462999521635180100, -0.5320256192711140253 ),
 .UNSPECIFIED. ) ;
#4984 = CARTESIAN_POINT ( 'NONE',  ( -15.53241216860679863, 56.00704773209320564, 29.69322741629979845 ) ) ;
#4985 = CARTESIAN_POINT ( 'NONE',  ( -15.00000000000000000, 0.000000000000000000, 0.000000000000000000 ) ) ;
#4986 = CYLINDRICAL_SURFACE ( 'NONE', #3560, 2.000000000000000444 ) ;
#4987 = DIRECTION ( 'NONE',  ( 0.000000000000000000, 0.000000000000000000, -1.000000000000000000 ) ) ;
#4988 = EDGE_CURVE ( 'NONE', #5967, #3904, #5225, .T. ) ;
#4989 = CIRCLE ( 'NONE', #4581, 1.600000000000000755 ) ;
#4990 = EDGE_LOOP ( 'NONE', ( #2210, #6022 ) ) ;
#4991 = CIRCLE ( 'NONE', #5784, 2.000000000000000444 ) ;
#4992 = APPLICATION_CONTEXT ( 'automotive_design' ) ;
#4993 = CARTESIAN_POINT ( 'NONE',  ( 12.99468917278472802, 24.42430592584627291, 25.32134208367397932 ) ) ;
#4994 = CARTESIAN_POINT ( 'NONE',  ( 11.93488257301919830, -23.38199357051240312, -26.24978183027679890 ) ) ;
#4995 = CIRCLE ( 'NONE', #4698, 14.99999999999999822 ) ;
#4996 = CARTESIAN_POINT ( 'NONE',  ( 0.000000000000000000, 0.000000000000000000, 0.000000000000000000 ) ) ;
#4997 = AXIS2_PLACEMENT_3D ( 'NONE', #6058, #5591, #326 ) ;
#4998 = VERTEX_POINT ( 'NONE', #5770 ) ;
#4999 = ORIENTED_EDGE ( 'NONE', *, *, #3321, .T. ) ;
#5000 = EDGE_CURVE ( 'NONE', #5932, #732, #3917, .T. ) ;
#5001 = DIRECTION ( 'NONE',  ( 0.000000000000000000, 0.000000000000000000, 1.000000000000000000 ) ) ;
#5002 = ORIENTED_EDGE ( 'NONE', *, *, #2868, .T. ) ;
#5003 = ORIENTED_EDGE ( 'NONE', *, *, #6140, .F. ) ;
#5004 = ORIENTED_EDGE ( 'NONE', *, *, #1470, .F. ) ;
#5005 = EDGE_CURVE ( 'NONE', #5839, #2115, #6113, .T. ) ;
#5006 = ORIENTED_EDGE ( 'NONE', *, *, #3014, .T. ) ;
#5007 = EDGE_CURVE ( 'NONE', #2232, #4149, #1244, .T. ) ;
#5008 = CARTESIAN_POINT ( 'NONE',  ( -16.00000000000000000, -4.241674249936559171, -24.05573005840582113 ) ) ;
#5009 = CARTESIAN_POINT ( 'NONE',  ( -14.00000000000000000, -3.394910681002399689E-15, 1.345718443211020004E-18 ) ) ;
#5010 = DIRECTION ( 'NONE',  ( 1.000000000000000000, 5.793456394897969729E-18, 1.367446332762960049E-17 ) ) ;
#5011 = DIRECTION ( 'NONE',  ( 0.000000000000000000, 0.000000000000000000, -1.000000000000000000 ) ) ;
#5012 = AXIS2_PLACEMENT_3D ( 'NONE', #2682, #1667, #3592 ) ;
#5013 = DIRECTION ( 'NONE',  ( -1.000000000000000000, -5.793456394897979744E-18, -1.367446332762963901E-17 ) ) ;
#5014 = DIRECTION ( 'NONE',  ( 1.000000000000000000, 5.793456394897969729E-18, 1.367446332762960049E-17 ) ) ;
#5015 = ORIENTED_EDGE ( 'NONE', *, *, #4928, .F. ) ;
#5016 = CARTESIAN_POINT ( 'NONE',  ( -2.999999999999999112, 29.99586869328253158, 0.4978567417972205034 ) ) ;
#5017 = SURFACE_STYLE_FILL_AREA ( #307 ) ;
#5018 = CYLINDRICAL_SURFACE ( 'NONE', #3581, 35.15350152500619885 ) ;
#5019 = CARTESIAN_POINT ( 'NONE',  ( 1.758525631110263054, 44.57227246964885836, 5.394995355551130523 ) ) ;
#5020 = CARTESIAN_POINT ( 'NONE',  ( 11.97284596688998626, 8.881597969632959888, 34.04303915120599555 ) ) ;
#5021 = CYLINDRICAL_SURFACE ( 'NONE', #938, 1.550000000000000044 ) ;
#5022 = ORIENTED_EDGE ( 'NONE', *, *, #5309, .F. ) ;
#5023 = EDGE_CURVE ( 'NONE', #4215, #1694, #5321, .T. ) ;
#5024 = CARTESIAN_POINT ( 'NONE',  ( -10.40000017881389915, -41.00000061094760184, 1.000000000000000000 ) ) ;
#5025 = CIRCLE ( 'NONE', #1834, 29.99999999999999645 ) ;
#5026 = DIRECTION ( 'NONE',  ( 0.000000000000000000, 0.000000000000000000, 1.000000000000000000 ) ) ;
#5027 = AXIS2_PLACEMENT_3D ( 'NONE', #1392, #2248, #1790 ) ;
#5028 = SHAPE_REPRESENTATION ( 'Centrifugal_Pump_Case2.step', ( #2630 ), #5736 ) ;
#5029 =( LENGTH_UNIT ( ) NAMED_UNIT ( * ) SI_UNIT ( .MILLI., .METRE. ) );
#5030 = CIRCLE ( 'NONE', #5925, 2.000000000000000444 ) ;
#5031 = VECTOR ( 'NONE', #2356, 1000.000000000000000 ) ;
#5032 = ORIENTED_EDGE ( 'NONE', *, *, #1707, .F. ) ;
#5033 = ORIENTED_EDGE ( 'NONE', *, *, #3357, .T. ) ;
#5034 = CIRCLE ( 'NONE', #5242, 11.50000000000000178 ) ;
#5035 = AXIS2_PLACEMENT_3D ( 'NONE', #515, #2425, #1478 ) ;
#5036 = DIRECTION ( 'NONE',  ( 0.000000000000000000, 0.000000000000000000, -1.000000000000000000 ) ) ;
#5037 = ORIENTED_EDGE ( 'NONE', *, *, #4002, .F. ) ;
#5038 = ORIENTED_EDGE ( 'NONE', *, *, #1810, .F. ) ;
#5039 = EDGE_LOOP ( 'NONE', ( #5048, #3119 ) ) ;
#5040 = ORIENTED_EDGE ( 'NONE', *, *, #5480, .F. ) ;
#5041 = EDGE_CURVE ( 'NONE', #4341, #2805, #2614, .T. ) ;
#5042 = CARTESIAN_POINT ( 'NONE',  ( 12.96521674968609972, 21.83502944906729937, 27.57769861718709947 ) ) ;
#5043 = DIRECTION ( 'NONE',  ( 0.000000000000000000, -0.1736481776669300259, -0.9848077530122081313 ) ) ;
#5044 = CARTESIAN_POINT ( 'NONE',  ( 11.81116938234860037, -34.88964784121870366, 6.170974541040829209 ) ) ;
#5045 = DIRECTION ( 'NONE',  ( 1.000000000000000000, 5.793456394897969729E-18, 1.367446332762960049E-17 ) ) ;
#5046 = CARTESIAN_POINT ( 'NONE',  ( -12.00000017881390058, 13.00000019371509907, 4.000000000000000000 ) ) ;
#5047 = CARTESIAN_POINT ( 'NONE',  ( 0.4014309638977192618, 44.38045985505402768, 7.411041026883920857 ) ) ;
#5048 = ORIENTED_EDGE ( 'NONE', *, *, #5649, .F. ) ;
#5049 = DIRECTION ( 'NONE',  ( 1.000000000000000000, 0.000000000000000000, 0.000000000000000000 ) ) ;
#5050 = CARTESIAN_POINT ( 'NONE',  ( -10.16158691142029014, 34.51984748027788896, 16.14458342976117677 ) ) ;
#5051 = CARTESIAN_POINT ( 'NONE',  ( -13.18436255310560057, 32.82094664957689645, 17.41172411320229685 ) ) ;
#5052 = DIRECTION ( 'NONE',  ( 1.000000000000000000, 5.793456394897969729E-18, 1.367446332762960049E-17 ) ) ;
#5053 = CARTESIAN_POINT ( 'NONE',  ( -15.00000000000000000, -8.241950545028926101, 1.546560689194553140 ) ) ;
#5054 = CARTESIAN_POINT ( 'NONE',  ( -2.999999999999999112, 9.204112484835338392, 6.894513279884100676 ) ) ;
#5055 = EDGE_CURVE ( 'NONE', #5127, #4602, #4220, .T. ) ;
#5056 = ORIENTED_EDGE ( 'NONE', *, *, #4062, .F. ) ;
#5057 = CARTESIAN_POINT ( 'NONE',  ( 16.00000000000000000, 11.43338396962369963, -31.41296428449399869 ) ) ;
#5058 = CARTESIAN_POINT ( 'NONE',  ( -15.00000000000000000, -6.751551804625297137, 9.309487001412101392 ) ) ;
#5059 = AXIS2_PLACEMENT_3D ( 'NONE', #306, #2631, #3600 ) ;
#5060 = DIRECTION ( 'NONE',  ( 0.02280047648423301487, 1.884002807185122905E-05, -0.9997400351677155905 ) ) ;
#5061 = VERTEX_POINT ( 'NONE', #2448 ) ;
#5062 = ORIENTED_EDGE ( 'NONE', *, *, #3271, .T. ) ;
#5063 = CARTESIAN_POINT ( 'NONE',  ( -2.929065699717412929, -15.06329629965972927, -42.09754561924269467 ) ) ;
#5064 = VERTEX_POINT ( 'NONE', #166 ) ;
#5065 = ORIENTED_EDGE ( 'NONE', *, *, #1929, .T. ) ;
#5066 = AXIS2_PLACEMENT_3D ( 'NONE', #2281, #3190, #3663 ) ;
#5067 = VERTEX_POINT ( 'NONE', #3450 ) ;
#5068 = AXIS2_PLACEMENT_3D ( 'NONE', #222, #2108, #2601 ) ;
#5069 = ORIENTED_EDGE ( 'NONE', *, *, #2831, .T. ) ;
#5070 = DIRECTION ( 'NONE',  ( -1.000000000000000000, -0.000000000000000000, -0.000000000000000000 ) ) ;
#5071 = CARTESIAN_POINT ( 'NONE',  ( 7.823378320630162364, 38.16936715475745956, 13.18914457995584044 ) ) ;
#5072 = CYLINDRICAL_SURFACE ( 'NONE', #5880, 11.50000000000000000 ) ;
#5073 = CARTESIAN_POINT ( 'NONE',  ( 10.00000000000000000, 0.000000000000000000, 3.000000000000000444 ) ) ;
#5074 = DIRECTION ( 'NONE',  ( 1.000000000000000000, 5.793456394897969729E-18, 1.367446332762960049E-17 ) ) ;
#5075 = CARTESIAN_POINT ( 'NONE',  ( -1.400000000000000133, 0.000000000000000000, 0.000000000000000000 ) ) ;
#5076 = ORIENTED_EDGE ( 'NONE', *, *, #2129, .F. ) ;
#5077 = VERTEX_POINT ( 'NONE', #3887 ) ;
#5078 = DIRECTION ( 'NONE',  ( 0.000000000000000000, 0.000000000000000000, -1.000000000000000000 ) ) ;
#5079 =( LENGTH_UNIT ( ) NAMED_UNIT ( * ) SI_UNIT ( .MILLI., .METRE. ) );
#5080 = FACE_OUTER_BOUND ( 'NONE', #5878, .T. ) ;
#5081 = FACE_BOUND ( 'NONE', #1048, .T. ) ;
#5082 = CIRCLE ( 'NONE', #10, 2.000000000000001332 ) ;
#5083 = DIRECTION ( 'NONE',  ( 0.000000000000000000, 0.1736481776669319410, 0.9848077530122076872 ) ) ;
#5084 = CARTESIAN_POINT ( 'NONE',  ( 14.00000000000000000, 11.43338396962369963, -31.41296428449399869 ) ) ;
#5085 = EDGE_LOOP ( 'NONE', ( #918, #3087 ) ) ;
#5086 = EDGE_CURVE ( 'NONE', #1690, #993, #247, .T. ) ;
#5087 = DIRECTION ( 'NONE',  ( 0.000000000000000000, -0.1736481776669298593, -0.9848077530122082424 ) ) ;
#5088 = CYLINDRICAL_SURFACE ( 'NONE', #5090, 17.99999999999999645 ) ;
#5089 = CIRCLE ( 'NONE', #2678, 11.50000000000000000 ) ;
#5090 = AXIS2_PLACEMENT_3D ( 'NONE', #1290, #2702, #1778 ) ;
#5091 = ITEM_DEFINED_TRANSFORMATION ( 'NONE', 'NONE', #5926,  #2630 ) ;
#5092 = DIRECTION ( 'NONE',  ( 1.000000000000000000, -0.000000000000000000, -0.000000000000000000 ) ) ;
#5093 = VECTOR ( 'NONE', #5514, 1000.000000000000114 ) ;
#5094 = ORIENTED_EDGE ( 'NONE', *, *, #3371, .F. ) ;
#5095 = AXIS2_PLACEMENT_3D ( 'NONE', #4517, #2143, #1261 ) ;
#5096 = ORIENTED_EDGE ( 'NONE', *, *, #4052, .T. ) ;
#5097 = CARTESIAN_POINT ( 'NONE',  ( -1.077537471615140907, -16.19623736119902091, -41.94279592881495233 ) ) ;
#5098 = DIRECTION ( 'NONE',  ( 1.000000000000000000, 0.000000000000000000, 0.000000000000000000 ) ) ;
#5099 = CIRCLE ( 'NONE', #5694, 31.99999999999999645 ) ;
#5100 = ORIENTED_EDGE ( 'NONE', *, *, #5838, .T. ) ;
#5101 = ORIENTED_EDGE ( 'NONE', *, *, #597, .F. ) ;
#5102 = EDGE_LOOP ( 'NONE', ( #5342, #797 ) ) ;
#5103 = CARTESIAN_POINT ( 'NONE',  ( 4.744375262340809110E-15, 50.22279116492381235, 8.406619273194896991 ) ) ;
#5104 = EDGE_CURVE ( 'NONE', #2639, #5410, #5765, .T. ) ;
#5105 = DIRECTION ( 'NONE',  ( -3.330895137017530528E-18, 0.9848077530122082424, -0.1736481776669300259 ) ) ;
#5106 = DIRECTION ( 'NONE',  ( -4.163336342344335178E-17, 0.9848077530122082424, -0.1736481776669300259 ) ) ;
#5107 = CARTESIAN_POINT ( 'NONE',  ( -1.930368008690396042, 42.65002888599718744, 4.195302707325414993 ) ) ;
#5108 = DIRECTION ( 'NONE',  ( 0.000000000000000000, 0.000000000000000000, -1.000000000000000000 ) ) ;
#5109 = EDGE_LOOP ( 'NONE', ( #582, #1885, #2307, #1242 ) ) ;
#5110 = ORIENTED_EDGE ( 'NONE', *, *, #1841, .T. ) ;
#5111 = CARTESIAN_POINT ( 'NONE',  ( 15.53241216860700114, 55.65975137675933837, 27.72361191027518501 ) ) ;
#5112 = CYLINDRICAL_SURFACE ( 'NONE', #1362, 31.99999999999999645 ) ;
#5113 = CARTESIAN_POINT ( 'NONE',  ( -9.000000134110448968, 16.00000023841859687, 0.000000000000000000 ) ) ;
#5114 = CARTESIAN_POINT ( 'NONE',  ( -15.00000000000000000, 22.65815238398968035, 19.66235312834918147 ) ) ;
#5115 = DIRECTION ( 'NONE',  ( 0.000000000000000000, 0.1736481776669299981, 0.9848077530122081313 ) ) ;
#5116 = CARTESIAN_POINT ( 'NONE',  ( 13.00000000000000000, -21.59889853575750251, -23.61117493988919946 ) ) ;
#5117 = VERTEX_POINT ( 'NONE', #749 ) ;
#5118 = EDGE_CURVE ( 'NONE', #5533, #3191, #55, .T. ) ;
#5119 = CARTESIAN_POINT ( 'NONE',  ( 4.549567843633699896E-15, 54.44983298061829657, 20.86182370701970257 ) ) ;
#5120 = FACE_OUTER_BOUND ( 'NONE', #1276, .T. ) ;
#5121 = EDGE_CURVE ( 'NONE', #4409, #3624, #5025, .T. ) ;
#5122 = EDGE_CURVE ( 'NONE', #4853, #2787, #4728, .T. ) ;
#5123 = APPLICATION_PROTOCOL_DEFINITION ( 'draft international standard', 'automotive_design', 1998, #1294 ) ;
#5124 = CIRCLE ( 'NONE', #2325, 15.00000000000000178 ) ;
#5125 = CARTESIAN_POINT ( 'NONE',  ( -15.00000000000000000, 29.99586869328253158, 0.4978567417972205034 ) ) ;
#5126 = EDGE_CURVE ( 'NONE', #2349, #1488, #5124, .T. ) ;
#5127 = VERTEX_POINT ( 'NONE', #3573 ) ;
#5128 = ORIENTED_EDGE ( 'NONE', *, *, #5104, .T. ) ;
#5129 = CARTESIAN_POINT ( 'NONE',  ( -3.685539565216402469, -14.10724780382127541, -42.24705294653380605 ) ) ;
#5130 = VERTEX_POINT ( 'NONE', #6049 ) ;
#5131 = AXIS2_PLACEMENT_3D ( 'NONE', #2626, #4096, #3064 ) ;
#5132 = EDGE_CURVE ( 'NONE', #5574, #2118, #50, .T. ) ;
#5133 = ORIENTED_EDGE ( 'NONE', *, *, #1502, .F. ) ;
#5134 = ORIENTED_EDGE ( 'NONE', *, *, #5739, .T. ) ;
#5135 = CIRCLE ( 'NONE', #1542, 15.00000000000000178 ) ;
#5136 = VECTOR ( 'NONE', #4493, 1000.000000000000000 ) ;
#5137 = DIRECTION ( 'NONE',  ( -4.163336342344340724E-17, 0.9848077530122082424, -0.1736481776669300259 ) ) ;
#5138 = CARTESIAN_POINT ( 'NONE',  ( 14.00000000000000000, 32.92111706335690258, -5.804881173331500221 ) ) ;
#5139 = DIRECTION ( 'NONE',  ( 1.000000000000000000, 5.793456394897969729E-18, 1.367446332762960049E-17 ) ) ;
#5140 = CARTESIAN_POINT ( 'NONE',  ( -1.430960149896550293, 42.79502942887648231, 3.286076740760769166 ) ) ;
#5141 = CARTESIAN_POINT ( 'NONE',  ( 4.562891424181769820E-15, 50.51060196856949602, 21.55641641768750105 ) ) ;
#5142 = EDGE_LOOP ( 'NONE', ( #4664, #4917, #4643, #4814, #1327, #1635, #4654 ) ) ;
#5143 = ORIENTED_EDGE ( 'NONE', *, *, #102, .T. ) ;
#5144 = AXIS2_PLACEMENT_3D ( 'NONE', #646, #1051, #3469 ) ;
#5145 = DIRECTION ( 'NONE',  ( 0.000000000000000000, -0.3420201433256757073, -0.9396926207859057634 ) ) ;
#5146 = CARTESIAN_POINT ( 'NONE',  ( -13.93718177028331340, 16.81342513384833381, 33.13397198535554367 ) ) ;
#5147 = CARTESIAN_POINT ( 'NONE',  ( 14.00000000000000000, -3.232693901945260157E-15, 3.842306916168400005E-16 ) ) ;
#5148 = LINE ( 'NONE', #2355, #4592 ) ;
#5149 = DIRECTION ( 'NONE',  ( 1.000000000000000000, -0.000000000000000000, -0.000000000000000000 ) ) ;
#5150 = CARTESIAN_POINT ( 'NONE',  ( 6.000000000000000000, 11.43338396962369963, -31.41296428449399869 ) ) ;
#5151 = DIRECTION ( 'NONE',  ( 1.000000000000000000, 3.280291355405529772E-18, -5.784038705427340244E-19 ) ) ;
#5152 = DIRECTION ( 'NONE',  ( 1.000000000000000000, 5.793456394897969729E-18, 1.367446332762960049E-17 ) ) ;
#5153 = PLANE ( 'NONE',  #5395 ) ;
#5154 = SHAPE_DEFINITION_REPRESENTATION ( #2834, #173 ) ;
#5155 = CYLINDRICAL_SURFACE ( 'NONE', #3297, 37.15350152500619174 ) ;
#5156 = CIRCLE ( 'NONE', #979, 1.600000000000000755 ) ;
#5157 = VERTEX_POINT ( 'NONE', #3604 ) ;
#5158 = DIRECTION ( 'NONE',  ( -3.330895137017530528E-18, 0.9848077530122082424, -0.1736481776669300259 ) ) ;
#5159 = ORIENTED_EDGE ( 'NONE', *, *, #6042, .F. ) ;
#5160 = CARTESIAN_POINT ( 'NONE',  ( -1.378450871166482017, -16.10560294761067013, -41.95120120724673285 ) ) ;
#5161 = VERTEX_POINT ( 'NONE', #5453 ) ;
#5162 = ORIENTED_EDGE ( 'NONE', *, *, #1010, .F. ) ;
#5163 = CIRCLE ( 'NONE', #282, 1.599999999999997202 ) ;
#5164 = CYLINDRICAL_SURFACE ( 'NONE', #5027, 5.999999999999999112 ) ;
#5165 = EDGE_CURVE ( 'NONE', #759, #3138, #5815, .T. ) ;
#5166 = LINE ( 'NONE', #4219, #638 ) ;
#5167 = FACE_OUTER_BOUND ( 'NONE', #4788, .T. ) ;
#5168 = DIRECTION ( 'NONE',  ( 0.000000000000000000, 0.000000000000000000, 1.000000000000000000 ) ) ;
#5169 = ORIENTED_EDGE ( 'NONE', *, *, #5023, .F. ) ;
#5170 = VECTOR ( 'NONE', #8, 1000.000000000000000 ) ;
#5171 = ORIENTED_EDGE ( 'NONE', *, *, #480, .F. ) ;
#5172 = CYLINDRICAL_SURFACE ( 'NONE', #1068, 35.15350152500619885 ) ;
#5173 = CARTESIAN_POINT ( 'NONE',  ( -13.56168094720564987, 13.60162088778624323, 34.57475726994093890 ) ) ;
#5174 = FACE_OUTER_BOUND ( 'NONE', #5901, .T. ) ;
#5175 = CARTESIAN_POINT ( 'NONE',  ( 6.000000000000000000, 21.48773309373349960, 25.60808311116269920 ) ) ;
#5176 = CARTESIAN_POINT ( 'NONE',  ( 13.00000000000000000, -5.209445330007903330, -29.54423259036623861 ) ) ;
#5177 = CARTESIAN_POINT ( 'NONE',  ( -2.999999999999998224, 0.1837305293149807395, 16.77058848403524749 ) ) ;
#5178 = CARTESIAN_POINT ( 'NONE',  ( -2.999999999999999112, -14.56677776079964559, -26.22611266786354989 ) ) ;
#5179 = CARTESIAN_POINT ( 'NONE',  ( 16.00000000000000000, -21.14043673839943693, -23.63846760513848366 ) ) ;
#5180 = CARTESIAN_POINT ( 'NONE',  ( -15.00000000000000000, -4.686476337111207258, -10.50175887847825251 ) ) ;
#5181 = EDGE_CURVE ( 'NONE', #3953, #159, #1633, .T. ) ;
#5182 = PRODUCT_CONTEXT ( 'NONE', #2543, 'mechanical' ) ;
#5183 = CARTESIAN_POINT ( 'NONE',  ( -15.00000000000000000, -14.61562092824673620, -8.226178936180158274 ) ) ;
#5184 = CARTESIAN_POINT ( 'NONE',  ( -2.999999999999998224, 14.43189039893187164, -8.544409547855025266 ) ) ;
#5185 = VERTEX_POINT ( 'NONE', #2600 ) ;
#5186 = CARTESIAN_POINT ( 'NONE',  ( -2.365717969345767724, 0.3856756623930374106, -44.81063403363902609 ) ) ;
#5187 = VERTEX_POINT ( 'NONE', #1284 ) ;
#5188 = CIRCLE ( 'NONE', #214, 2.000000000000000444 ) ;
#5189 = CARTESIAN_POINT ( 'NONE',  ( -4.122242904636752137, -13.35092481990025171, -42.36964436213376928 ) ) ;
#5190 = ORIENTED_EDGE ( 'NONE', *, *, #4933, .F. ) ;
#5191 = ORIENTED_EDGE ( 'NONE', *, *, #3415, .F. ) ;
#5192 = VECTOR ( 'NONE', #880, 1000.000000000000000 ) ;
#5193 = CARTESIAN_POINT ( 'NONE',  ( -15.00000000000000000, -5.191492771242285365, 10.26150100161467904 ) ) ;
#5194 = EDGE_CURVE ( 'NONE', #826, #2092, #2825, .T. ) ;
#5195 = CARTESIAN_POINT ( 'NONE',  ( -2.999999999999998224, -14.61562092824673620, -8.226178936180158274 ) ) ;
#5196 = CARTESIAN_POINT ( 'NONE',  ( -1.427795979628261547, 42.79564276676719459, 3.282673795324188681 ) ) ;
#5197 = DIRECTION ( 'NONE',  ( -1.447274064869758540E-17, 0.1736481776669300536, 0.9848077530122081313 ) ) ;
#5198 = ORIENTED_EDGE ( 'NONE', *, *, #777, .F. ) ;
#5199 = EDGE_CURVE ( 'NONE', #5373, #2770, #2168, .T. ) ;
#5200 = ADVANCED_FACE ( 'NONE', ( #3671 ), #718, .F. ) ;
#5201 = ORIENTED_EDGE ( 'NONE', *, *, #4894, .F. ) ;
#5202 = CARTESIAN_POINT ( 'NONE',  ( 4.860731767580697787E-15, 50.71639716077930160, -0.3115429827427705911 ) ) ;
#5203 = CARTESIAN_POINT ( 'NONE',  ( -13.62101977744662840, 14.17339115438590547, 34.34404797364457096 ) ) ;
#5204 = DIRECTION ( 'NONE',  ( 1.000000000000000000, 5.793456394897969729E-18, 1.367446332762960049E-17 ) ) ;
#5205 = AXIS2_PLACEMENT_3D ( 'NONE', #419, #2299, #4147 ) ;
#5206 = DIRECTION ( 'NONE',  ( -1.000000000000000000, -5.793456394897969729E-18, -1.367446332762960049E-17 ) ) ;
#5207 = CARTESIAN_POINT ( 'NONE',  ( -15.00000000000000000, 20.79646422511909876, -21.62191193519532817 ) ) ;
#5208 = DIRECTION ( 'NONE',  ( 1.000000000000000000, 5.793456394897969729E-18, 1.367446332762960049E-17 ) ) ;
#5209 = CARTESIAN_POINT ( 'NONE',  ( -15.00000000000000000, 9.204112484835338392, 6.894513279884100676 ) ) ;
#5210 = CARTESIAN_POINT ( 'NONE',  ( 14.65656591824207666, 22.20452705432814255, 29.78855961480284620 ) ) ;
#5211 = DIRECTION ( 'NONE',  ( 0.000000000000000000, 0.000000000000000000, 1.000000000000000000 ) ) ;
#5212 = AXIS2_PLACEMENT_3D ( 'NONE', #3186, #3563, #4498 ) ;
#5213 = PRODUCT_CONTEXT ( 'NONE', #2310, 'mechanical' ) ;
#5214 = DIRECTION ( 'NONE',  ( -1.000000000000000000, -5.793456394897969729E-18, -1.367446332762960049E-17 ) ) ;
#5215 = DIRECTION ( 'NONE',  ( 0.000000000000000000, 0.000000000000000000, 1.000000000000000000 ) ) ;
#5216 = ORIENTED_EDGE ( 'NONE', *, *, #4369, .F. ) ;
#5217 = CARTESIAN_POINT ( 'NONE',  ( -2.705465633673096004, 0.1072094186129252946, -44.75388953571171413 ) ) ;
#5218 = ORIENTED_EDGE ( 'NONE', *, *, #561, .T. ) ;
#5219 = AXIS2_PLACEMENT_3D ( 'NONE', #3661, #2779, #6127 ) ;
#5220 = CARTESIAN_POINT ( 'NONE',  ( 13.00000000000000000, -3.238487358340159716E-15, 3.705562282892109516E-16 ) ) ;
#5221 = ORIENTED_EDGE ( 'NONE', *, *, #1486, .F. ) ;
#5222 = VECTOR ( 'NONE', #5840, 1000.000000000000000 ) ;
#5223 = DIRECTION ( 'NONE',  ( 0.000000000000000000, 0.000000000000000000, -1.000000000000000000 ) ) ;
#5224 = CARTESIAN_POINT ( 'NONE',  ( 0.6416676207541687216, 0.9380642301643096204, -44.97658171463643129 ) ) ;
#5225 = CIRCLE ( 'NONE', #3824, 1.999999999999999556 ) ;
#5226 = CARTESIAN_POINT ( 'NONE',  ( -1.987008554623070244, 42.60988184331460360, 4.504173201087701806 ) ) ;
#5227 = DIRECTION ( 'NONE',  ( 0.000000000000000000, 0.1736481776669299981, 0.9848077530122081313 ) ) ;
#5228 = ORIENTED_EDGE ( 'NONE', *, *, #2401, .F. ) ;
#5229 = CIRCLE ( 'NONE', #453, 24.42682846964509480 ) ;
#5230 = ADVANCED_FACE ( 'NONE', ( #2567, #1741, #781, #4042, #4510 ), #4575, .T. ) ;
#5231 = CIRCLE ( 'NONE', #1355, 2.000000000000001332 ) ;
#5232 = ORIENTED_EDGE ( 'NONE', *, *, #4168, .F. ) ;
#5233 = AXIS2_PLACEMENT_3D ( 'NONE', #4501, #1205, #243 ) ;
#5234 =( REPRESENTATION_RELATIONSHIP ('NONE','NONE', #4580, #173 ) REPRESENTATION_RELATIONSHIP_WITH_TRANSFORMATION ( #4178 )SHAPE_REPRESENTATION_RELATIONSHIP( ) );
#5235 = CARTESIAN_POINT ( 'NONE',  ( 11.87413000897529969, 34.61569742489479751, -6.880738050989520183 ) ) ;
#5236 = CARTESIAN_POINT ( 'NONE',  ( 14.00000000000000000, 32.92111706335690258, -5.804881173331500221 ) ) ;
#5237 = CARTESIAN_POINT ( 'NONE',  ( -2.999999999999998224, -16.48390109005785220, 3.093121378389106280 ) ) ;
#5238 = CARTESIAN_POINT ( 'NONE',  ( 11.93488257301919830, 11.04198112356280070, -33.37429133832659289 ) ) ;
#5239 = CARTESIAN_POINT ( 'NONE',  ( 8.413643026906679978, 41.07005612592398336, 10.61104479834970427 ) ) ;
#5240 = CARTESIAN_POINT ( 'NONE',  ( 6.000000000000000000, -11.43338396962349890, 31.41296428449409817 ) ) ;
#5241 = PRODUCT ( 'Centrifugal_Pump_Case2.step', 'Centrifugal_Pump_Case2.step', '', ( #4270 ) ) ;
#5242 = AXIS2_PLACEMENT_3D ( 'NONE', #2395, #5248, #4842 ) ;
#5243 = AXIS2_PLACEMENT_3D ( 'NONE', #2138, #722, #4987 ) ;
#5244 = CARTESIAN_POINT ( 'NONE',  ( 14.96043362352290274, 25.43491729266944645, 27.08251335336044718 ) ) ;
#5245 = EDGE_CURVE ( 'NONE', #2902, #3709, #5981, .T. ) ;
#5246 = CARTESIAN_POINT ( 'NONE',  ( 16.00000000000000000, -33.26841341869076274, 3.835265667307084403 ) ) ;
#5247 = DIRECTION ( 'NONE',  ( 1.000000000000000000, 5.793456394897969729E-18, 1.367446332762960049E-17 ) ) ;
#5248 = DIRECTION ( 'NONE',  ( 1.000000000000000000, 0.000000000000000000, 0.000000000000000000 ) ) ;
#5249 = CARTESIAN_POINT ( 'NONE',  ( -5.306404282033708952, -6.205663128820536834, -43.59053981462651706 ) ) ;
#5250 = VERTEX_POINT ( 'NONE', #2697 ) ;
#5251 = CARTESIAN_POINT ( 'NONE',  ( 11.81621205001870045, -22.93749231500390096, -26.99008329941740314 ) ) ;
#5252 = ORIENTED_EDGE ( 'NONE', *, *, #216, .T. ) ;
#5253 = LINE ( 'NONE', #1910, #4225 ) ;
#5254 = CIRCLE ( 'NONE', #181, 2.000000000000001332 ) ;
#5255 = ORIENTED_EDGE ( 'NONE', *, *, #2359, .F. ) ;
#5256 = CARTESIAN_POINT ( 'NONE',  ( 3.304303008506088268, -1.541701408751357638, -44.60511322463661799 ) ) ;
#5257 = CYLINDRICAL_SURFACE ( 'NONE', #3929, 37.15350152500619174 ) ;
#5258 = CARTESIAN_POINT ( 'NONE',  ( 13.00000000000000000, -3.238487358340159716E-15, 3.705562282892109516E-16 ) ) ;
#5259 = EDGE_LOOP ( 'NONE', ( #1661, #1574, #5002, #5159 ) ) ;
#5260 = AXIS2_PLACEMENT_3D ( 'NONE', #1279, #1798, #4228 ) ;
#5261 = ORIENTED_EDGE ( 'NONE', *, *, #378, .T. ) ;
#5262 = EDGE_CURVE ( 'NONE', #2676, #2511, #4608, .T. ) ;
#5263 = AXIS2_PLACEMENT_3D ( 'NONE', #2504, #3007, #163 ) ;
#5264 = CARTESIAN_POINT ( 'NONE',  ( 11.82268796044870030, 34.80952627357310547, -6.472370757162810406 ) ) ;
#5265 =( NAMED_UNIT ( * ) SI_UNIT ( $, .STERADIAN. ) SOLID_ANGLE_UNIT ( ) );
#5266 = DIRECTION ( 'NONE',  ( 0.000000000000000000, 0.000000000000000000, -1.000000000000000000 ) ) ;
#5267 = DIRECTION ( 'NONE',  ( 1.000000000000000000, 0.000000000000000000, 0.000000000000000000 ) ) ;
#5268 = DIRECTION ( 'NONE',  ( 0.000000000000000000, -0.1736481776669298593, -0.9848077530122082424 ) ) ;
#5269 = CARTESIAN_POINT ( 'NONE',  ( 11.64675046054891538, 36.73891939631523229, 14.38499230729584433 ) ) ;
#5270 = DIRECTION ( 'NONE',  ( 0.000000000000000000, -0.1736481776669298593, -0.9848077530122082424 ) ) ;
#5271 = AXIS2_PLACEMENT_3D ( 'NONE', #1426, #3344, #3310 ) ;
#5272 = CARTESIAN_POINT ( 'NONE',  ( 14.89257068572891995, 28.71275107102091084, 23.57962110089622954 ) ) ;
#5273 = CARTESIAN_POINT ( 'NONE',  ( -20.00000000000000000, -3.429671419371789943E-15, -8.070106152256670580E-17 ) ) ;
#5274 = LINE ( 'NONE', #4422, #5955 ) ;
#5275 = VERTEX_POINT ( 'NONE', #4141 ) ;
#5276 = EDGE_CURVE ( 'NONE', #2176, #4029, #843, .T. ) ;
#5277 = FACE_OUTER_BOUND ( 'NONE', #3182, .T. ) ;
#5278 = CARTESIAN_POINT ( 'NONE',  ( 12.60606781765633677, 27.03281010318885080, 22.47055282051143976 ) ) ;
#5279 = CARTESIAN_POINT ( 'NONE',  ( -5.096330145145890889, -4.727414165692189307, -43.85364813052063937 ) ) ;
#5280 = CARTESIAN_POINT ( 'NONE',  ( -15.00000000000000000, -16.48390109005785220, 3.093121378389106280 ) ) ;
#5281 = ORIENTED_EDGE ( 'NONE', *, *, #3206, .T. ) ;
#5282 = ORIENTED_EDGE ( 'NONE', *, *, #1334, .F. ) ;
#5283 = ORIENTED_EDGE ( 'NONE', *, *, #5122, .F. ) ;
#5284 = CARTESIAN_POINT ( 'NONE',  ( 3.049635358574824373, -1.119775984476983677, -44.67269050059331192 ) ) ;
#5285 = CARTESIAN_POINT ( 'NONE',  ( -15.53241216860679863, 51.72052036471053782, 28.41820462094309008 ) ) ;
#5286 = CARTESIAN_POINT ( 'NONE',  ( 14.00000000000000000, 21.48773309373349960, 25.60808311116269920 ) ) ;
#5287 = ORIENTED_EDGE ( 'NONE', *, *, #446, .F. ) ;
#5288 = AXIS2_PLACEMENT_3D ( 'NONE', #534, #3757, #1401 ) ;
#5289 = AXIS2_PLACEMENT_3D ( 'NONE', #3187, #2216, #300 ) ;
#5290 = ORIENTED_EDGE ( 'NONE', *, *, #1800, .T. ) ;
#5291 = EDGE_CURVE ( 'NONE', #4245, #4037, #3512, .T. ) ;
#5292 = CARTESIAN_POINT ( 'NONE',  ( -12.29590155863452949, 13.92110413114633261, 32.30065300457129496 ) ) ;
#5293 = CARTESIAN_POINT ( 'NONE',  ( -14.93336030512451806, 24.99531971237755101, 27.48868115404526336 ) ) ;
#5294 = CARTESIAN_POINT ( 'NONE',  ( -15.00000000000000000, -16.48390109005785220, -14.90687862161088972 ) ) ;
#5295 = DIRECTION ( 'NONE',  ( 0.000000000000000000, -0.3420201433256629953, 0.9396926207859104263 ) ) ;
#5296 = FACE_BOUND ( 'NONE', #1855, .T. ) ;
#5297 = CARTESIAN_POINT ( 'NONE',  ( 12.10935086019924078, 35.78162397030499875, 15.15965103256793434 ) ) ;
#5298 = ORIENTED_EDGE ( 'NONE', *, *, #4004, .F. ) ;
#5299 = VECTOR ( 'NONE', #3566, 1000.000000000000114 ) ;
#5300 = DIRECTION ( 'NONE',  ( 0.000000000000000000, 0.1736481776669300259, 0.9848077530122081313 ) ) ;
#5301 = CARTESIAN_POINT ( 'NONE',  ( 14.57517178541783842, 21.55016891033686832, 30.26866919785152987 ) ) ;
#5302 = DIRECTION ( 'NONE',  ( 0.000000000000000000, -0.1736481776669316912, -0.9848077530122077983 ) ) ;
#5303 = FACE_OUTER_BOUND ( 'NONE', #2407, .T. ) ;
#5304 = LINE ( 'NONE', #2922, #856 ) ;
#5305 = ORIENTED_EDGE ( 'NONE', *, *, #4255, .F. ) ;
#5306 = EDGE_CURVE ( 'NONE', #2177, #329, #645, .T. ) ;
#5307 = CARTESIAN_POINT ( 'NONE',  ( -15.53241216860689988, 43.39183705435526406, 15.73651728043351561 ) ) ;
#5308 = FACE_OUTER_BOUND ( 'NONE', #1776, .T. ) ;
#5309 = EDGE_CURVE ( 'NONE', #2937, #4632, #1444, .T. ) ;
#5310 = DIRECTION ( 'NONE',  ( 0.000000000000000000, 0.1736481776669300259, 0.9848077530122081313 ) ) ;
#5311 = VERTEX_POINT ( 'NONE', #441 ) ;
#5312 = VECTOR ( 'NONE', #4011, 1000.000000000000000 ) ;
#5313 = ORIENTED_EDGE ( 'NONE', *, *, #5055, .T. ) ;
#5314 = CARTESIAN_POINT ( 'NONE',  ( 4.508611628332200638, -5.081583388374440347, -44.01407621130165637 ) ) ;
#5315 = ADVANCED_FACE ( 'NONE', ( #4297 ), #3257, .T. ) ;
#5316 = DIRECTION ( 'NONE',  ( 0.000000000000000000, 0.000000000000000000, -1.000000000000000000 ) ) ;
#5317 = CARTESIAN_POINT ( 'NONE',  ( 14.00000000000000000, -3.232693901945260157E-15, 3.842306916168400005E-16 ) ) ;
#5318 = ORIENTED_EDGE ( 'NONE', *, *, #4193, .F. ) ;
#5319 = ORIENTED_EDGE ( 'NONE', *, *, #4163, .F. ) ;
#5320 = CARTESIAN_POINT ( 'NONE',  ( -11.96009846730783543, 8.375298296441691548, 34.16086857116363973 ) ) ;
#5321 = CIRCLE ( 'NONE', #3919, 12.99999999999999822 ) ;
#5322 = CARTESIAN_POINT ( 'NONE',  ( -14.68963774598455352, 30.03378411348267818, 21.91625203091875207 ) ) ;
#5323 = CARTESIAN_POINT ( 'NONE',  ( 11.89427869900379875, -34.85380565642440587, 5.256270751326609592 ) ) ;
#5324 = FACE_OUTER_BOUND ( 'NONE', #861, .T. ) ;
#5325 = CARTESIAN_POINT ( 'NONE',  ( -1.941910049697858076, 44.60673596742940106, 4.890095903108617748 ) ) ;
#5326 = CARTESIAN_POINT ( 'NONE',  ( 8.344675420147799727, 41.13301448755717615, 10.55276167654693964 ) ) ;
#5327 = ORIENTED_EDGE ( 'NONE', *, *, #6109, .F. ) ;
#5328 = ADVANCED_FACE ( 'NONE', ( #1436 ), #2760, .F. ) ;
#5329 = CIRCLE ( 'NONE', #3121, 5.999999999999999112 ) ;
#5330 = AXIS2_PLACEMENT_3D ( 'NONE', #5046, #678, #2560 ) ;
#5331 = CARTESIAN_POINT ( 'NONE',  ( 1.971940906168550889, 42.62398063738845622, 4.390175135005233820 ) ) ;
#5332 = CYLINDRICAL_SURFACE ( 'NONE', #2190, 16.29999999999999361 ) ;
#5333 = CIRCLE ( 'NONE', #4235, 2.999999999999999556 ) ;
#5334 = AXIS2_PLACEMENT_3D ( 'NONE', #3580, #3142, #1157 ) ;
#5335 = CARTESIAN_POINT ( 'NONE',  ( 4.104101316090004149E-15, 41.83462230288036210, 6.905113571153435714 ) ) ;
#5336 = LINE ( 'NONE', #1472, #2454 ) ;
#5337 = CARTESIAN_POINT ( 'NONE',  ( 4.348937264215987142, -10.92776262145792820, -42.98871800287518852 ) ) ;
#5338 = VERTEX_POINT ( 'NONE', #875 ) ;
#5339 = CARTESIAN_POINT ( 'NONE',  ( 16.00000000000000000, -3.221106989155459856E-15, 4.115796182720999718E-16 ) ) ;
#5340 = CARTESIAN_POINT ( 'NONE',  ( 10.00000000000000000, 3.673940397442060361E-16, -3.000000000000000444 ) ) ;
#5341 = DIRECTION ( 'NONE',  ( -1.000000000000000000, -5.793456394897969729E-18, -1.367446332762960049E-17 ) ) ;
#5342 = ORIENTED_EDGE ( 'NONE', *, *, #4163, .T. ) ;
#5343 = ORIENTED_EDGE ( 'NONE', *, *, #4173, .F. ) ;
#5344 = CARTESIAN_POINT ( 'NONE',  ( 0.3931253407126807931, 1.008512087226794085, -44.98357494257417244 ) ) ;
#5345 = CARTESIAN_POINT ( 'NONE',  ( 0.000000000000000000, 0.000000000000000000, 0.000000000000000000 ) ) ;
#5346 = CARTESIAN_POINT ( 'NONE',  ( 0.000000000000000000, 3.673940397442059178E-15, -30.00000000000000000 ) ) ;
#5347 = ORIENTED_EDGE ( 'NONE', *, *, #1145, .F. ) ;
#5348 = VERTEX_POINT ( 'NONE', #3318 ) ;
#5349 = ORIENTED_EDGE ( 'NONE', *, *, #2700, .T. ) ;
#5350 = EDGE_CURVE ( 'NONE', #6088, #792, #5646, .T. ) ;
#5351 = DIRECTION ( 'NONE',  ( 1.000000000000000000, 5.793456394897969729E-18, 1.367446332762960049E-17 ) ) ;
#5352 = CARTESIAN_POINT ( 'NONE',  ( -14.76887801709570525, 23.15430770024217466, 29.06473851586505930 ) ) ;
#5353 = DIRECTION ( 'NONE',  ( 1.000000000000000000, 5.793456394897969729E-18, 1.367446332762960049E-17 ) ) ;
#5354 = CIRCLE ( 'NONE', #3046, 11.49999999999999822 ) ;
#5355 = FACE_BOUND ( 'NONE', #2444, .T. ) ;
#5356 = CARTESIAN_POINT ( 'NONE',  ( 10.00000000000000000, 1.898202538678397459E-16, 1.550000000000000044 ) ) ;
#5357 = CARTESIAN_POINT ( 'NONE',  ( -2.619727807057339319, 44.11063215893143763, 7.682753799434296482 ) ) ;
#5358 = ORIENTED_EDGE ( 'NONE', *, *, #1595, .T. ) ;
#5359 = VECTOR ( 'NONE', #2836, 1000.000000000000000 ) ;
#5360 = AXIS2_PLACEMENT_3D ( 'NONE', #1926, #4304, #4393 ) ;
#5361 = CARTESIAN_POINT ( 'NONE',  ( 0.4571062732409894580, 42.90672538125776470, 2.706966553123255181 ) ) ;
#5362 = CARTESIAN_POINT ( 'NONE',  ( -15.00000000000000000, -16.48390109005785220, 3.093121378389106280 ) ) ;
#5363 = CARTESIAN_POINT ( 'NONE',  ( 16.00000000000000000, 21.48773309373349960, 25.60808311116269920 ) ) ;
#5364 = DIRECTION ( 'NONE',  ( 1.000000000000000000, -0.000000000000000000, -0.000000000000000000 ) ) ;
#5365 = CARTESIAN_POINT ( 'NONE',  ( 3.493599905759699364, -13.32295227157226947, -42.55089692386830080 ) ) ;
#5366 = CIRCLE ( 'NONE', #1779, 31.99999999999999645 ) ;
#5367 = VERTEX_POINT ( 'NONE', #3759 ) ;
#5368 = EDGE_CURVE ( 'NONE', #113, #4752, #3291, .T. ) ;
#5369 = FACE_BOUND ( 'NONE', #1632, .T. ) ;
#5370 = CYLINDRICAL_SURFACE ( 'NONE', #3579, 16.29999999999999361 ) ;
#5371 = VERTEX_POINT ( 'NONE', #1375 ) ;
#5372 = AXIS2_PLACEMENT_3D ( 'NONE', #1863, #1000, #4234 ) ;
#5373 = VERTEX_POINT ( 'NONE', #5176 ) ;
#5374 = DIRECTION ( 'NONE',  ( 1.000000000000000000, 0.000000000000000000, 0.000000000000000000 ) ) ;
#5375 = ORIENTED_EDGE ( 'NONE', *, *, #2831, .F. ) ;
#5376 = EDGE_LOOP ( 'NONE', ( #4561, #4487, #3274, #5584 ) ) ;
#5377 = ORIENTED_EDGE ( 'NONE', *, *, #4458, .T. ) ;
#5378 = EDGE_CURVE ( 'NONE', #4149, #4603, #1132, .T. ) ;
#5379 = CARTESIAN_POINT ( 'NONE',  ( -12.06156887867168237, 10.62001478216662953, 33.51553113330366074 ) ) ;
#5380 = CARTESIAN_POINT ( 'NONE',  ( 14.00000000000000000, -3.232693901945260157E-15, 3.842306916168400005E-16 ) ) ;
#5381 = LINE ( 'NONE', #5847, #2885 ) ;
#5382 = DIRECTION ( 'NONE',  ( 1.000000000000000000, 5.793456394897969729E-18, 1.367446332762960049E-17 ) ) ;
#5383 = DIRECTION ( 'NONE',  ( 1.000000000000000000, 0.000000000000000000, 0.000000000000000000 ) ) ;
#5384 = CARTESIAN_POINT ( 'NONE',  ( 5.192861719600749382, 43.23774062446595678, 8.547419895660256728 ) ) ;
#5385 = EDGE_CURVE ( 'NONE', #4108, #5427, #1927, .T. ) ;
#5386 = ORIENTED_EDGE ( 'NONE', *, *, #2712, .F. ) ;
#5387 = PRODUCT ( 'vaccum with base.step', 'vaccum with base.step', '', ( #5213 ) ) ;
#5388 = CIRCLE ( 'NONE', #908, 9.999999999999996447 ) ;
#5389 = EDGE_CURVE ( 'NONE', #5562, #2675, #4322, .T. ) ;
#5390 = AXIS2_PLACEMENT_3D ( 'NONE', #228, #200, #2112 ) ;
#5391 = EDGE_CURVE ( 'NONE', #1263, #5563, #4640, .T. ) ;
#5392 = CIRCLE ( 'NONE', #3192, 37.15350152500619174 ) ;
#5393 = DIRECTION ( 'NONE',  ( 1.000000000000000000, 5.793456394897969729E-18, 1.367446332762960049E-17 ) ) ;
#5394 = CARTESIAN_POINT ( 'NONE',  ( 11.91268597974932675, 11.14839970102704925, -33.39280971515001539 ) ) ;
#5395 = AXIS2_PLACEMENT_3D ( 'NONE', #4776, #5710, #3705 ) ;
#5396 = CARTESIAN_POINT ( 'NONE',  ( 14.24760715126631894, 19.12638633654859888, 31.85301442928034632 ) ) ;
#5397 = CARTESIAN_POINT ( 'NONE',  ( 12.72883770231018552, 18.51850932922969406, 29.88051787493826339 ) ) ;
#5398 = CARTESIAN_POINT ( 'NONE',  ( 4.556229633907740380E-15, 52.48021747459389985, 21.20912006235359826 ) ) ;
#5399 = AXIS2_PLACEMENT_3D ( 'NONE', #6103, #6135, #3256 ) ;
#5400 = CARTESIAN_POINT ( 'NONE',  ( 4.724101747592700740, -7.615437216863835346, -43.57623627968946778 ) ) ;
#5401 = ORIENTED_EDGE ( 'NONE', *, *, #510, .T. ) ;
#5402 = DIRECTION ( 'NONE',  ( 0.000000000000000000, 0.000000000000000000, -1.000000000000000000 ) ) ;
#5403 = DIRECTION ( 'NONE',  ( -3.330895137017530528E-18, 0.9848077530122082424, -0.1736481776669300259 ) ) ;
#5404 = ADVANCED_FACE ( 'NONE', ( #2853 ), #3228, .T. ) ;
#5405 = ORIENTED_EDGE ( 'NONE', *, *, #2868, .F. ) ;
#5406 = DIRECTION ( 'NONE',  ( 0.000000000000000000, -0.6427876096865404731, -0.7660444431189771253 ) ) ;
#5407 = ORIENTED_EDGE ( 'NONE', *, *, #3818, .F. ) ;
#5408 = ORIENTED_EDGE ( 'NONE', *, *, #3131, .T. ) ;
#5409 = PRODUCT_DEFINITION_CONTEXT ( 'detailed design', #5631, 'design' ) ;
#5410 = VERTEX_POINT ( 'NONE', #4740 ) ;
#5411 = LINE ( 'NONE', #3406, #4454 ) ;
#5412 = DIRECTION ( 'NONE',  ( 0.000000000000000000, 0.1736481776669230592, 0.9848077530122093526 ) ) ;
#5413 = CARTESIAN_POINT ( 'NONE',  ( -2.999999999999998224, 2.032718766497999319, -29.93105501676021518 ) ) ;
#5414 = CARTESIAN_POINT ( 'NONE',  ( 13.00000000000000000, -3.238487358340159716E-15, 3.705562282892109516E-16 ) ) ;
#5415 = CARTESIAN_POINT ( 'NONE',  ( 13.00000000000000000, -3.238487358340159716E-15, 3.705562282892109516E-16 ) ) ;
#5416 = CARTESIAN_POINT ( 'NONE',  ( -2.999999999999999112, -6.751551804625295361, 9.309487001412101392 ) ) ;
#5417 = ORIENTED_EDGE ( 'NONE', *, *, #2863, .T. ) ;
#5418 = CIRCLE ( 'NONE', #2716, 16.29999999999999716 ) ;
#5419 = B_SPLINE_CURVE_WITH_KNOTS ( 'NONE', 3,
 ( #33, #1372, #6100, #872, #1829, #5608, #407, #5173, #1400, #5203, #5729, #3348, #995, #2757, #65, #1342, #1858, #4, #3225, #5146, #3725, #5640, #902, #2789, #437, #4259, #2318, #3786, #929, #470, #4229, #3756, #5670, #3285, #5703, #2067, #4855, #1490, #5873, #5757, #3378, #4440, #1519, #5352, #3967, #4411, #154, #674, #5293, #2468, #3908, #1020, #2910, #183, #5787, #4349, #4827, #2439, #3847, #563, #3407, #4912, #4379, #92, #1979, #2969, #1610, #4944, #5322, #3876, #5846, #3939 ),
 .UNSPECIFIED., .F., .F.,
 ( 4, 2, 2, 2, 1, 1, 1, 1, 1, 2, 2, 2, 2, 2, 1, 2, 2, 2, 2, 2, 1, 1, 1, 1, 1, 2, 2, 2, 2, 1, 1, 1, 1, 2, 2, 2, 2, 1, 1, 1, 1, 1, 2, 2, 2, 4 ),
 ( 0.000000000000000000, 0.1249999999998762934, 0.1874999999998143985, 0.2187499999997834232, 0.2343749999997681299, 0.2421874999997606637, 0.2460937499997570277, 0.2480468749997550570, 0.2490234374997539468, 0.2495117187497533640, 0.2499999999997528088, 0.3124999999996932454, 0.3437499999996634914, 0.3593749999996488365, 0.3671874999996415645, 0.3710937499996378452, 0.3749999999996341260, 0.4374999999995742295, 0.4687499999995443090, 0.4843749999995292654, 0.4921874999995217714, 0.4960937499995177746, 0.4980468749995158873, 0.4990234374995148880, 0.4995117187495142219, 0.4997558593745141664, 0.4999999999995141664, 0.5624999999995575761, 0.5937499999995792255, 0.6093749999995901057, 0.6171874999995956568, 0.6210937499995983213, 0.6230468749995996536, 0.6240234374996004307, 0.6249999999996013189, 0.6874999999996608269, 0.7187499999996904698, 0.7343749999997054578, 0.7421874999997128963, 0.7460937499997166711, 0.7480468749997185585, 0.7490234374997194466, 0.7495117187497200018, 0.7499999999997204458, 0.8749999999998602229, 1.000000000000000000 ),
 .UNSPECIFIED. ) ;
#5420 = CARTESIAN_POINT ( 'NONE',  ( 1.930705455260308456, 42.65009040360956050, 4.196551852337850441 ) ) ;
#5421 = CARTESIAN_POINT ( 'NONE',  ( -4.830332400055822539, 40.62014690664442895, 11.02533705241373951 ) ) ;
#5422 = DIRECTION ( 'NONE',  ( 1.000000000000000000, 0.000000000000000000, -0.000000000000000000 ) ) ;
#5423 = CARTESIAN_POINT ( 'NONE',  ( 12.45519313913349713, 15.62938775070573882, 31.48983888843388002 ) ) ;
#5424 = LINE ( 'NONE', #687, #5312 ) ;
#5425 = AXIS2_PLACEMENT_3D ( 'NONE', #964, #3200, #4232 ) ;
#5426 = CARTESIAN_POINT ( 'NONE',  ( 3.661826018864594801, -12.96817194830305020, -42.61675741934284645 ) ) ;
#5427 = VERTEX_POINT ( 'NONE', #410 ) ;
#5428 = TOROIDAL_SURFACE ( 'NONE', #3628, 30.00000000000000000, 15.00000000000000000 ) ;
#5429 = EDGE_CURVE ( 'NONE', #5841, #460, #5619, .T. ) ;
#5430 = DIRECTION ( 'NONE',  ( 1.000000000000000000, 5.793456394897969729E-18, 1.367446332762960049E-17 ) ) ;
#5431 = CARTESIAN_POINT ( 'NONE',  ( 14.00000000000000000, -21.48773309373329710, -25.60808311116290170 ) ) ;
#5432 = AXIS2_PLACEMENT_3D ( 'NONE', #920, #3243, #6120 ) ;
#5433 =( GEOMETRIC_REPRESENTATION_CONTEXT ( 3 ) GLOBAL_UNCERTAINTY_ASSIGNED_CONTEXT ( ( #3024 ) ) GLOBAL_UNIT_ASSIGNED_CONTEXT ( ( #5029, #2547, #757 ) ) REPRESENTATION_CONTEXT ( 'NONE', 'WORKASPACE' ) );
#5434 =( GEOMETRIC_REPRESENTATION_CONTEXT ( 3 ) GLOBAL_UNCERTAINTY_ASSIGNED_CONTEXT ( ( #2524 ) ) GLOBAL_UNIT_ASSIGNED_CONTEXT ( ( #5079, #1211, #2632 ) ) REPRESENTATION_CONTEXT ( 'NONE', 'WORKASPACE' ) );
#5435 = EDGE_LOOP ( 'NONE', ( #5407, #2082, #2257, #371 ) ) ;
#5436 = ORIENTED_EDGE ( 'NONE', *, *, #1848, .F. ) ;
#5437 = CARTESIAN_POINT ( 'NONE',  ( -15.00000000000000000, 2.781614427177646398, -7.911018893327313783 ) ) ;
#5438 = ORIENTED_EDGE ( 'NONE', *, *, #4521, .T. ) ;
#5439 = ORIENTED_EDGE ( 'NONE', *, *, #1353, .F. ) ;
#5440 = ORIENTED_EDGE ( 'NONE', *, *, #5007, .T. ) ;
#5441 = LINE ( 'NONE', #3627, #2334 ) ;
#5442 = CARTESIAN_POINT ( 'NONE',  ( 10.70576110409706772, 33.22785918377719128, 17.11557755246991164 ) ) ;
#5443 = EDGE_CURVE ( 'NONE', #4611, #1262, #379, .T. ) ;
#5444 = DIRECTION ( 'NONE',  ( 0.000000000000000000, 0.000000000000000000, 1.000000000000000000 ) ) ;
#5445 = CARTESIAN_POINT ( 'NONE',  ( 11.93488257301919830, -21.79074808759549953, -27.58499532810490251 ) ) ;
#5446 = CARTESIAN_POINT ( 'NONE',  ( -2.999999999999999112, 11.48246693397892315, -0.6347858773481434014 ) ) ;
#5447 = FACE_BOUND ( 'NONE', #2065, .T. ) ;
#5448 = VERTEX_POINT ( 'NONE', #1891 ) ;
#5449 = AXIS2_PLACEMENT_3D ( 'NONE', #217, #5078, #806 ) ;
#5450 = CARTESIAN_POINT ( 'NONE',  ( -15.00000000000000000, 4.718434756914043682, 29.62661596343303927 ) ) ;
#5451 = CARTESIAN_POINT ( 'NONE',  ( 13.18436255310560057, 6.451637833762839946, 36.58905635337710294 ) ) ;
#5452 = DIRECTION ( 'NONE',  ( -1.000000000000000000, -0.000000000000000000, -0.000000000000000000 ) ) ;
#5453 = CARTESIAN_POINT ( 'NONE',  ( 13.00000000000000000, 21.59889853575770147, 23.61117493988899696 ) ) ;
#5454 = CARTESIAN_POINT ( 'NONE',  ( 16.00000000000000000, -3.221106989155459856E-15, 4.115796182720999718E-16 ) ) ;
#5455 = CARTESIAN_POINT ( 'NONE',  ( -11.93488257301919830, 28.80480301358749884, 20.15073181839910177 ) ) ;
#5456 = VECTOR ( 'NONE', #3843, 1000.000000000000000 ) ;
#5457 = ORIENTED_EDGE ( 'NONE', *, *, #2056, .F. ) ;
#5458 = ADVANCED_FACE ( 'NONE', ( #4770 ), #2383, .F. ) ;
#5459 = CARTESIAN_POINT ( 'NONE',  ( 16.00000000000000000, -3.221106989155459856E-15, 4.115796182720999718E-16 ) ) ;
#5460 = CARTESIAN_POINT ( 'NONE',  ( -2.999999999999999112, 0.000000000000000000, 0.000000000000000000 ) ) ;
#5461 = EDGE_CURVE ( 'NONE', #5367, #1102, #4353, .T. ) ;
#5462 = VECTOR ( 'NONE', #3507, 1000.000000000000000 ) ;
#5463 = EDGE_CURVE ( 'NONE', #1909, #4437, #4305, .T. ) ;
#5464 = DIRECTION ( 'NONE',  ( 0.000000000000000000, 0.000000000000000000, 1.000000000000000000 ) ) ;
#5465 = AXIS2_PLACEMENT_3D ( 'NONE', #3065, #4001, #2592 ) ;
#5466 = ORIENTED_EDGE ( 'NONE', *, *, #4173, .T. ) ;
#5467 = ORIENTED_EDGE ( 'NONE', *, *, #5773, .F. ) ;
#5468 = CARTESIAN_POINT ( 'NONE',  ( -15.00000000000000000, 0.000000000000000000, -0.000000000000000000 ) ) ;
#5469 = ORIENTED_EDGE ( 'NONE', *, *, #5505, .T. ) ;
#5470 = ORIENTED_EDGE ( 'NONE', *, *, #1735, .T. ) ;
#5471 = ORIENTED_EDGE ( 'NONE', *, *, #1234, .T. ) ;
#5472 = EDGE_LOOP ( 'NONE', ( #1568, #765, #1017, #1330 ) ) ;
#5473 = DIRECTION ( 'NONE',  ( 3.330895137017530143E-18, -0.9848077530122081313, 0.1736481776669299981 ) ) ;
#5474 = CARTESIAN_POINT ( 'NONE',  ( 13.18436255310560057, -3.237419261927890256E-15, 3.730772872606420346E-16 ) ) ;
#5475 = LINE ( 'NONE', #241, #1992 ) ;
#5476 = DIRECTION ( 'NONE',  ( 0.000000000000000000, -0.1736481776669300259, -0.9848077530122081313 ) ) ;
#5477 = DIRECTION ( 'NONE',  ( -1.000000000000000000, -0.000000000000000000, -0.000000000000000000 ) ) ;
#5478 = CARTESIAN_POINT ( 'NONE',  ( 4.950864443387813729, 43.34534329398455554, 8.441738567917255409 ) ) ;
#5479 = ORIENTED_EDGE ( 'NONE', *, *, #1869, .T. ) ;
#5480 = EDGE_CURVE ( 'NONE', #3653, #2937, #2622, .T. ) ;
#5481 = CARTESIAN_POINT ( 'NONE',  ( -12.00000017881390058, 13.00000019371509907, 1.000000000000000000 ) ) ;
#5482 = DIRECTION ( 'NONE',  ( 0.000000000000000000, -0.1736481776669300259, -0.9848077530122081313 ) ) ;
#5483 = CIRCLE ( 'NONE', #19, 11.50000000000000000 ) ;
#5484 = CARTESIAN_POINT ( 'NONE',  ( 1.595695481950149874, 44.80681282774261831, 3.118354949092416284 ) ) ;
#5485 = AXIS2_PLACEMENT_3D ( 'NONE', #5803, #2987, #1996 ) ;
#5486 = DIRECTION ( 'NONE',  ( 0.000000000000000000, 0.000000000000000000, 1.000000000000000000 ) ) ;
#5487 = DIRECTION ( 'NONE',  ( 1.000000000000000000, 5.793456394897969729E-18, 1.367446332762960049E-17 ) ) ;
#5488 = VECTOR ( 'NONE', #1313, 1000.000000000000000 ) ;
#5489 = ORIENTED_EDGE ( 'NONE', *, *, #780, .F. ) ;
#5490 = VECTOR ( 'NONE', #447, 1000.000000000000000 ) ;
#5491 = DIRECTION ( 'NONE',  ( 3.330895137017530528E-18, -0.9848077530122082424, 0.1736481776669300259 ) ) ;
#5492 = CARTESIAN_POINT ( 'NONE',  ( -15.00000000000000000, 11.43802814173653992, 1.192271877066228614 ) ) ;
#5493 = EDGE_CURVE ( 'NONE', #2902, #5373, #3520, .T. ) ;
#5494 = AXIS2_PLACEMENT_3D ( 'NONE', #5175, #5642, #3758 ) ;
#5495 = AXIS2_PLACEMENT_3D ( 'NONE', #2336, #3767, #3298 ) ;
#5496 = ORIENTED_EDGE ( 'NONE', *, *, #4540, .F. ) ;
#5497 = ORIENTED_EDGE ( 'NONE', *, *, #2895, .T. ) ;
#5498 = CARTESIAN_POINT ( 'NONE',  ( -5.287894660904531641, -9.156540367642149292, -43.07525461831619396 ) ) ;
#5499 = ORIENTED_EDGE ( 'NONE', *, *, #3433, .F. ) ;
#5500 = EDGE_LOOP ( 'NONE', ( #1233, #5750, #198, #1755, #4756, #2615, #1584, #1151 ) ) ;
#5501 = ORIENTED_EDGE ( 'NONE', *, *, #4574, .F. ) ;
#5502 = ORIENTED_EDGE ( 'NONE', *, *, #5306, .F. ) ;
#5503 = DIRECTION ( 'NONE',  ( -1.000000000000000000, -0.000000000000000000, -0.000000000000000000 ) ) ;
#5504 = DIRECTION ( 'NONE',  ( 0.000000000000000000, 0.000000000000000000, -1.000000000000000000 ) ) ;
#5505 = EDGE_CURVE ( 'NONE', #5533, #2127, #1466, .T. ) ;
#5506 = CARTESIAN_POINT ( 'NONE',  ( 14.00000000000000000, 19.50185876818270359, 25.37080023542530327 ) ) ;
#5507 = CARTESIAN_POINT ( 'NONE',  ( -15.00000000000000000, 0.000000000000000000, -0.000000000000000000 ) ) ;
#5508 = CIRCLE ( 'NONE', #3903, 2.000000000000000444 ) ;
#5509 = CARTESIAN_POINT ( 'NONE',  ( 11.93488257301919830, 28.80480301358749884, 20.15073181839910177 ) ) ;
#5510 = CARTESIAN_POINT ( 'NONE',  ( -15.00000000000000000, -5.908529299575821625, -15.69635870271548050 ) ) ;
#5511 = ORIENTED_EDGE ( 'NONE', *, *, #987, .F. ) ;
#5512 = CARTESIAN_POINT ( 'NONE',  ( -15.00000000000000000, 11.43802814173653992, 1.192271877066228614 ) ) ;
#5513 = DIRECTION ( 'NONE',  ( 0.000000000000000000, -0.1736481776669301369, -0.9848077530122081313 ) ) ;
#5514 = DIRECTION ( 'NONE',  ( -3.330895137017530143E-18, 0.9848077530122081313, -0.1736481776669299981 ) ) ;
#5515 = CARTESIAN_POINT ( 'NONE',  ( 10.00000000000000000, 0.000000000000000000, 0.000000000000000000 ) ) ;
#5516 = AXIS2_PLACEMENT_3D ( 'NONE', #2070, #5382, #5476 ) ;
#5517 = CARTESIAN_POINT ( 'NONE',  ( 11.93488257301925515, 7.499937236301645882, 34.37335966107735885 ) ) ;
#5518 = DIRECTION ( 'NONE',  ( 0.000000000000000000, -0.1736481776669159260, -0.9848077530122105738 ) ) ;
#5519 = VERTEX_POINT ( 'NONE', #1982 ) ;
#5520 = DIRECTION ( 'NONE',  ( 0.000000000000000000, 0.000000000000000000, -1.000000000000000000 ) ) ;
#5521 = CIRCLE ( 'NONE', #2223, 4.000000000000000000 ) ;
#5522 = CARTESIAN_POINT ( 'NONE',  ( 0.4774529649815667520, 0.9868757885240315719, -44.98160231762219752 ) ) ;
#5523 = DIRECTION ( 'NONE',  ( -1.000000000000000000, -0.000000000000000000, -0.000000000000000000 ) ) ;
#5524 = AXIS2_PLACEMENT_3D ( 'NONE', #2278, #3714, #4285 ) ;
#5525 = AXIS2_PLACEMENT_3D ( 'NONE', #351, #1350, #5520 ) ;
#5526 = AXIS2_PLACEMENT_3D ( 'NONE', #36, #1920, #5268 ) ;
#5527 = ORIENTED_EDGE ( 'NONE', *, *, #3241, .T. ) ;
#5528 = ORIENTED_EDGE ( 'NONE', *, *, #1026, .F. ) ;
#5529 = CIRCLE ( 'NONE', #165, 11.50000000000000000 ) ;
#5530 = CIRCLE ( 'NONE', #5035, 30.00000000000000000 ) ;
#5531 = DIRECTION ( 'NONE',  ( 1.000000000000000000, 5.793456394897959714E-18, 1.367446332762960049E-17 ) ) ;
#5532 = ORIENTED_EDGE ( 'NONE', *, *, #693, .T. ) ;
#5533 = VERTEX_POINT ( 'NONE', #4799 ) ;
#5534 = ORIENTED_EDGE ( 'NONE', *, *, #561, .F. ) ;
#5535 = EDGE_LOOP ( 'NONE', ( #823, #2875, #4649, #3052 ) ) ;
#5536 = CARTESIAN_POINT ( 'NONE',  ( -14.00000000000000000, -0.5209445330007931307, -2.954423259036624838 ) ) ;
#5537 = FACE_OUTER_BOUND ( 'NONE', #598, .T. ) ;
#5538 = CARTESIAN_POINT ( 'NONE',  ( 13.00000000000000000, -3.238487358340159716E-15, 3.705562282892109516E-16 ) ) ;
#5539 = CARTESIAN_POINT ( 'NONE',  ( 4.616330137919781862, -5.800166633137180838, -43.89105926678291780 ) ) ;
#5540 = CARTESIAN_POINT ( 'NONE',  ( 14.00000000000000000, -3.232693901945260157E-15, 3.842306916168400005E-16 ) ) ;
#5541 = DIRECTION ( 'NONE',  ( 1.000000000000000000, 0.000000000000000000, 0.000000000000000000 ) ) ;
#5542 = VERTEX_POINT ( 'NONE', #3879 ) ;
#5543 = ADVANCED_FACE ( 'NONE', ( #4830, #536, #3942, #5296, #2411, #4325, #3411, #1582 ), #68, .T. ) ;
#5544 = ORIENTED_EDGE ( 'NONE', *, *, #6042, .T. ) ;
#5545 = DIRECTION ( 'NONE',  ( 1.000000000000000000, -0.000000000000000000, -0.000000000000000000 ) ) ;
#5546 = DIRECTION ( 'NONE',  ( 1.000000000000000000, 5.793456394897969729E-18, 1.367446332762960049E-17 ) ) ;
#5547 = CARTESIAN_POINT ( 'NONE',  ( -16.00000000000000000, -3.406497593792199596E-15, -2.600320821204820216E-17 ) ) ;
#5548 = DIRECTION ( 'NONE',  ( -1.447274064869760080E-17, 0.1736481776669300814, 0.9848077530122080203 ) ) ;
#5549 = CARTESIAN_POINT ( 'NONE',  ( -2.999999999999999112, 4.718434756914043682, 29.62661596343303927 ) ) ;
#5550 = EDGE_CURVE ( 'NONE', #4904, #49, #3222, .T. ) ;
#5551 = ORIENTED_EDGE ( 'NONE', *, *, #1993, .F. ) ;
#5552 = AXIS2_PLACEMENT_3D ( 'NONE', #717, #6011, #5951 ) ;
#5553 = FACE_OUTER_BOUND ( 'NONE', #4622, .T. ) ;
#5554 = CARTESIAN_POINT ( 'NONE',  ( 14.00000000000000000, -21.79074808759549953, -27.58499532810490251 ) ) ;
#5555 = AXIS2_PLACEMENT_3D ( 'NONE', #2968, #2998, #3441 ) ;
#5556 = EDGE_CURVE ( 'NONE', #3434, #826, #5790, .T. ) ;
#5557 = CIRCLE ( 'NONE', #2064, 29.99999999999999289 ) ;
#5558 = DIRECTION ( 'NONE',  ( -4.163336342344340724E-17, 0.9848077530122082424, -0.1736481776669300259 ) ) ;
#5559 = ORIENTED_EDGE ( 'NONE', *, *, #751, .T. ) ;
#5560 = ORIENTED_EDGE ( 'NONE', *, *, #700, .F. ) ;
#5561 = CARTESIAN_POINT ( 'NONE',  ( -1.453360016796090282, -16.07741001917369061, -41.95440638472325645 ) ) ;
#5562 = VERTEX_POINT ( 'NONE', #1111 ) ;
#5563 = VERTEX_POINT ( 'NONE', #2471 ) ;
#5564 = AXIS2_PLACEMENT_3D ( 'NONE', #5317, #2846, #4730 ) ;
#5565 = VERTEX_POINT ( 'NONE', #3002 ) ;
#5566 = VERTEX_POINT ( 'NONE', #3911 ) ;
#5567 = CARTESIAN_POINT ( 'NONE',  ( 4.550950215405258348, 40.74094590537723803, 10.91371654096796995 ) ) ;
#5568 = DIRECTION ( 'NONE',  ( 0.000000000000000000, -0.6427876096865404731, -0.7660444431189771253 ) ) ;
#5569 = CARTESIAN_POINT ( 'NONE',  ( -20.00000000000000000, -3.429671419371789943E-15, -8.070106152256670580E-17 ) ) ;
#5570 = DIRECTION ( 'NONE',  ( -3.330895137017530528E-18, 0.9848077530122082424, -0.1736481776669300259 ) ) ;
#5571 = CARTESIAN_POINT ( 'NONE',  ( 13.00000000000000000, -3.238487358340159716E-15, 3.705562282892109516E-16 ) ) ;
#5572 = ORIENTED_EDGE ( 'NONE', *, *, #4650, .F. ) ;
#5573 = EDGE_CURVE ( 'NONE', #3112, #4903, #161, .T. ) ;
#5574 = VERTEX_POINT ( 'NONE', #5356 ) ;
#5575 = DIRECTION ( 'NONE',  ( 0.000000000000000000, 0.000000000000000000, 1.000000000000000000 ) ) ;
#5576 = DIRECTION ( 'NONE',  ( 0.000000000000000000, 0.1736481776669299981, 0.9848077530122081313 ) ) ;
#5577 = ADVANCED_FACE ( 'NONE', ( #2125 ), #5428, .T. ) ;
#5578 = DIRECTION ( 'NONE',  ( 0.000000000000000000, -0.1736481776669300259, -0.9848077530122081313 ) ) ;
#5579 = CARTESIAN_POINT ( 'NONE',  ( 15.53241216860679863, 42.69724434368743715, 11.79728626838448413 ) ) ;
#5580 = ADVANCED_FACE ( 'NONE', ( #4535 ), #802, .F. ) ;
#5581 = DIRECTION ( 'NONE',  ( 0.000000000000000000, -0.1736481776669299981, -0.9848077530122081313 ) ) ;
#5582 = FACE_OUTER_BOUND ( 'NONE', #305, .T. ) ;
#5583 = ADVANCED_FACE ( 'NONE', ( #1274 ), #4947, .T. ) ;
#5584 = ORIENTED_EDGE ( 'NONE', *, *, #403, .F. ) ;
#5585 = PRODUCT_DEFINITION ( 'UNKNOWN', '', #3921, #5903 ) ;
#5586 = FACE_OUTER_BOUND ( 'NONE', #2152, .T. ) ;
#5587 = EDGE_CURVE ( 'NONE', #862, #4021, #5921, .T. ) ;
#5588 = CARTESIAN_POINT ( 'NONE',  ( -7.999999999999972466, 0.000000000000000000, 0.000000000000000000 ) ) ;
#5589 = VECTOR ( 'NONE', #2970, 1000.000000000000000 ) ;
#5590 = CIRCLE ( 'NONE', #5881, 37.15350152500619174 ) ;
#5591 = DIRECTION ( 'NONE',  ( 1.000000000000000000, 5.793456394897969729E-18, 1.367446332762960049E-17 ) ) ;
#5592 = ORIENTED_EDGE ( 'NONE', *, *, #324, .F. ) ;
#5593 = EDGE_LOOP ( 'NONE', ( #3959, #4554, #3004, #3160 ) ) ;
#5594 = CARTESIAN_POINT ( 'NONE',  ( -1.218788249242489297, -16.15862645402759412, -41.94585004731742828 ) ) ;
#5595 = ORIENTED_EDGE ( 'NONE', *, *, #5676, .F. ) ;
#5596 = AXIS2_PLACEMENT_3D ( 'NONE', #1612, #3126, #3001 ) ;
#5597 = EDGE_CURVE ( 'NONE', #2179, #948, #770, .T. ) ;
#5598 = ORIENTED_EDGE ( 'NONE', *, *, #5859, .T. ) ;
#5599 = ORIENTED_EDGE ( 'NONE', *, *, #1818, .F. ) ;
#5600 = DIRECTION ( 'NONE',  ( 1.447274064869760388E-17, -0.1736481776669301369, -0.9848077530122080203 ) ) ;
#5601 = CARTESIAN_POINT ( 'NONE',  ( -13.60000017881390022, -41.00000061094760184, 4.000000000000000000 ) ) ;
#5602 = LINE ( 'NONE', #3216, #3110 ) ;
#5603 = CARTESIAN_POINT ( 'NONE',  ( -1.745376839037289241, 42.49493938474078902, 5.751714103288663615 ) ) ;
#5604 = CYLINDRICAL_SURFACE ( 'NONE', #3161, 16.29999999999999361 ) ;
#5605 = ORIENTED_EDGE ( 'NONE', *, *, #42, .F. ) ;
#5606 = ORIENTED_EDGE ( 'NONE', *, *, #284, .F. ) ;
#5607 = DIRECTION ( 'NONE',  ( 1.000000000000000000, 0.000000000000000000, 0.000000000000000000 ) ) ;
#5608 = CARTESIAN_POINT ( 'NONE',  ( -13.47837688617057061, 12.72820646919557142, 34.90716347089951199 ) ) ;
#5609 = PLANE ( 'NONE',  #912 ) ;
#5610 = FACE_BOUND ( 'NONE', #3691, .T. ) ;
#5611 = DIRECTION ( 'NONE',  ( 1.000000000000000000, 5.793456394897969729E-18, 1.367446332762960049E-17 ) ) ;
#5612 = CARTESIAN_POINT ( 'NONE',  ( 16.00000000000000000, -6.451637833762831953, -36.58905635337700346 ) ) ;
#5613 = DIRECTION ( 'NONE',  ( -3.330895137017530528E-18, 0.9848077530122082424, -0.1736481776669300259 ) ) ;
#5614 = CIRCLE ( 'NONE', #1033, 37.15350152500629122 ) ;
#5615 = DIRECTION ( 'NONE',  ( 0.000000000000000000, -0.1736481776669316912, -0.9848077530122077983 ) ) ;
#5616 = B_SPLINE_CURVE_WITH_KNOTS ( 'NONE', 3,
 ( #1505, #5651, #1383, #2837, #1904, #4751, #3265, #512, #4308, #5278, #1005, #450, #4456, #4993, #3425 ),
 .UNSPECIFIED., .F., .F.,
 ( 4, 2, 1, 2, 2, 1, 1, 2, 4 ),
 ( 0.000000000000000000, 0.2500000000000127676, 0.3125000000000158762, 0.3281250000000164868, 0.3359375000000171529, 0.3437500000000178191, 0.3750000000000166533, 0.5000000000000131006, 1.000000000000000000 ),
 .UNSPECIFIED. ) ;
#5617 = LINE ( 'NONE', #6083, #5192 ) ;
#5618 = EDGE_CURVE ( 'NONE', #395, #2676, #2331, .T. ) ;
#5619 = CIRCLE ( 'NONE', #4330, 2.000000000000002220 ) ;
#5620 = DIRECTION ( 'NONE',  ( 1.447274064869760388E-17, -0.1736481776669301369, -0.9848077530122080203 ) ) ;
#5621 = CARTESIAN_POINT ( 'NONE',  ( -44.40000068545340639, 13.00000019371509907, 1.000000000000000000 ) ) ;
#5622 = VERTEX_POINT ( 'NONE', #5509 ) ;
#5623 = EDGE_LOOP ( 'NONE', ( #643, #1692 ) ) ;
#5624 = CARTESIAN_POINT ( 'NONE',  ( 0.6437137282376725889, -16.13618847654089450, -41.99271056817116943 ) ) ;
#5625 = CYLINDRICAL_SURFACE ( 'NONE', #5866, 11.50000000000000000 ) ;
#5626 = AXIS2_PLACEMENT_3D ( 'NONE', #4190, #5570, #1823 ) ;
#5627 = ORIENTED_EDGE ( 'NONE', *, *, #3294, .F. ) ;
#5628 = CIRCLE ( 'NONE', #6019, 11.50000000000000178 ) ;
#5629 =( GEOMETRIC_REPRESENTATION_CONTEXT ( 3 ) GLOBAL_UNCERTAINTY_ASSIGNED_CONTEXT ( ( #4027 ) ) GLOBAL_UNIT_ASSIGNED_CONTEXT ( ( #4719, #5714, #3335 ) ) REPRESENTATION_CONTEXT ( 'NONE', 'WORKASPACE' ) );
#5630 = CARTESIAN_POINT ( 'NONE',  ( 16.00000000000000000, 21.48773309373349960, 25.60808311116269920 ) ) ;
#5631 = APPLICATION_CONTEXT ( 'automotive_design' ) ;
#5632 = CARTESIAN_POINT ( 'NONE',  ( 5.960124844366230154E-15, 54.73764378426398736, 34.01162085151230485 ) ) ;
#5633 = CARTESIAN_POINT ( 'NONE',  ( -1.999970075375735012, 42.58344617496107531, 4.729116730143098302 ) ) ;
#5634 = CARTESIAN_POINT ( 'NONE',  ( -15.00000000000000000, 0.1837305293149807395, 16.77058848403524749 ) ) ;
#5635 = ORIENTED_EDGE ( 'NONE', *, *, #4458, .F. ) ;
#5636 = ORIENTED_EDGE ( 'NONE', *, *, #3049, .T. ) ;
#5637 = EDGE_CURVE ( 'NONE', #5841, #1479, #1613, .T. ) ;
#5638 = CIRCLE ( 'NONE', #5144, 5.999999999999999112 ) ;
#5639 = CARTESIAN_POINT ( 'NONE',  ( 11.81177564388629797, 34.90488705693309868, -6.076520203596920133 ) ) ;
#5640 = CARTESIAN_POINT ( 'NONE',  ( -14.03345151456114337, 17.54688693518758313, 32.74961418791700396 ) ) ;
#5641 = DIRECTION ( 'NONE',  ( 0.000000000000000000, -0.1736481776669280275, -0.9848077530122083534 ) ) ;
#5642 = DIRECTION ( 'NONE',  ( 1.000000000000000000, 5.793456394897969729E-18, 1.367446332762960049E-17 ) ) ;
#5643 = CARTESIAN_POINT ( 'NONE',  ( -15.00000000000000000, 0.000000000000000000, 0.000000000000000000 ) ) ;
#5644 = LINE ( 'NONE', #2761, #5170 ) ;
#5645 = PLANE ( 'NONE',  #3973 ) ;
#5646 = B_SPLINE_CURVE_WITH_KNOTS ( 'NONE', 3,
 ( #4201, #1861, #1345, #5238 ),
 .UNSPECIFIED., .F., .F.,
 ( 4, 4 ),
 ( -0.5366214236190567366, -0.5320256192707849552 ),
 .UNSPECIFIED. ) ;
#5647 = CARTESIAN_POINT ( 'NONE',  ( 14.99883733997925539, 26.49461723870211216, 26.04873246171521117 ) ) ;
#5648 = DIRECTION ( 'NONE',  ( 0.000000000000000000, 0.000000000000000000, 1.000000000000000000 ) ) ;
#5649 = EDGE_CURVE ( 'NONE', #2511, #1704, #2923, .T. ) ;
#5650 = DIRECTION ( 'NONE',  ( -3.330895137017530528E-18, 0.9848077530122082424, -0.1736481776669300259 ) ) ;
#5651 = CARTESIAN_POINT ( 'NONE',  ( 12.13906033372756532, 28.42164918143800634, 20.69843751754820005 ) ) ;
#5652 = AXIS2_PLACEMENT_3D ( 'NONE', #4166, #436, #5145 ) ;
#5653 = ORIENTED_EDGE ( 'NONE', *, *, #5587, .F. ) ;
#5654 = CARTESIAN_POINT ( 'NONE',  ( -4.913921264087513840, -3.922034750180254381, -43.99853427984166387 ) ) ;
#5655 = EDGE_CURVE ( 'NONE', #1495, #4853, #2230, .T. ) ;
#5656 = LINE ( 'NONE', #2397, #2335 ) ;
#5657 = EDGE_LOOP ( 'NONE', ( #5298, #2672, #5894, #2437 ) ) ;
#5658 = EDGE_CURVE ( 'NONE', #862, #5966, #272, .T. ) ;
#5659 = CARTESIAN_POINT ( 'NONE',  ( -2.366858573034872126, -15.56044545222024844, -42.02383150205529461 ) ) ;
#5660 = CARTESIAN_POINT ( 'NONE',  ( 11.81963731049270017, -22.54225385574099860, -27.31139892793380142 ) ) ;
#5661 = ORIENTED_EDGE ( 'NONE', *, *, #5000, .T. ) ;
#5662 = CARTESIAN_POINT ( 'NONE',  ( -1.400000000000000133, 0.000000000000000000, 0.000000000000000000 ) ) ;
#5663 = CARTESIAN_POINT ( 'NONE',  ( 4.549567843633699896E-15, 54.44983298061829657, 20.86182370701970257 ) ) ;
#5664 = CARTESIAN_POINT ( 'NONE',  ( -1.487492057265366485, 42.78377969121410018, 3.348831306790540197 ) ) ;
#5665 = DIRECTION ( 'NONE',  ( 0.000000000000000000, 0.1736481776669319410, 0.9848077530122076872 ) ) ;
#5666 = ORIENTED_EDGE ( 'NONE', *, *, #6126, .F. ) ;
#5667 = CIRCLE ( 'NONE', #1, 2.000000000000000444 ) ;
#5668 = ORIENTED_EDGE ( 'NONE', *, *, #52, .T. ) ;
#5669 = CARTESIAN_POINT ( 'NONE',  ( 11.81116938234860037, 34.88964784121870366, -6.170974541040829209 ) ) ;
#5670 = CARTESIAN_POINT ( 'NONE',  ( -14.56995404921707760, 21.51718959545561560, 30.28878974729256868 ) ) ;
#5671 = DIRECTION ( 'NONE',  ( 0.000000000000000000, -0.8660254037844362651, 0.5000000000000039968 ) ) ;
#5672 = FACE_OUTER_BOUND ( 'NONE', #4384, .T. ) ;
#5673 = DIRECTION ( 'NONE',  ( -1.000000000000000000, -5.793456394897969729E-18, -1.367446332762960049E-17 ) ) ;
#5674 = CARTESIAN_POINT ( 'NONE',  ( 6.169446932624264777E-15, 57.05455564562225135, 35.63394000220282720 ) ) ;
#5675 = DIRECTION ( 'NONE',  ( 1.000000000000000000, 0.000000000000000000, 0.000000000000000000 ) ) ;
#5676 = EDGE_CURVE ( 'NONE', #948, #1603, #5973, .T. ) ;
#5677 = VECTOR ( 'NONE', #1908, 1000.000000000000114 ) ;
#5678 = CARTESIAN_POINT ( 'NONE',  ( 14.87691197294736156, 24.24179676355765167, 28.16409557836838573 ) ) ;
#5679 = CARTESIAN_POINT ( 'NONE',  ( 11.00000000000000000, -21.59889853575750251, -23.61117493988919946 ) ) ;
#5680 = PRODUCT_DEFINITION_SHAPE ( 'NONE', 'NONE',  #2827 ) ;
#5681 = DIRECTION ( 'NONE',  ( 1.000000000000000000, 0.000000000000000000, 0.000000000000000000 ) ) ;
#5682 = DIRECTION ( 'NONE',  ( 1.000000000000000000, -0.000000000000000000, -0.000000000000000000 ) ) ;
#5683 = ORIENTED_EDGE ( 'NONE', *, *, #386, .T. ) ;
#5684 = CARTESIAN_POINT ( 'NONE',  ( -2.747892136910177641, 0.06832655425936014215, -44.74612288468147625 ) ) ;
#5685 = VERTEX_POINT ( 'NONE', #302 ) ;
#5686 = CIRCLE ( 'NONE', #1895, 2.000000000000000444 ) ;
#5687 = EDGE_CURVE ( 'NONE', #5117, #5067, #1544, .T. ) ;
#5688 = AXIS2_PLACEMENT_3D ( 'NONE', #5865, #3487, #3016 ) ;
#5689 = ORIENTED_EDGE ( 'NONE', *, *, #3890, .T. ) ;
#5690 = EDGE_LOOP ( 'NONE', ( #3814, #1256, #3874, #1784, #671 ) ) ;
#5691 = VECTOR ( 'NONE', #164, 1000.000000000000000 ) ;
#5692 = AXIS2_PLACEMENT_3D ( 'NONE', #2765, #911, #4679 ) ;
#5693 = CARTESIAN_POINT ( 'NONE',  ( 4.556229633907740380E-15, 52.48021747459389985, 21.20912006235359826 ) ) ;
#5694 = AXIS2_PLACEMENT_3D ( 'NONE', #3032, #3063, #3969 ) ;
#5695 = CARTESIAN_POINT ( 'NONE',  ( 1.107571402461353660, 0.7385291612267413930, -44.95301167529098763 ) ) ;
#5696 = CARTESIAN_POINT ( 'NONE',  ( -1.712191573471167239, 42.49150373814342885, 5.810124353663615793 ) ) ;
#5697 = DIRECTION ( 'NONE',  ( 1.000000000000000000, 5.793456394897969729E-18, 1.367446332762960049E-17 ) ) ;
#5698 = VERTEX_POINT ( 'NONE', #3127 ) ;
#5699 = PRODUCT_RELATED_PRODUCT_CATEGORY ( 'part', '', ( #1787 ) ) ;
#5700 = VERTEX_POINT ( 'NONE', #5446 ) ;
#5701 = ADVANCED_FACE ( 'NONE', ( #4977 ), #3033, .F. ) ;
#5702 = LINE ( 'NONE', #1463, #581 ) ;
#5703 = CARTESIAN_POINT ( 'NONE',  ( -14.60083463404198589, 21.75711862881003000, 30.11672651503500120 ) ) ;
#5704 = DIRECTION ( 'NONE',  ( 1.000000000000000000, -0.000000000000000000, -0.000000000000000000 ) ) ;
#5705 = PLANE ( 'NONE',  #1321 ) ;
#5706 = CARTESIAN_POINT ( 'NONE',  ( 14.00000000000000000, -3.232693901945260157E-15, 3.842306916168400005E-16 ) ) ;
#5707 = CARTESIAN_POINT ( 'NONE',  ( 11.35091427107703410, 37.29131266345847706, 13.92887964762945074 ) ) ;
#5708 = CYLINDRICAL_SURFACE ( 'NONE', #1775, 2.000000000000000444 ) ;
#5709 = CARTESIAN_POINT ( 'NONE',  ( 14.94857990013724702, 25.23180578213422720, 27.27157471314551529 ) ) ;
#5710 = DIRECTION ( 'NONE',  ( 0.000000000000000000, -1.000000000000000000, 0.000000000000000000 ) ) ;
#5711 = PLANE ( 'NONE',  #2653 ) ;
#5712 = CARTESIAN_POINT ( 'NONE',  ( -15.00000000000000000, 0.000000000000000000, -0.000000000000000000 ) ) ;
#5713 = CARTESIAN_POINT ( 'NONE',  ( -3.104384025582452633, -0.2890645300188757760, -44.67544977605732015 ) ) ;
#5714 =( NAMED_UNIT ( * ) PLANE_ANGLE_UNIT ( ) SI_UNIT ( $, .RADIAN. ) );
#5715 = ORIENTED_EDGE ( 'NONE', *, *, #3777, .T. ) ;
#5716 = AXIS2_PLACEMENT_3D ( 'NONE', #923, #5106, #4189 ) ;
#5717 = CARTESIAN_POINT ( 'NONE',  ( 11.84890924854319927, -23.18064293685770139, -26.68693285532869908 ) ) ;
#5718 = ORIENTED_EDGE ( 'NONE', *, *, #836, .F. ) ;
#5719 = CYLINDRICAL_SURFACE ( 'NONE', #3621, 14.99999999999999822 ) ;
#5720 = EDGE_LOOP ( 'NONE', ( #5096, #405, #898, #494, #291 ) ) ;
#5721 = CARTESIAN_POINT ( 'NONE',  ( 4.483002709893745497, -4.940330599428716774, -44.03818874691859264 ) ) ;
#5722 = CARTESIAN_POINT ( 'NONE',  ( 11.00000000000000000, 19.50185876818270359, 25.37080023542530327 ) ) ;
#5723 = DIRECTION ( 'NONE',  ( 1.000000000000000000, 0.000000000000000000, 0.000000000000000000 ) ) ;
#5724 = EDGE_LOOP ( 'NONE', ( #274, #4927, #2581, #4960 ) ) ;
#5725 = AXIS2_PLACEMENT_3D ( 'NONE', #78, #2453, #3365 ) ;
#5726 = EDGE_LOOP ( 'NONE', ( #3466, #5094 ) ) ;
#5727 = VECTOR ( 'NONE', #3401, 1000.000000000000000 ) ;
#5728 = DIRECTION ( 'NONE',  ( -1.000000000000000000, -5.793456394897969729E-18, -1.367446332762960049E-17 ) ) ;
#5729 = CARTESIAN_POINT ( 'NONE',  ( -13.63776864082108631, 14.32788568773631610, 34.27970801110413390 ) ) ;
#5730 = CYLINDRICAL_SURFACE ( 'NONE', #2386, 17.99999999999999645 ) ;
#5731 = CARTESIAN_POINT ( 'NONE',  ( 14.00000000000000000, -32.92111706335690258, 5.804881173331500221 ) ) ;
#5732 = CARTESIAN_POINT ( 'NONE',  ( -15.53241216860679863, 52.06781672004439798, 30.38782012696750101 ) ) ;
#5733 = CARTESIAN_POINT ( 'NONE',  ( 6.217221785154640301, 42.70384876819023390, 9.067242251111203188 ) ) ;
#5734 = FACE_OUTER_BOUND ( 'NONE', #2613, .T. ) ;
#5735 = CIRCLE ( 'NONE', #5829, 21.50000000000000000 ) ;
#5736 =( GEOMETRIC_REPRESENTATION_CONTEXT ( 3 ) GLOBAL_UNCERTAINTY_ASSIGNED_CONTEXT ( ( #1101 ) ) GLOBAL_UNIT_ASSIGNED_CONTEXT ( ( #1876, #1007, #422 ) ) REPRESENTATION_CONTEXT ( 'NONE', 'WORKASPACE' ) );
#5737 = EDGE_CURVE ( 'NONE', #2945, #1551, #1637, .T. ) ;
#5738 = CARTESIAN_POINT ( 'NONE',  ( 14.62260729822769889, 21.92979756712985306, 29.99110964238776234 ) ) ;
#5739 = EDGE_CURVE ( 'NONE', #5187, #3665, #459, .T. ) ;
#5740 = FACE_OUTER_BOUND ( 'NONE', #4003, .T. ) ;
#5741 = CARTESIAN_POINT ( 'NONE',  ( 4.070792364719829340E-15, 51.68269983300235992, 5.168631794484149999 ) ) ;
#5742 = ORIENTED_EDGE ( 'NONE', *, *, #3239, .T. ) ;
#5743 = CARTESIAN_POINT ( 'NONE',  ( 11.81621205001870045, 11.90535163005180053, -33.35949269361240255 ) ) ;
#5744 = CARTESIAN_POINT ( 'NONE',  ( -44.40000068545340639, -41.00000061094760184, 1.000000000000000000 ) ) ;
#5745 = CARTESIAN_POINT ( 'NONE',  ( -5.107840837270866352, -4.786467938816332257, -43.84305369940302910 ) ) ;
#5746 = VERTEX_POINT ( 'NONE', #709 ) ;
#5747 = EDGE_CURVE ( 'NONE', #2148, #2045, #2032, .T. ) ;
#5748 = VERTEX_POINT ( 'NONE', #5944 ) ;
#5749 = CIRCLE ( 'NONE', #5947, 1.600000000000000755 ) ;
#5750 = ORIENTED_EDGE ( 'NONE', *, *, #4397, .F. ) ;
#5751 = CARTESIAN_POINT ( 'NONE',  ( 2.406906195665063031, -0.2763229291763218409, -44.80527813360437506 ) ) ;
#5752 = CARTESIAN_POINT ( 'NONE',  ( -15.00000000000000000, 0.1837305293149807395, 16.77058848403524749 ) ) ;
#5753 = ORIENTED_EDGE ( 'NONE', *, *, #4347, .F. ) ;
#5754 = AXIS2_PLACEMENT_3D ( 'NONE', #1030, #3419, #41 ) ;
#5755 = ORIENTED_EDGE ( 'NONE', *, *, #878, .T. ) ;
#5756 = CARTESIAN_POINT ( 'NONE',  ( 13.00000000000000000, 11.43338396962369963, -31.41296428449399869 ) ) ;
#5757 = CARTESIAN_POINT ( 'NONE',  ( -14.62168299622753764, 21.92240273305847253, 29.99651541998825621 ) ) ;
#5758 = CARTESIAN_POINT ( 'NONE',  ( 15.53241216860679863, 48.95338721709459406, 12.72501270840729859 ) ) ;
#5759 = FACE_BOUND ( 'NONE', #262, .T. ) ;
#5760 = CARTESIAN_POINT ( 'NONE',  ( -0.5319163894940545090, 44.53895708210129811, 6.373824773269072708 ) ) ;
#5761 = CARTESIAN_POINT ( 'NONE',  ( 8.746087669024623423, 40.75654187364553138, 10.90012479560791725 ) ) ;
#5762 = VERTEX_POINT ( 'NONE', #1671 ) ;
#5763 = AXIS2_PLACEMENT_3D ( 'NONE', #719, #2540, #195 ) ;
#5764 = ADVANCED_FACE ( 'NONE', ( #3095 ), #2812, .F. ) ;
#5765 = B_SPLINE_CURVE_WITH_KNOTS ( 'NONE', 3,
 ( #103, #603, #5797, #2050, #1529, #3480, #4866, #5397, #3009, #658, #3978, #1622, #5423, #4010, #4482, #812, #312, #5020, #5517, #3541 ),
 .UNSPECIFIED., .F., .F.,
 ( 4, 2, 2, 2, 2, 2, 2, 2, 2, 4 ),
 ( 0.000000000000000000, 0.1250000000000003608, 0.1875000000000006384, 0.2187500000000009159, 0.2500000000000012212, 0.3750000000000017764, 0.4375000000000018874, 0.5000000000000016653, 0.7500000000000007772, 1.000000000000000000 ),
 .UNSPECIFIED. ) ;
#5766 = EDGE_CURVE ( 'NONE', #1191, #4395, #2312, .T. ) ;
#5767 = CARTESIAN_POINT ( 'NONE',  ( 1.992029675303923275, 42.60361998365389979, 4.554630558591669320 ) ) ;
#5768 = ADVANCED_FACE ( 'NONE', ( #5167 ), #2251, .F. ) ;
#5769 = CARTESIAN_POINT ( 'NONE',  ( 14.63108994842179733, 21.99786911883792584, 29.94123392096930658 ) ) ;
#5770 = CARTESIAN_POINT ( 'NONE',  ( -15.00000000000000000, 9.528415488171638970, -6.438889522640595331 ) ) ;
#5771 = CARTESIAN_POINT ( 'NONE',  ( 4.562891424181769820E-15, 50.51060196856949602, 21.55641641768750105 ) ) ;
#5772 = CARTESIAN_POINT ( 'NONE',  ( -4.721662115557507811, -11.88918759935684299, -42.61062058353360271 ) ) ;
#5773 = EDGE_CURVE ( 'NONE', #1954, #762, #664, .T. ) ;
#5774 = EDGE_CURVE ( 'NONE', #1442, #4408, #3808, .T. ) ;
#5775 = DIRECTION ( 'NONE',  ( -1.000000000000000000, 0.000000000000000000, 0.000000000000000000 ) ) ;
#5776 = CARTESIAN_POINT ( 'NONE',  ( -2.535371989766735279, 0.2551619668578279376, -44.78368056966106536 ) ) ;
#5777 = FACE_OUTER_BOUND ( 'NONE', #2519, .T. ) ;
#5778 = ORIENTED_EDGE ( 'NONE', *, *, #4821, .F. ) ;
#5779 = ORIENTED_EDGE ( 'NONE', *, *, #1226, .F. ) ;
#5780 = EDGE_CURVE ( 'NONE', #4623, #6065, #1546, .T. ) ;
#5781 = CARTESIAN_POINT ( 'NONE',  ( 0.1203996460782008476, 1.072226750085570668, -44.98873682514741290 ) ) ;
#5782 = CARTESIAN_POINT ( 'NONE',  ( -1.052557323639643272, 42.85477484874014209, 2.966246943744543341 ) ) ;
#5783 = EDGE_LOOP ( 'NONE', ( #3147, #3944, #3991, #4513, #3664, #3086, #4765, #827 ) ) ;
#5784 = AXIS2_PLACEMENT_3D ( 'NONE', #1669, #5907, #1700 ) ;
#5785 = ORIENTED_EDGE ( 'NONE', *, *, #3672, .F. ) ;
#5786 = CARTESIAN_POINT ( 'NONE',  ( 11.93488257301919830, 34.42397469407509902, -7.124509508050089757 ) ) ;
#5787 = CARTESIAN_POINT ( 'NONE',  ( -14.98040201784256276, 25.74426477633713617, 26.79867000167907420 ) ) ;
#5788 = CARTESIAN_POINT ( 'NONE',  ( -2.999999999999998224, 0.000000000000000000, -0.000000000000000000 ) ) ;
#5789 = DIRECTION ( 'NONE',  ( 1.000000000000000000, 0.000000000000000000, 0.000000000000000000 ) ) ;
#5790 = LINE ( 'NONE', #595, #3123 ) ;
#5791 = CARTESIAN_POINT ( 'NONE',  ( -4.124269123894197975, 43.67471455891839582, 8.116875770162661041 ) ) ;
#5792 = ORIENTED_EDGE ( 'NONE', *, *, #665, .F. ) ;
#5793 = AXIS2_PLACEMENT_3D ( 'NONE', #1981, #2012, #4413 ) ;
#5794 = AXIS2_PLACEMENT_3D ( 'NONE', #5183, #5681, #1781 ) ;
#5795 = CARTESIAN_POINT ( 'NONE',  ( 1.416202243322188803, 42.79786161063532290, 3.270400396031149182 ) ) ;
#5796 = DIRECTION ( 'NONE',  ( 0.000000000000000000, -0.3420201433256629953, 0.9396926207859104263 ) ) ;
#5797 = CARTESIAN_POINT ( 'NONE',  ( 12.90261225298903724, 20.63896754231329211, 28.46636499857823566 ) ) ;
#5798 = LINE ( 'NONE', #4569, #2255 ) ;
#5799 = CARTESIAN_POINT ( 'NONE',  ( 4.622292027783128532, -9.370875282082016255, -43.26719509869040792 ) ) ;
#5800 = CARTESIAN_POINT ( 'NONE',  ( 14.00000000000000000, 12.99393267361619841, -32.66383907537730380 ) ) ;
#5801 = DIRECTION ( 'NONE',  ( 0.000000000000000000, 0.000000000000000000, 1.000000000000000000 ) ) ;
#5802 = AXIS2_PLACEMENT_3D ( 'NONE', #2556, #2999, #4974 ) ;
#5803 = CARTESIAN_POINT ( 'NONE',  ( 16.00000000000000000, -11.43338396962349890, 31.41296428449409817 ) ) ;
#5804 = EDGE_CURVE ( 'NONE', #4611, #862, #4125, .T. ) ;
#5805 = VERTEX_POINT ( 'NONE', #1514 ) ;
#5806 = AXIS2_PLACEMENT_3D ( 'NONE', #2098, #3498, #708 ) ;
#5807 = ORIENTED_EDGE ( 'NONE', *, *, #2638, .F. ) ;
#5808 = CARTESIAN_POINT ( 'NONE',  ( 2.211372586693737929, -0.07425249025885995169, -44.83605527331680207 ) ) ;
#5809 = CARTESIAN_POINT ( 'NONE',  ( -0.5256379567237943196, 42.90668035954792714, 2.706399082650964960 ) ) ;
#5810 = CARTESIAN_POINT ( 'NONE',  ( -2.999999999999998224, 16.54771003325250334, 2.731242878920251638 ) ) ;
#5811 = ORIENTED_EDGE ( 'NONE', *, *, #5165, .T. ) ;
#5812 = ORIENTED_EDGE ( 'NONE', *, *, #2059, .T. ) ;
#5813 = VERTEX_POINT ( 'NONE', #3842 ) ;
#5814 = CARTESIAN_POINT ( 'NONE',  ( -12.97657276014492211, 24.32273570446484001, 25.38010955379652245 ) ) ;
#5815 = CIRCLE ( 'NONE', #551, 2.999999999999999556 ) ;
#5816 = CARTESIAN_POINT ( 'NONE',  ( 4.549567843633699896E-15, 54.44983298061829657, 20.86182370701970257 ) ) ;
#5817 = EDGE_CURVE ( 'NONE', #610, #612, #2489, .T. ) ;
#5818 = FACE_OUTER_BOUND ( 'NONE', #3251, .T. ) ;
#5819 = CYLINDRICAL_SURFACE ( 'NONE', #3194, 37.15350152500619174 ) ;
#5820 = CIRCLE ( 'NONE', #5524, 2.000000000000001332 ) ;
#5821 = DIRECTION ( 'NONE',  ( 1.000000000000000000, -0.000000000000000000, 0.000000000000000000 ) ) ;
#5822 = DIRECTION ( 'NONE',  ( 1.000000000000000000, 5.793456394897969729E-18, 1.367446332762960049E-17 ) ) ;
#5823 = ORIENTED_EDGE ( 'NONE', *, *, #5121, .T. ) ;
#5824 = AXIS2_PLACEMENT_3D ( 'NONE', #3173, #4644, #5087 ) ;
#5825 = AXIS2_PLACEMENT_3D ( 'NONE', #1641, #1175, #3499 ) ;
#5826 = EDGE_CURVE ( 'NONE', #3713, #4278, #584, .T. ) ;
#5827 = CARTESIAN_POINT ( 'NONE',  ( 1.677149308940541594, 42.73926741160481413, 3.606441582673448387 ) ) ;
#5828 = CARTESIAN_POINT ( 'NONE',  ( 13.68871643153713258, 14.78387341172977365, 34.08554821788546718 ) ) ;
#5829 = AXIS2_PLACEMENT_3D ( 'NONE', #1666, #798, #3657 ) ;
#5830 = AXIS2_PLACEMENT_3D ( 'NONE', #5468, #2579, #1601 ) ;
#5831 = CARTESIAN_POINT ( 'NONE',  ( 11.00000000000000000, 9.648428043263841403, -30.51078229567309918 ) ) ;
#5832 = CARTESIAN_POINT ( 'NONE',  ( 3.249791240368544720, -13.77833371088423320, -42.46527156924960877 ) ) ;
#5833 = DIRECTION ( 'NONE',  ( 1.446660789891119018E-17, -0.5881647389713260399, -0.8087411451328490042 ) ) ;
#5834 = CARTESIAN_POINT ( 'NONE',  ( -15.00000000000000000, 0.000000000000000000, 0.000000000000000000 ) ) ;
#5835 = EDGE_CURVE ( 'NONE', #6071, #1551, #4819, .T. ) ;
#5836 = ORIENTED_EDGE ( 'NONE', *, *, #5550, .F. ) ;
#5837 = EDGE_CURVE ( 'NONE', #159, #1752, #2374, .T. ) ;
#5838 = EDGE_CURVE ( 'NONE', #2266, #4122, #355, .T. ) ;
#5839 = VERTEX_POINT ( 'NONE', #2905 ) ;
#5840 = DIRECTION ( 'NONE',  ( 1.000000000000000000, -0.000000000000000000, -0.000000000000000000 ) ) ;
#5841 = VERTEX_POINT ( 'NONE', #5285 ) ;
#5842 = UNCERTAINTY_MEASURE_WITH_UNIT (LENGTH_MEASURE( 1.000000000000000082E-05 ), #2813, 'distance_accuracy_value', 'NONE');
#5843 = ORIENTED_EDGE ( 'NONE', *, *, #3294, .T. ) ;
#5844 = EDGE_LOOP ( 'NONE', ( #5911, #6015 ) ) ;
#5845 = CARTESIAN_POINT ( 'NONE',  ( -12.13152870353307655, 11.73461145197407163, 33.13789756480350235 ) ) ;
#5846 = CARTESIAN_POINT ( 'NONE',  ( -13.69594756800715096, 32.26060862467947032, 18.46795635656414092 ) ) ;
#5847 = CARTESIAN_POINT ( 'NONE',  ( 6.000000000000000000, -11.08608761428964051, 33.38257979051851265 ) ) ;
#5848 = CIRCLE ( 'NONE', #2451, 2.000000000000000444 ) ;
#5849 = CYLINDRICAL_SURFACE ( 'NONE', #3013, 17.99999999999999645 ) ;
#5850 = CARTESIAN_POINT ( 'NONE',  ( -0.5311429791497100927, 44.93120318035178684, 2.351933743711299041 ) ) ;
#5851 = CARTESIAN_POINT ( 'NONE',  ( -49.00000073015689850, -44.00000065565109963, 1.000000000000000000 ) ) ;
#5852 = ORIENTED_EDGE ( 'NONE', *, *, #4747, .F. ) ;
#5853 = MECHANICAL_DESIGN_GEOMETRIC_PRESENTATION_REPRESENTATION (  '', ( #783 ), #5434 ) ;
#5854 = CARTESIAN_POINT ( 'NONE',  ( 0.1299011473269368333, 42.91811972561887245, 2.652357294453567160 ) ) ;
#5855 = DIRECTION ( 'NONE',  ( 0.000000000000000000, 0.000000000000000000, -1.000000000000000000 ) ) ;
#5856 = CARTESIAN_POINT ( 'NONE',  ( 16.00000000000000000, -3.221106989155459856E-15, 4.115796182720999718E-16 ) ) ;
#5857 = CARTESIAN_POINT ( 'NONE',  ( -2.999999999999998224, 0.1837305293149807395, 16.77058848403524749 ) ) ;
#5858 = FACE_BOUND ( 'NONE', #62, .T. ) ;
#5859 = EDGE_CURVE ( 'NONE', #1510, #139, #1935, .T. ) ;
#5860 = CARTESIAN_POINT ( 'NONE',  ( 4.658711157406412617, -9.016855652324004211, -43.32996605146553293 ) ) ;
#5861 = CIRCLE ( 'NONE', #3957, 17.99999999999999289 ) ;
#5862 = CIRCLE ( 'NONE', #4058, 2.000000000000000444 ) ;
#5863 = ORIENTED_EDGE ( 'NONE', *, *, #1735, .F. ) ;
#5864 = DIRECTION ( 'NONE',  ( 0.000000000000000000, -0.1736481776669298593, -0.9848077530122082424 ) ) ;
#5865 = CARTESIAN_POINT ( 'NONE',  ( 13.00000000000000000, -3.238487358340159716E-15, 3.705562282892109516E-16 ) ) ;
#5866 = AXIS2_PLACEMENT_3D ( 'NONE', #891, #3680, #2775 ) ;
#5867 = VERTEX_POINT ( 'NONE', #1459 ) ;
#5868 = CARTESIAN_POINT ( 'NONE',  ( 11.93488257301919830, -3.244658069708820104E-15, 3.559913190943430128E-16 ) ) ;
#5869 = ORIENTED_EDGE ( 'NONE', *, *, #4813, .T. ) ;
#5870 = ORIENTED_EDGE ( 'NONE', *, *, #4678, .T. ) ;
#5871 = VERTEX_POINT ( 'NONE', #4849 ) ;
#5872 = DIRECTION ( 'NONE',  ( 0.000000000000000000, -0.1736481776669298593, -0.9848077530122082424 ) ) ;
#5873 = CARTESIAN_POINT ( 'NONE',  ( -14.62112686529481209, 21.91795610059800836, 29.99976499186345080 ) ) ;
#5874 = DIRECTION ( 'NONE',  ( -3.330895137017530528E-18, 0.9848077530122082424, -0.1736481776669300259 ) ) ;
#5875 = LINE ( 'NONE', #2559, #2393 ) ;
#5876 = CARTESIAN_POINT ( 'NONE',  ( 4.113061426565299975E-15, 47.39617246561969921, 3.893608999127440295 ) ) ;
#5877 = CARTESIAN_POINT ( 'NONE',  ( 3.908361314576536572, 43.77750044662154494, 8.016029574321740014 ) ) ;
#5878 = EDGE_LOOP ( 'NONE', ( #4648, #201, #4624, #4056 ) ) ;
#5879 = PRODUCT_DEFINITION_SHAPE ( 'NONE', 'NONE',  #1283 ) ;
#5880 = AXIS2_PLACEMENT_3D ( 'NONE', #830, #5971, #4499 ) ;
#5881 = AXIS2_PLACEMENT_3D ( 'NONE', #2047, #5393, #1496 ) ;
#5882 = ADVANCED_FACE ( 'NONE', ( #3343 ), #2461, .T. ) ;
#5883 = VECTOR ( 'NONE', #2505, 1000.000000000000114 ) ;
#5884 = B_SPLINE_CURVE_WITH_KNOTS ( 'NONE', 3,
 ( #4750, #481, #5914, #1445, #1115, #4273, #655, #5743, #683, #1587, #2892, #5394, #1903, #3797 ),
 .UNSPECIFIED., .F., .F.,
 ( 4, 2, 2, 2, 2, 2, 4 ),
 ( -0.7526348448579440742, -0.6942082074350789389, -0.6595797146024520163, -0.6308857898291539978, -0.5983807620151280204, -0.5462999521631760613, -0.5366214236190567366 ),
 .UNSPECIFIED. ) ;
#5885 = CARTESIAN_POINT ( 'NONE',  ( 0.8877812789365870927, 42.87438790150033441, 2.867041086647823978 ) ) ;
#5886 = CARTESIAN_POINT ( 'NONE',  ( -4.089512154046215819, 40.96323455664575164, 10.70942779181931392 ) ) ;
#5887 = AXIS2_PLACEMENT_3D ( 'NONE', #2235, #847, #5929 ) ;
#5888 = CARTESIAN_POINT ( 'NONE',  ( 11.00000000000000000, -19.50185876818250108, -25.37080023542539919 ) ) ;
#5889 = DIRECTION ( 'NONE',  ( 0.000000000000000000, -0.9396926207859044311, -0.3420201433256797041 ) ) ;
#5890 = CARTESIAN_POINT ( 'NONE',  ( -39.00000058114530077, 16.00000023841859687, 1.000000000000000000 ) ) ;
#5891 = AXIS2_PLACEMENT_3D ( 'NONE', #210, #4946, #1670 ) ;
#5892 = CARTESIAN_POINT ( 'NONE',  ( 1.876256231647045691, -15.44088264515599995, -42.14274258413124130 ) ) ;
#5893 = EDGE_CURVE ( 'NONE', #1704, #2511, #1837, .T. ) ;
#5894 = ORIENTED_EDGE ( 'NONE', *, *, #403, .T. ) ;
#5895 = CARTESIAN_POINT ( 'NONE',  ( -15.00000000000000000, -0.000000000000000000, 0.000000000000000000 ) ) ;
#5896 = LINE ( 'NONE', #3458, #416 ) ;
#5897 =( LENGTH_UNIT ( ) NAMED_UNIT ( * ) SI_UNIT ( .MILLI., .METRE. ) );
#5898 = EDGE_CURVE ( 'NONE', #5275, #2744, #4316, .T. ) ;
#5899 = VERTEX_POINT ( 'NONE', #3900 ) ;
#5900 = CARTESIAN_POINT ( 'NONE',  ( -5.188475765249936700, -9.911099604873873758, -42.94554815202542386 ) ) ;
#5901 = EDGE_LOOP ( 'NONE', ( #1025, #3172, #3722, #2584 ) ) ;
#5902 = ORIENTED_EDGE ( 'NONE', *, *, #4251, .T. ) ;
#5903 = PRODUCT_DEFINITION_CONTEXT ( 'detailed design', #4992, 'design' ) ;
#5904 = ORIENTED_EDGE ( 'NONE', *, *, #5118, .T. ) ;
#5905 = FACE_OUTER_BOUND ( 'NONE', #2022, .T. ) ;
#5906 = CARTESIAN_POINT ( 'NONE',  ( 4.427975230314105559, 40.80307074920535371, 10.85674086920789350 ) ) ;
#5907 = DIRECTION ( 'NONE',  ( -4.163336342344335178E-17, 0.9848077530122082424, -0.1736481776669300259 ) ) ;
#5908 = CARTESIAN_POINT ( 'NONE',  ( -13.18436255310560057, -3.390185321019769590E-15, 1.249912279940980135E-17 ) ) ;
#5909 = DIRECTION ( 'NONE',  ( -3.330895137017530528E-18, 0.9848077530122082424, -0.1736481776669300259 ) ) ;
#5910 = CARTESIAN_POINT ( 'NONE',  ( -46.00000068545340071, -41.00000061094760184, 4.000000000000000000 ) ) ;
#5911 = ORIENTED_EDGE ( 'NONE', *, *, #2254, .F. ) ;
#5912 = AXIS2_PLACEMENT_3D ( 'NONE', #2730, #3821, #1804 ) ;
#5913 = FACE_OUTER_BOUND ( 'NONE', #4465, .T. ) ;
#5914 = CARTESIAN_POINT ( 'NONE',  ( 11.86198706381790124, 12.73419459711779922, -32.94442013259390478 ) ) ;
#5915 = ADVANCED_FACE ( 'NONE', ( #1072 ), #5257, .T. ) ;
#5916 = CARTESIAN_POINT ( 'NONE',  ( 13.65639486080901221, 14.49707462745299047, 34.20844220910403521 ) ) ;
#5917 = LINE ( 'NONE', #1536, #2256 ) ;
#5918 = EDGE_CURVE ( 'NONE', #3953, #3881, #147, .T. ) ;
#5919 = CARTESIAN_POINT ( 'NONE',  ( -2.999999999999998224, -10.63918073367659467, 12.96511582379512717 ) ) ;
#5920 = CARTESIAN_POINT ( 'NONE',  ( -1.400000000000000133, 0.000000000000000000, 0.000000000000000000 ) ) ;
#5921 = CIRCLE ( 'NONE', #4626, 35.15350152500619885 ) ;
#5922 = CARTESIAN_POINT ( 'NONE',  ( 4.005029732832586120, -12.13827853696182579, -42.76913431524770459 ) ) ;
#5923 = EDGE_CURVE ( 'NONE', #2770, #3709, #754, .T. ) ;
#5924 = EDGE_LOOP ( 'NONE', ( #3403, #5261, #6146, #6097 ) ) ;
#5925 = AXIS2_PLACEMENT_3D ( 'NONE', #3108, #1220, #5615 ) ;
#5926 = AXIS2_PLACEMENT_3D ( 'NONE', #3612, #5930, #1293 ) ;
#5927 = EDGE_CURVE ( 'NONE', #4617, #2153, #4969, .T. ) ;
#5928 = DIRECTION ( 'NONE',  ( -1.000000000000000000, 0.000000000000000000, 0.000000000000000000 ) ) ;
#5929 = DIRECTION ( 'NONE',  ( 0.000000000000000000, -0.9848077530122085754, -0.1736481776669273613 ) ) ;
#5930 = DIRECTION ( 'NONE',  ( 0.000000000000000000, 0.000000000000000000, 1.000000000000000000 ) ) ;
#5931 = CIRCLE ( 'NONE', #1057, 31.99999999999999645 ) ;
#5932 = VERTEX_POINT ( 'NONE', #1227 ) ;
#5933 = ORIENTED_EDGE ( 'NONE', *, *, #1533, .T. ) ;
#5934 = CARTESIAN_POINT ( 'NONE',  ( -15.53241216860689988, 52.54532187380954156, 10.06080449171539648 ) ) ;
#5935 = ORIENTED_EDGE ( 'NONE', *, *, #1545, .F. ) ;
#5936 = EDGE_CURVE ( 'NONE', #5373, #2902, #4525, .T. ) ;
#5937 = EDGE_LOOP ( 'NONE', ( #2900, #402, #4226, #3652 ) ) ;
#5938 = ORIENTED_EDGE ( 'NONE', *, *, #4076, .F. ) ;
#5939 = ORIENTED_EDGE ( 'NONE', *, *, #5936, .T. ) ;
#5940 = CARTESIAN_POINT ( 'NONE',  ( -12.00000000000000000, 0.000000000000000000, 0.000000000000000000 ) ) ;
#5941 = CARTESIAN_POINT ( 'NONE',  ( -12.00000000000000000, 6.123233995736767268E-16, -5.000000000000000888 ) ) ;
#5942 = DIRECTION ( 'NONE',  ( 0.000000000000000000, 0.1736481776669316912, 0.9848077530122077983 ) ) ;
#5943 = CYLINDRICAL_SURFACE ( 'NONE', #1608, 17.99999999999999645 ) ;
#5944 = CARTESIAN_POINT ( 'NONE',  ( 14.00000000000000000, 21.79074808759569848, 27.58499532810480304 ) ) ;
#5945 = DIRECTION ( 'NONE',  ( 1.000000000000000000, 5.793456394897969729E-18, 1.367446332762960049E-17 ) ) ;
#5946 = VERTEX_POINT ( 'NONE', #5934 ) ;
#5947 = AXIS2_PLACEMENT_3D ( 'NONE', #5481, #3068, #345 ) ;
#5948 = CYLINDRICAL_SURFACE ( 'NONE', #1278, 2.000000000000002220 ) ;
#5949 = FACE_OUTER_BOUND ( 'NONE', #4552, .T. ) ;
#5950 = CARTESIAN_POINT ( 'NONE',  ( -16.00000000000000000, -3.406497593792199596E-15, -2.600320821204820216E-17 ) ) ;
#5951 = DIRECTION ( 'NONE',  ( 0.000000000000000000, 0.8660254037844433705, 0.4999999999999920064 ) ) ;
#5952 = EDGE_CURVE ( 'NONE', #5542, #4699, #462, .T. ) ;
#5953 = CARTESIAN_POINT ( 'NONE',  ( -29.00000043213369949, -14.00000020861629935, 4.000000000000000000 ) ) ;
#5954 = DIRECTION ( 'NONE',  ( 1.000000000000000000, -0.000000000000000000, -0.000000000000000000 ) ) ;
#5955 = VECTOR ( 'NONE', #2889, 1000.000000000000000 ) ;
#5956 = VERTEX_POINT ( 'NONE', #698 ) ;
#5957 = CARTESIAN_POINT ( 'NONE',  ( -44.40000068545340639, 13.00000019371509907, 4.000000000000000000 ) ) ;
#5958 = DIRECTION ( 'NONE',  ( 0.000000000000000000, -0.1736481776669300259, -0.9848077530122081313 ) ) ;
#5959 = CIRCLE ( 'NONE', #1388, 17.99999999999999289 ) ;
#5960 =( LENGTH_UNIT ( ) NAMED_UNIT ( * ) SI_UNIT ( .MILLI., .METRE. ) );
#5961 = ADVANCED_FACE ( 'NONE', ( #202 ), #3521, .F. ) ;
#5962 = ORIENTED_EDGE ( 'NONE', *, *, #976, .F. ) ;
#5963 = ORIENTED_EDGE ( 'NONE', *, *, #628, .T. ) ;
#5964 = CARTESIAN_POINT ( 'NONE',  ( -5.311502075905488063, -8.888656277993096211, -43.12154256155238841 ) ) ;
#5965 = EDGE_LOOP ( 'NONE', ( #5715, #789, #2593, #2996, #1070, #794 ) ) ;
#5966 = VERTEX_POINT ( 'NONE', #292 ) ;
#5967 = VERTEX_POINT ( 'NONE', #3054 ) ;
#5968 = ORIENTED_EDGE ( 'NONE', *, *, #5378, .F. ) ;
#5969 = DIRECTION ( 'NONE',  ( 0.000000000000000000, 0.000000000000000000, 1.000000000000000000 ) ) ;
#5970 = CARTESIAN_POINT ( 'NONE',  ( 8.318308890518578025, 37.57501006712283242, 13.69189267762327766 ) ) ;
#5971 = DIRECTION ( 'NONE',  ( 1.000000000000000000, 0.000000000000000000, -0.000000000000000000 ) ) ;
#5972 = CARTESIAN_POINT ( 'NONE',  ( 4.766658953364163816E-15, 51.84511031561434891, 6.089707411836582374 ) ) ;
#5973 = LINE ( 'NONE', #1137, #3327 ) ;
#5974 = CARTESIAN_POINT ( 'NONE',  ( 3.104979392073973443, 44.01400455763795350, 7.779565490120705640 ) ) ;
#5975 = ORIENTED_EDGE ( 'NONE', *, *, #1929, .F. ) ;
#5976 = DIRECTION ( 'NONE',  ( 1.447274064869758540E-17, -0.1736481776669300536, -0.9848077530122081313 ) ) ;
#5977 = CARTESIAN_POINT ( 'NONE',  ( 11.91268597761789927, -11.14839971211380032, 33.39280971656710051 ) ) ;
#5978 = PLANE ( 'NONE',  #521 ) ;
#5979 = CARTESIAN_POINT ( 'NONE',  ( 0.2666938648682027346, 44.53863155805637319, 6.414746642722484182 ) ) ;
#5980 = AXIS2_PLACEMENT_3D ( 'NONE', #756, #1749, #2641 ) ;
#5981 = LINE ( 'NONE', #3641, #4423 ) ;
#5982 = CARTESIAN_POINT ( 'NONE',  ( -15.00000000000000000, -16.48390109005785220, -13.20687862161088866 ) ) ;
#5983 = EDGE_LOOP ( 'NONE', ( #2192, #3075, #2991, #4445, #3459, #697 ) ) ;
#5984 = VECTOR ( 'NONE', #2799, 1000.000000000000000 ) ;
#5985 = CARTESIAN_POINT ( 'NONE',  ( -15.00000000000000000, -6.751551804625297137, 9.309487001412101392 ) ) ;
#5986 = CARTESIAN_POINT ( 'NONE',  ( 13.00000000000000000, -3.238487358340159716E-15, 3.705562282892109516E-16 ) ) ;
#5987 = SHAPE_REPRESENTATION_RELATIONSHIP ( 'NONE' , 'NONE' ,  #1159, #1255 ) ;
#5988 = ORIENTED_EDGE ( 'NONE', *, *, #751, .F. ) ;
#5989 = ORIENTED_EDGE ( 'NONE', *, *, #2635, .T. ) ;
#5990 = EDGE_CURVE ( 'NONE', #3881, #1752, #3429, .T. ) ;
#5991 = DIRECTION ( 'NONE',  ( 1.000000000000000000, -0.000000000000000000, -0.000000000000000000 ) ) ;
#5992 = ORIENTED_EDGE ( 'NONE', *, *, #973, .F. ) ;
#5993 = ORIENTED_EDGE ( 'NONE', *, *, #5350, .T. ) ;
#5994 = EDGE_LOOP ( 'NONE', ( #642, #2648, #3806, #5171 ) ) ;
#5995 = EDGE_CURVE ( 'NONE', #1752, #3339, #560, .T. ) ;
#5996 = ORIENTED_EDGE ( 'NONE', *, *, #138, .F. ) ;
#5997 = CARTESIAN_POINT ( 'NONE',  ( -12.48477804236056166, 27.56163570094268422, 21.84963572303806600 ) ) ;
#5998 = CARTESIAN_POINT ( 'NONE',  ( 4.893133248815791703, 40.56015672338088507, 11.07908634353692356 ) ) ;
#5999 = DIRECTION ( 'NONE',  ( 1.000000000000000000, 5.793456394897969729E-18, 1.367446332762960049E-17 ) ) ;
#6000 = ADVANCED_BREP_SHAPE_REPRESENTATION ( '', ( #377, #2630 ), #1049 ) ;
#6001 = CARTESIAN_POINT ( 'NONE',  ( 4.669023320441425540, -6.329203298323323068, -43.79991012495702307 ) ) ;
#6002 = CARTESIAN_POINT ( 'NONE',  ( -15.00000000000000000, 14.43189039893187164, -8.544409547855025266 ) ) ;
#6003 = CYLINDRICAL_SURFACE ( 'NONE', #4670, 17.99999999999999645 ) ;
#6004 = ORIENTED_EDGE ( 'NONE', *, *, #2436, .F. ) ;
#6005 = ADVANCED_FACE ( 'NONE', ( #2551, #4526 ), #1720, .F. ) ;
#6006 = ORIENTED_EDGE ( 'NONE', *, *, #1232, .T. ) ;
#6007 = EDGE_CURVE ( 'NONE', #3665, #5187, #6124, .T. ) ;
#6008 = DIRECTION ( 'NONE',  ( 3.330895137017530528E-18, -0.9848077530122082424, 0.1736481776669300259 ) ) ;
#6009 = SURFACE_SIDE_STYLE ('',( #5017 ) ) ;
#6010 = DIRECTION ( 'NONE',  ( -1.000000000000000000, -0.000000000000000000, 0.000000000000000000 ) ) ;
#6011 = DIRECTION ( 'NONE',  ( -1.000000000000000000, -0.000000000000000000, 0.000000000000000000 ) ) ;
#6012 = DIRECTION ( 'NONE',  ( 1.000000000000000000, 5.793456394897969729E-18, 1.367446332762960049E-17 ) ) ;
#6013 = DIRECTION ( 'NONE',  ( 0.000000000000000000, 0.000000000000000000, 1.000000000000000000 ) ) ;
#6014 = ADVANCED_FACE ( 'NONE', ( #3960 ), #263, .F. ) ;
#6015 = ORIENTED_EDGE ( 'NONE', *, *, #6091, .F. ) ;
#6016 = CARTESIAN_POINT ( 'NONE',  ( -15.00000000000000000, -28.35717349932570741, 9.791359003179278986 ) ) ;
#6017 = AXIS2_PLACEMENT_3D ( 'NONE', #5919, #3104, #2636 ) ;
#6018 = DIRECTION ( 'NONE',  ( 1.000000000000000000, 5.793456394897969729E-18, 1.367446332762960049E-17 ) ) ;
#6019 = AXIS2_PLACEMENT_3D ( 'NONE', #5895, #1093, #2024 ) ;
#6020 = VECTOR ( 'NONE', #3595, 1000.000000000000114 ) ;
#6021 = CARTESIAN_POINT ( 'NONE',  ( -16.00000000000000000, 1.041889066001577602, 5.908846518073249676 ) ) ;
#6022 = ORIENTED_EDGE ( 'NONE', *, *, #5737, .F. ) ;
#6023 = ORIENTED_EDGE ( 'NONE', *, *, #4432, .T. ) ;
#6024 = AXIS2_PLACEMENT_3D ( 'NONE', #2095, #4469, #1236 ) ;
#6025 = CLOSED_SHELL ( 'NONE', ( #590, #5701, #3812, #4355, #3906, #4816, #5230, #5315, #3733, #1393, #3989, #2141, #4713, #3396 ) ) ;
#6026 = AXIS2_PLACEMENT_3D ( 'NONE', #4996, #3111, #4518 ) ;
#6027 = EDGE_CURVE ( 'NONE', #2964, #2787, #4744, .T. ) ;
#6028 = CARTESIAN_POINT ( 'NONE',  ( -3.399981862316238335, -14.52017692084626965, -42.18153751122611794 ) ) ;
#6029 = ORIENTED_EDGE ( 'NONE', *, *, #3067, .T. ) ;
#6030 = ORIENTED_EDGE ( 'NONE', *, *, #2333, .T. ) ;
#6031 = ORIENTED_EDGE ( 'NONE', *, *, #2783, .F. ) ;
#6032 = EDGE_CURVE ( 'NONE', #4025, #3376, #3323, .T. ) ;
#6033 = ORIENTED_EDGE ( 'NONE', *, *, #2344, .T. ) ;
#6034 = EDGE_CURVE ( 'NONE', #1984, #916, #2450, .T. ) ;
#6035 = DIRECTION ( 'NONE',  ( 0.000000000000000000, -0.1736481776669300259, -0.9848077530122081313 ) ) ;
#6036 = DIRECTION ( 'NONE',  ( 1.000000000000000000, 5.793456394897969729E-18, 1.367446332762960049E-17 ) ) ;
#6037 = CARTESIAN_POINT ( 'NONE',  ( 11.81177564388629797, -34.90488705693309868, 6.076520203596870395 ) ) ;
#6038 = DIRECTION ( 'NONE',  ( 1.000000000000000000, 5.793456394897969729E-18, 1.367446332762960049E-17 ) ) ;
#6039 = DIRECTION ( 'NONE',  ( -1.447274064869761313E-17, 0.1736481776669315247, 0.9848077530122077983 ) ) ;
#6040 = CARTESIAN_POINT ( 'NONE',  ( 13.00000000000000000, 9.648428043263841403, -30.51078229567309918 ) ) ;
#6041 = EDGE_LOOP ( 'NONE', ( #5004, #486, #5479, #3982, #304 ) ) ;
#6042 = EDGE_CURVE ( 'NONE', #1331, #5685, #1120, .T. ) ;
#6043 = ORIENTED_EDGE ( 'NONE', *, *, #2977, .F. ) ;
#6044 = EDGE_CURVE ( 'NONE', #2459, #5700, #5304, .T. ) ;
#6045 = LINE ( 'NONE', #4069, #4549 ) ;
#6046 = CARTESIAN_POINT ( 'NONE',  ( 11.81963731049270017, -12.38123835661100003, 33.17786396159640105 ) ) ;
#6047 = CARTESIAN_POINT ( 'NONE',  ( -2.999999999999998224, 29.82931294585216264, -3.195635958368312934 ) ) ;
#6048 = DIRECTION ( 'NONE',  ( 1.000000000000000000, 5.793456394897969729E-18, 1.367446332762960049E-17 ) ) ;
#6049 = CARTESIAN_POINT ( 'NONE',  ( -2.999999999999999112, 2.619051511721453007, 11.19779304947852516 ) ) ;
#6050 = DIRECTION ( 'NONE',  ( 0.000000000000000000, 0.000000000000000000, -1.000000000000000000 ) ) ;
#6051 = VERTEX_POINT ( 'NONE', #5455 ) ;
#6052 = AXIS2_PLACEMENT_3D ( 'NONE', #4843, #4954, #1649 ) ;
#6053 = DIRECTION ( 'NONE',  ( 1.000000000000000000, 5.793456394897999774E-18, 1.367446332762961898E-17 ) ) ;
#6054 = ADVANCED_FACE ( 'NONE', ( #1185 ), #3074, .F. ) ;
#6055 = CARTESIAN_POINT ( 'NONE',  ( -12.00000017881390058, 13.00000019371509907, 4.000000000000000000 ) ) ;
#6056 = VECTOR ( 'NONE', #5545, 1000.000000000000000 ) ;
#6057 = ITEM_DEFINED_TRANSFORMATION ( 'NONE', 'NONE', #2515,  #6026 ) ;
#6058 = CARTESIAN_POINT ( 'NONE',  ( 6.000000000000000000, 11.43338396962369963, -31.41296428449399869 ) ) ;
#6059 = ORIENTED_EDGE ( 'NONE', *, *, #2877, .T. ) ;
#6060 = ORIENTED_EDGE ( 'NONE', *, *, #5389, .T. ) ;
#6061 = CARTESIAN_POINT ( 'NONE',  ( -1.765414807416407550, -15.93553970897088412, -41.97247856351558681 ) ) ;
#6062 = DIRECTION ( 'NONE',  ( 0.000000000000000000, 0.9848077530122086864, 0.1736481776669273613 ) ) ;
#6063 = VERTEX_POINT ( 'NONE', #2602 ) ;
#6064 = AXIS2_PLACEMENT_3D ( 'NONE', #2126, #5945, #1672 ) ;
#6065 = VERTEX_POINT ( 'NONE', #4512 ) ;
#6066 = LINE ( 'NONE', #1333, #3736 ) ;
#6067 = LINE ( 'NONE', #2249, #2088 ) ;
#6068 = CARTESIAN_POINT ( 'NONE',  ( -12.00000000000000000, 0.000000000000000000, 0.000000000000000000 ) ) ;
#6069 = CARTESIAN_POINT ( 'NONE',  ( -1.609871228867447490, 42.75661446716435421, 3.504891314566228822 ) ) ;
#6070 = FACE_OUTER_BOUND ( 'NONE', #3494, .T. ) ;
#6071 = VERTEX_POINT ( 'NONE', #254 ) ;
#6072 = ORIENTED_EDGE ( 'NONE', *, *, #5780, .F. ) ;
#6073 = PRODUCT_DEFINITION_SHAPE ( 'NONE', 'NONE',  #5585 ) ;
#6074 = CARTESIAN_POINT ( 'NONE',  ( -11.93488257301919830, -18.89439010744331782, -29.64406672398997244 ) ) ;
#6075 = CARTESIAN_POINT ( 'NONE',  ( 11.81116938234860037, -12.10060320196120109, 33.30080863010860526 ) ) ;
#6076 = DIRECTION ( 'NONE',  ( -1.367446332762960049E-17, 0.000000000000000000, 1.000000000000000000 ) ) ;
#6077 = CARTESIAN_POINT ( 'NONE',  ( -10.40000017881389915, 13.00000019371509907, 4.000000000000000000 ) ) ;
#6078 = DIRECTION ( 'NONE',  ( -1.000000000000000000, -5.793456394897969729E-18, -1.367446332762960049E-17 ) ) ;
#6079 = CARTESIAN_POINT ( 'NONE',  ( 14.00000000000000000, 32.92111706335690258, -5.804881173331500221 ) ) ;
#6080 = EDGE_CURVE ( 'NONE', #2486, #4067, #4044, .T. ) ;
#6081 = ORIENTED_EDGE ( 'NONE', *, *, #3862, .F. ) ;
#6082 = CARTESIAN_POINT ( 'NONE',  ( -2.999999999999998224, -16.48390109005785220, 3.093121378389106280 ) ) ;
#6083 = CARTESIAN_POINT ( 'NONE',  ( 6.000000000000000000, 21.14043673839963944, 23.63846760513828471 ) ) ;
#6084 = EDGE_CURVE ( 'NONE', #2487, #3053, #5530, .T. ) ;
#6085 = VECTOR ( 'NONE', #5444, 1000.000000000000000 ) ;
#6086 = CARTESIAN_POINT ( 'NONE',  ( 16.00000000000000000, -3.221106989155459856E-15, 4.115796182720999718E-16 ) ) ;
#6087 = ORIENTED_EDGE ( 'NONE', *, *, #4357, .T. ) ;
#6088 = VERTEX_POINT ( 'NONE', #1417 ) ;
#6089 = CARTESIAN_POINT ( 'NONE',  ( -2.451355119786308379, -15.49595903261674223, -42.03299958339350439 ) ) ;
#6090 = EDGE_LOOP ( 'NONE', ( #5349, #1827 ) ) ;
#6091 = EDGE_CURVE ( 'NONE', #5348, #5871, #3027, .T. ) ;
#6092 = ORIENTED_EDGE ( 'NONE', *, *, #2703, .F. ) ;
#6093 = CYLINDRICAL_SURFACE ( 'NONE', #4425, 14.99999999999999822 ) ;
#6094 = CARTESIAN_POINT ( 'NONE',  ( 0.000000000000000000, 0.000000000000000000, 0.000000000000000000 ) ) ;
#6095 = CARTESIAN_POINT ( 'NONE',  ( -1.938006286167054615, 42.52975782744651667, 5.270356285612168179 ) ) ;
#6096 = DIRECTION ( 'NONE',  ( 1.000000000000000000, -0.000000000000000000, -0.000000000000000000 ) ) ;
#6097 = ORIENTED_EDGE ( 'NONE', *, *, #4280, .F. ) ;
#6098 = ORIENTED_EDGE ( 'NONE', *, *, #5774, .T. ) ;
#6099 = CARTESIAN_POINT ( 'NONE',  ( 16.00000000000000000, 33.26841341869076274, -3.835265667307084403 ) ) ;
#6100 = CARTESIAN_POINT ( 'NONE',  ( -13.22356446418092979, 8.992260809792275822, 36.07600849669178444 ) ) ;
#6101 = CIRCLE ( 'NONE', #3404, 30.00000000000000000 ) ;
#6102 = DIRECTION ( 'NONE',  ( -3.330895137017535536E-18, 0.9848077530122082424, -0.1736481776669301369 ) ) ;
#6103 = CARTESIAN_POINT ( 'NONE',  ( -15.00000000000000000, 5.563228854355292796, -15.82203778665462757 ) ) ;
#6104 = DIRECTION ( 'NONE',  ( -3.330895137017530528E-18, 0.9848077530122082424, -0.1736481776669300259 ) ) ;
#6105 = CYLINDRICAL_SURFACE ( 'NONE', #3165, 2.000000000000000444 ) ;
#6106 = CARTESIAN_POINT ( 'NONE',  ( 11.93488257301919830, -23.38199357051240312, -26.24978183027679890 ) ) ;
#6107 = ADVANCED_FACE ( 'NONE', ( #17 ), #2302, .T. ) ;
#6108 = ADVANCED_FACE ( 'NONE', ( #548 ), #80, .F. ) ;
#6109 = EDGE_CURVE ( 'NONE', #4632, #382, #2896, .T. ) ;
#6110 = CARTESIAN_POINT ( 'NONE',  ( 14.27296343052124961, 19.31210103849438653, 31.74065628844669007 ) ) ;
#6111 = CARTESIAN_POINT ( 'NONE',  ( 12.96521674968609972, 21.83502944906729937, 27.57769861718709947 ) ) ;
#6112 = APPLICATION_PROTOCOL_DEFINITION ( 'draft international standard', 'automotive_design', 1998, #2310 ) ;
#6113 = CIRCLE ( 'NONE', #448, 2.000000000000000444 ) ;
#6114 = LINE ( 'NONE', #3707, #3598 ) ;
#6115 = ORIENTED_EDGE ( 'NONE', *, *, #6080, .F. ) ;
#6116 = LINE ( 'NONE', #4043, #3710 ) ;
#6117 = CIRCLE ( 'NONE', #1738, 16.29999999999999716 ) ;
#6118 = ORIENTED_EDGE ( 'NONE', *, *, #5126, .F. ) ;
#6119 = CARTESIAN_POINT ( 'NONE',  ( -1.713918509815961944, -15.96150171926105621, -41.96904571720202881 ) ) ;
#6120 = DIRECTION ( 'NONE',  ( -1.447274064869761313E-17, 0.1736481776669315247, 0.9848077530122077983 ) ) ;
#6121 = VECTOR ( 'NONE', #2701, 1000.000000000000000 ) ;
#6122 = EDGE_LOOP ( 'NONE', ( #2305, #4872, #3620, #362, #4377, #2015 ) ) ;
#6123 = AXIS2_PLACEMENT_3D ( 'NONE', #4716, #4809, #577 ) ;
#6124 = CIRCLE ( 'NONE', #4135, 2.000000000000001776 ) ;
#6125 = CYLINDRICAL_SURFACE ( 'NONE', #2826, 1.550000000000000044 ) ;
#6126 = EDGE_CURVE ( 'NONE', #1167, #4098, #5656, .T. ) ;
#6127 = DIRECTION ( 'NONE',  ( 0.000000000000000000, 0.1736481776669300259, 0.9848077530122081313 ) ) ;
#6128 = CARTESIAN_POINT ( 'NONE',  ( -1.902113876480062915, 42.66344873725575582, 4.099708648241988662 ) ) ;
#6129 = DIRECTION ( 'NONE',  ( 0.000000000000000000, 0.1736481776669315247, 0.9848077530122077983 ) ) ;
#6130 = ORIENTED_EDGE ( 'NONE', *, *, #2132, .F. ) ;
#6131 = EDGE_LOOP ( 'NONE', ( #3346, #557 ) ) ;
#6132 = DIRECTION ( 'NONE',  ( 0.000000000000000000, -0.9848077530122086864, -0.1736481776669273891 ) ) ;
#6133 = DIRECTION ( 'NONE',  ( 1.000000000000000000, 5.793456394897969729E-18, 1.367446332762960049E-17 ) ) ;
#6134 = FACE_OUTER_BOUND ( 'NONE', #3306, .T. ) ;
#6135 = DIRECTION ( 'NONE',  ( 1.000000000000000000, -0.000000000000000000, -0.000000000000000000 ) ) ;
#6137 = DIRECTION ( 'NONE',  ( 1.000000000000000000, -0.000000000000000000, -0.000000000000000000 ) ) ;
#6136 = SHAPE_REPRESENTATION ( 'vaccum with base.step', ( #6026, #1645, #5926 ), #5433 ) ;
#6138 = CYLINDRICAL_SURFACE ( 'NONE', #3763, 2.999999999999999556 ) ;
#6139 = CARTESIAN_POINT ( 'NONE',  ( 4.556229633907740380E-15, 52.48021747459389985, 21.20912006235359826 ) ) ;
#6140 = EDGE_CURVE ( 'NONE', #4346, #3501, #4811, .T. ) ;
#6141 = CARTESIAN_POINT ( 'NONE',  ( 14.99404458790210093, 26.24728468073666932, 26.29811725048616822 ) ) ;
#6142 = DIRECTION ( 'NONE',  ( 1.000000000000000000, 5.793456394897969729E-18, 1.367446332762960049E-17 ) ) ;
#6143 = DIRECTION ( 'NONE',  ( 1.000000000000000000, 5.793456394897969729E-18, 1.367446332762960049E-17 ) ) ;
#6144 = DIRECTION ( 'NONE',  ( 0.000000000000000000, 0.1736481776669300259, 0.9848077530122081313 ) ) ;
#6145 = VECTOR ( 'NONE', #3667, 1000.000000000000000 ) ;
#6146 = ORIENTED_EDGE ( 'NONE', *, *, #5000, .F. ) ;
#6147 = CARTESIAN_POINT ( 'NONE',  ( -4.238563110755402263, -2.054257532844803613, -44.34124028413911844 ) ) ;
#6148 = CARTESIAN_POINT ( 'NONE',  ( 6.000000000000000000, -21.48773309373329710, -25.60808311116290170 ) ) ;
#6149 = ORIENTED_EDGE ( 'NONE', *, *, #1560, .F. ) ;
#6150 = DIRECTION ( 'NONE',  ( 0.000000000000000000, -0.8660254037844363761, 0.5000000000000039968 ) ) ;
#6151 = ADVANCED_FACE ( 'NONE', ( #4310 ), #3771, .F. ) ;
#6152 = ORIENTED_EDGE ( 'NONE', *, *, #2132, .T. ) ;
#6153 = CIRCLE ( 'NONE', #3457, 4.000000000000000000 ) ;
#6154 = VERTEX_POINT ( 'NONE', #3800 ) ;
#6155 = NEXT_ASSEMBLY_USAGE_OCCURRENCE ( 'NAUO1', ' ', ' ', #5585, #1283, $ ) ;
#6156 = NEXT_ASSEMBLY_USAGE_OCCURRENCE ( 'NAUO2', ' ', ' ', #5585, #2368, $ ) ;
#6157 = NEXT_ASSEMBLY_USAGE_OCCURRENCE ( 'NAUO3', ' ', ' ', #1283, #703, $ ) ;
#6158 = NEXT_ASSEMBLY_USAGE_OCCURRENCE ( 'NAUO4', ' ', ' ', #1283, #2827, $ ) ;
ENDSEC;
END-ISO-10303-21;
