ISO-10303-21;
HEADER;
FILE_DESCRIPTION (( 'STEP AP214' ),
    '1' );
FILE_NAME ('bottomleft.STEP',
    '2026-07-13T06:12:19',
    ( '' ),
    ( '' ),
    'SwSTEP 2.0',
    'SolidWorks 2020',
    '' );
FILE_SCHEMA (( 'AUTOMOTIVE_DESIGN' ));
ENDSEC;

DATA;
#1 = EDGE_LOOP ( 'NONE', ( #919, #1477, #1417, #874 ) ) ;
#2 = FACE_OUTER_BOUND ( 'NONE', #155, .T. ) ;
#3 = CIRCLE ( 'NONE', #43, 1.477000000000006086 ) ;
#4 = CARTESIAN_POINT ( 'NONE',  ( 118.9398970787291461, 47.23226532541272604, 46.30332493623378554 ) ) ;
#5 = CARTESIAN_POINT ( 'NONE',  ( 137.7102460201365943, 40.38308927896051159, 60.54293637252002469 ) ) ;
#6 = EDGE_LOOP ( 'NONE', ( #1134, #935, #8, #721 ) ) ;
#7 = CARTESIAN_POINT ( 'NONE',  ( 140.3610191837486525, 37.06697612058232494, 66.89646425059962098 ) ) ;
#8 = ORIENTED_EDGE ( 'NONE', *, *, #667, .T. ) ;
#9 = AXIS2_PLACEMENT_3D ( 'NONE', #551, #1478, #1372 ) ;
#10 = CARTESIAN_POINT ( 'NONE',  ( 120.3341606996843893, 47.73208464587241906, 53.00000000000000711 ) ) ;
#11 = CARTESIAN_POINT ( 'NONE',  ( 140.9556985312792108, 36.30016536266970917, 59.50554798116088051 ) ) ;
#12 = ORIENTED_EDGE ( 'NONE', *, *, #461, .F. ) ;
#13 = CARTESIAN_POINT ( 'NONE',  ( 139.2872833909579811, 33.54425445688491436, 65.45735454083505545 ) ) ;
#14 = AXIS2_PLACEMENT_3D ( 'NONE', #865, #1060, #1326 ) ;
#15 = CARTESIAN_POINT ( 'NONE',  ( 0.000000000000000000, -72.40000343881547451, 103.0000000000000568 ) ) ;
#16 = EDGE_CURVE ( 'NONE', #830, #1252, #1051, .T. ) ;
#17 = CIRCLE ( 'NONE', #969, 1.100000000000003642 ) ;
#18 = CARTESIAN_POINT ( 'NONE',  ( 141.8532178477436503, 35.12536565342900730, 65.01607063826762101 ) ) ;
#19 = VERTEX_POINT ( 'NONE', #224 ) ;
#20 = CARTESIAN_POINT ( 'NONE',  ( 139.7618611869904726, 32.91676710407746498, 63.52356223907934663 ) ) ;
#21 = DIRECTION ( 'NONE',  ( 0.000000000000000000, 0.000000000000000000, 1.000000000000000000 ) ) ;
#22 = AXIS2_PLACEMENT_3D ( 'NONE', #247, #617, #1301 ) ;
#23 = EDGE_CURVE ( 'NONE', #944, #57, #206, .T. ) ;
#24 = DIRECTION ( 'NONE',  ( 0.3418732008525413035, 0.9397460904621194322, -0.000000000000000000 ) ) ;
#25 = ORIENTED_EDGE ( 'NONE', *, *, #616, .T. ) ;
#26 = CARTESIAN_POINT ( 'NONE',  ( 138.5797652766631245, 34.46849452655373369, 66.49461332226476884 ) ) ;
#27 = CARTESIAN_POINT ( 'NONE',  ( 64.48000301038845805, 76.97750365623505786, 3.000000000000000000 ) ) ;
#28 = AXIS2_PLACEMENT_3D ( 'NONE', #394, #388, #276 ) ;
#29 = PLANE ( 'NONE',  #866 ) ;
#30 = CIRCLE ( 'NONE', #299, 165.0000000000000000 ) ;
#31 = ORIENTED_EDGE ( 'NONE', *, *, #756, .F. ) ;
#32 = DIRECTION ( 'NONE',  ( -0.7071067811865474617, -0.000000000000000000, 0.7071067811865475727 ) ) ;
#33 = EDGE_CURVE ( 'NONE', #73, #97, #555, .T. ) ;
#34 = CARTESIAN_POINT ( 'NONE',  ( 0.000000000000000000, -72.40000343881547451, 102.0000000000000000 ) ) ;
#35 = CARTESIAN_POINT ( 'NONE',  ( 138.4575339669580956, 39.46485492340391943, 59.50542797316983723 ) ) ;
#36 = LINE ( 'NONE', #379, #767 ) ;
#37 = VERTEX_POINT ( 'NONE', #697 ) ;
#38 = CARTESIAN_POINT ( 'NONE',  ( 0.000000000000000000, -72.40000343881547451, 102.0000000000000000 ) ) ;
#39 = FACE_OUTER_BOUND ( 'NONE', #82, .T. ) ;
#40 = CARTESIAN_POINT ( 'NONE',  ( 176.4999999999999716, -72.40000343881547451, 103.2000000000000313 ) ) ;
#41 = EDGE_CURVE ( 'NONE', #457, #317, #679, .T. ) ;
#42 = CARTESIAN_POINT ( 'NONE',  ( 119.9315279843704474, 46.05452454555496900, 95.23236786184045854 ) ) ;
#43 = AXIS2_PLACEMENT_3D ( 'NONE', #781, #1251, #1048 ) ;
#44 = CARTESIAN_POINT ( 'NONE',  ( 139.7008921840386506, 32.99781367591069170, 61.95481673256987420 ) ) ;
#45 = CARTESIAN_POINT ( 'NONE',  ( 178.0000000000000284, -72.40000343881547451, 0.000000000000000000 ) ) ;
#46 = DIRECTION ( 'NONE',  ( -0.000000000000000000, 0.7071067811865515695, -0.7071067811865435759 ) ) ;
#47 = DIRECTION ( 'NONE',  ( 0.000000000000000000, 0.000000000000000000, -1.000000000000000000 ) ) ;
#48 = DIRECTION ( 'NONE',  ( 1.000000000000000000, 0.000000000000000000, 0.000000000000000000 ) ) ;
#49 = AXIS2_PLACEMENT_3D ( 'NONE', #87, #1144, #1250 ) ;
#50 = LINE ( 'NONE', #1175, #329 ) ;
#51 = CARTESIAN_POINT ( 'NONE',  ( 86.93021594586156198, 75.98854275207244768, 0.000000000000000000 ) ) ;
#52 = DIRECTION ( 'NONE',  ( -0.000000000000000000, -0.000000000000000000, 1.000000000000000000 ) ) ;
#53 = CARTESIAN_POINT ( 'NONE',  ( 138.5799280970398399, 34.46828457723375294, 66.49448714693585316 ) ) ;
#54 = VECTOR ( 'NONE', #932, 1000.000000000000000 ) ;
#55 = DIRECTION ( 'NONE',  ( -0.000000000000000000, -0.7071067811865597852, -0.7071067811865352493 ) ) ;
#56 = CARTESIAN_POINT ( 'NONE',  ( 67.91228921186515777, 83.57685736540688026, 3.000000000000000000 ) ) ;
#57 = VERTEX_POINT ( 'NONE', #347 ) ;
#58 = DIRECTION ( 'NONE',  ( -1.000000000000000000, 0.000000000000000000, 0.000000000000000000 ) ) ;
#59 = VECTOR ( 'NONE', #998, 1000.000000000000227 ) ;
#60 = CARTESIAN_POINT ( 'NONE',  ( 0.000000000000000000, 92.59999656118453970, 50.00000000000000000 ) ) ;
#61 = CARTESIAN_POINT ( 'NONE',  ( 119.7117435230959757, 46.86118813420568330, 94.82044556425319115 ) ) ;
#62 = CARTESIAN_POINT ( 'NONE',  ( 0.000000000000000000, 102.5999965611845397, 53.79999999999999716 ) ) ;
#63 = CARTESIAN_POINT ( 'NONE',  ( 119.9315279843704474, 46.05452454555496189, 98.99999999999998579 ) ) ;
#64 = AXIS2_PLACEMENT_3D ( 'NONE', #1354, #863, #623 ) ;
#65 = VERTEX_POINT ( 'NONE', #1032 ) ;
#66 = CARTESIAN_POINT ( 'NONE',  ( 141.6751086038617586, 35.36038516854697633, 65.45725554453842676 ) ) ;
#67 = EDGE_CURVE ( 'NONE', #1456, #100, #1146, .T. ) ;
#68 = CARTESIAN_POINT ( 'NONE',  ( 0.000000000000000000, -72.40000343881547451, 3.000000000000000000 ) ) ;
#69 = CARTESIAN_POINT ( 'NONE',  ( 118.8571606996843713, 47.82783003798903110, 45.93861452883683683 ) ) ;
#70 = ADVANCED_FACE ( 'NONE', ( #2 ), #1375, .F. ) ;
#71 = FACE_OUTER_BOUND ( 'NONE', #807, .T. ) ;
#72 = CARTESIAN_POINT ( 'NONE',  ( 136.1243421557876445, 37.57904211577034204, 66.49477862961505537 ) ) ;
#73 = VERTEX_POINT ( 'NONE', #445 ) ;
#74 = CARTESIAN_POINT ( 'NONE',  ( 134.9541191626870216, 39.01105839986154677, 61.95389137822377990 ) ) ;
#75 = CARTESIAN_POINT ( 'NONE',  ( 134.8891334347903523, 39.08955518086570891, 62.47470509888346868 ) ) ;
#76 = AXIS2_PLACEMENT_3D ( 'NONE', #1268, #432, #906 ) ;
#77 = CARTESIAN_POINT ( 'NONE',  ( 119.9069605638148772, 49.15769121376333572, 44.25474834748096242 ) ) ;
#78 = VERTEX_POINT ( 'NONE', #1282 ) ;
#79 = DIRECTION ( 'NONE',  ( 0.000000000000000000, 0.000000000000000000, -1.000000000000000000 ) ) ;
#80 = DIRECTION ( 'NONE',  ( -1.000000000000000000, 0.000000000000000000, 0.000000000000000000 ) ) ;
#81 = EDGE_CURVE ( 'NONE', #586, #805, #1022, .T. ) ;
#82 = EDGE_LOOP ( 'NONE', ( #1374, #683, #1177, #418 ) ) ;
#83 = UNCERTAINTY_MEASURE_WITH_UNIT (LENGTH_MEASURE( 1.000000000000000082E-05 ), #174, 'distance_accuracy_value', 'NONE');
#84 = DIRECTION ( 'NONE',  ( -1.000000000000000000, 0.000000000000000000, 0.000000000000000000 ) ) ;
#85 = CARTESIAN_POINT ( 'NONE',  ( 116.9775279843704112, 46.15008535858974170, 97.25312642214029779 ) ) ;
#86 = ORIENTED_EDGE ( 'NONE', *, *, #678, .T. ) ;
#87 = CARTESIAN_POINT ( 'NONE',  ( 88.03021594586157050, 75.98854275207244768, 0.000000000000000000 ) ) ;
#88 = CARTESIAN_POINT ( 'NONE',  ( 0.000000000000000000, -72.40000343881547451, 102.0000000000000000 ) ) ;
#89 = ORIENTED_EDGE ( 'NONE', *, *, #1097, .F. ) ;
#90 = EDGE_CURVE ( 'NONE', #1194, #215, #233, .T. ) ;
#91 = DIRECTION ( 'NONE',  ( -0.000000000000000000, -0.000000000000000000, -1.000000000000000000 ) ) ;
#92 = VECTOR ( 'NONE', #717, 1000.000000000000000 ) ;
#93 = LINE ( 'NONE', #1255, #371 ) ;
#94 = AXIS2_PLACEMENT_3D ( 'NONE', #1412, #1433, #737 ) ;
#95 = CARTESIAN_POINT ( 'NONE',  ( 121.8111606996843932, 47.73208464587242617, 43.91616833086898453 ) ) ;
#96 = VERTEX_POINT ( 'NONE', #460 ) ;
#97 = VERTEX_POINT ( 'NONE', #938 ) ;
#98 = DIRECTION ( 'NONE',  ( -0.000000000000000000, -0.000000000000000000, 1.000000000000000000 ) ) ;
#99 = DIRECTION ( 'NONE',  ( 0.000000000000000000, 0.000000000000000000, 1.000000000000000000 ) ) ;
#100 = VERTEX_POINT ( 'NONE', #1399 ) ;
#101 = EDGE_LOOP ( 'NONE', ( #1480, #541 ) ) ;
#102 = CARTESIAN_POINT ( 'NONE',  ( 155.0000000000000000, -72.40000343881547451, 0.000000000000000000 ) ) ;
#103 = CARTESIAN_POINT ( 'NONE',  ( 137.2677940827753105, 40.92074899110726705, 64.04635666237925307 ) ) ;
#104 = ORIENTED_EDGE ( 'NONE', *, *, #1192, .T. ) ;
#105 = ORIENTED_EDGE ( 'NONE', *, *, #1377, .T. ) ;
#106 = LINE ( 'NONE', #88, #1174 ) ;
#107 = AXIS2_PLACEMENT_3D ( 'NONE', #1206, #505, #981 ) ;
#108 = VERTEX_POINT ( 'NONE', #1312 ) ;
#109 = DIRECTION ( 'NONE',  ( -1.000000000000000000, 0.000000000000000000, 0.000000000000000000 ) ) ;
#110 = ADVANCED_FACE ( 'NONE', ( #606, #1196 ), #427, .F. ) ;
#111 = CARTESIAN_POINT ( 'NONE',  ( 120.4020779299451789, 46.24557947529845592, 45.96324671005140772 ) ) ;
#112 = CYLINDRICAL_SURFACE ( 'NONE', #310, 1.477000000000006086 ) ;
#113 = ORIENTED_EDGE ( 'NONE', *, *, #124, .T. ) ;
#114 = ORIENTED_EDGE ( 'NONE', *, *, #1059, .T. ) ;
#115 = DIRECTION ( 'NONE',  ( 0.000000000000000000, 0.000000000000000000, -1.000000000000000000 ) ) ;
#116 = EDGE_LOOP ( 'NONE', ( #889, #122, #1486, #1023 ) ) ;
#117 = DIRECTION ( 'NONE',  ( -0.000000000000000000, 0.7071067811865495711, -0.7071067811865454633 ) ) ;
#118 = COLOUR_RGB ( '',0.7921568627450980005, 0.8196078431372548767, 0.9333333333333333481 ) ;
#119 = PLANE ( 'NONE',  #443 ) ;
#120 = EDGE_CURVE ( 'NONE', #1379, #1424, #382, .T. ) ;
#121 = DIRECTION ( 'NONE',  ( 1.000000000000000000, 0.000000000000000000, 0.000000000000000000 ) ) ;
#122 = ORIENTED_EDGE ( 'NONE', *, *, #511, .T. ) ;
#123 = CARTESIAN_POINT ( 'NONE',  ( 141.2244962254873428, 35.95025921238023869, 66.19939125258920853 ) ) ;
#124 = EDGE_CURVE ( 'NONE', #586, #1012, #1191, .T. ) ;
#125 = EDGE_LOOP ( 'NONE', ( #1064, #440, #1287, #1302 ) ) ;
#126 = CIRCLE ( 'NONE', #1297, 1.100000000000003642 ) ;
#127 = LINE ( 'NONE', #612, #921 ) ;
#128 = CIRCLE ( 'NONE', #321, 155.0000000000000000 ) ;
#129 = CARTESIAN_POINT ( 'NONE',  ( 139.3894653866182978, 38.30163626702107393, 66.99994550078879740 ) ) ;
#130 = ORIENTED_EDGE ( 'NONE', *, *, #33, .T. ) ;
#131 = CARTESIAN_POINT ( 'NONE',  ( 142.1578220621253763, 34.72214005433788486, 63.52392685893326529 ) ) ;
#132 = DIRECTION ( 'NONE',  ( 0.000000000000000000, 0.000000000000000000, -1.000000000000000000 ) ) ;
#133 = ADVANCED_FACE ( 'NONE', ( #359 ), #486, .F. ) ;
#134 = CARTESIAN_POINT ( 'NONE',  ( 137.7099932130866478, 40.38339955858071306, 65.45669317423956102 ) ) ;
#135 = ORIENTED_EDGE ( 'NONE', *, *, #225, .F. ) ;
#136 = CARTESIAN_POINT ( 'NONE',  ( 142.1579676470343827, 34.72194685373360556, 62.47580364162438116 ) ) ;
#137 = AXIS2_PLACEMENT_3D ( 'NONE', #635, #1084, #58 ) ;
#138 = CARTESIAN_POINT ( 'NONE',  ( 139.7149786571141874, 37.88927409459724771, 58.99999999999999289 ) ) ;
#139 = EDGE_CURVE ( 'NONE', #944, #1380, #1083, .T. ) ;
#140 = VECTOR ( 'NONE', #504, 1000.000000000000000 ) ;
#141 = LINE ( 'NONE', #613, #1332 ) ;
#142 = VERTEX_POINT ( 'NONE', #254 ) ;
#143 = ORIENTED_EDGE ( 'NONE', *, *, #1306, .T. ) ;
#144 = FACE_OUTER_BOUND ( 'NONE', #497, .T. ) ;
#145 = DIRECTION ( 'NONE',  ( 0.3418732008525413035, 0.9397460904621194322, -0.000000000000000000 ) ) ;
#146 = AXIS2_PLACEMENT_3D ( 'NONE', #649, #161, #1470 ) ;
#147 = ADVANCED_FACE ( 'NONE', ( #151, #821 ), #1296, .T. ) ;
#148 = FACE_OUTER_BOUND ( 'NONE', #545, .T. ) ;
#149 = ORIENTED_EDGE ( 'NONE', *, *, #1125, .F. ) ;
#150 = CARTESIAN_POINT ( 'NONE',  ( 137.5228094809235699, 40.61113360576361941, 65.01520623734894855 ) ) ;
#151 = FACE_OUTER_BOUND ( 'NONE', #1515, .T. ) ;
#152 = CARTESIAN_POINT ( 'NONE',  ( 119.7694459480657656, 45.36004780180755347, 95.83528699581775356 ) ) ;
#153 = CARTESIAN_POINT ( 'NONE',  ( 138.5800406908643936, 34.46814004579074719, 59.50554798116088051 ) ) ;
#154 = ADVANCED_FACE ( 'NONE', ( #840 ), #1203, .F. ) ;
#155 = EDGE_LOOP ( 'NONE', ( #916, #722, #223, #324 ) ) ;
#156 = CARTESIAN_POINT ( 'NONE',  ( 62.28000301038845521, 76.97750365623505786, 3.000000000000000000 ) ) ;
#157 = CARTESIAN_POINT ( 'NONE',  ( 88.03021594586157050, 75.98854275207244768, 3.000000000000000000 ) ) ;
#158 = DIRECTION ( 'NONE',  ( 1.000000000000000000, 0.000000000000000000, 0.000000000000000000 ) ) ;
#159 = FACE_OUTER_BOUND ( 'NONE', #1357, .T. ) ;
#160 = CARTESIAN_POINT ( 'NONE',  ( 136.7211646792837882, 36.83620914323837781, 66.89631041430300229 ) ) ;
#161 = DIRECTION ( 'NONE',  ( -0.000000000000000000, -0.000000000000000000, 1.000000000000000000 ) ) ;
#162 = CARTESIAN_POINT ( 'NONE',  ( 175.0000000000000284, -72.40000343881547451, 102.0000000000000000 ) ) ;
#163 = AXIS2_PLACEMENT_3D ( 'NONE', #705, #565, #435 ) ;
#164 = CARTESIAN_POINT ( 'NONE',  ( 119.9315279843704332, 45.86237012784759770, 95.36739711129312980 ) ) ;
#165 = DIRECTION ( 'NONE',  ( -0.9397460904621193212, 0.3418732008525412480, 0.000000000000000000 ) ) ;
#166 = DIRECTION ( 'NONE',  ( 1.000000000000000000, -0.000000000000000000, 0.000000000000000000 ) ) ;
#167 = LINE ( 'NONE', #1343, #446 ) ;
#168 = LINE ( 'NONE', #308, #1053 ) ;
#169 = CARTESIAN_POINT ( 'NONE',  ( 134.9543257019655584, 39.01080767300383201, 64.04640151663289771 ) ) ;
#170 = VERTEX_POINT ( 'NONE', #596 ) ;
#171 = EDGE_CURVE ( 'NONE', #846, #444, #273, .T. ) ;
#172 = CYLINDRICAL_SURFACE ( 'NONE', #137, 175.0000000000000284 ) ;
#173 = VECTOR ( 'NONE', #1226, 1000.000000000000000 ) ;
#174 =( LENGTH_UNIT ( ) NAMED_UNIT ( * ) SI_UNIT ( .MILLI., .METRE. ) );
#175 = PLANE ( 'NONE',  #862 ) ;
#176 = VECTOR ( 'NONE', #902, 1000.000000000000000 ) ;
#177 = CARTESIAN_POINT ( 'NONE',  ( 118.5834558838854207, 47.52904790770195120, 95.14351939791536950 ) ) ;
#178 = CYLINDRICAL_SURFACE ( 'NONE', #64, 178.0000000000000284 ) ;
#179 = CARTESIAN_POINT ( 'NONE',  ( 136.1240418825292693, 37.57941514979080466, 59.50537208622512964 ) ) ;
#180 = EDGE_LOOP ( 'NONE', ( #1153, #895 ) ) ;
#181 = CARTESIAN_POINT ( 'NONE',  ( 139.0649560737857939, 38.70882993035930042, 66.89631041430300229 ) ) ;
#182 = EDGE_CURVE ( 'NONE', #73, #575, #499, .T. ) ;
#183 = LINE ( 'NONE', #395, #641 ) ;
#184 = CARTESIAN_POINT ( 'NONE',  ( 120.8676701915407250, 49.12492531219840686, 43.60201026021954362 ) ) ;
#185 = CARTESIAN_POINT ( 'NONE',  ( 0.000000000000000000, -72.40000343881547451, 0.000000000000000000 ) ) ;
#186 = DIRECTION ( 'NONE',  ( 1.000000000000000000, 0.000000000000000000, 0.000000000000000000 ) ) ;
#187 = VERTEX_POINT ( 'NONE', #961 ) ;
#188 = UNCERTAINTY_MEASURE_WITH_UNIT (LENGTH_MEASURE( 1.000000000000000082E-05 ), #270, 'distance_accuracy_value', 'NONE');
#189 = CARTESIAN_POINT ( 'NONE',  ( 135.3892868175500155, 38.48225063764967757, 60.54293637252002469 ) ) ;
#190 = SURFACE_STYLE_USAGE ( .BOTH. , #759 ) ;
#191 = EDGE_CURVE ( 'NONE', #536, #65, #267, .T. ) ;
#192 = LINE ( 'NONE', #868, #670 ) ;
#193 = VECTOR ( 'NONE', #442, 1000.000000000000000 ) ;
#194 = CARTESIAN_POINT ( 'NONE',  ( 118.8665746680164119, 47.92135914333299240, 45.86546668660107429 ) ) ;
#195 = DIRECTION ( 'NONE',  ( -0.000000000000000000, -0.7071067811865965336, -0.7071067811864985009 ) ) ;
#196 = CARTESIAN_POINT ( 'NONE',  ( 134.8891786609283088, 39.08950046260793698, 62.47567972096715749 ) ) ;
#197 = ORIENTED_EDGE ( 'NONE', *, *, #1067, .T. ) ;
#198 =( NAMED_UNIT ( * ) SI_UNIT ( $, .STERADIAN. ) SOLID_ANGLE_UNIT ( ) );
#199 = CARTESIAN_POINT ( 'NONE',  ( 67.91228921186515777, 83.57685736540688026, 3.000000000000000000 ) ) ;
#200 = EDGE_CURVE ( 'NONE', #97, #142, #975, .T. ) ;
#201 = CARTESIAN_POINT ( 'NONE',  ( 119.9315279843704474, 46.05452454555496900, 95.23236786184045854 ) ) ;
#202 = EDGE_LOOP ( 'NONE', ( #684, #1047, #1410, #908 ) ) ;
#203 = LINE ( 'NONE', #1487, #713 ) ;
#204 = CARTESIAN_POINT ( 'NONE',  ( 118.8571606996843855, 47.73208464587242617, 46.00667694498157800 ) ) ;
#205 = ORIENTED_EDGE ( 'NONE', *, *, #81, .T. ) ;
#206 = LINE ( 'NONE', #1149, #1295 ) ;
#207 = VECTOR ( 'NONE', #1002, 1000.000000000000000 ) ;
#208 = PLANE ( 'NONE',  #636 ) ;
#209 = CARTESIAN_POINT ( 'NONE',  ( 121.8111606996843932, 47.92388156959291479, 43.78149187015394972 ) ) ;
#210 = ORIENTED_EDGE ( 'NONE', *, *, #914, .F. ) ;
#211 = CARTESIAN_POINT ( 'NONE',  ( 89.13021594586156482, 75.98854275207244768, 3.000000000000000000 ) ) ;
#212 = DIRECTION ( 'NONE',  ( 0.000000000000000000, 0.000000000000000000, 1.000000000000000000 ) ) ;
#213 = ORIENTED_EDGE ( 'NONE', *, *, #511, .F. ) ;
#214 = COLOUR_RGB ( '',0.7921568627450980005, 0.8196078431372548767, 0.9333333333333333481 ) ;
#215 = VERTEX_POINT ( 'NONE', #730 ) ;
#216 = AXIS2_PLACEMENT_3D ( 'NONE', #1500, #791, #109 ) ;
#217 = CARTESIAN_POINT ( 'NONE',  ( 119.5884982053958367, 46.43581117593564045, 46.40787217039707002 ) ) ;
#218 = VECTOR ( 'NONE', #1318, 1000.000000000000000 ) ;
#219 = CARTESIAN_POINT ( 'NONE',  ( 135.8506944268068537, 37.91645987376966787, 59.80025097262733169 ) ) ;
#220 = ORIENTED_EDGE ( 'NONE', *, *, #191, .F. ) ;
#221 = EDGE_LOOP ( 'NONE', ( #1171, #1415 ) ) ;
#222 = DIRECTION ( 'NONE',  ( -1.000000000000000000, 0.000000000000000000, -0.000000000000000000 ) ) ;
#223 = ORIENTED_EDGE ( 'NONE', *, *, #644, .F. ) ;
#224 = CARTESIAN_POINT ( 'NONE',  ( 0.000000000000000000, 89.59999656118452549, 101.7999999999997698 ) ) ;
#225 = EDGE_CURVE ( 'NONE', #797, #1019, #1273, .T. ) ;
#226 = DIRECTION ( 'NONE',  ( 0.9397460904621193212, -0.3418732008525412480, 0.000000000000000000 ) ) ;
#227 = FACE_OUTER_BOUND ( 'NONE', #450, .T. ) ;
#228 = ORIENTED_EDGE ( 'NONE', *, *, #1327, .F. ) ;
#229 = ORIENTED_EDGE ( 'NONE', *, *, #313, .T. ) ;
#230 = LINE ( 'NONE', #319, #626 ) ;
#231 = VECTOR ( 'NONE', #1340, 1000.000000000000000 ) ;
#232 = VERTEX_POINT ( 'NONE', #1089 ) ;
#233 = LINE ( 'NONE', #1167, #1213 ) ;
#234 = ADVANCED_FACE ( 'NONE', ( #39 ), #1337, .T. ) ;
#235 = CARTESIAN_POINT ( 'NONE',  ( 118.8663375422787851, 47.53784047920523648, 46.13826605543347625 ) ) ;
#236 = CARTESIAN_POINT ( 'NONE',  ( 137.2015159350150668, 41.00080795657896005, 63.52537622863398070 ) ) ;
#237 = ORIENTED_EDGE ( 'NONE', *, *, #1274, .T. ) ;
#238 = VERTEX_POINT ( 'NONE', #474 ) ;
#239 = CARTESIAN_POINT ( 'NONE',  ( 0.000000000000000000, 102.5999965611845397, 102.0000000000000000 ) ) ;
#240 = DIRECTION ( 'NONE',  ( 1.000000000000000000, 0.000000000000000000, 0.000000000000000000 ) ) ;
#241 = CARTESIAN_POINT ( 'NONE',  ( 119.6825577442735806, 45.21697997194853968, 95.99752915024029676 ) ) ;
#242 = B_SPLINE_SURFACE_WITH_KNOTS ( 'NONE', 1, 3, ( 
 ( #592, #391, #1314, #35, #1435, #385, #1319, #1450, #420, #1342, #652, #643, #528, #1008, #1123, #181, #891, #312, #992, #519, #1358, #66, #773, #1457, #406, #1000, #537, #875, #1466, #296, #758, #1229, #413, #1114 ),
 ( #883, #1351, #304, #765, #1236, #189, #1474, #74, #75, #1093, #1101, #861, #768, #539, #893, #160, #1338, #1329, #752, #53, #506, #284, #637, #630, #1217, #988, #1468, #414, #277, #1452, #514, #746, #741, #982 ) ),
 .UNSPECIFIED., .F., .T., .F.,
 ( 2, 2 ),
 ( 4, 2, 2, 2, 2, 2, 2, 2, 2, 2, 2, 2, 2, 2, 2, 2, 4 ),
 ( 0.000000000000000000, 1.000000000000000000 ),
 ( 0.000000000000000000, 0.06250000000000000000, 0.1250000000000000000, 0.1875000000000000000, 0.2500000000000000000, 0.3125000000000000000, 0.3750000000000000000, 0.4375000000000000000, 0.5000000000000000000, 0.5625000000000000000, 0.6250000000000000000, 0.6875000000000000000, 0.7500000000000000000, 0.8125000000000000000, 0.8750000000000000000, 0.9375000000000000000, 1.000000000000000000 ),
 .UNSPECIFIED. ) ;
#243 = CARTESIAN_POINT ( 'NONE',  ( 137.9953840289663844, 35.22202702688460363, 66.89646425059962098 ) ) ;
#244 = EDGE_CURVE ( 'NONE', #1465, #351, #533, .T. ) ;
#245 = EDGE_LOOP ( 'NONE', ( #1050, #1489, #484, #686 ) ) ;
#246 = CARTESIAN_POINT ( 'NONE',  ( 138.8443505704807990, 34.12407557698793426, 66.19929225629259406 ) ) ;
#247 = CARTESIAN_POINT ( 'NONE',  ( 63.38000301038845663, 76.97750365623505786, 3.000000000000000000 ) ) ;
#248 = AXIS2_PLACEMENT_3D ( 'NONE', #433, #1364, #452 ) ;
#249 = B_SPLINE_CURVE_WITH_KNOTS ( 'NONE', 3,
 ( #1517, #936, #1288, #26, #246, #13, #605, #947, #20, #1190, #723, #1406, #833, #610, #820, #1077, #1411, #252 ),
 .UNSPECIFIED., .F., .F.,
 ( 4, 2, 2, 2, 2, 2, 2, 2, 4 ),
 ( 0.5000000000000000000, 0.5625000000000004441, 0.6250000000000008882, 0.6875000000000012212, 0.7500000000000016653, 0.8125000000000012212, 0.8750000000000008882, 0.9375000000000004441, 1.000000000000000000 ),
 .UNSPECIFIED. ) ;
#250 = CARTESIAN_POINT ( 'NONE',  ( 139.7149786571141874, 37.88927409459724771, 58.99999999999999289 ) ) ;
#251 = EDGE_LOOP ( 'NONE', ( #702, #205, #1262, #31 ) ) ;
#252 = CARTESIAN_POINT ( 'NONE',  ( 137.3602318258145090, 36.03046604628129757, 58.99999999999999289 ) ) ;
#253 = EDGE_CURVE ( 'NONE', #959, #1056, #1431, .T. ) ;
#254 = CARTESIAN_POINT ( 'NONE',  ( 0.000000000000000000, 103.2999965611845425, 104.0000000000000000 ) ) ;
#255 = VECTOR ( 'NONE', #166, 1000.000000000000000 ) ;
#256 = VECTOR ( 'NONE', #912, 1000.000000000000000 ) ;
#257 = CARTESIAN_POINT ( 'NONE',  ( 65.10848936865737357, 75.86973105506091031, 3.000000000000000000 ) ) ;
#258 = VERTEX_POINT ( 'NONE', #1419 ) ;
#259 = ORIENTED_EDGE ( 'NONE', *, *, #1220, .T. ) ;
#260 = CARTESIAN_POINT ( 'NONE',  ( 137.7102460201365943, 40.38308927896051159, 60.54293637252002469 ) ) ;
#261 = AXIS2_PLACEMENT_3D ( 'NONE', #399, #977, #940 ) ;
#262 = DIRECTION ( 'NONE',  ( -1.000000000000000000, 0.000000000000000000, 0.000000000000000000 ) ) ;
#263 = AXIS2_PLACEMENT_3D ( 'NONE', #1004, #389, #856 ) ;
#264 = FACE_BOUND ( 'NONE', #350, .T. ) ;
#265 = ORIENTED_EDGE ( 'NONE', *, *, #501, .F. ) ;
#266 = CARTESIAN_POINT ( 'NONE',  ( 137.2676183483330590, 40.92096231709600573, 61.95389137822377990 ) ) ;
#267 = LINE ( 'NONE', #1427, #951 ) ;
#268 = CARTESIAN_POINT ( 'NONE',  ( 117.9199623206547045, 44.66194661631415386, 97.64168216110149956 ) ) ;
#269 = ADVANCED_FACE ( 'NONE', ( #370 ), #480, .T. ) ;
#270 =( LENGTH_UNIT ( ) NAMED_UNIT ( * ) SI_UNIT ( .MILLI., .METRE. ) );
#271 = VERTEX_POINT ( 'NONE', #753 ) ;
#272 = LINE ( 'NONE', #1219, #1033 ) ;
#273 = LINE ( 'NONE', #481, #871 ) ;
#274 = FACE_BOUND ( 'NONE', #101, .T. ) ;
#275 = VECTOR ( 'NONE', #1496, 1000.000000000000000 ) ;
#276 = DIRECTION ( 'NONE',  ( 0.000000000000000000, 0.000000000000000000, -1.000000000000000000 ) ) ;
#277 = CARTESIAN_POINT ( 'NONE',  ( 139.2869775902129561, 33.54465532068234523, 60.54222671215567431 ) ) ;
#278 = DIRECTION ( 'NONE',  ( 1.000000000000000000, 0.000000000000000000, 0.000000000000000000 ) ) ;
#279 = CARTESIAN_POINT ( 'NONE',  ( 137.3602856676582746, 36.03039783914399408, 66.99995860703023709 ) ) ;
#280 = CARTESIAN_POINT ( 'NONE',  ( 117.1502275986814681, 45.35265018420946603, 97.69806572323169291 ) ) ;
#281 = PRESENTATION_STYLE_ASSIGNMENT (( #852 ) ) ;
#282 = PRESENTATION_LAYER_ASSIGNMENT (  '', '', ( #1455 ) ) ;
#283 = CARTESIAN_POINT ( 'NONE',  ( 118.4545279843704293, 46.05452454555496189, 98.99999999999998579 ) ) ;
#284 = CARTESIAN_POINT ( 'NONE',  ( 139.2873258745831606, 33.54419884370378924, 65.45725554453842676 ) ) ;
#285 = ADVANCED_FACE ( 'NONE', ( #71 ), #402, .F. ) ;
#286 = DIRECTION ( 'NONE',  ( 0.000000000000000000, 1.000000000000000000, 0.000000000000000000 ) ) ;
#287 = CARTESIAN_POINT ( 'NONE',  ( 136.7212488750874968, 36.83610504899574778, 59.10367012832759315 ) ) ;
#288 = ORIENTED_EDGE ( 'NONE', *, *, #90, .T. ) ;
#289 = CARTESIAN_POINT ( 'NONE',  ( 116.9775279843704254, 45.86315873355625428, 97.45728299790046378 ) ) ;
#290 = VECTOR ( 'NONE', #983, 1000.000000000000000 ) ;
#291 = FACE_OUTER_BOUND ( 'NONE', #796, .T. ) ;
#292 = DIRECTION ( 'NONE',  ( 0.000000000000000000, 0.000000000000000000, 1.000000000000000000 ) ) ;
#293 = CARTESIAN_POINT ( 'NONE',  ( 0.000000000000000000, -72.40000343881547451, 3.000000000000002665 ) ) ;
#294 = EDGE_CURVE ( 'NONE', #1138, #271, #989, .T. ) ;
#295 = ORIENTED_EDGE ( 'NONE', *, *, #937, .F. ) ;
#296 = CARTESIAN_POINT ( 'NONE',  ( 141.2246505284618650, 35.95005665693690133, 59.80070530445111388 ) ) ;
#297 = AXIS2_PLACEMENT_3D ( 'NONE', #1210, #1454, #397 ) ;
#298 = FACE_BOUND ( 'NONE', #664, .T. ) ;
#299 = AXIS2_PLACEMENT_3D ( 'NONE', #1360, #1141, #1276 ) ;
#300 = DIRECTION ( 'NONE',  ( -1.000000000000000000, 0.000000000000000000, 0.000000000000000000 ) ) ;
#301 = FACE_OUTER_BOUND ( 'NONE', #366, .T. ) ;
#302 = CARTESIAN_POINT ( 'NONE',  ( 135.2050995365061112, 38.70634202326243667, 60.98504339304769672 ) ) ;
#303 = ORIENTED_EDGE ( 'NONE', *, *, #419, .F. ) ;
#304 = CARTESIAN_POINT ( 'NONE',  ( 136.7213107339220812, 36.83602805676837733, 59.10361424138288555 ) ) ;
#305 = EDGE_CURVE ( 'NONE', #434, #1257, #1102, .T. ) ;
#306 = CARTESIAN_POINT ( 'NONE',  ( 0.000000000000000000, 82.59999656118452549, 0.000000000000000000 ) ) ;
#307 = CARTESIAN_POINT ( 'NONE',  ( 118.6845740658523027, 47.51719983532866820, 95.08083704588322860 ) ) ;
#308 = CARTESIAN_POINT ( 'NONE',  ( 0.000000000000000000, -72.40000343881547451, -171.1999999999760007 ) ) ;
#309 = DIRECTION ( 'NONE',  ( 0.000000000000000000, 0.000000000000000000, 1.000000000000000000 ) ) ;
#310 = AXIS2_PLACEMENT_3D ( 'NONE', #1176, #1277, #121 ) ;
#311 = ORIENTED_EDGE ( 'NONE', *, *, #200, .F. ) ;
#312 = CARTESIAN_POINT ( 'NONE',  ( 140.0406014573037226, 37.47677316936837144, 66.99997171327166257 ) ) ;
#313 = EDGE_CURVE ( 'NONE', #536, #815, #1215, .T. ) ;
#314 = LINE ( 'NONE', #339, #573 ) ;
#315 = CIRCLE ( 'NONE', #1436, 175.0000000000000284 ) ;
#316 = CARTESIAN_POINT ( 'NONE',  ( 121.0792100949369399, 49.02892751614159295, 43.52083031077643227 ) ) ;
#317 = VERTEX_POINT ( 'NONE', #508 ) ;
#318 = DIRECTION ( 'NONE',  ( 0.000000000000000000, 0.000000000000000000, 1.000000000000000000 ) ) ;
#319 = CARTESIAN_POINT ( 'NONE',  ( 0.000000000000000000, 89.59999656118452549, 104.0000000000000000 ) ) ;
#320 = ORIENTED_EDGE ( 'NONE', *, *, #718, .T. ) ;
#321 = AXIS2_PLACEMENT_3D ( 'NONE', #1339, #292, #639 ) ;
#322 = CARTESIAN_POINT ( 'NONE',  ( 89.13021594586156482, 75.98854275207244768, 3.000000000000000000 ) ) ;
#323 = CARTESIAN_POINT ( 'NONE',  ( 0.000000000000000000, 92.59999656118453970, 53.00000000000000711 ) ) ;
#324 = ORIENTED_EDGE ( 'NONE', *, *, #120, .F. ) ;
#325 = CARTESIAN_POINT ( 'NONE',  ( 65.10848936865737357, 75.86973105506091031, 3.000000000000000000 ) ) ;
#326 = LINE ( 'NONE', #789, #429 ) ;
#327 = EDGE_LOOP ( 'NONE', ( #213, #362, #1405, #472 ) ) ;
#328 = CARTESIAN_POINT ( 'NONE',  ( 65.10848936865737357, 75.86973105506091031, 3.000000000000000000 ) ) ;
#329 = VECTOR ( 'NONE', #377, 1000.000000000000000 ) ;
#330 = CARTESIAN_POINT ( 'NONE',  ( 118.8571606996843997, 47.63617038025228823, 46.07485940803846347 ) ) ;
#331 = CARTESIAN_POINT ( 'NONE',  ( 165.0000000000000000, -72.40000343881547451, 53.00000000000000711 ) ) ;
#332 = ORIENTED_EDGE ( 'NONE', *, *, #33, .F. ) ;
#333 = ORIENTED_EDGE ( 'NONE', *, *, #16, .T. ) ;
#334 = LINE ( 'NONE', #211, #1322 ) ;
#335 = CARTESIAN_POINT ( 'NONE',  ( 0.000000000000000000, -72.40000343881547451, 3.799999999999720046 ) ) ;
#336 = EDGE_CURVE ( 'NONE', #1299, #100, #1225, .T. ) ;
#337 = ORIENTED_EDGE ( 'NONE', *, *, #1315, .T. ) ;
#338 = DIRECTION ( 'NONE',  ( 0.000000000000000000, 0.000000000000000000, 1.000000000000000000 ) ) ;
#339 = CARTESIAN_POINT ( 'NONE',  ( 0.000000000000000000, -72.40000343881547451, 279.5000000000000000 ) ) ;
#340 = AXIS2_PLACEMENT_3D ( 'NONE', #1305, #724, #1127 ) ;
#341 = FACE_OUTER_BOUND ( 'NONE', #125, .T. ) ;
#342 = VERTEX_POINT ( 'NONE', #542 ) ;
#343 = ORIENTED_EDGE ( 'NONE', *, *, #1170, .T. ) ;
#344 = CARTESIAN_POINT ( 'NONE',  ( 89.13021594586156482, 75.98854275207244768, 0.000000000000000000 ) ) ;
#345 = ORIENTED_EDGE ( 'NONE', *, *, #1283, .F. ) ;
#346 = EDGE_CURVE ( 'NONE', #271, #830, #843, .T. ) ;
#347 = CARTESIAN_POINT ( 'NONE',  ( 175.0000000000000284, -72.40000343881547451, 53.79999999999999716 ) ) ;
#348 = CARTESIAN_POINT ( 'NONE',  ( 0.000000000000000000, 105.5999965611845397, 102.0000000000000000 ) ) ;
#349 = CARTESIAN_POINT ( 'NONE',  ( 134.9542919353127957, 39.01084866925463501, 64.04635666237925307 ) ) ;
#350 = EDGE_LOOP ( 'NONE', ( #813, #1392 ) ) ;
#351 = VERTEX_POINT ( 'NONE', #1119 ) ;
#352 = DIRECTION ( 'NONE',  ( -0.000000000000000000, -0.000000000000000000, -1.000000000000000000 ) ) ;
#353 = ORIENTED_EDGE ( 'NONE', *, *, #952, .T. ) ;
#354 = EDGE_CURVE ( 'NONE', #575, #19, #726, .T. ) ;
#355 = CARTESIAN_POINT ( 'NONE',  ( 118.5164446848667126, 44.57567373597677829, 97.27837408126117680 ) ) ;
#356 = CARTESIAN_POINT ( 'NONE',  ( 142.0957646214793044, 34.80463339787741717, 61.95481673256987420 ) ) ;
#357 = ORIENTED_EDGE ( 'NONE', *, *, #653, .F. ) ;
#358 = CARTESIAN_POINT ( 'NONE',  ( 142.0957274767220326, 34.80468230319848999, 64.04516211575584350 ) ) ;
#359 = FACE_OUTER_BOUND ( 'NONE', #1, .T. ) ;
#360 = EDGE_CURVE ( 'NONE', #37, #434, #416, .T. ) ;
#361 = CARTESIAN_POINT ( 'NONE',  ( 139.7008556653165954, 32.99786175698476853, 64.04516211575584350 ) ) ;
#362 = ORIENTED_EDGE ( 'NONE', *, *, #589, .T. ) ;
#363 = CARTESIAN_POINT ( 'NONE',  ( 141.8530434458617151, 35.12559606100843723, 60.98348573430617847 ) ) ;
#364 = CARTESIAN_POINT ( 'NONE',  ( 137.3602856676582746, 36.03039783914399408, 66.99995860703023709 ) ) ;
#365 = CARTESIAN_POINT ( 'NONE',  ( 137.0409550709385655, 36.43492735014368122, 59.00004207942768630 ) ) ;
#366 = EDGE_LOOP ( 'NONE', ( #668, #1039, #787, #439 ) ) ;
#367 = ORIENTED_EDGE ( 'NONE', *, *, #492, .F. ) ;
#368 = CARTESIAN_POINT ( 'NONE',  ( 137.5229608411206357, 40.61094987265644107, 60.98473159920969522 ) ) ;
#369 = ADVANCED_FACE ( 'NONE', ( #887, #1448 ), #178, .T. ) ;
#370 = FACE_OUTER_BOUND ( 'NONE', #471, .T. ) ;
#371 = VECTOR ( 'NONE', #462, 1000.000000000000000 ) ;
#372 = DIRECTION ( 'NONE',  ( 1.000000000000000000, 0.000000000000000000, 0.000000000000000000 ) ) ;
#373 = EDGE_LOOP ( 'NONE', ( #790, #1081 ) ) ;
#374 = CARTESIAN_POINT ( 'NONE',  ( 139.7150334219610102, 37.88920471819471913, 66.99995860703023709 ) ) ;
#375 = DIRECTION ( 'NONE',  ( 0.7071067811865474617, 0.000000000000000000, -0.7071067811865475727 ) ) ;
#376 = EDGE_CURVE ( 'NONE', #342, #550, #646, .T. ) ;
#377 = DIRECTION ( 'NONE',  ( -0.000000000000000000, -0.000000000000000000, -1.000000000000000000 ) ) ;
#378 = AXIS2_PLACEMENT_3D ( 'NONE', #1131, #645, #1467 ) ;
#379 = CARTESIAN_POINT ( 'NONE',  ( 67.91228921186515777, 83.57685736540688026, 3.000000000000000000 ) ) ;
#380 = ORIENTED_EDGE ( 'NONE', *, *, #1401, .F. ) ;
#381 = CARTESIAN_POINT ( 'NONE',  ( 138.4575339669580956, 39.46485492340391943, 59.50542797316983723 ) ) ;
#382 = LINE ( 'NONE', #828, #1483 ) ;
#383 = EDGE_CURVE ( 'NONE', #1379, #1227, #522, .T. ) ;
#384 = VECTOR ( 'NONE', #32, 1000.000000000000000 ) ;
#385 = CARTESIAN_POINT ( 'NONE',  ( 137.7102460201365943, 40.38308927896051159, 60.54293637252002469 ) ) ;
#386 = SURFACE_STYLE_FILL_AREA ( #837 ) ;
#387 = ORIENTED_EDGE ( 'NONE', *, *, #492, .T. ) ;
#388 = DIRECTION ( 'NONE',  ( 1.000000000000000000, 0.000000000000000000, 0.000000000000000000 ) ) ;
#389 = DIRECTION ( 'NONE',  ( -0.000000000000000000, -0.000000000000000000, 1.000000000000000000 ) ) ;
#390 = CARTESIAN_POINT ( 'NONE',  ( 0.000000000000000000, 105.5999965611845397, 102.0000000000000000 ) ) ;
#391 = CARTESIAN_POINT ( 'NONE',  ( 139.3902285864403723, 38.30066902081155433, 59.00004207942768630 ) ) ;
#392 = EDGE_CURVE ( 'NONE', #1272, #100, #168, .T. ) ;
#393 =( NAMED_UNIT ( * ) SI_UNIT ( $, .STERADIAN. ) SOLID_ANGLE_UNIT ( ) );
#394 = CARTESIAN_POINT ( 'NONE',  ( 0.000000000000000000, 0.000000000000000000, 0.000000000000000000 ) ) ;
#395 = CARTESIAN_POINT ( 'NONE',  ( 116.9775279843704254, 46.05452454555496189, 98.99999999999998579 ) ) ;
#396 = CARTESIAN_POINT ( 'NONE',  ( 88.03021594586157050, 75.98854275207244768, 3.000000000000000000 ) ) ;
#397 = DIRECTION ( 'NONE',  ( 1.000000000000000000, 0.000000000000000000, 0.000000000000000000 ) ) ;
#398 = CIRCLE ( 'NONE', #261, 1.100000000000003642 ) ;
#399 = CARTESIAN_POINT ( 'NONE',  ( 63.38000301038845663, 76.97750365623505786, 0.000000000000000000 ) ) ;
#400 = EDGE_CURVE ( 'NONE', #904, #65, #1244, .T. ) ;
#401 = DIRECTION ( 'NONE',  ( -0.000000000000000000, -0.000000000000000000, 1.000000000000000000 ) ) ;
#402 = CYLINDRICAL_SURFACE ( 'NONE', #146, 1.477000000000006086 ) ;
#403 = FACE_OUTER_BOUND ( 'NONE', #609, .T. ) ;
#404 = VERTEX_POINT ( 'NONE', #742 ) ;
#405 = VECTOR ( 'NONE', #1289, 1000.000000000000000 ) ;
#406 = CARTESIAN_POINT ( 'NONE',  ( 142.1578220621253763, 34.72214005433788486, 63.52392685893326529 ) ) ;
#407 = VECTOR ( 'NONE', #1185, 1000.000000000000000 ) ;
#408 = FACE_BOUND ( 'NONE', #1189, .T. ) ;
#409 = CARTESIAN_POINT ( 'NONE',  ( 119.0178442441448823, 48.42389708539083415, 45.40148160223900931 ) ) ;
#410 = CARTESIAN_POINT ( 'NONE',  ( 121.8111606996843932, 47.73208464587241906, 43.00000000000000000 ) ) ;
#411 = CARTESIAN_POINT ( 'NONE',  ( 174.1999999999999886, -72.40000343881547451, 53.00000000000000711 ) ) ;
#412 = ORIENTED_EDGE ( 'NONE', *, *, #1088, .T. ) ;
#413 = CARTESIAN_POINT ( 'NONE',  ( 140.0397287277880025, 37.47787916838294109, 58.99995792057229238 ) ) ;
#414 = CARTESIAN_POINT ( 'NONE',  ( 139.4622618147516846, 33.31336685595522340, 60.98348573430617847 ) ) ;
#415 = CARTESIAN_POINT ( 'NONE',  ( 121.3537875863709417, 48.80713477020590574, 43.48353307572523363 ) ) ;
#416 = LINE ( 'NONE', #1324, #1115 ) ;
#417 = DIRECTION ( 'NONE',  ( -0.000000000000000000, -0.000000000000000000, -1.000000000000000000 ) ) ;
#418 = ORIENTED_EDGE ( 'NONE', *, *, #191, .T. ) ;
#419 = EDGE_CURVE ( 'NONE', #1380, #1397, #1442, .T. ) ;
#420 = CARTESIAN_POINT ( 'NONE',  ( 137.2015185793867715, 41.00080475720309892, 62.47470509888346868 ) ) ;
#421 = FACE_BOUND ( 'NONE', #633, .T. ) ;
#422 = CARTESIAN_POINT ( 'NONE',  ( 117.2266670632452872, 46.89190416344440848, 96.54973671457578632 ) ) ;
#423 = EDGE_LOOP ( 'NONE', ( #1267, #1188, #1495, #353 ) ) ;
#424 = DIRECTION ( 'NONE',  ( 0.9397460904621193212, -0.3418732008525412480, 0.000000000000000000 ) ) ;
#425 = DIRECTION ( 'NONE',  ( 0.000000000000000000, -1.000000000000000000, 0.000000000000000000 ) ) ;
#426 = ORIENTED_EDGE ( 'NONE', *, *, #90, .F. ) ;
#427 = CONICAL_SURFACE ( 'NONE', #622, 161.7999999999997840, 0.7853981633974541632 ) ;
#428 = CARTESIAN_POINT ( 'NONE',  ( 0.000000000000000000, -72.40000343881547451, 104.0000000000000000 ) ) ;
#429 = VECTOR ( 'NONE', #572, 1000.000000000000000 ) ;
#430 = CARTESIAN_POINT ( 'NONE',  ( 114.1868565542209524, 43.72892584348164746, 0.000000000000000000 ) ) ;
#431 = ORIENTED_EDGE ( 'NONE', *, *, #678, .F. ) ;
#432 = DIRECTION ( 'NONE',  ( 0.000000000000000000, 0.000000000000000000, -1.000000000000000000 ) ) ;
#433 = CARTESIAN_POINT ( 'NONE',  ( 0.000000000000000000, -72.40000343881547451, 3.000000000000000000 ) ) ;
#434 = VERTEX_POINT ( 'NONE', #62 ) ;
#435 = DIRECTION ( 'NONE',  ( 1.000000000000000000, 0.000000000000000000, 0.000000000000000000 ) ) ;
#436 = VECTOR ( 'NONE', #1216, 1000.000000000000000 ) ;
#437 = CARTESIAN_POINT ( 'NONE',  ( 155.0000000000000000, -72.40000343881547451, 3.000000000000000000 ) ) ;
#438 = CARTESIAN_POINT ( 'NONE',  ( 118.2973965353330499, 47.52599064857281519, 95.34669720117888403 ) ) ;
#439 = ORIENTED_EDGE ( 'NONE', *, *, #41, .T. ) ;
#440 = ORIENTED_EDGE ( 'NONE', *, *, #785, .T. ) ;
#441 = CARTESIAN_POINT ( 'NONE',  ( 114.1868565542209524, 43.72892584348164746, 3.000000000000000000 ) ) ;
#442 = DIRECTION ( 'NONE',  ( 0.000000000000000000, 0.000000000000000000, -1.000000000000000000 ) ) ;
#443 = AXIS2_PLACEMENT_3D ( 'NONE', #199, #923, #226 ) ;
#444 = VERTEX_POINT ( 'NONE', #1453 ) ;
#445 = CARTESIAN_POINT ( 'NONE',  ( 162.0000000000000000, -72.40000343881547451, 104.0000000000000000 ) ) ;
#446 = VECTOR ( 'NONE', #1447, 1000.000000000000227 ) ;
#447 = CARTESIAN_POINT ( 'NONE',  ( 0.000000000000000000, -72.40000343881547451, 3.000000000000000000 ) ) ;
#448 = EDGE_CURVE ( 'NONE', #1252, #1138, #128, .T. ) ;
#449 = CARTESIAN_POINT ( 'NONE',  ( 141.6751086038617586, 35.36038516854697633, 65.45725554453842676 ) ) ;
#450 = EDGE_LOOP ( 'NONE', ( #598, #571, #114, #12 ) ) ;
#451 = EDGE_LOOP ( 'NONE', ( #337, #113, #1104, #89 ) ) ;
#452 = DIRECTION ( 'NONE',  ( -1.000000000000000000, 0.000000000000000000, 0.000000000000000000 ) ) ;
#453 = ORIENTED_EDGE ( 'NONE', *, *, #725, .F. ) ;
#454 = ORIENTED_EDGE ( 'NONE', *, *, #244, .T. ) ;
#455 = CARTESIAN_POINT ( 'NONE',  ( 121.2159711794145522, 46.53530100861352992, 45.17975234436665488 ) ) ;
#456 = CARTESIAN_POINT ( 'NONE',  ( 141.2244962254873428, 35.95025921238023869, 66.19939125258920853 ) ) ;
#457 = VERTEX_POINT ( 'NONE', #997 ) ;
#458 = ORIENTED_EDGE ( 'NONE', *, *, #1491, .F. ) ;
#459 = CARTESIAN_POINT ( 'NONE',  ( 0.000000000000000000, -72.40000343881547451, 104.0000000000000000 ) ) ;
#460 = CARTESIAN_POINT ( 'NONE',  ( 67.91228921186515777, 83.57685736540690868, 0.000000000000000000 ) ) ;
#461 = EDGE_CURVE ( 'NONE', #187, #764, #1463, .T. ) ;
#462 = DIRECTION ( 'NONE',  ( -0.000000000000000000, -0.000000000000000000, 1.000000000000000000 ) ) ;
#463 = CARTESIAN_POINT ( 'NONE',  ( 141.2246505284618650, 35.95005665693690133, 59.80070530445111388 ) ) ;
#464 = ORIENTED_EDGE ( 'NONE', *, *, #1274, .F. ) ;
#465 = CARTESIAN_POINT ( 'NONE',  ( 141.8532178477436503, 35.12536565342900730, 65.01607063826762101 ) ) ;
#466 = AXIS2_PLACEMENT_3D ( 'NONE', #1014, #1479, #1373 ) ;
#467 = ORIENTED_EDGE ( 'NONE', *, *, #182, .F. ) ;
#468 = ADVANCED_FACE ( 'NONE', ( #301 ), #1233, .T. ) ;
#469 = CARTESIAN_POINT ( 'NONE',  ( 117.0149532492075792, 45.65659736280574776, 97.57780680085180336 ) ) ;
#470 = CARTESIAN_POINT ( 'NONE',  ( 135.3890382712930318, 38.48255568783807945, 65.45669317423956102 ) ) ;
#471 = EDGE_LOOP ( 'NONE', ( #579, #431, #819, #135 ) ) ;
#472 = ORIENTED_EDGE ( 'NONE', *, *, #816, .T. ) ;
#473 = CARTESIAN_POINT ( 'NONE',  ( 0.000000000000000000, -72.40000343881547451, 279.6999999999999886 ) ) ;
#474 = CARTESIAN_POINT ( 'NONE',  ( 178.0000000000000284, -72.40000343881547451, 102.0000000000000000 ) ) ;
#475 = CLOSED_SHELL ( 'NONE', ( #1116, #1481, #1408, #939, #70, #566, #824, #1248, #234, #1359, #285, #1198, #110, #968, #269, #1416, #851, #707, #1016, #147, #656, #1261, #1179, #1461, #468, #133, #154, #698, #1426, #1208, #607, #369, #1080, #766, #842, #1044 ) ) ;
#476 = CARTESIAN_POINT ( 'NONE',  ( 140.0406014573037226, 37.47677316936837144, 66.99997171327166257 ) ) ;
#477 = ORIENTED_EDGE ( 'NONE', *, *, #625, .T. ) ;
#478 = ORIENTED_EDGE ( 'NONE', *, *, #809, .T. ) ;
#479 = CARTESIAN_POINT ( 'NONE',  ( 0.000000000000000000, -72.40000343881547451, 53.00000000000000711 ) ) ;
#480 = CONICAL_SURFACE ( 'NONE', #340, 175.7000000000000171, 0.7853981633974482790 ) ;
#481 = CARTESIAN_POINT ( 'NONE',  ( 86.42742458915014936, 76.84117773886237046, 0.000000000000000000 ) ) ;
#482 = CARTESIAN_POINT ( 'NONE',  ( 137.9950915375910938, 35.22240352767021676, 59.10336461305820421 ) ) ;
#483 = EDGE_CURVE ( 'NONE', #659, #1424, #507, .T. ) ;
#484 = ORIENTED_EDGE ( 'NONE', *, *, #725, .T. ) ;
#485 = CARTESIAN_POINT ( 'NONE',  ( 63.38000301038845663, 76.97750365623505786, 0.000000000000000000 ) ) ;
#486 = CYLINDRICAL_SURFACE ( 'NONE', #1413, 1.100000000000003642 ) ;
#487 = CONICAL_SURFACE ( 'NONE', #1345, 174.2000000000001876, 0.7853981633975176679 ) ;
#488 = VECTOR ( 'NONE', #84, 1000.000000000000000 ) ;
#489 = DIRECTION ( 'NONE',  ( 1.000000000000000000, 0.000000000000000000, -0.000000000000000000 ) ) ;
#490 = ORIENTED_EDGE ( 'NONE', *, *, #749, .T. ) ;
#491 = CARTESIAN_POINT ( 'NONE',  ( 121.8111606996843932, 47.73208464587241906, 53.00000000000000711 ) ) ;
#492 = EDGE_CURVE ( 'NONE', #1456, #715, #203, .T. ) ;
#493 = DIRECTION ( 'NONE',  ( -0.000000000000000000, -0.000000000000000000, -1.000000000000000000 ) ) ;
#494 = CARTESIAN_POINT ( 'NONE',  ( 117.3515852605596166, 45.06523443404384466, 97.75945293961616755 ) ) ;
#495 =( GEOMETRIC_REPRESENTATION_CONTEXT ( 3 ) GLOBAL_UNCERTAINTY_ASSIGNED_CONTEXT ( ( #1122 ) ) GLOBAL_UNIT_ASSIGNED_CONTEXT ( ( #1458, #1230, #529 ) ) REPRESENTATION_CONTEXT ( 'NONE', 'WORKASPACE' ) );
#496 = CARTESIAN_POINT ( 'NONE',  ( 139.4622618147516846, 33.31336685595522340, 60.98348573430617847 ) ) ;
#497 = EDGE_LOOP ( 'NONE', ( #583, #755, #527, #1038 ) ) ;
#498 = DIRECTION ( 'NONE',  ( 1.000000000000000000, 0.000000000000000000, 0.000000000000000000 ) ) ;
#499 = LINE ( 'NONE', #712, #407 ) ;
#500 = CARTESIAN_POINT ( 'NONE',  ( 135.8508240366272446, 37.91630066693242185, 66.19986189774834884 ) ) ;
#501 = EDGE_CURVE ( 'NONE', #457, #1275, #1013, .T. ) ;
#502 = CIRCLE ( 'NONE', #1052, 175.7000000000000171 ) ;
#503 = DIRECTION ( 'NONE',  ( -0.7071067811865495711, -0.000000000000000000, 0.7071067811865454633 ) ) ;
#504 = DIRECTION ( 'NONE',  ( -0.000000000000000000, -0.000000000000000000, 1.000000000000000000 ) ) ;
#505 = DIRECTION ( 'NONE',  ( 0.000000000000000000, 0.000000000000000000, 1.000000000000000000 ) ) ;
#506 = CARTESIAN_POINT ( 'NONE',  ( 138.8443080868555910, 34.12413119016906649, 66.19939125258920853 ) ) ;
#507 = CIRCLE ( 'NONE', #49, 1.100000000000003642 ) ;
#508 = CARTESIAN_POINT ( 'NONE',  ( 65.10848936865737357, 75.86973105506091031, 0.000000000000000000 ) ) ;
#509 = CARTESIAN_POINT ( 'NONE',  ( 135.3894894791225454, 38.48200212842782975, 60.54258230091713955 ) ) ;
#510 = CARTESIAN_POINT ( 'NONE',  ( 119.3362042690567506, 44.85753546401122094, 96.49650857110292179 ) ) ;
#511 = EDGE_CURVE ( 'NONE', #1278, #238, #591, .T. ) ;
#512 = DIRECTION ( 'NONE',  ( -0.000000000000000000, -0.000000000000000000, 1.000000000000000000 ) ) ;
#513 = DIRECTION ( 'NONE',  ( 1.000000000000000000, 0.000000000000000000, 0.000000000000000000 ) ) ;
#514 = CARTESIAN_POINT ( 'NONE',  ( 138.5800406908643936, 34.46814004579074719, 59.50554798116088051 ) ) ;
#515 = DIRECTION ( 'NONE',  ( 1.000000000000000000, 0.000000000000000000, 0.000000000000000000 ) ) ;
#516 = CARTESIAN_POINT ( 'NONE',  ( 0.000000000000000000, 105.0999965611845113, 102.0000000000000142 ) ) ;
#517 = CIRCLE ( 'NONE', #14, 1.477000000000006086 ) ;
#518 = EDGE_LOOP ( 'NONE', ( #594, #345, #651, #604 ) ) ;
#519 = CARTESIAN_POINT ( 'NONE',  ( 140.9555840072748083, 36.30031237179459680, 66.49448714693585316 ) ) ;
#520 = PRESENTATION_LAYER_ASSIGNMENT (  '', '', ( #704 ) ) ;
#521 = EDGE_CURVE ( 'NONE', #1494, #342, #665, .T. ) ;
#522 = CIRCLE ( 'NONE', #1386, 1.100000000000003642 ) ;
#523 = DIRECTION ( 'NONE',  ( 1.000000000000000000, 0.000000000000000000, 0.000000000000000000 ) ) ;
#524 = CARTESIAN_POINT ( 'NONE',  ( 117.0208074666149969, 46.42072327673475485, 97.03000278954273483 ) ) ;
#525 = DIRECTION ( 'NONE',  ( 0.000000000000000000, 0.000000000000000000, 1.000000000000000000 ) ) ;
#526 = DIRECTION ( 'NONE',  ( -0.000000000000000000, -0.000000000000000000, 1.000000000000000000 ) ) ;
#527 = ORIENTED_EDGE ( 'NONE', *, *, #625, .F. ) ;
#528 = CARTESIAN_POINT ( 'NONE',  ( 137.7099932130866478, 40.38339955858071306, 65.45669317423956102 ) ) ;
#529 =( NAMED_UNIT ( * ) SI_UNIT ( $, .STERADIAN. ) SOLID_ANGLE_UNIT ( ) );
#530 = DIRECTION ( 'NONE',  ( 0.000000000000000000, 0.000000000000000000, 1.000000000000000000 ) ) ;
#531 = EDGE_CURVE ( 'NONE', #991, #215, #538, .T. ) ;
#532 = CARTESIAN_POINT ( 'NONE',  ( 118.9885529658605918, 47.44721659005744385, 94.91660641682713617 ) ) ;
#533 = B_SPLINE_CURVE_WITH_KNOTS ( 'NONE', 1,
 ( #948, #364 ),
 .UNSPECIFIED., .F., .F.,
 ( 2, 2 ),
 ( 0.000000000000000000, 1.000000000000000000 ),
 .UNSPECIFIED. ) ;
#534 = DIRECTION ( 'NONE',  ( 0.000000000000000000, 0.000000000000000000, -1.000000000000000000 ) ) ;
#535 = CARTESIAN_POINT ( 'NONE',  ( 0.000000000000000000, -72.40000343881547451, 104.0000000000000000 ) ) ;
#536 = VERTEX_POINT ( 'NONE', #1029 ) ;
#537 = CARTESIAN_POINT ( 'NONE',  ( 142.0957646214793044, 34.80463339787741717, 61.95481673256987420 ) ) ;
#538 = CIRCLE ( 'NONE', #9, 175.0000000000000284 ) ;
#539 = CARTESIAN_POINT ( 'NONE',  ( 135.8510485060436110, 37.91602541606153665, 66.20019522731652728 ) ) ;
#540 = CARTESIAN_POINT ( 'NONE',  ( 0.000000000000000000, -72.40000343881547451, 50.00000000000000000 ) ) ;
#541 = ORIENTED_EDGE ( 'NONE', *, *, #732, .T. ) ;
#542 = CARTESIAN_POINT ( 'NONE',  ( 117.1408565542209601, 43.72892584348164746, 3.000000000000000000 ) ) ;
#543 = DIRECTION ( 'NONE',  ( 0.000000000000000000, 0.000000000000000000, 1.000000000000000000 ) ) ;
#544 = EDGE_CURVE ( 'NONE', #1438, #96, #788, .T. ) ;
#545 = EDGE_LOOP ( 'NONE', ( #295, #909, #1504, #881 ) ) ;
#546 = EDGE_CURVE ( 'NONE', #1494, #1384, #855, .T. ) ;
#547 = APPLICATION_PROTOCOL_DEFINITION ( 'draft international standard', 'automotive_design', 1998, #1421 ) ;
#548 = DIRECTION ( 'NONE',  ( 1.000000000000000000, 0.000000000000000000, 0.000000000000000000 ) ) ;
#549 = CARTESIAN_POINT ( 'NONE',  ( 86.93021594586156198, 75.98854275207244768, 3.000000000000000000 ) ) ;
#550 = VERTEX_POINT ( 'NONE', #441 ) ;
#551 = CARTESIAN_POINT ( 'NONE',  ( 0.000000000000000000, -72.40000343881547451, 39.99999999999996447 ) ) ;
#552 = CARTESIAN_POINT ( 'NONE',  ( 0.000000000000000000, -72.40000343881547451, 104.0000000000000000 ) ) ;
#553 = EDGE_LOOP ( 'NONE', ( #105, #197 ) ) ;
#554 = ORIENTED_EDGE ( 'NONE', *, *, #986, .T. ) ;
#555 = CIRCLE ( 'NONE', #950, 162.0000000000000000 ) ;
#556 = EDGE_CURVE ( 'NONE', #1227, #659, #334, .T. ) ;
#557 = VECTOR ( 'NONE', #967, 1000.000000000000000 ) ;
#558 = CARTESIAN_POINT ( 'NONE',  ( 63.38000301038845663, 76.97750365623505786, 3.000000000000000000 ) ) ;
#559 = CARTESIAN_POINT ( 'NONE',  ( 121.6367831807389308, 48.43724221272837838, 43.54406985868150315 ) ) ;
#560 = ORIENTED_EDGE ( 'NONE', *, *, #718, .F. ) ;
#561 = ORIENTED_EDGE ( 'NONE', *, *, #376, .T. ) ;
#562 = DIRECTION ( 'NONE',  ( 0.3418732008525412480, 0.9397460904621193212, 0.000000000000000000 ) ) ;
#563 = DIRECTION ( 'NONE',  ( 1.000000000000000000, 0.000000000000000000, 0.000000000000000000 ) ) ;
#564 = ORIENTED_EDGE ( 'NONE', *, *, #653, .T. ) ;
#565 = DIRECTION ( 'NONE',  ( 0.000000000000000000, 0.000000000000000000, 1.000000000000000000 ) ) ;
#566 = ADVANCED_FACE ( 'NONE', ( #798 ), #896, .F. ) ;
#567 = CIRCLE ( 'NONE', #297, 1.477000000000006086 ) ;
#568 = CARTESIAN_POINT ( 'NONE',  ( 86.42742458915014936, 76.84117773886237046, 3.000000000000000000 ) ) ;
#569 = CARTESIAN_POINT ( 'NONE',  ( 139.0651046322178956, 38.70864573954980870, 59.10361424138288555 ) ) ;
#570 = ORIENTED_EDGE ( 'NONE', *, *, #354, .T. ) ;
#571 = ORIENTED_EDGE ( 'NONE', *, *, #739, .T. ) ;
#572 = DIRECTION ( 'NONE',  ( -0.000000000000000000, -0.000000000000000000, -1.000000000000000000 ) ) ;
#573 = VECTOR ( 'NONE', #662, 1000.000000000000000 ) ;
#574 = ORIENTED_EDGE ( 'NONE', *, *, #1006, .F. ) ;
#575 = VERTEX_POINT ( 'NONE', #1165 ) ;
#576 = CARTESIAN_POINT ( 'NONE',  ( 118.8571606996843855, 47.73208464587242617, 46.00667694498157800 ) ) ;
#577 = CARTESIAN_POINT ( 'NONE',  ( 142.1579676470343827, 34.72194685373360556, 62.47580364162438116 ) ) ;
#578 = EDGE_CURVE ( 'NONE', #1031, #1046, #660, .T. ) ;
#579 = ORIENTED_EDGE ( 'NONE', *, *, #1320, .F. ) ;
#580 = ORIENTED_EDGE ( 'NONE', *, *, #809, .F. ) ;
#581 = DIRECTION ( 'NONE',  ( 0.000000000000000000, 0.000000000000000000, 1.000000000000000000 ) ) ;
#582 = EDGE_LOOP ( 'NONE', ( #574, #1243, #1147, #808 ) ) ;
#583 = ORIENTED_EDGE ( 'NONE', *, *, #1192, .F. ) ;
#584 = LINE ( 'NONE', #447, #256 ) ;
#585 = CARTESIAN_POINT ( 'NONE',  ( 137.0402047340348304, 36.43587829445079507, 66.99994550078879740 ) ) ;
#586 = VERTEX_POINT ( 'NONE', #1488 ) ;
#587 = CARTESIAN_POINT ( 'NONE',  ( 139.0649560737857939, 38.70882993035930042, 66.89631041430300229 ) ) ;
#588 = AXIS2_PLACEMENT_3D ( 'NONE', #459, #1391, #1280 ) ;
#589 = EDGE_CURVE ( 'NONE', #1278, #904, #106, .T. ) ;
#590 = ORIENTED_EDGE ( 'NONE', *, *, #834, .T. ) ;
#591 = CIRCLE ( 'NONE', #76, 178.0000000000000284 ) ;
#592 = CARTESIAN_POINT ( 'NONE',  ( 139.7149786571141874, 37.88927409459724771, 58.99999999999999289 ) ) ;
#593 = CARTESIAN_POINT ( 'NONE',  ( 135.2050093211327351, 38.70645152074262541, 65.01520623734894855 ) ) ;
#594 = ORIENTED_EDGE ( 'NONE', *, *, #1150, .F. ) ;
#595 = CARTESIAN_POINT ( 'NONE',  ( 142.0957646214793044, 34.80463339787741717, 61.95481673256987420 ) ) ;
#596 = CARTESIAN_POINT ( 'NONE',  ( 116.9775279843704254, 46.05452454555496189, 97.32112069894803597 ) ) ;
#597 = CARTESIAN_POINT ( 'NONE',  ( 136.7211646792837882, 36.83620914323837781, 66.89631041430300229 ) ) ;
#598 = ORIENTED_EDGE ( 'NONE', *, *, #1349, .F. ) ;
#599 = CARTESIAN_POINT ( 'NONE',  ( 140.9556985312792108, 36.30016536266970917, 59.50554798116088051 ) ) ;
#600 = DIRECTION ( 'NONE',  ( 0.000000000000000000, 0.000000000000000000, -1.000000000000000000 ) ) ;
#601 = EDGE_CURVE ( 'NONE', #1272, #715, #774, .T. ) ;
#602 = CYLINDRICAL_SURFACE ( 'NONE', #1072, 1.477000000000006086 ) ;
#603 = ORIENTED_EDGE ( 'NONE', *, *, #346, .T. ) ;
#604 = ORIENTED_EDGE ( 'NONE', *, *, #544, .T. ) ;
#605 = CARTESIAN_POINT ( 'NONE',  ( 139.4626119524075989, 33.31290406004243465, 65.01525722431573229 ) ) ;
#606 = FACE_BOUND ( 'NONE', #553, .T. ) ;
#607 = ADVANCED_FACE ( 'NONE', ( #799 ), #814, .F. ) ;
#608 = CARTESIAN_POINT ( 'NONE',  ( 86.42742458915014936, 76.84117773886237046, 3.000000000000000000 ) ) ;
#609 = EDGE_LOOP ( 'NONE', ( #1430, #1396, #778, #387 ) ) ;
#610 = CARTESIAN_POINT ( 'NONE',  ( 138.8444703776044662, 34.12391818788303510, 59.80069524529983482 ) ) ;
#611 = CARTESIAN_POINT ( 'NONE',  ( 0.000000000000000000, -72.40000343881547451, 104.0000000000000000 ) ) ;
#612 = CARTESIAN_POINT ( 'NONE',  ( 83.62362474594236517, 69.13405142851640051, 3.000000000000000000 ) ) ;
#613 = CARTESIAN_POINT ( 'NONE',  ( 176.5000000000000000, -72.40000343881547451, 104.0000000000000000 ) ) ;
#614 = EDGE_LOOP ( 'NONE', ( #1249, #477, #1266, #1516, #367, #237, #965, #999, #143, #1253, #220, #955, #490, #1007, #954, #1075, #898, #772 ) ) ;
#615 = CARTESIAN_POINT ( 'NONE',  ( 140.0397287277880025, 37.47787916838294109, 58.99995792057229238 ) ) ;
#616 = EDGE_CURVE ( 'NONE', #232, #1299, #848, .T. ) ;
#617 = DIRECTION ( 'NONE',  ( -0.000000000000000000, -0.000000000000000000, -1.000000000000000000 ) ) ;
#618 = B_SPLINE_CURVE_WITH_KNOTS ( 'NONE', 3,
 ( #576, #330, #235, #1054, #4, #793, #1264, #802, #681, #217, #689, #1151, #111, #1043, #1512, #455, #1142, #995, #1003, #761, #672, #1469 ),
 .UNSPECIFIED., .F., .F.,
 ( 4, 2, 2, 2, 2, 2, 2, 2, 2, 2, 4 ),
 ( 0.01034400421221814796, 0.01069653711518580609, 0.01104907001815346422, 0.01140160292112112235, 0.01175413582408878048, 0.01245920163002413143, 0.01316426743595948239, 0.01386933324189483160, 0.01457439904783018256, 0.01527946485376553351, 0.01598453065970088446 ),
 .UNSPECIFIED. ) ;
#619 = LINE ( 'NONE', #1428, #719 ) ;
#620 = CARTESIAN_POINT ( 'NONE',  ( 139.7149786571141874, 37.88927409459724771, 58.99999999999999289 ) ) ;
#621 = CARTESIAN_POINT ( 'NONE',  ( 120.3341606996843893, 47.73208464587241906, 43.00000000000000000 ) ) ;
#622 = AXIS2_PLACEMENT_3D ( 'NONE', #34, #600, #262 ) ;
#623 = DIRECTION ( 'NONE',  ( -1.000000000000000000, 0.000000000000000000, 0.000000000000000000 ) ) ;
#624 = DIRECTION ( 'NONE',  ( -0.000000000000000000, -0.000000000000000000, 1.000000000000000000 ) ) ;
#625 = EDGE_CURVE ( 'NONE', #1380, #1063, #326, .T. ) ;
#626 = VECTOR ( 'NONE', #581, 1000.000000000000000 ) ;
#627 = CARTESIAN_POINT ( 'NONE',  ( 165.0000000000000000, -72.40000343881547451, 50.00000000000000000 ) ) ;
#628 = FACE_OUTER_BOUND ( 'NONE', #582, .T. ) ;
#629 = DIRECTION ( 'NONE',  ( 0.000000000000000000, 0.000000000000000000, 1.000000000000000000 ) ) ;
#630 = CARTESIAN_POINT ( 'NONE',  ( 139.7008556653165954, 32.99786175698476853, 64.04516211575584350 ) ) ;
#631 = DIRECTION ( 'NONE',  ( -1.000000000000000000, 0.000000000000000000, 0.000000000000000000 ) ) ;
#632 = DIRECTION ( 'NONE',  ( -0.000000000000000000, -0.000000000000000000, 1.000000000000000000 ) ) ;
#633 = EDGE_LOOP ( 'NONE', ( #972, #931 ) ) ;
#634 = AXIS2_PLACEMENT_3D ( 'NONE', #479, #956, #847 ) ;
#635 = CARTESIAN_POINT ( 'NONE',  ( 0.000000000000000000, -72.40000343881547451, 102.0000000000000000 ) ) ;
#636 = AXIS2_PLACEMENT_3D ( 'NONE', #776, #1394, #699 ) ;
#637 = CARTESIAN_POINT ( 'NONE',  ( 139.4624332772760908, 33.31314033164959909, 65.01607063826762101 ) ) ;
#638 = DIRECTION ( 'NONE',  ( 1.000000000000000000, 0.000000000000000000, 0.000000000000000000 ) ) ;
#639 = DIRECTION ( 'NONE',  ( 1.000000000000000000, 0.000000000000000000, 0.000000000000000000 ) ) ;
#640 = CARTESIAN_POINT ( 'NONE',  ( 136.7211501610248945, 36.83622721333623673, 66.89631483151377722 ) ) ;
#641 = VECTOR ( 'NONE', #401, 1000.000000000000000 ) ;
#642 = EDGE_LOOP ( 'NONE', ( #677, #1200, #554, #674 ) ) ;
#643 = CARTESIAN_POINT ( 'NONE',  ( 137.5228094809235699, 40.61113360576361941, 65.01520623734894855 ) ) ;
#644 = EDGE_CURVE ( 'NONE', #1424, #659, #126, .T. ) ;
#645 = DIRECTION ( 'NONE',  ( 0.000000000000000000, 0.000000000000000000, 1.000000000000000000 ) ) ;
#646 = CIRCLE ( 'NONE', #927, 1.477000000000006086 ) ;
#647 = CYLINDRICAL_SURFACE ( 'NONE', #962, 1.477000000000006086 ) ;
#648 = CARTESIAN_POINT ( 'NONE',  ( 120.5641609336555433, 49.19475549650534418, 43.76625764027361498 ) ) ;
#649 = CARTESIAN_POINT ( 'NONE',  ( 115.6638565542209562, 43.72892584348164746, -7.000000000000000000 ) ) ;
#650 = FACE_OUTER_BOUND ( 'NONE', #942, .T. ) ;
#651 = ORIENTED_EDGE ( 'NONE', *, *, #993, .T. ) ;
#652 = CARTESIAN_POINT ( 'NONE',  ( 137.2677940827753105, 40.92074899110726705, 64.04635666237925307 ) ) ;
#653 = EDGE_CURVE ( 'NONE', #215, #1272, #1269, .T. ) ;
#654 = LINE ( 'NONE', #1475, #207 ) ;
#655 = CARTESIAN_POINT ( 'NONE',  ( 118.8571606996843855, 47.73208464587242617, 46.00667694498157800 ) ) ;
#656 = ADVANCED_FACE ( 'NONE', ( #918 ), #897, .F. ) ;
#657 = CARTESIAN_POINT ( 'NONE',  ( 0.000000000000000000, -72.40000343881547451, 0.000000000000000000 ) ) ;
#658 = CARTESIAN_POINT ( 'NONE',  ( 115.6638565542209562, 43.72892584348164746, 0.000000000000000000 ) ) ;
#659 = VERTEX_POINT ( 'NONE', #344 ) ;
#660 = CIRCLE ( 'NONE', #1130, 1.477000000000006086 ) ;
#661 = FILL_AREA_STYLE ('',( #1001 ) ) ;
#662 = DIRECTION ( 'NONE',  ( 0.000000000000000000, -0.7071067811865474617, 0.7071067811865475727 ) ) ;
#663 = CARTESIAN_POINT ( 'NONE',  ( 117.0452301223648419, 46.50488106311368597, 96.95289551137793183 ) ) ;
#664 = EDGE_LOOP ( 'NONE', ( #265, #458, #804, #1027 ) ) ;
#665 = LINE ( 'NONE', #1381, #736 ) ;
#666 = CARTESIAN_POINT ( 'NONE',  ( 0.000000000000000000, -72.40000343881547451, 3.000000000000000000 ) ) ;
#667 = EDGE_CURVE ( 'NONE', #434, #57, #315, .T. ) ;
#668 = ORIENTED_EDGE ( 'NONE', *, *, #1201, .F. ) ;
#669 = DIRECTION ( 'NONE',  ( 0.7071067811865597852, -0.000000000000000000, 0.7071067811865352493 ) ) ;
#670 = VECTOR ( 'NONE', #1207, 1000.000000000000000 ) ;
#671 = FACE_OUTER_BOUND ( 'NONE', #518, .T. ) ;
#672 = CARTESIAN_POINT ( 'NONE',  ( 121.8111606996844074, 47.53994943518308958, 44.05108233080407132 ) ) ;
#673 = MECHANICAL_DESIGN_GEOMETRIC_PRESENTATION_REPRESENTATION (  '', ( #1455 ), #1311 ) ;
#674 = ORIENTED_EDGE ( 'NONE', *, *, #578, .T. ) ;
#675 = DIRECTION ( 'NONE',  ( 0.9397460904621194322, -0.3418732008525413035, 0.000000000000000000 ) ) ;
#676 = CARTESIAN_POINT ( 'NONE',  ( 175.0000000000000000, -72.40000343881547451, 3.799999999999720046 ) ) ;
#677 = ORIENTED_EDGE ( 'NONE', *, *, #1159, .F. ) ;
#678 = EDGE_CURVE ( 'NONE', #1076, #142, #502, .T. ) ;
#679 = LINE ( 'NONE', #328, #869 ) ;
#680 = AXIS2_PLACEMENT_3D ( 'NONE', #1440, #1218, #1346 ) ;
#681 = CARTESIAN_POINT ( 'NONE',  ( 119.3152647945854596, 46.65640706841934104, 46.44571274258786531 ) ) ;
#682 = CARTESIAN_POINT ( 'NONE',  ( 138.1795634741235688, 39.80759924484255663, 59.80025097262733169 ) ) ;
#683 = ORIENTED_EDGE ( 'NONE', *, *, #1313, .T. ) ;
#684 = ORIENTED_EDGE ( 'NONE', *, *, #1201, .T. ) ;
#685 = CYLINDRICAL_SURFACE ( 'NONE', #248, 155.0000000000000000 ) ;
#686 = ORIENTED_EDGE ( 'NONE', *, *, #986, .F. ) ;
#687 = ORIENTED_EDGE ( 'NONE', *, *, #578, .F. ) ;
#688 = AXIS2_PLACEMENT_3D ( 'NONE', #485, #1195, #1294 ) ;
#689 = CARTESIAN_POINT ( 'NONE',  ( 119.8010420171250558, 46.33906788477220573, 46.32508802419344107 ) ) ;
#690 = CARTESIAN_POINT ( 'NONE',  ( 138.1799236232900796, 39.80715733928801114, 66.20019522731652728 ) ) ;
#691 = EDGE_LOOP ( 'NONE', ( #590, #783, #1293, #149, #320, #1505, #1163, #210, #1157, #812, #838, #701, #1070, #1113, #1154, #357, #426, #104 ) ) ;
#692 = ORIENTED_EDGE ( 'NONE', *, *, #775, .T. ) ;
#693 = APPLICATION_CONTEXT ( 'automotive_design' ) ;
#694 = CARTESIAN_POINT ( 'NONE',  ( 118.4545279843704293, 46.05452454555496189, 104.0000000000000000 ) ) ;
#695 = VECTOR ( 'NONE', #1161, 1000.000000000000000 ) ;
#696 = EDGE_LOOP ( 'NONE', ( #1362, #1303, #603, #333 ) ) ;
#697 = CARTESIAN_POINT ( 'NONE',  ( 0.000000000000000000, 102.5999965611844829, 88.79999999999991189 ) ) ;
#698 = ADVANCED_FACE ( 'NONE', ( #1497 ), #685, .F. ) ;
#699 = DIRECTION ( 'NONE',  ( 0.000000000000000000, -0.000000000000000000, 1.000000000000000000 ) ) ;
#700 = CARTESIAN_POINT ( 'NONE',  ( 140.0397287277880025, 37.47787916838294109, 58.99995792057229238 ) ) ;
#701 = ORIENTED_EDGE ( 'NONE', *, *, #294, .F. ) ;
#702 = ORIENTED_EDGE ( 'NONE', *, *, #124, .F. ) ;
#703 = CARTESIAN_POINT ( 'NONE',  ( 139.3894653866183546, 38.30163626702107393, 66.99994550078879740 ) ) ;
#704 = STYLED_ITEM ( 'NONE', ( #1482 ), #1333 ) ;
#705 = CARTESIAN_POINT ( 'NONE',  ( 0.000000000000000000, -72.40000343881547451, 3.000000000000000000 ) ) ;
#706 = CARTESIAN_POINT ( 'NONE',  ( 0.000000000000000000, -72.40000343881547451, 53.79999999999999716 ) ) ;
#707 = ADVANCED_FACE ( 'NONE', ( #928 ), #907, .F. ) ;
#708 = CARTESIAN_POINT ( 'NONE',  ( 138.5799280970398399, 34.46828457723375294, 66.49448714693585316 ) ) ;
#709 = ORIENTED_EDGE ( 'NONE', *, *, #834, .F. ) ;
#710 = CARTESIAN_POINT ( 'NONE',  ( 139.0651046322178956, 38.70864573954980870, 59.10361424138288555 ) ) ;
#711 = PRODUCT_RELATED_PRODUCT_CATEGORY ( 'part', '', ( #1061 ) ) ;
#712 = CARTESIAN_POINT ( 'NONE',  ( 162.0000000000000000, -72.40000343881547451, 104.0000000000000000 ) ) ;
#713 = VECTOR ( 'NONE', #1020, 1000.000000000000000 ) ;
#714 = CARTESIAN_POINT ( 'NONE',  ( 137.5229608411206357, 40.61094987265644107, 60.98473159920969522 ) ) ;
#715 = VERTEX_POINT ( 'NONE', #676 ) ;
#716 = CARTESIAN_POINT ( 'NONE',  ( 140.0406014573037226, 37.47677316936835723, 66.99997171327166257 ) ) ;
#717 = DIRECTION ( 'NONE',  ( -0.000000000000000000, -0.000000000000000000, -1.000000000000000000 ) ) ;
#718 = EDGE_CURVE ( 'NONE', #19, #97, #230, .T. ) ;
#719 = VECTOR ( 'NONE', #503, 1000.000000000000000 ) ;
#720 = CARTESIAN_POINT ( 'NONE',  ( 139.7150334219610102, 37.88920471819471913, 66.99995860703023709 ) ) ;
#721 = ORIENTED_EDGE ( 'NONE', *, *, #880, .T. ) ;
#722 = ORIENTED_EDGE ( 'NONE', *, *, #556, .T. ) ;
#723 = CARTESIAN_POINT ( 'NONE',  ( 139.7007265109593277, 32.99803275392316237, 61.95422831242858308 ) ) ;
#724 = DIRECTION ( 'NONE',  ( 0.000000000000000000, 0.000000000000000000, -1.000000000000000000 ) ) ;
#725 = EDGE_CURVE ( 'NONE', #1046, #1031, #3, .T. ) ;
#726 = CIRCLE ( 'NONE', #263, 162.0000000000000000 ) ;
#727 = FACE_BOUND ( 'NONE', #180, .T. ) ;
#728 = VERTEX_POINT ( 'NONE', #204 ) ;
#729 = CARTESIAN_POINT ( 'NONE',  ( 118.8571606996843855, 47.73208464587241906, 43.00000000000000000 ) ) ;
#730 = CARTESIAN_POINT ( 'NONE',  ( 0.000000000000000000, 102.5999965611845397, 39.99999999999996447 ) ) ;
#731 = CARTESIAN_POINT ( 'NONE',  ( 119.0427867981458689, 44.68920864792222147, 96.82375366188473720 ) ) ;
#732 = EDGE_CURVE ( 'NONE', #351, #1056, #249, .T. ) ;
#733 = CARTESIAN_POINT ( 'NONE',  ( 139.2869775902129561, 33.54465532068234523, 60.54222671215567431 ) ) ;
#734 = ORIENTED_EDGE ( 'NONE', *, *, #336, .F. ) ;
#735 = CARTESIAN_POINT ( 'NONE',  ( 0.000000000000000000, -72.40000343881547451, 53.00000000000000711 ) ) ;
#736 = VECTOR ( 'NONE', #98, 1000.000000000000000 ) ;
#737 = DIRECTION ( 'NONE',  ( 1.000000000000000000, 0.000000000000000000, 0.000000000000000000 ) ) ;
#738 = CARTESIAN_POINT ( 'NONE',  ( 116.9775279843704254, 46.05452454555496189, 104.0000000000000000 ) ) ;
#739 = EDGE_CURVE ( 'NONE', #728, #78, #1432, .T. ) ;
#740 = PLANE ( 'NONE',  #107 ) ;
#741 = CARTESIAN_POINT ( 'NONE',  ( 137.6795085806904524, 35.62600474241892101, 58.99995792057229238 ) ) ;
#742 = CARTESIAN_POINT ( 'NONE',  ( 86.42742458915014936, 76.84117773886239888, 3.000000000000000000 ) ) ;
#743 = CARTESIAN_POINT ( 'NONE',  ( 118.4545279843704293, 46.05452454555496189, 98.99999999999998579 ) ) ;
#744 = CARTESIAN_POINT ( 'NONE',  ( 117.7089683943326861, 44.75807598120960051, 97.72362500539304619 ) ) ;
#745 = LINE ( 'NONE', #854, #436 ) ;
#746 = CARTESIAN_POINT ( 'NONE',  ( 137.9950915375910938, 35.22240352767021676, 59.10336461305820421 ) ) ;
#747 = CARTESIAN_POINT ( 'NONE',  ( 115.6638565542209562, 43.72892584348164746, 3.000000000000000000 ) ) ;
#748 = LINE ( 'NONE', #162, #832 ) ;
#749 = EDGE_CURVE ( 'NONE', #1019, #1076, #1082, .T. ) ;
#750 = ORIENTED_EDGE ( 'NONE', *, *, #521, .T. ) ;
#751 = CARTESIAN_POINT ( 'NONE',  ( 118.2248567946579527, 44.59176813074187606, 97.47446494972449216 ) ) ;
#752 = CARTESIAN_POINT ( 'NONE',  ( 137.9953840289663844, 35.22202702688460363, 66.89646425059962098 ) ) ;
#753 = CARTESIAN_POINT ( 'NONE',  ( 0.000000000000000000, 105.5999965611845397, 0.000000000000000000 ) ) ;
#754 = CARTESIAN_POINT ( 'NONE',  ( 137.3602318258145090, 36.03046604628129757, 58.99999999999999289 ) ) ;
#755 = ORIENTED_EDGE ( 'NONE', *, *, #1220, .F. ) ;
#756 = EDGE_CURVE ( 'NONE', #1012, #108, #910, .T. ) ;
#757 = VECTOR ( 'NONE', #1441, 1000.000000000000227 ) ;
#758 = CARTESIAN_POINT ( 'NONE',  ( 140.9556985312792108, 36.30016536266970917, 59.50554798116088051 ) ) ;
#759 = SURFACE_SIDE_STYLE ('',( #867 ) ) ;
#760 = FACE_BOUND ( 'NONE', #1389, .T. ) ;
#761 = CARTESIAN_POINT ( 'NONE',  ( 121.7736460136357977, 47.35910105031516792, 44.20462847772377302 ) ) ;
#762 = CARTESIAN_POINT ( 'NONE',  ( 0.000000000000000000, -72.40000343881547451, 102.0000000000000000 ) ) ;
#763 = LINE ( 'NONE', #63, #1158 ) ;
#764 = VERTEX_POINT ( 'NONE', #491 ) ;
#765 = CARTESIAN_POINT ( 'NONE',  ( 136.1239800236947417, 37.57949214201819643, 59.50542797316983723 ) ) ;
#766 = ADVANCED_FACE ( 'NONE', ( #144 ), #966, .F. ) ;
#767 = VECTOR ( 'NONE', #987, 1000.000000000000000 ) ;
#768 = CARTESIAN_POINT ( 'NONE',  ( 135.3890382712930318, 38.48255568783807945, 65.45669317423956102 ) ) ;
#769 = CARTESIAN_POINT ( 'NONE',  ( 117.5716322935466707, 47.25051826765162843, 96.05217133031291610 ) ) ;
#770 = DIRECTION ( 'NONE',  ( -1.000000000000000000, 0.000000000000000000, 0.000000000000000000 ) ) ;
#771 = DIRECTION ( 'NONE',  ( -1.000000000000000000, 0.000000000000000000, 0.000000000000000000 ) ) ;
#772 = ORIENTED_EDGE ( 'NONE', *, *, #23, .F. ) ;
#773 = CARTESIAN_POINT ( 'NONE',  ( 141.8532178477436503, 35.12536565342900730, 65.01607063826762101 ) ) ;
#774 = CIRCLE ( 'NONE', #1094, 175.0000000000000284 ) ;
#775 = EDGE_CURVE ( 'NONE', #959, #1465, #1356, .T. ) ;
#776 = CARTESIAN_POINT ( 'NONE',  ( 0.000000000000000000, -72.40000343881547451, 0.000000000000000000 ) ) ;
#777 = CARTESIAN_POINT ( 'NONE',  ( 120.1769246323995901, 49.20352512369339593, 44.03243426544489836 ) ) ;
#778 = ORIENTED_EDGE ( 'NONE', *, *, #67, .F. ) ;
#779 = AXIS2_PLACEMENT_3D ( 'NONE', #762, #47, #631 ) ;
#780 = DIRECTION ( 'NONE',  ( 1.000000000000000000, 0.000000000000000000, 0.000000000000000000 ) ) ;
#781 = CARTESIAN_POINT ( 'NONE',  ( 118.4545279843704293, 46.05452454555496189, 104.0000000000000000 ) ) ;
#782 = ORIENTED_EDGE ( 'NONE', *, *, #1049, .F. ) ;
#783 = ORIENTED_EDGE ( 'NONE', *, *, #305, .F. ) ;
#784 = FACE_OUTER_BOUND ( 'NONE', #614, .T. ) ;
#785 = EDGE_CURVE ( 'NONE', #1465, #959, #1271, .T. ) ;
#786 = CARTESIAN_POINT ( 'NONE',  ( 0.000000000000000000, -72.40000343881547451, 88.79999999999991189 ) ) ;
#787 = ORIENTED_EDGE ( 'NONE', *, *, #1491, .T. ) ;
#788 = LINE ( 'NONE', #1363, #275 ) ;
#789 = CARTESIAN_POINT ( 'NONE',  ( 165.0000000000000000, -72.40000343881547451, 53.00000000000000711 ) ) ;
#790 = ORIENTED_EDGE ( 'NONE', *, *, #1368, .T. ) ;
#791 = DIRECTION ( 'NONE',  ( -0.000000000000000000, -0.000000000000000000, -1.000000000000000000 ) ) ;
#792 = CIRCLE ( 'NONE', #1109, 1.477000000000006086 ) ;
#793 = CARTESIAN_POINT ( 'NONE',  ( 119.0300069263478804, 47.02996404845618628, 46.38312951044342469 ) ) ;
#794 = CARTESIAN_POINT ( 'NONE',  ( 120.4629895123844960, 49.20662049026355334, 43.82903893425820741 ) ) ;
#795 = PRODUCT_DEFINITION_FORMATION_WITH_SPECIFIED_SOURCE ( 'ANY', '', #1061, .NOT_KNOWN. ) ;
#796 = EDGE_LOOP ( 'NONE', ( #1281, #1143, #1015, #1164 ) ) ;
#797 = VERTEX_POINT ( 'NONE', #1092 ) ;
#798 = FACE_OUTER_BOUND ( 'NONE', #451, .T. ) ;
#799 = FACE_OUTER_BOUND ( 'NONE', #1365, .T. ) ;
#800 = ORIENTED_EDGE ( 'NONE', *, *, #305, .T. ) ;
#801 = DIRECTION ( 'NONE',  ( 1.000000000000000000, 0.000000000000000000, 0.000000000000000000 ) ) ;
#802 = CARTESIAN_POINT ( 'NONE',  ( 119.2311725419541233, 46.74286917332796776, 46.44412428035071372 ) ) ;
#803 = CARTESIAN_POINT ( 'NONE',  ( 138.4575339669580956, 39.46485492340391943, 59.50542797316983723 ) ) ;
#804 = ORIENTED_EDGE ( 'NONE', *, *, #993, .F. ) ;
#805 = VERTEX_POINT ( 'NONE', #156 ) ;
#806 = DIRECTION ( 'NONE',  ( 1.000000000000000000, 0.000000000000000000, 0.000000000000000000 ) ) ;
#807 = EDGE_LOOP ( 'NONE', ( #925, #1341, #750, #561 ) ) ;
#808 = ORIENTED_EDGE ( 'NONE', *, *, #521, .F. ) ;
#809 = EDGE_CURVE ( 'NONE', #944, #1257, #882, .T. ) ;
#810 = CARTESIAN_POINT ( 'NONE',  ( 0.000000000000000000, -72.40000343881547451, 279.6999999999999886 ) ) ;
#811 = CARTESIAN_POINT ( 'NONE',  ( 139.3902285864403723, 38.30066902081155433, 59.00004207942768630 ) ) ;
#812 = ORIENTED_EDGE ( 'NONE', *, *, #589, .F. ) ;
#813 = ORIENTED_EDGE ( 'NONE', *, *, #1034, .T. ) ;
#814 = CYLINDRICAL_SURFACE ( 'NONE', #974, 175.0000000000000284 ) ;
#815 = VERTEX_POINT ( 'NONE', #1202 ) ;
#816 = EDGE_CURVE ( 'NONE', #65, #238, #973, .T. ) ;
#817 = CARTESIAN_POINT ( 'NONE',  ( 118.6109701689390903, 44.58303679766872563, 97.20590874217378996 ) ) ;
#818 = CARTESIAN_POINT ( 'NONE',  ( 142.1578220621253763, 34.72214005433788486, 63.52392685893326529 ) ) ;
#819 = ORIENTED_EDGE ( 'NONE', *, *, #749, .F. ) ;
#820 = CARTESIAN_POINT ( 'NONE',  ( 138.5797935194463548, 34.46845876131211384, 59.50539227358572703 ) ) ;
#821 = FACE_BOUND ( 'NONE', #926, .T. ) ;
#822 = PRODUCT_DEFINITION_SHAPE ( 'NONE', 'NONE',  #978 ) ;
#823 = CARTESIAN_POINT ( 'NONE',  ( 134.9541191626870216, 39.01105839986154677, 61.95389137822377990 ) ) ;
#824 = ADVANCED_FACE ( 'NONE', ( #1087 ), #1439, .F. ) ;
#825 = ORIENTED_EDGE ( 'NONE', *, *, #448, .F. ) ;
#826 = CARTESIAN_POINT ( 'NONE',  ( 141.6747543489023258, 35.36084947084516728, 60.54222671215567431 ) ) ;
#827 = AXIS2_PLACEMENT_3D ( 'NONE', #1040, #115, #222 ) ;
#828 = CARTESIAN_POINT ( 'NONE',  ( 86.93021594586156198, 75.98854275207244768, 3.000000000000000000 ) ) ;
#829 = CARTESIAN_POINT ( 'NONE',  ( 88.03021594586157050, 75.98854275207244768, 3.000000000000000000 ) ) ;
#830 = VERTEX_POINT ( 'NONE', #45 ) ;
#831 = VERTEX_POINT ( 'NONE', #1100 ) ;
#832 = VECTOR ( 'NONE', #624, 1000.000000000000000 ) ;
#833 = CARTESIAN_POINT ( 'NONE',  ( 139.2869670018265822, 33.54466918138083997, 60.54223677130693204 ) ) ;
#834 = EDGE_CURVE ( 'NONE', #1397, #1257, #745, .T. ) ;
#835 = CARTESIAN_POINT ( 'NONE',  ( 0.000000000000000000, -72.40000343881547451, 53.00000000000000711 ) ) ;
#836 = CONICAL_SURFACE ( 'NONE', #1228, 164.9999999999999147, 0.7853981633974511656 ) ;
#837 = FILL_AREA_STYLE ('',( #1445 ) ) ;
#838 = ORIENTED_EDGE ( 'NONE', *, *, #900, .T. ) ;
#839 = CARTESIAN_POINT ( 'NONE',  ( 138.4578875398864000, 39.46441556229134306, 66.49478304682580188 ) ) ;
#840 = FACE_OUTER_BOUND ( 'NONE', #251, .T. ) ;
#841 = AXIS2_PLACEMENT_3D ( 'NONE', #1437, #845, #489 ) ;
#842 = ADVANCED_FACE ( 'NONE', ( #159, #1323 ), #740, .T. ) ;
#843 = CIRCLE ( 'NONE', #1511, 178.0000000000000284 ) ;
#844 = FACE_OUTER_BOUND ( 'NONE', #853, .T. ) ;
#845 = DIRECTION ( 'NONE',  ( 0.000000000000000000, 0.000000000000000000, 1.000000000000000000 ) ) ;
#846 = VERTEX_POINT ( 'NONE', #1446 ) ;
#847 = DIRECTION ( 'NONE',  ( -1.000000000000000000, 0.000000000000000000, 0.000000000000000000 ) ) ;
#848 = CIRCLE ( 'NONE', #1242, 155.0000000000000000 ) ;
#849 = DIRECTION ( 'NONE',  ( -0.000000000000000000, -0.000000000000000000, -1.000000000000000000 ) ) ;
#850 = DIRECTION ( 'NONE',  ( 1.000000000000000000, 0.000000000000000000, 0.000000000000000000 ) ) ;
#851 = ADVANCED_FACE ( 'NONE', ( #860 ), #1328, .F. ) ;
#852 = SURFACE_STYLE_USAGE ( .BOTH. , #1199 ) ;
#853 = EDGE_LOOP ( 'NONE', ( #692, #454, #915, #1183 ) ) ;
#854 = CARTESIAN_POINT ( 'NONE',  ( 0.000000000000000000, -72.40000343881547451, 53.00000000000000711 ) ) ;
#855 = CIRCLE ( 'NONE', #1400, 1.477000000000006086 ) ;
#856 = DIRECTION ( 'NONE',  ( -1.000000000000000000, 0.000000000000000000, 0.000000000000000000 ) ) ;
#857 = CARTESIAN_POINT ( 'NONE',  ( 134.9541777564961365, 39.01098726085992752, 61.95357958438577839 ) ) ;
#858 = CARTESIAN_POINT ( 'NONE',  ( 119.8941232231056233, 45.68186820592615049, 95.52069598955733909 ) ) ;
#859 = DIRECTION ( 'NONE',  ( 0.3418732008525413035, 0.9397460904621194322, -0.000000000000000000 ) ) ;
#860 = FACE_OUTER_BOUND ( 'NONE', #642, .T. ) ;
#861 = CARTESIAN_POINT ( 'NONE',  ( 135.2050093211327351, 38.70645152074262541, 65.01520623734894855 ) ) ;
#862 = AXIS2_PLACEMENT_3D ( 'NONE', #1223, #1352, #1108 ) ;
#863 = DIRECTION ( 'NONE',  ( 0.000000000000000000, 0.000000000000000000, -1.000000000000000000 ) ) ;
#864 = CARTESIAN_POINT ( 'NONE',  ( 65.10848936865737357, 75.86973105506091031, 0.000000000000000000 ) ) ;
#865 = CARTESIAN_POINT ( 'NONE',  ( 115.6638565542209562, 43.72892584348164746, 3.000000000000000000 ) ) ;
#866 = AXIS2_PLACEMENT_3D ( 'NONE', #257, #859, #165 ) ;
#867 = SURFACE_STYLE_FILL_AREA ( #661 ) ;
#868 = CARTESIAN_POINT ( 'NONE',  ( 175.0000000000000284, -72.40000343881547451, 102.0000000000000000 ) ) ;
#869 = VECTOR ( 'NONE', #91, 1000.000000000000000 ) ;
#870 = EDGE_CURVE ( 'NONE', #258, #575, #272, .T. ) ;
#871 = VECTOR ( 'NONE', #145, 1000.000000000000000 ) ;
#872 = CARTESIAN_POINT ( 'NONE',  ( 0.000000000000000000, -72.40000343881547451, 53.00000000000000711 ) ) ;
#873 = CARTESIAN_POINT ( 'NONE',  ( 137.0408415217190736, 36.43507119483223988, 59.00004209439302372 ) ) ;
#874 = ORIENTED_EDGE ( 'NONE', *, *, #483, .F. ) ;
#875 = CARTESIAN_POINT ( 'NONE',  ( 141.8530434458617151, 35.12559606100843723, 60.98348573430617847 ) ) ;
#876 = DIRECTION ( 'NONE',  ( -0.000000000000000000, -0.000000000000000000, 1.000000000000000000 ) ) ;
#877 = CARTESIAN_POINT ( 'NONE',  ( 117.8636130673018982, 47.41860861369579538, 95.72760774575485243 ) ) ;
#878 = DIRECTION ( 'NONE',  ( -0.000000000000000000, -0.000000000000000000, 1.000000000000000000 ) ) ;
#879 = DIRECTION ( 'NONE',  ( -0.7071067811865515695, -0.000000000000000000, 0.7071067811865435759 ) ) ;
#880 = EDGE_CURVE ( 'NONE', #57, #258, #748, .T. ) ;
#881 = ORIENTED_EDGE ( 'NONE', *, *, #1107, .T. ) ;
#882 = CIRCLE ( 'NONE', #1420, 174.1999999999999886 ) ;
#883 = CARTESIAN_POINT ( 'NONE',  ( 137.3602318258145090, 36.03046604628130467, 58.99999999999999289 ) ) ;
#884 = PRODUCT_CONTEXT ( 'NONE', #1421, 'mechanical' ) ;
#885 = LINE ( 'NONE', #1238, #1383 ) ;
#886 = CARTESIAN_POINT ( 'NONE',  ( 119.7430594905638941, 49.09605598987749886, 44.41368539242307634 ) ) ;
#887 = FACE_OUTER_BOUND ( 'NONE', #116, .T. ) ;
#888 = LINE ( 'NONE', #1325, #173 ) ;
#889 = ORIENTED_EDGE ( 'NONE', *, *, #900, .F. ) ;
#890 = PRODUCT_DEFINITION_CONTEXT ( 'detailed design', #693, 'design' ) ;
#891 = CARTESIAN_POINT ( 'NONE',  ( 139.3894653866182978, 38.30163626702107393, 66.99994550078879740 ) ) ;
#892 =( GEOMETRIC_REPRESENTATION_CONTEXT ( 3 ) GLOBAL_UNCERTAINTY_ASSIGNED_CONTEXT ( ( #83 ) ) GLOBAL_UNIT_ASSIGNED_CONTEXT ( ( #174, #1245, #198 ) ) REPRESENTATION_CONTEXT ( 'NONE', 'WORKASPACE' ) );
#893 = CARTESIAN_POINT ( 'NONE',  ( 136.1243276375287792, 37.57906018586818675, 66.49478304682580188 ) ) ;
#894 = FACE_BOUND ( 'NONE', #373, .T. ) ;
#895 = ORIENTED_EDGE ( 'NONE', *, *, #483, .T. ) ;
#896 = CYLINDRICAL_SURFACE ( 'NONE', #466, 1.100000000000003642 ) ;
#897 = PLANE ( 'NONE',  #827 ) ;
#898 = ORIENTED_EDGE ( 'NONE', *, *, #880, .F. ) ;
#899 = VECTOR ( 'NONE', #1065, 1000.000000000000000 ) ;
#900 = EDGE_CURVE ( 'NONE', #1278, #271, #976, .T. ) ;
#901 = APPLICATION_PROTOCOL_DEFINITION ( 'draft international standard', 'automotive_design', 1998, #693 ) ;
#902 = DIRECTION ( 'NONE',  ( -0.000000000000000000, 0.7071067811865474617, -0.7071067811865475727 ) ) ;
#903 = CARTESIAN_POINT ( 'NONE',  ( 120.2699158208657479, 49.21084271091264384, 43.96185910946251596 ) ) ;
#904 = VERTEX_POINT ( 'NONE', #516 ) ;
#905 = VECTOR ( 'NONE', #424, 1000.000000000000227 ) ;
#906 = DIRECTION ( 'NONE',  ( -1.000000000000000000, 0.000000000000000000, 0.000000000000000000 ) ) ;
#907 = CYLINDRICAL_SURFACE ( 'NONE', #588, 162.0000000000000000 ) ;
#908 = ORIENTED_EDGE ( 'NONE', *, *, #1150, .T. ) ;
#909 = ORIENTED_EDGE ( 'NONE', *, *, #41, .F. ) ;
#910 = CIRCLE ( 'NONE', #688, 1.100000000000003642 ) ;
#911 = CIRCLE ( 'NONE', #1423, 175.0000000000000284 ) ;
#912 = DIRECTION ( 'NONE',  ( -1.000000000000000000, 0.000000000000000000, 0.000000000000000000 ) ) ;
#913 = CARTESIAN_POINT ( 'NONE',  ( 117.1380354636750809, 46.74591898435068771, 96.71599275799336226 ) ) ;
#914 = EDGE_CURVE ( 'NONE', #815, #797, #888, .T. ) ;
#915 = ORIENTED_EDGE ( 'NONE', *, *, #929, .F. ) ;
#916 = ORIENTED_EDGE ( 'NONE', *, *, #383, .T. ) ;
#917 = DIRECTION ( 'NONE',  ( -0.000000000000000000, -0.000000000000000000, -1.000000000000000000 ) ) ;
#918 = FACE_OUTER_BOUND ( 'NONE', #327, .T. ) ;
#919 = ORIENTED_EDGE ( 'NONE', *, *, #556, .F. ) ;
#920 = CARTESIAN_POINT ( 'NONE',  ( 63.38000301038845663, 76.97750365623505786, 3.000000000000000000 ) ) ;
#921 = VECTOR ( 'NONE', #1443, 1000.000000000000000 ) ;
#922 = B_SPLINE_CURVE_WITH_KNOTS ( 'NONE', 3,
 ( #95, #209, #1232, #559, #1361, #1011, #415, #316, #184, #648, #794, #903, #777, #77, #886, #1476, #1344, #1247, #409, #1353, #1239, #194, #69, #655 ),
 .UNSPECIFIED., .F., .F.,
 ( 4, 2, 2, 2, 2, 2, 2, 2, 2, 2, 2, 4 ),
 ( 0.004713408878286813597, 0.005417233295028267906, 0.005769145503398982050, 0.006121057711769697061, 0.006824882128511136625, 0.007176794336881857708, 0.007528706545252577056, 0.008232530961993968915, 0.008936355378735362509, 0.009640179795476756103, 0.009992092003847451165, 0.01034400421221814796 ),
 .UNSPECIFIED. ) ;
#923 = DIRECTION ( 'NONE',  ( -0.3418732008525413035, -0.9397460904621194322, 0.000000000000000000 ) ) ;
#924 = CARTESIAN_POINT ( 'NONE',  ( 136.1239800236947417, 37.57949214201819643, 59.50542797316983723 ) ) ;
#925 = ORIENTED_EDGE ( 'NONE', *, *, #1472, .F. ) ;
#926 = EDGE_LOOP ( 'NONE', ( #687, #453 ) ) ;
#927 = AXIS2_PLACEMENT_3D ( 'NONE', #747, #1240, #278 ) ;
#928 = FACE_OUTER_BOUND ( 'NONE', #1286, .T. ) ;
#929 = EDGE_CURVE ( 'NONE', #1056, #351, #1009, .T. ) ;
#930 = ORIENTED_EDGE ( 'NONE', *, *, #531, .F. ) ;
#931 = ORIENTED_EDGE ( 'NONE', *, *, #81, .F. ) ;
#932 = DIRECTION ( 'NONE',  ( -0.000000000000000000, -0.000000000000000000, -1.000000000000000000 ) ) ;
#933 = CARTESIAN_POINT ( 'NONE',  ( 139.7149786571141874, 37.88927409459724771, 58.99999999999999289 ) ) ;
#934 = EDGE_LOOP ( 'NONE', ( #570, #1121, #380, #1156 ) ) ;
#935 = ORIENTED_EDGE ( 'NONE', *, *, #360, .T. ) ;
#936 = CARTESIAN_POINT ( 'NONE',  ( 137.6802586446537759, 35.62505414394394876, 66.99998485437754425 ) ) ;
#937 = EDGE_CURVE ( 'NONE', #317, #846, #990, .T. ) ;
#938 = CARTESIAN_POINT ( 'NONE',  ( 0.000000000000000000, 89.59999656118452549, 104.0000000000000000 ) ) ;
#939 = ADVANCED_FACE ( 'NONE', ( #1005 ), #1112, .F. ) ;
#940 = DIRECTION ( 'NONE',  ( 1.000000000000000000, 0.000000000000000000, 0.000000000000000000 ) ) ;
#941 = CARTESIAN_POINT ( 'NONE',  ( 137.5228094809235699, 40.61113360576361941, 65.01520623734894855 ) ) ;
#942 = EDGE_LOOP ( 'NONE', ( #229, #1309, #1499, #1371 ) ) ;
#943 = CARTESIAN_POINT ( 'NONE',  ( 137.2677940827753105, 40.92074899110726705, 64.04635666237925307 ) ) ;
#944 = VERTEX_POINT ( 'NONE', #411 ) ;
#945 = CARTESIAN_POINT ( 'NONE',  ( 139.2873258745831606, 33.54419884370378924, 65.45725554453842676 ) ) ;
#946 = ORIENTED_EDGE ( 'NONE', *, *, #785, .F. ) ;
#947 = CARTESIAN_POINT ( 'NONE',  ( 139.7006769901850021, 32.99809802859196139, 64.04597552970770380 ) ) ;
#948 = CARTESIAN_POINT ( 'NONE',  ( 139.7150334219610102, 37.88920471819471913, 66.99995860703023709 ) ) ;
#949 = B_SPLINE_SURFACE_WITH_KNOTS ( 'NONE', 1, 3, ( 
 ( #250, #811, #569, #803, #682, #5, #714, #1503, #1152, #236, #103, #941, #134, #690, #1037, #1162, #129, #476, #1069, #1285, #456, #449, #18, #953, #818, #577, #356, #1414, #1292, #463, #11, #1403, #700, #933 ),
 ( #1045, #365, #1265, #924, #219, #1182, #1514, #823, #1388, #1395, #349, #593, #470, #1169, #1298, #597, #585, #1055, #243, #708, #1062, #945, #1409, #361, #1308, #1451, #44, #496, #733, #1079, #153, #482, #971, #1074 ) ),
 .UNSPECIFIED., .F., .T., .F.,
 ( 2, 2 ),
 ( 4, 2, 2, 2, 2, 2, 2, 2, 2, 2, 2, 2, 2, 2, 2, 2, 4 ),
 ( 0.000000000000000000, 1.000000000000000000 ),
 ( 0.000000000000000000, 0.06250000000000000000, 0.1250000000000000000, 0.1875000000000000000, 0.2500000000000000000, 0.3125000000000000000, 0.3750000000000000000, 0.4375000000000000000, 0.5000000000000000000, 0.5625000000000000000, 0.6250000000000000000, 0.6875000000000000000, 0.7500000000000000000, 0.8125000000000000000, 0.8750000000000000000, 0.9375000000000000000, 1.000000000000000000 ),
 .UNSPECIFIED. ) ;
#950 = AXIS2_PLACEMENT_3D ( 'NONE', #1490, #1139, #240 ) ;
#951 = VECTOR ( 'NONE', #375, 1000.000000000000000 ) ;
#952 = EDGE_CURVE ( 'NONE', #764, #78, #567, .T. ) ;
#953 = CARTESIAN_POINT ( 'NONE',  ( 142.0957274767220326, 34.80468230319848999, 64.04516211575584350 ) ) ;
#954 = ORIENTED_EDGE ( 'NONE', *, *, #182, .T. ) ;
#955 = ORIENTED_EDGE ( 'NONE', *, *, #1444, .F. ) ;
#956 = DIRECTION ( 'NONE',  ( -0.000000000000000000, -0.000000000000000000, -1.000000000000000000 ) ) ;
#957 = CARTESIAN_POINT ( 'NONE',  ( 137.3602318258145090, 36.03046604628129757, 58.99999999999999289 ) ) ;
#958 = LINE ( 'NONE', #1429, #140 ) ;
#959 = VERTEX_POINT ( 'NONE', #1355 ) ;
#960 = CARTESIAN_POINT ( 'NONE',  ( 138.1795634741235688, 39.80759924484255663, 59.80025097262733169 ) ) ;
#961 = CARTESIAN_POINT ( 'NONE',  ( 121.8111606996843932, 47.73208464587242617, 43.91616833086898453 ) ) ;
#962 = AXIS2_PLACEMENT_3D ( 'NONE', #621, #876, #523 ) ;
#963 = FACE_OUTER_BOUND ( 'NONE', #1509, .T. ) ;
#964 = FACE_BOUND ( 'NONE', #221, .T. ) ;
#965 = ORIENTED_EDGE ( 'NONE', *, *, #1327, .T. ) ;
#966 = CYLINDRICAL_SURFACE ( 'NONE', #634, 165.0000000000000000 ) ;
#967 = DIRECTION ( 'NONE',  ( 0.000000000000000000, 1.000000000000000000, 0.000000000000000000 ) ) ;
#968 = ADVANCED_FACE ( 'NONE', ( #403 ), #487, .F. ) ;
#969 = AXIS2_PLACEMENT_3D ( 'NONE', #829, #1254, #1336 ) ;
#970 = FACE_OUTER_BOUND ( 'NONE', #6, .T. ) ;
#971 = CARTESIAN_POINT ( 'NONE',  ( 137.6795085806904524, 35.62600474241892101, 58.99995792057229238 ) ) ;
#972 = ORIENTED_EDGE ( 'NONE', *, *, #1315, .F. ) ;
#973 = LINE ( 'NONE', #38, #255 ) ;
#974 = AXIS2_PLACEMENT_3D ( 'NONE', #1382, #1021, #80 ) ;
#975 = LINE ( 'NONE', #1181, #557 ) ;
#976 = LINE ( 'NONE', #390, #231 ) ;
#977 = DIRECTION ( 'NONE',  ( 0.000000000000000000, 0.000000000000000000, 1.000000000000000000 ) ) ;
#978 = PRODUCT_DEFINITION ( 'UNKNOWN', '', #795, #890 ) ;
#979 = VECTOR ( 'NONE', #878, 1000.000000000000000 ) ;
#980 = CARTESIAN_POINT ( 'NONE',  ( 117.1408565542209601, 43.72892584348164746, 0.000000000000000000 ) ) ;
#981 = DIRECTION ( 'NONE',  ( 1.000000000000000000, 0.000000000000000000, -0.000000000000000000 ) ) ;
#982 = CARTESIAN_POINT ( 'NONE',  ( 137.3602318258145090, 36.03046604628130467, 58.99999999999999289 ) ) ;
#983 = DIRECTION ( 'NONE',  ( 0.000000000000000000, 1.000000000000000000, 0.000000000000000000 ) ) ;
#984 = CARTESIAN_POINT ( 'NONE',  ( 134.8890856088488022, 39.08961304457726982, 63.52440160655027768 ) ) ;
#985 = CARTESIAN_POINT ( 'NONE',  ( 117.4350544679130905, 44.97935944436596856, 97.76116951713088099 ) ) ;
#986 = EDGE_CURVE ( 'NONE', #831, #1031, #763, .T. ) ;
#987 = DIRECTION ( 'NONE',  ( -0.3418732008525413035, -0.9397460904621194322, 0.000000000000000000 ) ) ;
#988 = CARTESIAN_POINT ( 'NONE',  ( 139.7620468439945114, 32.91652072520749783, 62.47580364162438116 ) ) ;
#989 = LINE ( 'NONE', #185, #290 ) ;
#990 = LINE ( 'NONE', #864, #757 ) ;
#991 = VERTEX_POINT ( 'NONE', #1234 ) ;
#992 = CARTESIAN_POINT ( 'NONE',  ( 140.3610191837486525, 37.06697612058232494, 66.89646425059962098 ) ) ;
#993 = EDGE_CURVE ( 'NONE', #404, #1438, #1103, .T. ) ;
#994 = DIRECTION ( 'NONE',  ( -0.3418732008525413035, -0.9397460904621194322, 0.000000000000000000 ) ) ;
#995 = CARTESIAN_POINT ( 'NONE',  ( 121.5614344092691681, 46.89351195838904118, 44.68228230670402468 ) ) ;
#996 = VECTOR ( 'NONE', #286, 1000.000000000000000 ) ;
#997 = CARTESIAN_POINT ( 'NONE',  ( 65.10848936865737357, 75.86973105506091031, 3.000000000000000000 ) ) ;
#998 = DIRECTION ( 'NONE',  ( -0.9397460904621193212, 0.3418732008525412480, -0.000000000000000000 ) ) ;
#999 = ORIENTED_EDGE ( 'NONE', *, *, #16, .F. ) ;
#1000 = CARTESIAN_POINT ( 'NONE',  ( 142.1579676470343827, 34.72194685373360556, 62.47580364162438116 ) ) ;
#1001 = FILL_AREA_STYLE_COLOUR ( '', #214 ) ;
#1002 = DIRECTION ( 'NONE',  ( 0.000000000000000000, 0.000000000000000000, 1.000000000000000000 ) ) ;
#1003 = CARTESIAN_POINT ( 'NONE',  ( 121.6490912087633944, 47.03768383371141226, 44.51874738004907073 ) ) ;
#1004 = CARTESIAN_POINT ( 'NONE',  ( 0.000000000000000000, -72.40000343881547451, 101.7999999999997698 ) ) ;
#1005 = FACE_OUTER_BOUND ( 'NONE', #245, .T. ) ;
#1006 = EDGE_CURVE ( 'NONE', #1384, #1494, #1307, .T. ) ;
#1007 = ORIENTED_EDGE ( 'NONE', *, *, #1237, .T. ) ;
#1008 = CARTESIAN_POINT ( 'NONE',  ( 138.1799236232900796, 39.80715733928801114, 66.20019522731652728 ) ) ;
#1009 = B_SPLINE_CURVE_WITH_KNOTS ( 'NONE', 3,
 ( #754, #873, #287, #179, #1096, #509, #302, #857, #196, #984, #169, #1347, #1449, #500, #72, #640, #1471, #279 ),
 .UNSPECIFIED., .F., .F.,
 ( 4, 2, 2, 2, 2, 2, 2, 2, 4 ),
 ( 0.000000000000000000, 0.06250000000000000000, 0.1250000000000000000, 0.1875000000000000000, 0.2500000000000000000, 0.3125000000000000000, 0.3750000000000000000, 0.4375000000000000000, 0.5000000000000000000 ),
 .UNSPECIFIED. ) ;
#1010 = FACE_OUTER_BOUND ( 'NONE', #1390, .T. ) ;
#1011 = CARTESIAN_POINT ( 'NONE',  ( 121.4359810437015881, 48.72274512887302222, 43.48497424038160375 ) ) ;
#1012 = VERTEX_POINT ( 'NONE', #1464 ) ;
#1013 = LINE ( 'NONE', #325, #905 ) ;
#1014 = CARTESIAN_POINT ( 'NONE',  ( 63.38000301038845663, 76.97750365623505786, 3.000000000000000000 ) ) ;
#1015 = ORIENTED_EDGE ( 'NONE', *, *, #1434, .T. ) ;
#1016 = ADVANCED_FACE ( 'NONE', ( #650 ), #1120, .T. ) ;
#1017 = LINE ( 'NONE', #428, #488 ) ;
#1018 = CARTESIAN_POINT ( 'NONE',  ( 119.1990890455908101, 47.35179518181115554, 94.83591813560487083 ) ) ;
#1019 = VERTEX_POINT ( 'NONE', #40 ) ;
#1020 = DIRECTION ( 'NONE',  ( 0.7071067811865965336, -0.000000000000000000, 0.7071067811864985009 ) ) ;
#1021 = DIRECTION ( 'NONE',  ( 0.000000000000000000, 0.000000000000000000, -1.000000000000000000 ) ) ;
#1022 = CIRCLE ( 'NONE', #1270, 1.100000000000003642 ) ;
#1023 = ORIENTED_EDGE ( 'NONE', *, *, #346, .F. ) ;
#1024 = ORIENTED_EDGE ( 'NONE', *, *, #1290, .F. ) ;
#1025 = CARTESIAN_POINT ( 'NONE',  ( 0.000000000000000000, 82.59999656118452549, 3.000000000000000000 ) ) ;
#1026 = CARTESIAN_POINT ( 'NONE',  ( 119.9315279843704474, 46.24643377105926589, 95.09751091193489003 ) ) ;
#1027 = ORIENTED_EDGE ( 'NONE', *, *, #1434, .F. ) ;
#1028 = ORIENTED_EDGE ( 'NONE', *, *, #1059, .F. ) ;
#1029 = CARTESIAN_POINT ( 'NONE',  ( 176.5000000000000000, -72.40000343881547451, 103.0000000000000568 ) ) ;
#1030 = CARTESIAN_POINT ( 'NONE',  ( 0.000000000000000000, -72.40000343881547451, 53.79999999999999716 ) ) ;
#1031 = VERTEX_POINT ( 'NONE', #1334 ) ;
#1032 = CARTESIAN_POINT ( 'NONE',  ( 177.5000000000000000, -72.40000343881547451, 102.0000000000000142 ) ) ;
#1033 = VECTOR ( 'NONE', #879, 1000.000000000000000 ) ;
#1034 = EDGE_CURVE ( 'NONE', #108, #1012, #398, .T. ) ;
#1035 = VECTOR ( 'NONE', #994, 1000.000000000000000 ) ;
#1036 = DIRECTION ( 'NONE',  ( 1.000000000000000000, 0.000000000000000000, -0.000000000000000000 ) ) ;
#1037 = CARTESIAN_POINT ( 'NONE',  ( 138.4578875398864000, 39.46441556229134306, 66.49478304682580188 ) ) ;
#1038 = ORIENTED_EDGE ( 'NONE', *, *, #419, .T. ) ;
#1039 = ORIENTED_EDGE ( 'NONE', *, *, #544, .F. ) ;
#1040 = CARTESIAN_POINT ( 'NONE',  ( 0.000000000000000000, -72.40000343881547451, 102.0000000000000000 ) ) ;
#1041 = ORIENTED_EDGE ( 'NONE', *, *, #376, .F. ) ;
#1042 = ORIENTED_EDGE ( 'NONE', *, *, #601, .T. ) ;
#1043 = CARTESIAN_POINT ( 'NONE',  ( 120.7591145574365896, 46.30599748475954414, 45.66640129055207353 ) ) ;
#1044 = ADVANCED_FACE ( 'NONE', ( #274, #970 ), #172, .F. ) ;
#1045 = CARTESIAN_POINT ( 'NONE',  ( 137.3602318258145090, 36.03046604628130467, 58.99999999999999289 ) ) ;
#1046 = VERTEX_POINT ( 'NONE', #738 ) ;
#1047 = ORIENTED_EDGE ( 'NONE', *, *, #937, .T. ) ;
#1048 = DIRECTION ( 'NONE',  ( 1.000000000000000000, 0.000000000000000000, 0.000000000000000000 ) ) ;
#1049 = EDGE_CURVE ( 'NONE', #550, #342, #517, .T. ) ;
#1050 = ORIENTED_EDGE ( 'NONE', *, *, #1067, .F. ) ;
#1051 = LINE ( 'NONE', #1173, #405 ) ;
#1052 = AXIS2_PLACEMENT_3D ( 'NONE', #552, #212, #806 ) ;
#1053 = VECTOR ( 'NONE', #195, 1000.000000000000000 ) ;
#1054 = CARTESIAN_POINT ( 'NONE',  ( 118.9077579282602812, 47.33508244011802901, 46.25303477600425595 ) ) ;
#1055 = CARTESIAN_POINT ( 'NONE',  ( 137.6803666012817473, 35.62491738383718598, 66.99997171327166257 ) ) ;
#1056 = VERTEX_POINT ( 'NONE', #1402 ) ;
#1057 = CARTESIAN_POINT ( 'NONE',  ( 141.6751086038617586, 35.36038516854697633, 65.45725554453842676 ) ) ;
#1058 = ORIENTED_EDGE ( 'NONE', *, *, #775, .F. ) ;
#1059 = EDGE_CURVE ( 'NONE', #78, #764, #792, .T. ) ;
#1060 = DIRECTION ( 'NONE',  ( 0.000000000000000000, 0.000000000000000000, 1.000000000000000000 ) ) ;
#1061 = PRODUCT ( 'bottomleft', 'bottomleft', '', ( #884 ) ) ;
#1062 = CARTESIAN_POINT ( 'NONE',  ( 138.8443080868555910, 34.12413119016906649, 66.19939125258920853 ) ) ;
#1063 = VERTEX_POINT ( 'NONE', #627 ) ;
#1064 = ORIENTED_EDGE ( 'NONE', *, *, #244, .F. ) ;
#1065 = DIRECTION ( 'NONE',  ( -0.000000000000000000, -0.000000000000000000, 1.000000000000000000 ) ) ;
#1066 = DIRECTION ( 'NONE',  ( -1.000000000000000000, 0.000000000000000000, 0.000000000000000000 ) ) ;
#1067 = EDGE_CURVE ( 'NONE', #170, #831, #1335, .T. ) ;
#1068 = AXIS2_PLACEMENT_3D ( 'NONE', #658, #309, #186 ) ;
#1069 = CARTESIAN_POINT ( 'NONE',  ( 140.3610191837486525, 37.06697612058232494, 66.89646425059962098 ) ) ;
#1070 = ORIENTED_EDGE ( 'NONE', *, *, #1290, .T. ) ;
#1071 = CARTESIAN_POINT ( 'NONE',  ( 140.3607216782354783, 37.06735907566712029, 59.10336461305820421 ) ) ;
#1072 = AXIS2_PLACEMENT_3D ( 'NONE', #1099, #512, #372 ) ;
#1073 = DIRECTION ( 'NONE',  ( -1.000000000000000000, 0.000000000000000000, 0.000000000000000000 ) ) ;
#1074 = CARTESIAN_POINT ( 'NONE',  ( 137.3602318258145090, 36.03046604628130467, 58.99999999999999289 ) ) ;
#1075 = ORIENTED_EDGE ( 'NONE', *, *, #870, .F. ) ;
#1076 = VERTEX_POINT ( 'NONE', #1098 ) ;
#1077 = CARTESIAN_POINT ( 'NONE',  ( 137.9953387090091042, 35.22208481214884301, 59.10352032063337901 ) ) ;
#1078 = DIRECTION ( 'NONE',  ( 1.000000000000000000, 0.000000000000000000, -0.000000000000000000 ) ) ;
#1079 = CARTESIAN_POINT ( 'NONE',  ( 138.8444597892181207, 34.12393204858152274, 59.80070530445111388 ) ) ;
#1080 = ADVANCED_FACE ( 'NONE', ( #963 ), #1186, .F. ) ;
#1081 = ORIENTED_EDGE ( 'NONE', *, *, #1349, .T. ) ;
#1082 = LINE ( 'NONE', #473, #384 ) ;
#1083 = LINE ( 'NONE', #835, #218 ) ;
#1084 = DIRECTION ( 'NONE',  ( 0.000000000000000000, 0.000000000000000000, -1.000000000000000000 ) ) ;
#1085 = LINE ( 'NONE', #608, #1510 ) ;
#1086 = ORIENTED_EDGE ( 'NONE', *, *, #139, .F. ) ;
#1087 = FACE_OUTER_BOUND ( 'NONE', #691, .T. ) ;
#1088 = EDGE_CURVE ( 'NONE', #991, #1063, #619, .T. ) ;
#1089 = CARTESIAN_POINT ( 'NONE',  ( 155.0000000000000000, -72.40000343881547451, 3.000000000000000000 ) ) ;
#1090 = CARTESIAN_POINT ( 'NONE',  ( 116.9775279843704254, 46.05452454555496189, 97.32112069894803597 ) ) ;
#1091 = PLANE ( 'NONE',  #841 ) ;
#1092 = CARTESIAN_POINT ( 'NONE',  ( 0.000000000000000000, 104.0999965611844829, 103.2000000000000313 ) ) ;
#1093 = CARTESIAN_POINT ( 'NONE',  ( 134.8891308349867018, 39.08955832631951210, 63.52537622863398070 ) ) ;
#1094 = AXIS2_PLACEMENT_3D ( 'NONE', #335, #352, #1145 ) ;
#1095 = DIRECTION ( 'NONE',  ( 1.000000000000000000, 0.000000000000000000, 0.000000000000000000 ) ) ;
#1096 = CARTESIAN_POINT ( 'NONE',  ( 135.8504917652343238, 37.91670838299152990, 59.80060504423023104 ) ) ;
#1097 = EDGE_CURVE ( 'NONE', #805, #108, #50, .T. ) ;
#1098 = CARTESIAN_POINT ( 'NONE',  ( 175.7000000000000171, -72.40000343881547451, 104.0000000000000000 ) ) ;
#1099 = CARTESIAN_POINT ( 'NONE',  ( 115.6638565542209562, 43.72892584348164746, -7.000000000000000000 ) ) ;
#1100 = CARTESIAN_POINT ( 'NONE',  ( 119.9315279843704474, 46.05452454555496900, 95.23236786184045854 ) ) ;
#1101 = CARTESIAN_POINT ( 'NONE',  ( 134.9542919353127957, 39.01084866925463501, 64.04635666237925307 ) ) ;
#1102 = LINE ( 'NONE', #1209, #1211 ) ;
#1103 = LINE ( 'NONE', #56, #59 ) ;
#1104 = ORIENTED_EDGE ( 'NONE', *, *, #1034, .F. ) ;
#1105 = AXIS2_PLACEMENT_3D ( 'NONE', #558, #1132, #548 ) ;
#1106 = CARTESIAN_POINT ( 'NONE',  ( 118.3235787884857046, 44.58018208096692803, 97.41241546036016530 ) ) ;
#1107 = EDGE_CURVE ( 'NONE', #1275, #846, #127, .T. ) ;
#1108 = DIRECTION ( 'NONE',  ( -0.3418732008525412480, -0.9397460904621193212, 0.000000000000000000 ) ) ;
#1109 = AXIS2_PLACEMENT_3D ( 'NONE', #10, #1212, #850 ) ;
#1110 = CARTESIAN_POINT ( 'NONE',  ( 117.4421323118404672, 47.14259718482380634, 96.21990665739745907 ) ) ;
#1111 = CARTESIAN_POINT ( 'NONE',  ( 0.000000000000000000, -72.40000343881547451, 3.000000000000000000 ) ) ;
#1112 = CYLINDRICAL_SURFACE ( 'NONE', #1224, 1.477000000000006086 ) ;
#1113 = ORIENTED_EDGE ( 'NONE', *, *, #336, .T. ) ;
#1114 = CARTESIAN_POINT ( 'NONE',  ( 139.7149786571141874, 37.88927409459724771, 58.99999999999999289 ) ) ;
#1115 = VECTOR ( 'NONE', #534, 1000.000000000000000 ) ;
#1116 = ADVANCED_FACE ( 'NONE', ( #844 ), #242, .F. ) ;
#1117 = LINE ( 'NONE', #1460, #1035 ) ;
#1118 = DIRECTION ( 'NONE',  ( 0.000000000000000000, 0.000000000000000000, -1.000000000000000000 ) ) ;
#1119 = CARTESIAN_POINT ( 'NONE',  ( 137.3602856676582746, 36.03039783914399408, 66.99995860703023709 ) ) ;
#1120 = CYLINDRICAL_SURFACE ( 'NONE', #1260, 176.5000000000000000 ) ;
#1121 = ORIENTED_EDGE ( 'NONE', *, *, #1125, .T. ) ;
#1122 = UNCERTAINTY_MEASURE_WITH_UNIT (LENGTH_MEASURE( 1.000000000000000082E-05 ), #1458, 'distance_accuracy_value', 'NONE');
#1123 = CARTESIAN_POINT ( 'NONE',  ( 138.4578875398864000, 39.46441556229134306, 66.49478304682580188 ) ) ;
#1124 = FACE_OUTER_BOUND ( 'NONE', #423, .T. ) ;
#1125 = EDGE_CURVE ( 'NONE', #19, #37, #885, .T. ) ;
#1126 = CARTESIAN_POINT ( 'NONE',  ( 118.0267482719558387, 47.48001697137663513, 95.56944047831188982 ) ) ;
#1127 = DIRECTION ( 'NONE',  ( -1.000000000000000000, 0.000000000000000000, 0.000000000000000000 ) ) ;
#1128 = DIRECTION ( 'NONE',  ( 1.000000000000000000, 0.000000000000000000, 0.000000000000000000 ) ) ;
#1129 = EDGE_LOOP ( 'NONE', ( #1058, #946 ) ) ;
#1130 = AXIS2_PLACEMENT_3D ( 'NONE', #694, #1398, #1128 ) ;
#1131 = CARTESIAN_POINT ( 'NONE',  ( 0.000000000000000000, 0.000000000000000000, 0.000000000000000000 ) ) ;
#1132 = DIRECTION ( 'NONE',  ( 0.000000000000000000, 0.000000000000000000, 1.000000000000000000 ) ) ;
#1133 = CARTESIAN_POINT ( 'NONE',  ( 116.9869134971457214, 46.24363760866474138, 97.17992623090736970 ) ) ;
#1134 = ORIENTED_EDGE ( 'NONE', *, *, #1401, .T. ) ;
#1135 = CARTESIAN_POINT ( 'NONE',  ( 67.91228921186515777, 83.57685736540688026, 3.000000000000000000 ) ) ;
#1136 = CARTESIAN_POINT ( 'NONE',  ( 88.03021594586157050, 75.98854275207244768, 0.000000000000000000 ) ) ;
#1137 = B_SPLINE_CURVE_WITH_KNOTS ( 'NONE', 3,
 ( #201, #1026, #1485, #61, #1493, #1018, #532, #307, #177, #1462, #438, #1126, #877, #769, #1110, #422, #913, #663, #524, #1133, #85, #1378 ),
 .UNSPECIFIED., .F., .F.,
 ( 4, 2, 2, 2, 2, 2, 2, 2, 2, 2, 4 ),
 ( 0.004666859279882700981, 0.005370355644170940815, 0.006073852008459180649, 0.006777348372747420482, 0.007129096554891523052, 0.007480844737035625622, 0.008184341101323827292, 0.008887837465612027227, 0.009591333829900228897, 0.009943082012044329732, 0.01029483019418842710 ),
 .UNSPECIFIED. ) ;
#1138 = VERTEX_POINT ( 'NONE', #306 ) ;
#1139 = DIRECTION ( 'NONE',  ( 0.000000000000000000, 0.000000000000000000, 1.000000000000000000 ) ) ;
#1140 = MECHANICAL_DESIGN_GEOMETRIC_PRESENTATION_REPRESENTATION (  '', ( #704 ), #892 ) ;
#1141 = DIRECTION ( 'NONE',  ( 0.000000000000000000, 0.000000000000000000, 1.000000000000000000 ) ) ;
#1142 = CARTESIAN_POINT ( 'NONE',  ( 121.3432722012875473, 46.64070987625238729, 45.01505671422804511 ) ) ;
#1143 = ORIENTED_EDGE ( 'NONE', *, *, #1107, .F. ) ;
#1144 = DIRECTION ( 'NONE',  ( 0.000000000000000000, 0.000000000000000000, 1.000000000000000000 ) ) ;
#1145 = DIRECTION ( 'NONE',  ( 1.000000000000000000, 0.000000000000000000, 0.000000000000000000 ) ) ;
#1146 = CIRCLE ( 'NONE', #163, 174.2000000000001876 ) ;
#1147 = ORIENTED_EDGE ( 'NONE', *, *, #1049, .T. ) ;
#1148 = AXIS2_PLACEMENT_3D ( 'NONE', #611, #21, #1078 ) ;
#1149 = CARTESIAN_POINT ( 'NONE',  ( 0.000000000000000000, -72.40000343881547451, -121.1999999999939348 ) ) ;
#1150 = EDGE_CURVE ( 'NONE', #444, #96, #167, .T. ) ;
#1151 = CARTESIAN_POINT ( 'NONE',  ( 120.2061046157575674, 46.24604532412846680, 46.10251133654355726 ) ) ;
#1152 = CARTESIAN_POINT ( 'NONE',  ( 137.2015185793867715, 41.00080475720309892, 62.47470509888346868 ) ) ;
#1153 = ORIENTED_EDGE ( 'NONE', *, *, #644, .T. ) ;
#1154 = ORIENTED_EDGE ( 'NONE', *, *, #392, .F. ) ;
#1155 = DIRECTION ( 'NONE',  ( 1.000000000000000000, 0.000000000000000000, 0.000000000000000000 ) ) ;
#1156 = ORIENTED_EDGE ( 'NONE', *, *, #870, .T. ) ;
#1157 = ORIENTED_EDGE ( 'NONE', *, *, #1313, .F. ) ;
#1158 = VECTOR ( 'NONE', #526, 1000.000000000000000 ) ;
#1159 = EDGE_CURVE ( 'NONE', #170, #1046, #183, .T. ) ;
#1160 = VECTOR ( 'NONE', #1376, 1000.000000000000000 ) ;
#1161 = DIRECTION ( 'NONE',  ( 0.000000000000000000, 0.000000000000000000, 1.000000000000000000 ) ) ;
#1162 = CARTESIAN_POINT ( 'NONE',  ( 139.0649560737857939, 38.70882993035930042, 66.89631041430300229 ) ) ;
#1163 = ORIENTED_EDGE ( 'NONE', *, *, #1320, .T. ) ;
#1164 = ORIENTED_EDGE ( 'NONE', *, *, #1283, .T. ) ;
#1165 = CARTESIAN_POINT ( 'NONE',  ( 162.0000000000000000, -72.40000343881547451, 101.7999999999997698 ) ) ;
#1166 = ORIENTED_EDGE ( 'NONE', *, *, #1237, .F. ) ;
#1167 = CARTESIAN_POINT ( 'NONE',  ( 0.000000000000000000, -72.40000343881547451, 214.9999999999989768 ) ) ;
#1168 = CARTESIAN_POINT ( 'NONE',  ( 0.000000000000000000, 101.7999965611845141, 53.00000000000000711 ) ) ;
#1169 = CARTESIAN_POINT ( 'NONE',  ( 135.8510485060436110, 37.91602541606153665, 66.20019522731652728 ) ) ;
#1170 = EDGE_CURVE ( 'NONE', #715, #991, #192, .T. ) ;
#1171 = ORIENTED_EDGE ( 'NONE', *, *, #546, .T. ) ;
#1172 = CARTESIAN_POINT ( 'NONE',  ( 139.7150334219610102, 37.88920471819471913, 66.99995860703023709 ) ) ;
#1173 = CARTESIAN_POINT ( 'NONE',  ( 0.000000000000000000, -72.40000343881547451, 0.000000000000000000 ) ) ;
#1174 = VECTOR ( 'NONE', #425, 1000.000000000000000 ) ;
#1175 = CARTESIAN_POINT ( 'NONE',  ( 62.28000301038845521, 76.97750365623505786, 3.000000000000000000 ) ) ;
#1176 = CARTESIAN_POINT ( 'NONE',  ( 120.3341606996843893, 47.73208464587241906, 43.00000000000000000 ) ) ;
#1177 = ORIENTED_EDGE ( 'NONE', *, *, #313, .F. ) ;
#1178 = CARTESIAN_POINT ( 'NONE',  ( 140.9555840072748083, 36.30031237179459680, 66.49448714693585316 ) ) ;
#1179 = ADVANCED_FACE ( 'NONE', ( #291 ), #175, .T. ) ;
#1180 = AXIS2_PLACEMENT_3D ( 'NONE', #1135, #675, #562 ) ;
#1181 = CARTESIAN_POINT ( 'NONE',  ( 0.000000000000000000, -72.40000343881547451, 104.0000000000000000 ) ) ;
#1182 = CARTESIAN_POINT ( 'NONE',  ( 135.3892868175500155, 38.48225063764967757, 60.54293637252002469 ) ) ;
#1183 = ORIENTED_EDGE ( 'NONE', *, *, #253, .F. ) ;
#1184 = CARTESIAN_POINT ( 'NONE',  ( 137.2015185793867715, 41.00080475720309892, 62.47470509888346868 ) ) ;
#1185 = DIRECTION ( 'NONE',  ( -0.000000000000000000, -0.000000000000000000, -1.000000000000000000 ) ) ;
#1186 = CONICAL_SURFACE ( 'NONE', #1507, 175.0000000000000284, 0.7853981633974657095 ) ;
#1187 = FACE_BOUND ( 'NONE', #202, .T. ) ;
#1188 = ORIENTED_EDGE ( 'NONE', *, *, #1368, .F. ) ;
#1189 = EDGE_LOOP ( 'NONE', ( #1041, #782 ) ) ;
#1190 = CARTESIAN_POINT ( 'NONE',  ( 139.7620893697677502, 32.91646429075186830, 62.47616826147830693 ) ) ;
#1191 = LINE ( 'NONE', #27, #92 ) ;
#1192 = EDGE_CURVE ( 'NONE', #1194, #1397, #654, .T. ) ;
#1193 = CARTESIAN_POINT ( 'NONE',  ( 174.2000000000001876, -72.40000343881547451, 3.000000000000000000 ) ) ;
#1194 = VERTEX_POINT ( 'NONE', #60 ) ;
#1195 = DIRECTION ( 'NONE',  ( 0.000000000000000000, 0.000000000000000000, 1.000000000000000000 ) ) ;
#1196 = FACE_OUTER_BOUND ( 'NONE', #934, .T. ) ;
#1197 = CARTESIAN_POINT ( 'NONE',  ( 117.2097725581132295, 45.25093167255004545, 97.72814834499766334 ) ) ;
#1198 = ADVANCED_FACE ( 'NONE', ( #1124 ), #647, .F. ) ;
#1199 = SURFACE_SIDE_STYLE ('',( #386 ) ) ;
#1200 = ORIENTED_EDGE ( 'NONE', *, *, #1377, .F. ) ;
#1201 = EDGE_CURVE ( 'NONE', #96, #317, #1117, .T. ) ;
#1202 = CARTESIAN_POINT ( 'NONE',  ( 0.000000000000000000, 104.0999965611845113, 103.0000000000000568 ) ) ;
#1203 = CYLINDRICAL_SURFACE ( 'NONE', #22, 1.100000000000003642 ) ;
#1204 = DIRECTION ( 'NONE',  ( -0.000000000000000000, -0.000000000000000000, 1.000000000000000000 ) ) ;
#1205 =( NAMED_UNIT ( * ) PLANE_ANGLE_UNIT ( ) SI_UNIT ( $, .RADIAN. ) );
#1206 = CARTESIAN_POINT ( 'NONE',  ( 0.000000000000000000, -72.40000343881547451, 53.00000000000000711 ) ) ;
#1207 = DIRECTION ( 'NONE',  ( -0.000000000000000000, -0.000000000000000000, 1.000000000000000000 ) ) ;
#1208 = ADVANCED_FACE ( 'NONE', ( #1010, #408, #298, #760, #421 ), #1231, .T. ) ;
#1209 = CARTESIAN_POINT ( 'NONE',  ( 0.000000000000000000, -72.40000343881547451, -121.1999999999939348 ) ) ;
#1210 = CARTESIAN_POINT ( 'NONE',  ( 120.3341606996843893, 47.73208464587241906, 53.00000000000000711 ) ) ;
#1211 = VECTOR ( 'NONE', #55, 1000.000000000000000 ) ;
#1212 = DIRECTION ( 'NONE',  ( 0.000000000000000000, 0.000000000000000000, 1.000000000000000000 ) ) ;
#1213 = VECTOR ( 'NONE', #117, 1000.000000000000000 ) ;
#1214 = FACE_OUTER_BOUND ( 'NONE', #696, .T. ) ;
#1215 = CIRCLE ( 'NONE', #680, 176.5000000000000000 ) ;
#1216 = DIRECTION ( 'NONE',  ( 0.000000000000000000, 1.000000000000000000, 0.000000000000000000 ) ) ;
#1217 = CARTESIAN_POINT ( 'NONE',  ( 139.7619037127637114, 32.91671066962182124, 63.52392685893326529 ) ) ;
#1218 = DIRECTION ( 'NONE',  ( -0.000000000000000000, -0.000000000000000000, 1.000000000000000000 ) ) ;
#1219 = CARTESIAN_POINT ( 'NONE',  ( 0.000000000000000000, -72.40000343881547451, 263.7999999999978513 ) ) ;
#1220 = EDGE_CURVE ( 'NONE', #1063, #1194, #30, .T. ) ;
#1221 = ORIENTED_EDGE ( 'NONE', *, *, #23, .T. ) ;
#1222 = CARTESIAN_POINT ( 'NONE',  ( 118.8791904301895244, 44.62831411077382171, 96.98309976397213461 ) ) ;
#1223 = CARTESIAN_POINT ( 'NONE',  ( 86.42742458915014936, 76.84117773886237046, 3.000000000000000000 ) ) ;
#1224 = AXIS2_PLACEMENT_3D ( 'NONE', #743, #632, #48 ) ;
#1225 = LINE ( 'NONE', #1111, #996 ) ;
#1226 = DIRECTION ( 'NONE',  ( 0.000000000000000000, 0.000000000000000000, 1.000000000000000000 ) ) ;
#1227 = VERTEX_POINT ( 'NONE', #322 ) ;
#1228 = AXIS2_PLACEMENT_3D ( 'NONE', #540, #1118, #300 ) ;
#1229 = CARTESIAN_POINT ( 'NONE',  ( 140.3607216782354783, 37.06735907566712029, 59.10336461305820421 ) ) ;
#1230 =( NAMED_UNIT ( * ) PLANE_ANGLE_UNIT ( ) SI_UNIT ( $, .RADIAN. ) );
#1231 = PLANE ( 'NONE',  #1350 ) ;
#1232 = CARTESIAN_POINT ( 'NONE',  ( 121.7739367463222635, 48.13051660304863333, 43.66274772274530847 ) ) ;
#1233 = PLANE ( 'NONE',  #1180 ) ;
#1234 = CARTESIAN_POINT ( 'NONE',  ( 175.0000000000000284, -72.40000343881547451, 39.99999999999996447 ) ) ;
#1235 = ORIENTED_EDGE ( 'NONE', *, *, #616, .F. ) ;
#1236 = CARTESIAN_POINT ( 'NONE',  ( 135.8506944268068537, 37.91645987376966787, 59.80025097262733169 ) ) ;
#1237 = EDGE_CURVE ( 'NONE', #1076, #73, #1017, .T. ) ;
#1238 = CARTESIAN_POINT ( 'NONE',  ( 0.000000000000000000, -72.40000343881547451, 263.7999999999978513 ) ) ;
#1239 = CARTESIAN_POINT ( 'NONE',  ( 118.9004265299445393, 48.09819928127539868, 45.71584309220152420 ) ) ;
#1240 = DIRECTION ( 'NONE',  ( 0.000000000000000000, 0.000000000000000000, 1.000000000000000000 ) ) ;
#1241 = DIRECTION ( 'NONE',  ( 1.000000000000000000, 0.000000000000000000, 0.000000000000000000 ) ) ;
#1242 = AXIS2_PLACEMENT_3D ( 'NONE', #666, #543, #1155 ) ;
#1243 = ORIENTED_EDGE ( 'NONE', *, *, #1472, .T. ) ;
#1244 = CIRCLE ( 'NONE', #779, 177.5000000000000568 ) ;
#1245 =( NAMED_UNIT ( * ) PLANE_ANGLE_UNIT ( ) SI_UNIT ( $, .RADIAN. ) );
#1246 = LINE ( 'NONE', #1025, #695 ) ;
#1247 = CARTESIAN_POINT ( 'NONE',  ( 119.1063704924650892, 48.56955827132336623, 45.23556842546115320 ) ) ;
#1248 = ADVANCED_FACE ( 'NONE', ( #784 ), #208, .F. ) ;
#1249 = ORIENTED_EDGE ( 'NONE', *, *, #139, .T. ) ;
#1250 = DIRECTION ( 'NONE',  ( 1.000000000000000000, 0.000000000000000000, 0.000000000000000000 ) ) ;
#1251 = DIRECTION ( 'NONE',  ( -0.000000000000000000, 0.000000000000000000, 1.000000000000000000 ) ) ;
#1252 = VERTEX_POINT ( 'NONE', #102 ) ;
#1253 = ORIENTED_EDGE ( 'NONE', *, *, #816, .F. ) ;
#1254 = DIRECTION ( 'NONE',  ( 0.000000000000000000, 0.000000000000000000, 1.000000000000000000 ) ) ;
#1255 = CARTESIAN_POINT ( 'NONE',  ( 178.0000000000000284, -72.40000343881547451, 102.0000000000000000 ) ) ;
#1256 = DIRECTION ( 'NONE',  ( -0.000000000000000000, -0.000000000000000000, 1.000000000000000000 ) ) ;
#1257 = VERTEX_POINT ( 'NONE', #1168 ) ;
#1258 = CARTESIAN_POINT ( 'NONE',  ( 115.6638565542209562, 43.72892584348164746, 0.000000000000000000 ) ) ;
#1259 = DIRECTION ( 'NONE',  ( 0.000000000000000000, 0.000000000000000000, -1.000000000000000000 ) ) ;
#1260 = AXIS2_PLACEMENT_3D ( 'NONE', #535, #417, #771 ) ;
#1261 = ADVANCED_FACE ( 'NONE', ( #671 ), #119, .T. ) ;
#1262 = ORIENTED_EDGE ( 'NONE', *, *, #1097, .T. ) ;
#1263 = ORIENTED_EDGE ( 'NONE', *, *, #383, .F. ) ;
#1264 = CARTESIAN_POINT ( 'NONE',  ( 119.0895919580103595, 46.92823218772953453, 46.41309253063327844 ) ) ;
#1265 = CARTESIAN_POINT ( 'NONE',  ( 136.7213107339220812, 36.83602805676837733, 59.10361424138288555 ) ) ;
#1266 = ORIENTED_EDGE ( 'NONE', *, *, #1088, .F. ) ;
#1267 = ORIENTED_EDGE ( 'NONE', *, *, #739, .F. ) ;
#1268 = CARTESIAN_POINT ( 'NONE',  ( 0.000000000000000000, -72.40000343881547451, 102.0000000000000000 ) ) ;
#1269 = LINE ( 'NONE', #239, #193 ) ;
#1270 = AXIS2_PLACEMENT_3D ( 'NONE', #920, #338, #801 ) ;
#1271 = B_SPLINE_CURVE_WITH_KNOTS ( 'NONE', 3,
 ( #1172, #716, #7, #1178, #123, #1057, #465, #358, #131, #136, #595, #363, #826, #1300, #599, #1071, #615, #620 ),
 .UNSPECIFIED., .F., .F.,
 ( 4, 2, 2, 2, 2, 2, 2, 2, 4 ),
 ( 0.5000000000000000000, 0.5625000000000000000, 0.6250000000000000000, 0.6875000000000000000, 0.7500000000000000000, 0.8125000000000000000, 0.8750000000000000000, 0.9375000000000000000, 1.000000000000000000 ),
 .UNSPECIFIED. ) ;
#1272 = VERTEX_POINT ( 'NONE', #1502 ) ;
#1273 = CIRCLE ( 'NONE', #94, 176.5000000000000000 ) ;
#1274 = EDGE_CURVE ( 'NONE', #1456, #232, #584, .T. ) ;
#1275 = VERTEX_POINT ( 'NONE', #1387 ) ;
#1276 = DIRECTION ( 'NONE',  ( 1.000000000000000000, 0.000000000000000000, 0.000000000000000000 ) ) ;
#1277 = DIRECTION ( 'NONE',  ( -0.000000000000000000, -0.000000000000000000, 1.000000000000000000 ) ) ;
#1278 = VERTEX_POINT ( 'NONE', #348 ) ;
#1279 = EDGE_LOOP ( 'NONE', ( #1024, #825, #228, #25 ) ) ;
#1280 = DIRECTION ( 'NONE',  ( -1.000000000000000000, 0.000000000000000000, 0.000000000000000000 ) ) ;
#1281 = ORIENTED_EDGE ( 'NONE', *, *, #171, .F. ) ;
#1282 = CARTESIAN_POINT ( 'NONE',  ( 118.8571606996843855, 47.73208464587241906, 53.00000000000000711 ) ) ;
#1283 = EDGE_CURVE ( 'NONE', #404, #444, #1284, .T. ) ;
#1284 = LINE ( 'NONE', #568, #54 ) ;
#1285 = CARTESIAN_POINT ( 'NONE',  ( 140.9555840072748083, 36.30031237179459680, 66.49448714693585316 ) ) ;
#1286 = EDGE_LOOP ( 'NONE', ( #560, #1473, #467, #130 ) ) ;
#1287 = ORIENTED_EDGE ( 'NONE', *, *, #253, .T. ) ;
#1288 = CARTESIAN_POINT ( 'NONE',  ( 137.9955468493430999, 35.22181707756463709, 66.89633807527073373 ) ) ;
#1289 = DIRECTION ( 'NONE',  ( -1.000000000000000000, 0.000000000000000000, 0.000000000000000000 ) ) ;
#1290 = EDGE_CURVE ( 'NONE', #1138, #1299, #1246, .T. ) ;
#1291 = CARTESIAN_POINT ( 'NONE',  ( 119.4640253769213558, 44.96344571319764327, 96.33110030653449485 ) ) ;
#1292 = CARTESIAN_POINT ( 'NONE',  ( 141.6747543489023258, 35.36084947084516728, 60.54222671215567431 ) ) ;
#1293 = ORIENTED_EDGE ( 'NONE', *, *, #360, .F. ) ;
#1294 = DIRECTION ( 'NONE',  ( 1.000000000000000000, 0.000000000000000000, 0.000000000000000000 ) ) ;
#1295 = VECTOR ( 'NONE', #669, 1000.000000000000000 ) ;
#1296 = PLANE ( 'NONE',  #1148 ) ;
#1297 = AXIS2_PLACEMENT_3D ( 'NONE', #1136, #99, #563 ) ;
#1298 = CARTESIAN_POINT ( 'NONE',  ( 136.1243276375287792, 37.57906018586818675, 66.49478304682580188 ) ) ;
#1299 = VERTEX_POINT ( 'NONE', #1369 ) ;
#1300 = CARTESIAN_POINT ( 'NONE',  ( 141.2246505284618650, 35.95005665693690133, 59.80070530445111388 ) ) ;
#1301 = DIRECTION ( 'NONE',  ( -1.000000000000000000, 0.000000000000000000, 0.000000000000000000 ) ) ;
#1302 = ORIENTED_EDGE ( 'NONE', *, *, #732, .F. ) ;
#1303 = ORIENTED_EDGE ( 'NONE', *, *, #294, .T. ) ;
#1304 = CARTESIAN_POINT ( 'NONE',  ( 138.1799236232900796, 39.80715733928801114, 66.20019522731652728 ) ) ;
#1305 = CARTESIAN_POINT ( 'NONE',  ( 0.000000000000000000, -72.40000343881547451, 104.0000000000000000 ) ) ;
#1306 = EDGE_CURVE ( 'NONE', #830, #238, #93, .T. ) ;
#1307 = CIRCLE ( 'NONE', #1068, 1.477000000000006086 ) ;
#1308 = CARTESIAN_POINT ( 'NONE',  ( 139.7619037127637114, 32.91671066962182124, 63.52392685893326529 ) ) ;
#1309 = ORIENTED_EDGE ( 'NONE', *, *, #914, .T. ) ;
#1310 = CARTESIAN_POINT ( 'NONE',  ( 139.3902285864403723, 38.30066902081155433, 59.00004207942768630 ) ) ;
#1311 =( GEOMETRIC_REPRESENTATION_CONTEXT ( 3 ) GLOBAL_UNCERTAINTY_ASSIGNED_CONTEXT ( ( #188 ) ) GLOBAL_UNIT_ASSIGNED_CONTEXT ( ( #270, #1205, #393 ) ) REPRESENTATION_CONTEXT ( 'NONE', 'WORKASPACE' ) );
#1312 = CARTESIAN_POINT ( 'NONE',  ( 62.28000301038845521, 76.97750365623505786, 0.000000000000000000 ) ) ;
#1313 = EDGE_CURVE ( 'NONE', #904, #815, #314, .T. ) ;
#1314 = CARTESIAN_POINT ( 'NONE',  ( 139.0651046322178956, 38.70864573954980870, 59.10361424138288555 ) ) ;
#1315 = EDGE_CURVE ( 'NONE', #805, #586, #1501, .T. ) ;
#1316 = EDGE_LOOP ( 'NONE', ( #259, #288, #930, #412 ) ) ;
#1317 = CARTESIAN_POINT ( 'NONE',  ( 137.7099932130866478, 40.38339955858071306, 65.45669317423956102 ) ) ;
#1318 = DIRECTION ( 'NONE',  ( -1.000000000000000000, 0.000000000000000000, 0.000000000000000000 ) ) ;
#1319 = CARTESIAN_POINT ( 'NONE',  ( 137.5229608411206357, 40.61094987265644107, 60.98473159920969522 ) ) ;
#1320 = EDGE_CURVE ( 'NONE', #142, #797, #1484, .T. ) ;
#1321 = CARTESIAN_POINT ( 'NONE',  ( 67.91228921186515777, 83.57685736540688026, 3.000000000000000000 ) ) ;
#1322 = VECTOR ( 'NONE', #917, 1000.000000000000000 ) ;
#1323 = FACE_BOUND ( 'NONE', #1508, .T. ) ;
#1324 = CARTESIAN_POINT ( 'NONE',  ( 0.000000000000000000, 102.5999965611845397, 102.0000000000000000 ) ) ;
#1325 = CARTESIAN_POINT ( 'NONE',  ( 0.000000000000000000, 104.0999965611845113, 104.0000000000000000 ) ) ;
#1326 = DIRECTION ( 'NONE',  ( 1.000000000000000000, 0.000000000000000000, 0.000000000000000000 ) ) ;
#1327 = EDGE_CURVE ( 'NONE', #232, #1252, #1492, .T. ) ;
#1328 = CYLINDRICAL_SURFACE ( 'NONE', #1498, 1.477000000000006086 ) ;
#1329 = CARTESIAN_POINT ( 'NONE',  ( 137.6803666012817473, 35.62491738383718598, 66.99997171327166257 ) ) ;
#1330 = DIRECTION ( 'NONE',  ( 0.000000000000000000, 0.000000000000000000, 1.000000000000000000 ) ) ;
#1331 = DIRECTION ( 'NONE',  ( 0.000000000000000000, 0.000000000000000000, 1.000000000000000000 ) ) ;
#1332 = VECTOR ( 'NONE', #1422, 1000.000000000000000 ) ;
#1333 = ADVANCED_BREP_SHAPE_REPRESENTATION ( 'bottomleft', ( #1513, #378 ), #495 ) ;
#1334 = CARTESIAN_POINT ( 'NONE',  ( 119.9315279843704474, 46.05452454555496189, 104.0000000000000000 ) ) ;
#1335 = B_SPLINE_CURVE_WITH_KNOTS ( 'NONE', 3,
 ( #1090, #289, #469, #280, #1197, #494, #985, #744, #268, #751, #1106, #355, #817, #1222, #731, #510, #1291, #241, #152, #858, #164, #42 ),
 .UNSPECIFIED., .F., .F.,
 ( 4, 2, 2, 2, 2, 2, 2, 2, 2, 2, 4 ),
 ( 0.01029483019418842710, 0.01099922537833773056, 0.01135142297041238230, 0.01170362056248703403, 0.01240801574663630280, 0.01276021333871091810, 0.01311241093078553341, 0.01381680611493474146, 0.01452120129908394952, 0.01522559648323315931, 0.01592999166738236563 ),
 .UNSPECIFIED. ) ;
#1336 = DIRECTION ( 'NONE',  ( 1.000000000000000000, 0.000000000000000000, 0.000000000000000000 ) ) ;
#1337 = CONICAL_SURFACE ( 'NONE', #1459, 176.5000000000000000, 0.7853981633974482790 ) ;
#1338 = CARTESIAN_POINT ( 'NONE',  ( 137.0402047340348304, 36.43587829445079507, 66.99994550078879740 ) ) ;
#1339 = CARTESIAN_POINT ( 'NONE',  ( 0.000000000000000000, -72.40000343881547451, 0.000000000000000000 ) ) ;
#1340 = DIRECTION ( 'NONE',  ( 0.000000000000000000, 0.000000000000000000, -1.000000000000000000 ) ) ;
#1341 = ORIENTED_EDGE ( 'NONE', *, *, #546, .F. ) ;
#1342 = CARTESIAN_POINT ( 'NONE',  ( 137.2015159350150668, 41.00080795657896005, 63.52537622863398070 ) ) ;
#1343 = CARTESIAN_POINT ( 'NONE',  ( 67.91228921186515777, 83.57685736540688026, 0.000000000000000000 ) ) ;
#1344 = CARTESIAN_POINT ( 'NONE',  ( 119.3217834464711018, 48.82016697889960710, 44.90585666595903547 ) ) ;
#1345 = AXIS2_PLACEMENT_3D ( 'NONE', #293, #1331, #1241 ) ;
#1346 = DIRECTION ( 'NONE',  ( -1.000000000000000000, 0.000000000000000000, 0.000000000000000000 ) ) ;
#1347 = CARTESIAN_POINT ( 'NONE',  ( 135.2049755544799154, 38.70649251699342841, 65.01516138309533233 ) ) ;
#1348 = ORIENTED_EDGE ( 'NONE', *, *, #67, .T. ) ;
#1349 = EDGE_CURVE ( 'NONE', #728, #187, #618, .T. ) ;
#1350 = AXIS2_PLACEMENT_3D ( 'NONE', #68, #530, #1036 ) ;
#1351 = CARTESIAN_POINT ( 'NONE',  ( 137.0409550709385655, 36.43492735014368122, 59.00004207942768630 ) ) ;
#1352 = DIRECTION ( 'NONE',  ( -0.9397460904621194322, 0.3418732008525413035, 0.000000000000000000 ) ) ;
#1353 = CARTESIAN_POINT ( 'NONE',  ( 118.9248399174886401, 48.18240125507277583, 45.63875093387463266 ) ) ;
#1354 = CARTESIAN_POINT ( 'NONE',  ( 0.000000000000000000, -72.40000343881547451, 102.0000000000000000 ) ) ;
#1355 = CARTESIAN_POINT ( 'NONE',  ( 139.7149786571141874, 37.88927409459724771, 58.99999999999999289 ) ) ;
#1356 = B_SPLINE_CURVE_WITH_KNOTS ( 'NONE', 3,
 ( #1418, #1310, #710, #381, #960, #260, #368, #266, #1184, #1425, #943, #150, #1317, #1304, #839, #587, #703, #374 ),
 .UNSPECIFIED., .F., .F.,
 ( 4, 2, 2, 2, 2, 2, 2, 2, 4 ),
 ( 0.000000000000000000, 0.06250000000000000000, 0.1250000000000000000, 0.1875000000000000000, 0.2500000000000000000, 0.3125000000000000000, 0.3750000000000000000, 0.4375000000000000000, 0.5000000000000000000 ),
 .UNSPECIFIED. ) ;
#1357 = EDGE_LOOP ( 'NONE', ( #709, #303, #1086, #478 ) ) ;
#1358 = CARTESIAN_POINT ( 'NONE',  ( 141.2244962254873428, 35.95025921238023869, 66.19939125258920853 ) ) ;
#1359 = ADVANCED_FACE ( 'NONE', ( #1370, #894 ), #836, .F. ) ;
#1360 = CARTESIAN_POINT ( 'NONE',  ( 0.000000000000000000, -72.40000343881547451, 50.00000000000000000 ) ) ;
#1361 = CARTESIAN_POINT ( 'NONE',  ( 121.5791238875830658, 48.53550416508152665, 43.51569543142047536 ) ) ;
#1362 = ORIENTED_EDGE ( 'NONE', *, *, #448, .T. ) ;
#1363 = CARTESIAN_POINT ( 'NONE',  ( 67.91228921186515777, 83.57685736540688026, 3.000000000000000000 ) ) ;
#1364 = DIRECTION ( 'NONE',  ( -0.000000000000000000, -0.000000000000000000, -1.000000000000000000 ) ) ;
#1365 = EDGE_LOOP ( 'NONE', ( #1393, #564, #1042, #343 ) ) ;
#1366 = AXIS2_PLACEMENT_3D ( 'NONE', #872, #525, #515 ) ;
#1367 = SHAPE_DEFINITION_REPRESENTATION ( #822, #1333 ) ;
#1368 = EDGE_CURVE ( 'NONE', #187, #728, #922, .T. ) ;
#1369 = CARTESIAN_POINT ( 'NONE',  ( 0.000000000000000000, 82.59999656118452549, 3.000000000000000000 ) ) ;
#1370 = FACE_OUTER_BOUND ( 'NONE', #1316, .T. ) ;
#1371 = ORIENTED_EDGE ( 'NONE', *, *, #1444, .T. ) ;
#1372 = DIRECTION ( 'NONE',  ( 1.000000000000000000, 0.000000000000000000, 0.000000000000000000 ) ) ;
#1373 = DIRECTION ( 'NONE',  ( -1.000000000000000000, 0.000000000000000000, 0.000000000000000000 ) ) ;
#1374 = ORIENTED_EDGE ( 'NONE', *, *, #400, .F. ) ;
#1375 = CYLINDRICAL_SURFACE ( 'NONE', #216, 1.100000000000003642 ) ;
#1376 = DIRECTION ( 'NONE',  ( -0.000000000000000000, -0.000000000000000000, -1.000000000000000000 ) ) ;
#1377 = EDGE_CURVE ( 'NONE', #831, #170, #1137, .T. ) ;
#1378 = CARTESIAN_POINT ( 'NONE',  ( 116.9775279843704254, 46.05452454555496189, 97.32112069894803597 ) ) ;
#1379 = VERTEX_POINT ( 'NONE', #549 ) ;
#1380 = VERTEX_POINT ( 'NONE', #331 ) ;
#1381 = CARTESIAN_POINT ( 'NONE',  ( 117.1408565542209601, 43.72892584348164746, -7.000000000000000000 ) ) ;
#1382 = CARTESIAN_POINT ( 'NONE',  ( 0.000000000000000000, -72.40000343881547451, 102.0000000000000000 ) ) ;
#1383 = VECTOR ( 'NONE', #46, 1000.000000000000000 ) ;
#1384 = VERTEX_POINT ( 'NONE', #430 ) ;
#1385 = ORIENTED_EDGE ( 'NONE', *, *, #667, .F. ) ;
#1386 = AXIS2_PLACEMENT_3D ( 'NONE', #396, #1330, #1095 ) ;
#1387 = CARTESIAN_POINT ( 'NONE',  ( 83.62362474594236517, 69.13405142851640051, 3.000000000000000000 ) ) ;
#1388 = CARTESIAN_POINT ( 'NONE',  ( 134.8891334347903523, 39.08955518086570891, 62.47470509888346868 ) ) ;
#1389 = EDGE_LOOP ( 'NONE', ( #1263, #1407 ) ) ;
#1390 = EDGE_LOOP ( 'NONE', ( #734, #1235, #464, #1348 ) ) ;
#1391 = DIRECTION ( 'NONE',  ( -0.000000000000000000, -0.000000000000000000, -1.000000000000000000 ) ) ;
#1392 = ORIENTED_EDGE ( 'NONE', *, *, #756, .T. ) ;
#1393 = ORIENTED_EDGE ( 'NONE', *, *, #531, .T. ) ;
#1394 = DIRECTION ( 'NONE',  ( 0.000000000000000000, 1.000000000000000000, 0.000000000000000000 ) ) ;
#1395 = CARTESIAN_POINT ( 'NONE',  ( 134.8891308349867018, 39.08955832631951210, 63.52537622863398070 ) ) ;
#1396 = ORIENTED_EDGE ( 'NONE', *, *, #392, .T. ) ;
#1397 = VERTEX_POINT ( 'NONE', #323 ) ;
#1398 = DIRECTION ( 'NONE',  ( -0.000000000000000000, 0.000000000000000000, 1.000000000000000000 ) ) ;
#1399 = CARTESIAN_POINT ( 'NONE',  ( 0.000000000000000000, 101.7999965611847131, 3.000000000000000000 ) ) ;
#1400 = AXIS2_PLACEMENT_3D ( 'NONE', #1258, #318, #780 ) ;
#1401 = EDGE_CURVE ( 'NONE', #258, #37, #911, .T. ) ;
#1402 = CARTESIAN_POINT ( 'NONE',  ( 137.3602318258145090, 36.03046604628129757, 58.99999999999999289 ) ) ;
#1403 = CARTESIAN_POINT ( 'NONE',  ( 140.3607216782354783, 37.06735907566712029, 59.10336461305820421 ) ) ;
#1404 = ORIENTED_EDGE ( 'NONE', *, *, #952, .F. ) ;
#1405 = ORIENTED_EDGE ( 'NONE', *, *, #400, .T. ) ;
#1406 = CARTESIAN_POINT ( 'NONE',  ( 139.4624274878310075, 33.31314777794275273, 60.98407415444747670 ) ) ;
#1407 = ORIENTED_EDGE ( 'NONE', *, *, #1518, .F. ) ;
#1408 = ADVANCED_FACE ( 'NONE', ( #227 ), #112, .F. ) ;
#1409 = CARTESIAN_POINT ( 'NONE',  ( 139.4624332772760908, 33.31314033164959909, 65.01607063826762101 ) ) ;
#1410 = ORIENTED_EDGE ( 'NONE', *, *, #171, .T. ) ;
#1411 = CARTESIAN_POINT ( 'NONE',  ( 137.6797354626729941, 35.62571732724990881, 58.99995789067013874 ) ) ;
#1412 = CARTESIAN_POINT ( 'NONE',  ( 0.000000000000000000, -72.40000343881547451, 103.2000000000000313 ) ) ;
#1413 = AXIS2_PLACEMENT_3D ( 'NONE', #157, #493, #1073 ) ;
#1414 = CARTESIAN_POINT ( 'NONE',  ( 141.8530434458617151, 35.12559606100843723, 60.98348573430617847 ) ) ;
#1415 = ORIENTED_EDGE ( 'NONE', *, *, #1006, .T. ) ;
#1416 = ADVANCED_FACE ( 'NONE', ( #341 ), #949, .F. ) ;
#1417 = ORIENTED_EDGE ( 'NONE', *, *, #120, .T. ) ;
#1418 = CARTESIAN_POINT ( 'NONE',  ( 139.7149786571141874, 37.88927409459724771, 58.99999999999999289 ) ) ;
#1419 = CARTESIAN_POINT ( 'NONE',  ( 174.9999999999999716, -72.40000343881547451, 88.79999999999991189 ) ) ;
#1420 = AXIS2_PLACEMENT_3D ( 'NONE', #735, #629, #498 ) ;
#1421 = APPLICATION_CONTEXT ( 'automotive_design' ) ;
#1422 = DIRECTION ( 'NONE',  ( -0.000000000000000000, -0.000000000000000000, -1.000000000000000000 ) ) ;
#1423 = AXIS2_PLACEMENT_3D ( 'NONE', #786, #1256, #638 ) ;
#1424 = VERTEX_POINT ( 'NONE', #51 ) ;
#1425 = CARTESIAN_POINT ( 'NONE',  ( 137.2015159350150668, 41.00080795657896005, 63.52537622863398070 ) ) ;
#1426 = ADVANCED_FACE ( 'NONE', ( #964, #1214, #264, #727, #1187 ), #1091, .F. ) ;
#1427 = CARTESIAN_POINT ( 'NONE',  ( 0.000000000000000000, -72.40000343881547451, 279.5000000000000000 ) ) ;
#1428 = CARTESIAN_POINT ( 'NONE',  ( 0.000000000000000000, -72.40000343881547451, 214.9999999999989768 ) ) ;
#1429 = CARTESIAN_POINT ( 'NONE',  ( 114.1868565542209524, 43.72892584348164746, -7.000000000000000000 ) ) ;
#1430 = ORIENTED_EDGE ( 'NONE', *, *, #601, .F. ) ;
#1431 = B_SPLINE_CURVE_WITH_KNOTS ( 'NONE', 1,
 ( #138, #957 ),
 .UNSPECIFIED., .F., .F.,
 ( 2, 2 ),
 ( 0.000000000000000000, 1.000000000000000000 ),
 .UNSPECIFIED. ) ;
#1432 = LINE ( 'NONE', #729, #899 ) ;
#1433 = DIRECTION ( 'NONE',  ( 0.000000000000000000, 0.000000000000000000, -1.000000000000000000 ) ) ;
#1434 = EDGE_CURVE ( 'NONE', #1275, #404, #1085, .T. ) ;
#1435 = CARTESIAN_POINT ( 'NONE',  ( 138.1795634741235688, 39.80759924484255663, 59.80025097262733169 ) ) ;
#1436 = AXIS2_PLACEMENT_3D ( 'NONE', #1030, #1259, #1506 ) ;
#1437 = CARTESIAN_POINT ( 'NONE',  ( 0.000000000000000000, -72.40000343881547451, 0.000000000000000000 ) ) ;
#1438 = VERTEX_POINT ( 'NONE', #1321 ) ;
#1439 = PLANE ( 'NONE',  #28 ) ;
#1440 = CARTESIAN_POINT ( 'NONE',  ( 0.000000000000000000, -72.40000343881547451, 103.0000000000000568 ) ) ;
#1441 = DIRECTION ( 'NONE',  ( 0.9397460904621193212, -0.3418732008525412480, 0.000000000000000000 ) ) ;
#1442 = CIRCLE ( 'NONE', #1366, 165.0000000000000000 ) ;
#1443 = DIRECTION ( 'NONE',  ( -0.000000000000000000, -0.000000000000000000, -1.000000000000000000 ) ) ;
#1444 = EDGE_CURVE ( 'NONE', #1019, #536, #141, .T. ) ;
#1445 = FILL_AREA_STYLE_COLOUR ( '', #118 ) ;
#1446 = CARTESIAN_POINT ( 'NONE',  ( 83.62362474594236517, 69.13405142851640051, 0.000000000000000000 ) ) ;
#1447 = DIRECTION ( 'NONE',  ( -0.9397460904621193212, 0.3418732008525412480, -0.000000000000000000 ) ) ;
#1448 = FACE_BOUND ( 'NONE', #1129, .T. ) ;
#1449 = CARTESIAN_POINT ( 'NONE',  ( 135.3892627407093983, 38.48228043696720135, 65.45702650380773946 ) ) ;
#1450 = CARTESIAN_POINT ( 'NONE',  ( 137.2676183483330590, 40.92096231709600573, 61.95389137822377990 ) ) ;
#1451 = CARTESIAN_POINT ( 'NONE',  ( 139.7620468439945114, 32.91652072520749783, 62.47580364162438116 ) ) ;
#1452 = CARTESIAN_POINT ( 'NONE',  ( 138.8444597892181207, 34.12393204858152274, 59.80070530445111388 ) ) ;
#1453 = CARTESIAN_POINT ( 'NONE',  ( 86.42742458915014936, 76.84117773886237046, 0.000000000000000000 ) ) ;
#1454 = DIRECTION ( 'NONE',  ( 0.000000000000000000, 0.000000000000000000, 1.000000000000000000 ) ) ;
#1455 = STYLED_ITEM ( 'NONE', ( #281 ), #1513 ) ;
#1456 = VERTEX_POINT ( 'NONE', #1193 ) ;
#1457 = CARTESIAN_POINT ( 'NONE',  ( 142.0957274767220326, 34.80468230319848999, 64.04516211575584350 ) ) ;
#1458 =( LENGTH_UNIT ( ) NAMED_UNIT ( * ) SI_UNIT ( .MILLI., .METRE. ) );
#1459 = AXIS2_PLACEMENT_3D ( 'NONE', #15, #132, #1066 ) ;
#1460 = CARTESIAN_POINT ( 'NONE',  ( 67.91228921186515777, 83.57685736540688026, 0.000000000000000000 ) ) ;
#1461 = ADVANCED_FACE ( 'NONE', ( #148 ), #29, .T. ) ;
#1462 = CARTESIAN_POINT ( 'NONE',  ( 118.3904993725784038, 47.53328817969755704, 95.27611485910932743 ) ) ;
#1463 = LINE ( 'NONE', #410, #979 ) ;
#1464 = CARTESIAN_POINT ( 'NONE',  ( 64.48000301038845805, 76.97750365623505786, 0.000000000000000000 ) ) ;
#1465 = VERTEX_POINT ( 'NONE', #720 ) ;
#1466 = CARTESIAN_POINT ( 'NONE',  ( 141.6747543489023258, 35.36084947084516728, 60.54222671215567431 ) ) ;
#1467 = DIRECTION ( 'NONE',  ( 1.000000000000000000, 0.000000000000000000, 0.000000000000000000 ) ) ;
#1468 = CARTESIAN_POINT ( 'NONE',  ( 139.7008921840386506, 32.99781367591069170, 61.95481673256987420 ) ) ;
#1469 = CARTESIAN_POINT ( 'NONE',  ( 121.8111606996843932, 47.73208464587242617, 43.91616833086898453 ) ) ;
#1470 = DIRECTION ( 'NONE',  ( 1.000000000000000000, 0.000000000000000000, 0.000000000000000000 ) ) ;
#1471 = CARTESIAN_POINT ( 'NONE',  ( 137.0403126906628017, 36.43574153434405360, 66.99993235968291572 ) ) ;
#1472 = EDGE_CURVE ( 'NONE', #1384, #550, #958, .T. ) ;
#1473 = ORIENTED_EDGE ( 'NONE', *, *, #354, .F. ) ;
#1474 = CARTESIAN_POINT ( 'NONE',  ( 135.2051581303152545, 38.70627088426084583, 60.98473159920969522 ) ) ;
#1475 = CARTESIAN_POINT ( 'NONE',  ( 0.000000000000000000, 92.59999656118453970, 53.00000000000000711 ) ) ;
#1476 = CARTESIAN_POINT ( 'NONE',  ( 119.4515235499252697, 48.92823268376566404, 44.73783351093769056 ) ) ;
#1477 = ORIENTED_EDGE ( 'NONE', *, *, #1518, .T. ) ;
#1478 = DIRECTION ( 'NONE',  ( -0.000000000000000000, -0.000000000000000000, 1.000000000000000000 ) ) ;
#1479 = DIRECTION ( 'NONE',  ( -0.000000000000000000, -0.000000000000000000, -1.000000000000000000 ) ) ;
#1480 = ORIENTED_EDGE ( 'NONE', *, *, #929, .T. ) ;
#1481 = ADVANCED_FACE ( 'NONE', ( #628 ), #602, .F. ) ;
#1482 = PRESENTATION_STYLE_ASSIGNMENT (( #190 ) ) ;
#1483 = VECTOR ( 'NONE', #849, 1000.000000000000000 ) ;
#1484 = LINE ( 'NONE', #810, #176 ) ;
#1485 = CARTESIAN_POINT ( 'NONE',  ( 119.8939036999193775, 46.45389230283623760, 94.97833923953920987 ) ) ;
#1486 = ORIENTED_EDGE ( 'NONE', *, *, #1306, .F. ) ;
#1487 = CARTESIAN_POINT ( 'NONE',  ( 0.000000000000000000, -72.40000343881547451, -171.1999999999760007 ) ) ;
#1488 = CARTESIAN_POINT ( 'NONE',  ( 64.48000301038845805, 76.97750365623505786, 3.000000000000000000 ) ) ;
#1489 = ORIENTED_EDGE ( 'NONE', *, *, #1159, .T. ) ;
#1490 = CARTESIAN_POINT ( 'NONE',  ( 0.000000000000000000, -72.40000343881547451, 104.0000000000000000 ) ) ;
#1491 = EDGE_CURVE ( 'NONE', #1438, #457, #36, .T. ) ;
#1492 = LINE ( 'NONE', #437, #1160 ) ;
#1493 = CARTESIAN_POINT ( 'NONE',  ( 119.5664212875217203, 47.05501220664108786, 94.78646586599757029 ) ) ;
#1494 = VERTEX_POINT ( 'NONE', #980 ) ;
#1495 = ORIENTED_EDGE ( 'NONE', *, *, #461, .T. ) ;
#1496 = DIRECTION ( 'NONE',  ( -0.000000000000000000, -0.000000000000000000, -1.000000000000000000 ) ) ;
#1497 = FACE_OUTER_BOUND ( 'NONE', #1279, .T. ) ;
#1498 = AXIS2_PLACEMENT_3D ( 'NONE', #283, #52, #513 ) ;
#1499 = ORIENTED_EDGE ( 'NONE', *, *, #225, .T. ) ;
#1500 = CARTESIAN_POINT ( 'NONE',  ( 88.03021594586157050, 75.98854275207244768, 3.000000000000000000 ) ) ;
#1501 = CIRCLE ( 'NONE', #1105, 1.100000000000003642 ) ;
#1502 = CARTESIAN_POINT ( 'NONE',  ( 0.000000000000000000, 102.5999965611845113, 3.799999999999720046 ) ) ;
#1503 = CARTESIAN_POINT ( 'NONE',  ( 137.2676183483330590, 40.92096231709600573, 61.95389137822377990 ) ) ;
#1504 = ORIENTED_EDGE ( 'NONE', *, *, #501, .T. ) ;
#1505 = ORIENTED_EDGE ( 'NONE', *, *, #200, .T. ) ;
#1506 = DIRECTION ( 'NONE',  ( 1.000000000000000000, 0.000000000000000000, 0.000000000000000000 ) ) ;
#1507 = AXIS2_PLACEMENT_3D ( 'NONE', #706, #1204, #158 ) ;
#1508 = EDGE_LOOP ( 'NONE', ( #1404, #1028 ) ) ;
#1509 = EDGE_LOOP ( 'NONE', ( #1385, #800, #580, #1221 ) ) ;
#1510 = VECTOR ( 'NONE', #24, 1000.000000000000000 ) ;
#1511 = AXIS2_PLACEMENT_3D ( 'NONE', #657, #79, #770 ) ;
#1512 = CARTESIAN_POINT ( 'NONE',  ( 120.9239757223106295, 46.36753379095457461, 45.50565199699391883 ) ) ;
#1513 = MANIFOLD_SOLID_BREP ( 'Stock-encloser new chamfer-1', #475 ) ;
#1514 = CARTESIAN_POINT ( 'NONE',  ( 135.2051581303152545, 38.70627088426084583, 60.98473159920969522 ) ) ;
#1515 = EDGE_LOOP ( 'NONE', ( #311, #332, #1166, #86 ) ) ;
#1516 = ORIENTED_EDGE ( 'NONE', *, *, #1170, .F. ) ;
#1517 = CARTESIAN_POINT ( 'NONE',  ( 137.3602856676582746, 36.03039783914399408, 66.99995860703023709 ) ) ;
#1518 = EDGE_CURVE ( 'NONE', #1227, #1379, #17, .T. ) ;
ENDSEC;
END-ISO-10303-21;
