ISO-10303-21;
HEADER;
FILE_DESCRIPTION (( 'STEP AP214' ),
    '1' );
FILE_NAME ('topleft.STEP',
    '2026-07-13T06:11:40',
    ( '' ),
    ( '' ),
    'SwSTEP 2.0',
    'SolidWorks 2020',
    '' );
FILE_SCHEMA (( 'AUTOMOTIVE_DESIGN' ));
ENDSEC;

DATA;
#1 = ORIENTED_EDGE ( 'NONE', *, *, #1181, .F. ) ;
#2 = DIRECTION ( 'NONE',  ( 0.000000000000000000, 0.000000000000000000, 1.000000000000000000 ) ) ;
#3 = FILL_AREA_STYLE_COLOUR ( '', #1161 ) ;
#4 = DIRECTION ( 'NONE',  ( 1.000000000000000000, 0.000000000000000000, 0.000000000000000000 ) ) ;
#5 = CYLINDRICAL_SURFACE ( 'NONE', #169, 1.477000000000006086 ) ;
#6 = ORIENTED_EDGE ( 'NONE', *, *, #1399, .T. ) ;
#7 = ORIENTED_EDGE ( 'NONE', *, *, #439, .T. ) ;
#8 = EDGE_LOOP ( 'NONE', ( #26, #1431, #365, #827 ) ) ;
#9 = DIRECTION ( 'NONE',  ( -0.000000000000000000, -0.000000000000000000, 1.000000000000000000 ) ) ;
#10 = SURFACE_SIDE_STYLE ('',( #1543 ) ) ;
#11 = CARTESIAN_POINT ( 'NONE',  ( 79.79190199975681708, -213.8477578101843335, 0.000000000000000000 ) ) ;
#12 = EDGE_CURVE ( 'NONE', #1460, #1254, #826, .T. ) ;
#13 = DIRECTION ( 'NONE',  ( 0.000000000000000000, 0.000000000000000000, 1.000000000000000000 ) ) ;
#14 = ORIENTED_EDGE ( 'NONE', *, *, #160, .T. ) ;
#15 = ORIENTED_EDGE ( 'NONE', *, *, #1447, .F. ) ;
#16 = ORIENTED_EDGE ( 'NONE', *, *, #98, .F. ) ;
#17 = DIRECTION ( 'NONE',  ( -0.000000000000000000, -0.000000000000000000, 1.000000000000000000 ) ) ;
#18 = VECTOR ( 'NONE', #982, 1000.000000000000000 ) ;
#19 = DIRECTION ( 'NONE',  ( 0.000000000000000000, 0.000000000000000000, 1.000000000000000000 ) ) ;
#20 = CARTESIAN_POINT ( 'NONE',  ( 62.73079994243203572, -223.6970621810294517, 3.000000000000000000 ) ) ;
#21 = EDGE_CURVE ( 'NONE', #895, #820, #862, .T. ) ;
#22 = CIRCLE ( 'NONE', #971, 1.477000000000006086 ) ;
#23 = DIRECTION ( 'NONE',  ( 0.000000000000000000, 0.000000000000000000, 1.000000000000000000 ) ) ;
#24 = EDGE_CURVE ( 'NONE', #724, #1048, #373, .T. ) ;
#25 = VERTEX_POINT ( 'NONE', #389 ) ;
#26 = ORIENTED_EDGE ( 'NONE', *, *, #160, .F. ) ;
#27 = DIRECTION ( 'NONE',  ( 1.000000000000000000, 0.000000000000000000, 0.000000000000000000 ) ) ;
#28 = CARTESIAN_POINT ( 'NONE',  ( 156.3511978286605881, -94.96263792799982184, 3.000000000000000000 ) ) ;
#29 = PLANE ( 'NONE',  #1067 ) ;
#30 = CIRCLE ( 'NONE', #698, 1.099999999999989875 ) ;
#31 = FILL_AREA_STYLE_COLOUR ( '', #355 ) ;
#32 = ORIENTED_EDGE ( 'NONE', *, *, #816, .T. ) ;
#33 = ADVANCED_FACE ( 'NONE', ( #1458 ), #1182, .F. ) ;
#34 = VERTEX_POINT ( 'NONE', #66 ) ;
#35 = CARTESIAN_POINT ( 'NONE',  ( 162.0000000000000000, -72.40000343881547451, 104.0000000000000000 ) ) ;
#36 = CARTESIAN_POINT ( 'NONE',  ( 66.83099163238931339, -230.7994712693327983, 3.000000000000000000 ) ) ;
#37 = CARTESIAN_POINT ( 'NONE',  ( 62.73079994243203572, -223.6970621810294517, 0.000000000000000000 ) ) ;
#38 = VECTOR ( 'NONE', #214, 1000.000000000000000 ) ;
#39 = AXIS2_PLACEMENT_3D ( 'NONE', #220, #1542, #940 ) ;
#40 = CARTESIAN_POINT ( 'NONE',  ( 121.6328396518283057, -192.0409682953277297, 44.38785768894992145 ) ) ;
#41 = EDGE_LOOP ( 'NONE', ( #1356, #1347, #1493, #549 ) ) ;
#42 = DIRECTION ( 'NONE',  ( -0.000000000000000000, -0.000000000000000000, -1.000000000000000000 ) ) ;
#43 = ADVANCED_FACE ( 'NONE', ( #1490 ), #1388, .F. ) ;
#44 = VECTOR ( 'NONE', #1216, 1000.000000000000000 ) ;
#45 = DIRECTION ( 'NONE',  ( -1.000000000000000000, 0.000000000000000000, 0.000000000000000000 ) ) ;
#46 = CARTESIAN_POINT ( 'NONE',  ( 121.7947499733385683, -192.6392427371897611, 43.85260407383602654 ) ) ;
#47 = ORIENTED_EDGE ( 'NONE', *, *, #859, .T. ) ;
#48 = CARTESIAN_POINT ( 'NONE',  ( 117.8612961842638640, -192.2175259726858485, 95.73000911007062541 ) ) ;
#49 = CARTESIAN_POINT ( 'NONE',  ( 81.46860697746383551, -213.1564410131167051, 0.000000000000000000 ) ) ;
#50 = CIRCLE ( 'NONE', #175, 165.0000000000000000 ) ;
#51 = ADVANCED_FACE ( 'NONE', ( #538 ), #1373, .T. ) ;
#52 = DIRECTION ( 'NONE',  ( 1.000000000000000000, 0.000000000000000000, 0.000000000000000000 ) ) ;
#53 = DIRECTION ( 'NONE',  ( -0.000000000000000000, -0.000000000000000000, -1.000000000000000000 ) ) ;
#54 = CARTESIAN_POINT ( 'NONE',  ( 0.000000000000000000, -72.40000343881547451, 53.79999999999999716 ) ) ;
#55 =( GEOMETRIC_REPRESENTATION_CONTEXT ( 3 ) GLOBAL_UNCERTAINTY_ASSIGNED_CONTEXT ( ( #967 ) ) GLOBAL_UNIT_ASSIGNED_CONTEXT ( ( #901, #993, #284 ) ) REPRESENTATION_CONTEXT ( 'NONE', 'WORKASPACE' ) );
#56 = ORIENTED_EDGE ( 'NONE', *, *, #139, .T. ) ;
#57 = LINE ( 'NONE', #903, #405 ) ;
#58 = LINE ( 'NONE', #276, #756 ) ;
#59 = DIRECTION ( 'NONE',  ( 1.000000000000000000, 0.000000000000000000, 0.000000000000000000 ) ) ;
#60 = EDGE_CURVE ( 'NONE', #673, #1269, #177, .T. ) ;
#61 = CARTESIAN_POINT ( 'NONE',  ( 118.8501111059534878, -192.5397939733783517, 46.00618105466632812 ) ) ;
#62 = B_SPLINE_CURVE_WITH_KNOTS ( 'NONE', 3,
 ( #411, #46, #1473, #778, #539, #40, #1354, #1119, #1008, #893, #527, #1245, #533, #1491, #1000, #885, #1366, #171, #1374, #300, #770, #61, #1382, #308 ),
 .UNSPECIFIED., .F., .F.,
 ( 4, 2, 2, 2, 2, 2, 2, 2, 2, 2, 2, 4 ),
 ( 0.006547485352141852594, 0.006898314066101230400, 0.007249142780060609074, 0.007950800207979375964, 0.008652457635898143720, 0.009354115063816911477, 0.01005577249173567923, 0.01075742991965444699, 0.01110825863361381526, 0.01145908734757318352, 0.01180991606153255179, 0.01216074477549192005 ),
 .UNSPECIFIED. ) ;
#63 = ORIENTED_EDGE ( 'NONE', *, *, #201, .T. ) ;
#64 = CARTESIAN_POINT ( 'NONE',  ( 118.5824483725085230, -192.3405551722808866, 95.13612749658872758 ) ) ;
#65 = CARTESIAN_POINT ( 'NONE',  ( 118.8407499733385464, -192.7351630334612764, 45.87379124188215229 ) ) ;
#66 = CARTESIAN_POINT ( 'NONE',  ( 0.000000000000000000, -246.6000034388156621, 3.000000000000000000 ) ) ;
#67 = AXIS2_PLACEMENT_3D ( 'NONE', #787, #89, #568 ) ;
#68 = EDGE_CURVE ( 'NONE', #789, #141, #1365, .T. ) ;
#69 = DIRECTION ( 'NONE',  ( -0.7071067811865515695, -0.000000000000000000, 0.7071067811865435759 ) ) ;
#70 = ADVANCED_FACE ( 'NONE', ( #1381 ), #290, .F. ) ;
#71 = VERTEX_POINT ( 'NONE', #1518 ) ;
#72 = FACE_BOUND ( 'NONE', #1121, .T. ) ;
#73 = CIRCLE ( 'NONE', #1230, 1.477000000000006086 ) ;
#74 = PLANE ( 'NONE',  #912 ) ;
#75 = DIRECTION ( 'NONE',  ( 1.000000000000000000, 0.000000000000000000, 0.000000000000000000 ) ) ;
#76 = CARTESIAN_POINT ( 'NONE',  ( 62.73079994243203572, -223.6970621810294517, 0.000000000000000000 ) ) ;
#77 = EDGE_CURVE ( 'NONE', #1071, #1101, #429, .T. ) ;
#78 = ORIENTED_EDGE ( 'NONE', *, *, #1278, .F. ) ;
#79 = CARTESIAN_POINT ( 'NONE',  ( 0.000000000000000000, -72.40000343881547451, -171.1999999999760007 ) ) ;
#80 = CARTESIAN_POINT ( 'NONE',  ( 115.6222336242875315, -189.1756686464418635, -7.000000000000000000 ) ) ;
#81 = CARTESIAN_POINT ( 'NONE',  ( 165.0000000000000000, -72.40000343881547451, 53.00000000000000711 ) ) ;
#82 = CARTESIAN_POINT ( 'NONE',  ( 66.83099163238931339, -230.7994712693327983, 0.000000000000000000 ) ) ;
#83 = ORIENTED_EDGE ( 'NONE', *, *, #822, .F. ) ;
#84 = VECTOR ( 'NONE', #1265, 1000.000000000000000 ) ;
#85 = ORIENTED_EDGE ( 'NONE', *, *, #1287, .T. ) ;
#86 = CARTESIAN_POINT ( 'NONE',  ( 0.000000000000000000, -72.40000343881547451, 263.7999999999978513 ) ) ;
#87 = LINE ( 'NONE', #1517, #1317 ) ;
#88 = FACE_BOUND ( 'NONE', #142, .T. ) ;
#89 = DIRECTION ( 'NONE',  ( 0.000000000000000000, 0.000000000000000000, 1.000000000000000000 ) ) ;
#90 = VECTOR ( 'NONE', #1414, 1000.000000000000000 ) ;
#91 = EDGE_CURVE ( 'NONE', #865, #731, #521, .T. ) ;
#92 = EDGE_LOOP ( 'NONE', ( #952, #1064, #269, #605 ) ) ;
#93 = ORIENTED_EDGE ( 'NONE', *, *, #1351, .T. ) ;
#94 = DIRECTION ( 'NONE',  ( -0.000000000000000000, -0.000000000000000000, -1.000000000000000000 ) ) ;
#95 = AXIS2_PLACEMENT_3D ( 'NONE', #700, #228, #1296 ) ;
#96 = LINE ( 'NONE', #1170, #812 ) ;
#97 = CARTESIAN_POINT ( 'NONE',  ( 119.9791947802213912, -194.1757216570313460, 44.04874993211271317 ) ) ;
#98 = EDGE_CURVE ( 'NONE', #722, #1440, #1520, .T. ) ;
#99 = DIRECTION ( 'NONE',  ( 0.000000000000000000, 0.000000000000000000, 1.000000000000000000 ) ) ;
#100 = ORIENTED_EDGE ( 'NONE', *, *, #182, .F. ) ;
#101 = ORIENTED_EDGE ( 'NONE', *, *, #435, .T. ) ;
#102 = LINE ( 'NONE', #830, #767 ) ;
#103 = VECTOR ( 'NONE', #973, 1000.000000000000000 ) ;
#104 = APPLICATION_PROTOCOL_DEFINITION ( 'draft international standard', 'automotive_design', 1998, #1498 ) ;
#105 = CARTESIAN_POINT ( 'NONE',  ( 119.0020029442829497, -193.4284722056343639, 45.26679128435079491 ) ) ;
#106 = FACE_BOUND ( 'NONE', #635, .T. ) ;
#107 = ORIENTED_EDGE ( 'NONE', *, *, #564, .T. ) ;
#108 = ORIENTED_EDGE ( 'NONE', *, *, #1073, .F. ) ;
#109 = LINE ( 'NONE', #591, #179 ) ;
#110 = AXIS2_PLACEMENT_3D ( 'NONE', #385, #640, #1444 ) ;
#111 = CARTESIAN_POINT ( 'NONE',  ( 0.000000000000000000, -72.40000343881547451, 104.0000000000000000 ) ) ;
#112 = DIRECTION ( 'NONE',  ( 0.000000000000000000, 0.000000000000000000, 1.000000000000000000 ) ) ;
#113 = FACE_BOUND ( 'NONE', #333, .T. ) ;
#114 = ORIENTED_EDGE ( 'NONE', *, *, #1378, .T. ) ;
#115 = ORIENTED_EDGE ( 'NONE', *, *, #1477, .T. ) ;
#116 = EDGE_CURVE ( 'NONE', #1416, #1440, #892, .T. ) ;
#117 = CIRCLE ( 'NONE', #595, 165.0000000000000000 ) ;
#118 = CARTESIAN_POINT ( 'NONE',  ( 115.6222336242875315, -189.1756686464418635, 3.000000000000000000 ) ) ;
#119 = EDGE_LOOP ( 'NONE', ( #1410, #1450, #655, #1009 ) ) ;
#120 = LINE ( 'NONE', #607, #387 ) ;
#121 = CARTESIAN_POINT ( 'NONE',  ( 156.1000074131793838, -116.4650433711837394, 3.000000000000000000 ) ) ;
#122 = CARTESIAN_POINT ( 'NONE',  ( 0.000000000000000000, 0.000000000000000000, 0.000000000000000000 ) ) ;
#123 = VERTEX_POINT ( 'NONE', #1148 ) ;
#124 = ORIENTED_EDGE ( 'NONE', *, *, #1061, .F. ) ;
#125 = VERTEX_POINT ( 'NONE', #1028 ) ;
#126 = CARTESIAN_POINT ( 'NONE',  ( 0.000000000000000000, -72.40000343881547451, 3.000000000000000000 ) ) ;
#127 = ADVANCED_FACE ( 'NONE', ( #1006 ), #769, .F. ) ;
#128 = LINE ( 'NONE', #609, #1112 ) ;
#129 = AXIS2_PLACEMENT_3D ( 'NONE', #1135, #634, #761 ) ;
#130 = CARTESIAN_POINT ( 'NONE',  ( 64.87434108069612648, -231.4084634046294298, 3.000000000000000000 ) ) ;
#131 = ORIENTED_EDGE ( 'NONE', *, *, #312, .T. ) ;
#132 = ORIENTED_EDGE ( 'NONE', *, *, #1181, .T. ) ;
#133 = ORIENTED_EDGE ( 'NONE', *, *, #305, .F. ) ;
#134 = DIRECTION ( 'NONE',  ( 0.000000000000000000, -0.7071067811865474617, -0.7071067811865475727 ) ) ;
#135 = EDGE_CURVE ( 'NONE', #984, #1500, #275, .T. ) ;
#136 = DIRECTION ( 'NONE',  ( -1.000000000000000000, 0.000000000000000000, 0.000000000000000000 ) ) ;
#137 = CARTESIAN_POINT ( 'NONE',  ( 0.000000000000000000, -237.4000034388154745, 53.00000000000000711 ) ) ;
#138 = CIRCLE ( 'NONE', #889, 177.5000000000000568 ) ;
#139 = EDGE_CURVE ( 'NONE', #1262, #722, #936, .T. ) ;
#140 = DIRECTION ( 'NONE',  ( 0.000000000000000000, 0.000000000000000000, 1.000000000000000000 ) ) ;
#141 = VERTEX_POINT ( 'NONE', #121 ) ;
#142 = EDGE_LOOP ( 'NONE', ( #647, #707 ) ) ;
#143 = VERTEX_POINT ( 'NONE', #1198 ) ;
#144 = CARTESIAN_POINT ( 'NONE',  ( 81.46860697746383551, -213.1564410131167051, 3.000000000000000000 ) ) ;
#145 = CIRCLE ( 'NONE', #1548, 1.477000000000006086 ) ;
#146 = LINE ( 'NONE', #401, #1452 ) ;
#147 = CARTESIAN_POINT ( 'NONE',  ( 0.000000000000000000, -72.40000343881547451, 104.0000000000000000 ) ) ;
#148 = AXIS2_PLACEMENT_3D ( 'NONE', #757, #304, #1146 ) ;
#149 = ADVANCED_FACE ( 'NONE', ( #479 ), #1066, .T. ) ;
#150 = DIRECTION ( 'NONE',  ( -0.000000000000000000, -0.000000000000000000, 1.000000000000000000 ) ) ;
#151 = ORIENTED_EDGE ( 'NONE', *, *, #628, .T. ) ;
#152 = VERTEX_POINT ( 'NONE', #1544 ) ;
#153 = CARTESIAN_POINT ( 'NONE',  ( 164.3006183533857723, -96.76536591224802919, 3.000000000000000000 ) ) ;
#154 = DIRECTION ( 'NONE',  ( 0.7071067811865965336, -0.000000000000000000, 0.7071067811864985009 ) ) ;
#155 = DIRECTION ( 'NONE',  ( 0.000000000000000000, 0.000000000000000000, 1.000000000000000000 ) ) ;
#156 = VERTEX_POINT ( 'NONE', #810 ) ;
#157 = ORIENTED_EDGE ( 'NONE', *, *, #1258, .F. ) ;
#158 = DIRECTION ( 'NONE',  ( -0.000000000000000000, -0.000000000000000000, 1.000000000000000000 ) ) ;
#159 = CARTESIAN_POINT ( 'NONE',  ( 120.3177499733385503, -192.7351630334612764, 53.00000000000000711 ) ) ;
#160 = EDGE_CURVE ( 'NONE', #172, #336, #941, .T. ) ;
#161 = CARTESIAN_POINT ( 'NONE',  ( 0.000000000000000000, -227.4000034388154745, 3.000000000000000000 ) ) ;
#162 = VECTOR ( 'NONE', #313, 1000.000000000000114 ) ;
#163 = DIRECTION ( 'NONE',  ( 1.000000000000000000, 0.000000000000000000, 0.000000000000000000 ) ) ;
#164 = EDGE_LOOP ( 'NONE', ( #788, #797, #6, #151 ) ) ;
#165 = LINE ( 'NONE', #287, #1359 ) ;
#166 = ADVANCED_FACE ( 'NONE', ( #206 ), #471, .T. ) ;
#167 = AXIS2_PLACEMENT_3D ( 'NONE', #1406, #1058, #950 ) ;
#168 = DIRECTION ( 'NONE',  ( -0.000000000000000000, -0.000000000000000000, -1.000000000000000000 ) ) ;
#169 = AXIS2_PLACEMENT_3D ( 'NONE', #1463, #488, #852 ) ;
#170 = DIRECTION ( 'NONE',  ( 0.000000000000000000, 0.000000000000000000, 1.000000000000000000 ) ) ;
#171 = CARTESIAN_POINT ( 'NONE',  ( 119.0720612334489061, -191.9329257874073846, 46.28052351335585257 ) ) ;
#172 = VERTEX_POINT ( 'NONE', #1306 ) ;
#173 = FACE_BOUND ( 'NONE', #209, .T. ) ;
#174 = ADVANCED_FACE ( 'NONE', ( #1050, #1527, #601, #567, #712, #1075, #88, #824 ), #452, .T. ) ;
#175 = AXIS2_PLACEMENT_3D ( 'NONE', #1350, #259, #981 ) ;
#176 = CARTESIAN_POINT ( 'NONE',  ( 121.7947499733385541, -192.7351630334612764, 43.78518827000701918 ) ) ;
#177 = LINE ( 'NONE', #81, #1186 ) ;
#178 = AXIS2_PLACEMENT_3D ( 'NONE', #1294, #194, #1140 ) ;
#179 = VECTOR ( 'NONE', #1550, 1000.000000000000000 ) ;
#180 = ORIENTED_EDGE ( 'NONE', *, *, #1203, .T. ) ;
#181 = CARTESIAN_POINT ( 'NONE',  ( 64.87434108069612648, -231.4084634046294298, 3.000000000000000000 ) ) ;
#182 = EDGE_CURVE ( 'NONE', #820, #895, #713, .T. ) ;
#183 = LINE ( 'NONE', #685, #705 ) ;
#184 = CARTESIAN_POINT ( 'NONE',  ( 119.9315279843704758, -190.7584709347793535, 95.29987073690504928 ) ) ;
#185 = AXIS2_PLACEMENT_3D ( 'NONE', #299, #1133, #664 ) ;
#186 = ADVANCED_FACE ( 'NONE', ( #921 ), #1428, .T. ) ;
#187 = CYLINDRICAL_SURFACE ( 'NONE', #272, 175.0000000000000284 ) ;
#188 = CIRCLE ( 'NONE', #493, 176.5000000000000000 ) ;
#189 = ORIENTED_EDGE ( 'NONE', *, *, #467, .F. ) ;
#190 = CARTESIAN_POINT ( 'NONE',  ( 118.0268633040116981, -192.2799023667666631, 95.56944581954388696 ) ) ;
#191 = LINE ( 'NONE', #775, #416 ) ;
#192 = CARTESIAN_POINT ( 'NONE',  ( 118.3237225399253703, -189.3801787439334703, 97.41232040187685470 ) ) ;
#193 = AXIS2_PLACEMENT_3D ( 'NONE', #20, #603, #1190 ) ;
#194 = DIRECTION ( 'NONE',  ( 0.000000000000000000, 0.000000000000000000, 1.000000000000000000 ) ) ;
#195 = EDGE_CURVE ( 'NONE', #1434, #1271, #1398, .T. ) ;
#196 = ORIENTED_EDGE ( 'NONE', *, *, #997, .T. ) ;
#197 = CIRCLE ( 'NONE', #746, 1.099999999999989875 ) ;
#198 = LINE ( 'NONE', #657, #517 ) ;
#199 = CARTESIAN_POINT ( 'NONE',  ( 117.4334211562762391, -189.7808154304761104, 97.76130093052547920 ) ) ;
#200 = DIRECTION ( 'NONE',  ( -1.000000000000000000, 0.000000000000000000, 0.000000000000000000 ) ) ;
#201 = EDGE_CURVE ( 'NONE', #630, #1549, #146, .T. ) ;
#202 = ORIENTED_EDGE ( 'NONE', *, *, #1417, .T. ) ;
#203 = ORIENTED_EDGE ( 'NONE', *, *, #1351, .F. ) ;
#204 = LINE ( 'NONE', #86, #1096 ) ;
#205 = LINE ( 'NONE', #784, #84 ) ;
#206 = FACE_OUTER_BOUND ( 'NONE', #358, .T. ) ;
#207 = LINE ( 'NONE', #1389, #457 ) ;
#208 = ORIENTED_EDGE ( 'NONE', *, *, #244, .F. ) ;
#209 = EDGE_LOOP ( 'NONE', ( #1151, #1533 ) ) ;
#210 = VECTOR ( 'NONE', #1224, 1000.000000000000000 ) ;
#211 = ORIENTED_EDGE ( 'NONE', *, *, #745, .F. ) ;
#212 = CARTESIAN_POINT ( 'NONE',  ( 118.8407499733385464, -192.7351630334612764, 53.00000000000000711 ) ) ;
#213 = EDGE_CURVE ( 'NONE', #1157, #1095, #1118, .T. ) ;
#214 = DIRECTION ( 'NONE',  ( 0.000000000000000000, 1.000000000000000000, 0.000000000000000000 ) ) ;
#215 = CARTESIAN_POINT ( 'NONE',  ( 118.8407499733385464, -192.7351630334612764, 45.87379124188215229 ) ) ;
#216 = CARTESIAN_POINT ( 'NONE',  ( 118.4545279843704435, -190.8545314231859322, 104.0000000000000000 ) ) ;
#217 = AXIS2_PLACEMENT_3D ( 'NONE', #586, #1455, #833 ) ;
#218 = EDGE_LOOP ( 'NONE', ( #561, #507, #1541, #1330 ) ) ;
#219 = ORIENTED_EDGE ( 'NONE', *, *, #1477, .F. ) ;
#220 = CARTESIAN_POINT ( 'NONE',  ( 163.8467998078919834, -118.4574175168774133, 0.000000000000000000 ) ) ;
#221 = VECTOR ( 'NONE', #1386, 1000.000000000000000 ) ;
#222 = EDGE_CURVE ( 'NONE', #1018, #125, #509, .T. ) ;
#223 = CARTESIAN_POINT ( 'NONE',  ( 0.000000000000000000, -72.40000343881547451, 0.000000000000000000 ) ) ;
#224 = CARTESIAN_POINT ( 'NONE',  ( 120.8529283102111549, -194.1163216403256797, 43.47658679060648979 ) ) ;
#225 = CARTESIAN_POINT ( 'NONE',  ( 117.0992336242875353, -189.1756686464418635, 3.000000000000000000 ) ) ;
#226 = ORIENTED_EDGE ( 'NONE', *, *, #1215, .F. ) ;
#227 = ORIENTED_EDGE ( 'NONE', *, *, #382, .T. ) ;
#228 = DIRECTION ( 'NONE',  ( 0.000000000000000000, 0.000000000000000000, -1.000000000000000000 ) ) ;
#229 = AXIS2_PLACEMENT_3D ( 'NONE', #126, #2, #515 ) ;
#230 = CARTESIAN_POINT ( 'NONE',  ( 79.79190199975681708, -213.8477578101843335, 3.000000000000000000 ) ) ;
#231 = CARTESIAN_POINT ( 'NONE',  ( 119.7289009750184334, -194.0924925596492869, 44.28365558695178095 ) ) ;
#232 =( GEOMETRIC_REPRESENTATION_CONTEXT ( 3 ) GLOBAL_UNCERTAINTY_ASSIGNED_CONTEXT ( ( #1092 ) ) GLOBAL_UNIT_ASSIGNED_CONTEXT ( ( #494, #461, #850 ) ) REPRESENTATION_CONTEXT ( 'NONE', 'WORKASPACE' ) );
#233 = CARTESIAN_POINT ( 'NONE',  ( 65.97434108069610659, -231.4084634046294298, 3.000000000000000000 ) ) ;
#234 = ADVANCED_FACE ( 'NONE', ( #625 ), #575, .F. ) ;
#235 = EDGE_LOOP ( 'NONE', ( #1321, #613, #114, #1425 ) ) ;
#236 = EDGE_LOOP ( 'NONE', ( #1193, #836, #425, #1295 ) ) ;
#237 = AXIS2_PLACEMENT_3D ( 'NONE', #1094, #23, #498 ) ;
#238 = CARTESIAN_POINT ( 'NONE',  ( 81.46860697746383551, -213.1564410131167051, 0.000000000000000000 ) ) ;
#239 = ORIENTED_EDGE ( 'NONE', *, *, #353, .F. ) ;
#240 = DIRECTION ( 'NONE',  ( -0.8660457897119173687, -0.4999646888753859764, -0.000000000000000000 ) ) ;
#241 = LINE ( 'NONE', #223, #393 ) ;
#242 = DIRECTION ( 'NONE',  ( -3.099293012438632895E-05, -0.9999999995197191849, 0.000000000000000000 ) ) ;
#243 = FACE_OUTER_BOUND ( 'NONE', #1540, .T. ) ;
#244 = EDGE_CURVE ( 'NONE', #366, #673, #50, .T. ) ;
#245 = DIRECTION ( 'NONE',  ( -0.000000000000000000, -0.000000000000000000, -1.000000000000000000 ) ) ;
#246 = AXIS2_PLACEMENT_3D ( 'NONE', #1252, #1023, #59 ) ;
#247 = ORIENTED_EDGE ( 'NONE', *, *, #805, .T. ) ;
#248 = EDGE_LOOP ( 'NONE', ( #1524, #699, #7, #619 ) ) ;
#249 = FACE_OUTER_BOUND ( 'NONE', #1403, .T. ) ;
#250 = DIRECTION ( 'NONE',  ( -1.000000000000000000, 0.000000000000000000, 0.000000000000000000 ) ) ;
#251 = CARTESIAN_POINT ( 'NONE',  ( 0.000000000000000000, -72.40000343881547451, 53.00000000000000711 ) ) ;
#252 = ORIENTED_EDGE ( 'NONE', *, *, #1457, .F. ) ;
#253 = EDGE_LOOP ( 'NONE', ( #534, #398, #1047, #807 ) ) ;
#254 = AXIS2_PLACEMENT_3D ( 'NONE', #990, #273, #1334 ) ;
#255 = EDGE_CURVE ( 'NONE', #1152, #71, #1469, .T. ) ;
#256 = ORIENTED_EDGE ( 'NONE', *, *, #949, .F. ) ;
#257 = DIRECTION ( 'NONE',  ( 0.000000000000000000, 1.000000000000000000, 0.000000000000000000 ) ) ;
#258 = ADVANCED_FACE ( 'NONE', ( #502, #1478 ), #1126, .F. ) ;
#259 = DIRECTION ( 'NONE',  ( 0.000000000000000000, 0.000000000000000000, 1.000000000000000000 ) ) ;
#260 = CIRCLE ( 'NONE', #1003, 175.0000000000000284 ) ;
#261 = DIRECTION ( 'NONE',  ( 0.000000000000000000, 0.000000000000000000, -1.000000000000000000 ) ) ;
#262 = ORIENTED_EDGE ( 'NONE', *, *, #427, .T. ) ;
#263 = ORIENTED_EDGE ( 'NONE', *, *, #222, .T. ) ;
#264 = EDGE_LOOP ( 'NONE', ( #803, #771, #270, #597 ) ) ;
#265 = DIRECTION ( 'NONE',  ( 1.000000000000000000, 0.000000000000000000, 0.000000000000000000 ) ) ;
#266 = ADVANCED_FACE ( 'NONE', ( #876 ), #869, .T. ) ;
#267 = CARTESIAN_POINT ( 'NONE',  ( 121.0546272936786067, -194.0200858966486521, 43.40263368111492781 ) ) ;
#268 = LINE ( 'NONE', #737, #210 ) ;
#269 = ORIENTED_EDGE ( 'NONE', *, *, #77, .T. ) ;
#270 = ORIENTED_EDGE ( 'NONE', *, *, #285, .T. ) ;
#271 = FACE_OUTER_BOUND ( 'NONE', #1192, .T. ) ;
#272 = AXIS2_PLACEMENT_3D ( 'NONE', #430, #594, #472 ) ;
#273 = DIRECTION ( 'NONE',  ( -0.4999646888753860319, 0.8660457897119173687, 0.000000000000000000 ) ) ;
#274 = EDGE_CURVE ( 'NONE', #366, #1481, #1116, .T. ) ;
#275 = B_SPLINE_CURVE_WITH_KNOTS ( 'NONE', 3,
 ( #1496, #184, #1511, #423, #900, #906, #776, #437, #785, #1260, #1266, #658, #916, #192, #1397, #322, #1274, #199, #669, #1155, #1437, #1552, #1171, #593, #462, #362 ),
 .UNSPECIFIED., .F., .F.,
 ( 4, 2, 2, 2, 2, 2, 2, 2, 2, 2, 2, 2, 4 ),
 ( 0.006580660583899838531, 0.006931546238082062113, 0.007282431892264286562, 0.007984203200628677347, 0.008685974508993067264, 0.009387745817357457181, 0.009738631471539617446, 0.01008951712572177944, 0.01079128843408617283, 0.01114217408826837993, 0.01149305974245058704, 0.01184394539663279414, 0.01219483105081499950 ),
 .UNSPECIFIED. ) ;
#276 = CARTESIAN_POINT ( 'NONE',  ( 176.5000000000000000, -72.40000343881547451, 104.0000000000000000 ) ) ;
#277 = DIRECTION ( 'NONE',  ( -1.000000000000000000, 0.000000000000000000, 0.000000000000000000 ) ) ;
#278 = ORIENTED_EDGE ( 'NONE', *, *, #1061, .T. ) ;
#279 = VECTOR ( 'NONE', #1384, 1000.000000000000000 ) ;
#280 = ORIENTED_EDGE ( 'NONE', *, *, #1063, .F. ) ;
#281 = LINE ( 'NONE', #910, #279 ) ;
#282 = DIRECTION ( 'NONE',  ( 1.000000000000000000, 0.000000000000000000, 0.000000000000000000 ) ) ;
#283 = DIRECTION ( 'NONE',  ( -1.000000000000000000, 0.000000000000000000, 0.000000000000000000 ) ) ;
#284 =( NAMED_UNIT ( * ) SI_UNIT ( $, .STERADIAN. ) SOLID_ANGLE_UNIT ( ) );
#285 = EDGE_CURVE ( 'NONE', #491, #1055, #986, .T. ) ;
#286 = ORIENTED_EDGE ( 'NONE', *, *, #244, .T. ) ;
#287 = CARTESIAN_POINT ( 'NONE',  ( 0.000000000000000000, -72.40000343881547451, 214.9999999999989768 ) ) ;
#288 = PRODUCT_DEFINITION_SHAPE ( 'NONE', 'NONE',  #1082 ) ;
#289 = DIRECTION ( 'NONE',  ( -0.000000000000000000, -0.000000000000000000, -1.000000000000000000 ) ) ;
#290 = CYLINDRICAL_SURFACE ( 'NONE', #1315, 1.477000000000006086 ) ;
#291 =( GEOMETRIC_REPRESENTATION_CONTEXT ( 3 ) GLOBAL_UNCERTAINTY_ASSIGNED_CONTEXT ( ( #1336 ) ) GLOBAL_UNIT_ASSIGNED_CONTEXT ( ( #1325, #1536, #1453 ) ) REPRESENTATION_CONTEXT ( 'NONE', 'WORKASPACE' ) );
#292 = DIRECTION ( 'NONE',  ( -0.000000000000000000, -0.000000000000000000, -1.000000000000000000 ) ) ;
#293 = EDGE_CURVE ( 'NONE', #865, #953, #487, .T. ) ;
#294 = ORIENTED_EDGE ( 'NONE', *, *, #745, .T. ) ;
#295 = DIRECTION ( 'NONE',  ( -0.000000000000000000, 0.7071067811865495711, 0.7071067811865454633 ) ) ;
#296 = CARTESIAN_POINT ( 'NONE',  ( 0.000000000000000000, -247.4000034388155029, 39.99999999999996447 ) ) ;
#297 = AXIS2_PLACEMENT_3D ( 'NONE', #1293, #1163, #339 ) ;
#298 = CARTESIAN_POINT ( 'NONE',  ( 156.1000074131793838, -116.4650433711837394, 0.000000000000000000 ) ) ;
#299 = CARTESIAN_POINT ( 'NONE',  ( 62.73079994243203572, -223.6970621810294517, 3.000000000000000000 ) ) ;
#300 = CARTESIAN_POINT ( 'NONE',  ( 118.9238252284669102, -192.2345622430259766, 46.17113051883755048 ) ) ;
#301 = VECTOR ( 'NONE', #1065, 1000.000000000000000 ) ;
#302 = ORIENTED_EDGE ( 'NONE', *, *, #410, .F. ) ;
#303 = CARTESIAN_POINT ( 'NONE',  ( 174.9999999999999716, -72.40000343881547451, 88.79999999999991189 ) ) ;
#304 = DIRECTION ( 'NONE',  ( -0.000000000000000000, -0.000000000000000000, 1.000000000000000000 ) ) ;
#305 = EDGE_CURVE ( 'NONE', #25, #336, #128, .T. ) ;
#306 = LINE ( 'NONE', #1387, #162 ) ;
#307 = DIRECTION ( 'NONE',  ( -1.000000000000000000, 0.000000000000000000, 0.000000000000000000 ) ) ;
#308 = CARTESIAN_POINT ( 'NONE',  ( 118.8407499733385464, -192.7351630334612764, 45.87379124188215229 ) ) ;
#309 = VECTOR ( 'NONE', #508, 1000.000000000000000 ) ;
#310 = ORIENTED_EDGE ( 'NONE', *, *, #454, .F. ) ;
#311 = CARTESIAN_POINT ( 'NONE',  ( 156.1006179717832651, -96.76511177020906018, 3.000000000000000000 ) ) ;
#312 = EDGE_CURVE ( 'NONE', #671, #152, #1084, .T. ) ;
#313 = DIRECTION ( 'NONE',  ( -0.4999646888753854768, 0.8660457897119175907, -0.000000000000000000 ) ) ;
#314 = CARTESIAN_POINT ( 'NONE',  ( 0.000000000000000000, -72.40000343881547451, -121.1999999999939348 ) ) ;
#315 = CARTESIAN_POINT ( 'NONE',  ( 0.000000000000000000, -72.40000343881547451, 263.7999999999978513 ) ) ;
#316 = VECTOR ( 'NONE', #1138, 1000.000000000000114 ) ;
#317 = VECTOR ( 'NONE', #956, 1000.000000000000000 ) ;
#318 = ORIENTED_EDGE ( 'NONE', *, *, #332, .F. ) ;
#319 = EDGE_LOOP ( 'NONE', ( #1030, #278, #1422, #100 ) ) ;
#320 = DIRECTION ( 'NONE',  ( 0.000000000000000000, 0.000000000000000000, -1.000000000000000000 ) ) ;
#321 = LINE ( 'NONE', #422, #38 ) ;
#322 = CARTESIAN_POINT ( 'NONE',  ( 117.9194613190399963, -189.4622953952283524, 97.64179606682860424 ) ) ;
#323 = AXIS2_PLACEMENT_3D ( 'NONE', #1209, #140, #610 ) ;
#324 = FACE_BOUND ( 'NONE', #448, .T. ) ;
#325 = VERTEX_POINT ( 'NONE', #860 ) ;
#326 = ORIENTED_EDGE ( 'NONE', *, *, #1223, .F. ) ;
#327 = DIRECTION ( 'NONE',  ( -0.000000000000000000, -0.000000000000000000, -1.000000000000000000 ) ) ;
#328 = VECTOR ( 'NONE', #277, 1000.000000000000000 ) ;
#329 = DIRECTION ( 'NONE',  ( 1.000000000000000000, 0.000000000000000000, 0.000000000000000000 ) ) ;
#330 = CARTESIAN_POINT ( 'NONE',  ( 119.6520182234125969, -194.0562830023071683, 44.36338223915770840 ) ) ;
#331 = DIRECTION ( 'NONE',  ( 1.000000000000000000, 0.000000000000000000, -0.000000000000000000 ) ) ;
#332 = EDGE_CURVE ( 'NONE', #1079, #325, #783, .T. ) ;
#333 = EDGE_LOOP ( 'NONE', ( #946, #247 ) ) ;
#334 = AXIS2_PLACEMENT_3D ( 'NONE', #687, #1421, #908 ) ;
#335 = CARTESIAN_POINT ( 'NONE',  ( 119.9315279843704616, -190.8545314231859322, 95.23236786184043012 ) ) ;
#336 = VERTEX_POINT ( 'NONE', #11 ) ;
#337 = LINE ( 'NONE', #674, #624 ) ;
#338 = CARTESIAN_POINT ( 'NONE',  ( 175.0000000000000284, -72.40000343881547451, 53.79999999999999716 ) ) ;
#339 = DIRECTION ( 'NONE',  ( -0.9999999995197191849, 3.099293012438632895E-05, 0.000000000000000000 ) ) ;
#340 = DIRECTION ( 'NONE',  ( 0.000000000000000000, 0.000000000000000000, 1.000000000000000000 ) ) ;
#341 = ORIENTED_EDGE ( 'NONE', *, *, #578, .F. ) ;
#342 = ORIENTED_EDGE ( 'NONE', *, *, #1361, .T. ) ;
#343 = ADVANCED_FACE ( 'NONE', ( #964 ), #1454, .F. ) ;
#344 = EDGE_LOOP ( 'NONE', ( #397, #1279, #717, #872 ) ) ;
#345 = DIRECTION ( 'NONE',  ( -0.000000000000000000, -0.7071067811865965336, 0.7071067811864985009 ) ) ;
#346 = DIRECTION ( 'NONE',  ( -0.000000000000000000, -0.000000000000000000, -1.000000000000000000 ) ) ;
#347 = CARTESIAN_POINT ( 'NONE',  ( 64.87434108069612648, -231.4084634046294298, 0.000000000000000000 ) ) ;
#348 = FACE_OUTER_BOUND ( 'NONE', #1227, .T. ) ;
#349 = ORIENTED_EDGE ( 'NONE', *, *, #12, .T. ) ;
#350 = ORIENTED_EDGE ( 'NONE', *, *, #24, .T. ) ;
#351 = DIRECTION ( 'NONE',  ( 3.099293012500391761E-05, 0.9999999995197191849, -0.000000000000000000 ) ) ;
#352 = VECTOR ( 'NONE', #774, 1000.000000000000000 ) ;
#353 = EDGE_CURVE ( 'NONE', #1254, #143, #1090, .T. ) ;
#354 = CARTESIAN_POINT ( 'NONE',  ( 119.0890421894593487, -193.5713334951165336, 45.10388152635994174 ) ) ;
#355 = COLOUR_RGB ( '',0.7921568627450980005, 0.8196078431372548767, 0.9333333333333333481 ) ;
#356 = CARTESIAN_POINT ( 'NONE',  ( 0.000000000000000000, -246.6000034388154631, 53.00000000000000711 ) ) ;
#357 = ORIENTED_EDGE ( 'NONE', *, *, #1123, .F. ) ;
#358 = EDGE_LOOP ( 'NONE', ( #604, #977, #483, #93 ) ) ;
#359 = ORIENTED_EDGE ( 'NONE', *, *, #213, .F. ) ;
#360 = CYLINDRICAL_SURFACE ( 'NONE', #907, 1.099999999999989875 ) ;
#361 = DIRECTION ( 'NONE',  ( -1.000000000000000000, 0.000000000000000000, 0.000000000000000000 ) ) ;
#362 = CARTESIAN_POINT ( 'NONE',  ( 116.9775279843704112, -190.8545314231859606, 97.32112069894802175 ) ) ;
#363 = ADVANCED_FACE ( 'NONE', ( #1004 ), #1395, .F. ) ;
#364 = CARTESIAN_POINT ( 'NONE',  ( 176.4999999999999716, -72.40000343881547451, 103.2000000000000313 ) ) ;
#365 = ORIENTED_EDGE ( 'NONE', *, *, #1509, .T. ) ;
#366 = VERTEX_POINT ( 'NONE', #883 ) ;
#367 = ORIENTED_EDGE ( 'NONE', *, *, #588, .F. ) ;
#368 = CARTESIAN_POINT ( 'NONE',  ( 66.83099163238931339, -230.7994712693327983, 3.000000000000000000 ) ) ;
#369 = PLANE ( 'NONE',  #959 ) ;
#370 = CARTESIAN_POINT ( 'NONE',  ( 121.3363476685560158, -193.8111371474177531, 43.35164121411755644 ) ) ;
#371 = DIRECTION ( 'NONE',  ( 1.000000000000000000, 0.000000000000000000, 0.000000000000000000 ) ) ;
#372 = EDGE_CURVE ( 'NONE', #1448, #748, #1172, .T. ) ;
#373 = LINE ( 'NONE', #1329, #983 ) ;
#374 = AXIS2_PLACEMENT_3D ( 'NONE', #347, #112, #4 ) ;
#375 = ORIENTED_EDGE ( 'NONE', *, *, #773, .T. ) ;
#376 = EDGE_LOOP ( 'NONE', ( #696, #1441, #1346, #78 ) ) ;
#377 = LINE ( 'NONE', #1476, #1432 ) ;
#378 = CARTESIAN_POINT ( 'NONE',  ( 121.7947499733385541, -192.7351630334612764, 43.78518827000701918 ) ) ;
#379 = CARTESIAN_POINT ( 'NONE',  ( 162.7467998078919891, -118.4574175168774133, 3.000000000000000000 ) ) ;
#380 = ORIENTED_EDGE ( 'NONE', *, *, #1134, .F. ) ;
#381 = ORIENTED_EDGE ( 'NONE', *, *, #540, .T. ) ;
#382 = EDGE_CURVE ( 'NONE', #924, #846, #1021, .T. ) ;
#383 = ORIENTED_EDGE ( 'NONE', *, *, #931, .F. ) ;
#384 = CARTESIAN_POINT ( 'NONE',  ( 0.000000000000000000, -72.40000343881547451, 3.000000000000000000 ) ) ;
#385 = CARTESIAN_POINT ( 'NONE',  ( 156.3511978286605881, -94.96263792799982184, 0.000000000000000000 ) ) ;
#386 = STYLED_ITEM ( 'NONE', ( #1016 ), #863 ) ;
#387 = VECTOR ( 'NONE', #134, 1000.000000000000000 ) ;
#388 = DIRECTION ( 'NONE',  ( 0.000000000000000000, 0.000000000000000000, -1.000000000000000000 ) ) ;
#389 = CARTESIAN_POINT ( 'NONE',  ( 79.79190199975681708, -213.8477578101843619, 3.000000000000000000 ) ) ;
#390 = ORIENTED_EDGE ( 'NONE', *, *, #922, .F. ) ;
#391 = VERTEX_POINT ( 'NONE', #296 ) ;
#392 = CARTESIAN_POINT ( 'NONE',  ( 0.000000000000000000, -227.4000034388154745, 0.000000000000000000 ) ) ;
#393 = VECTOR ( 'NONE', #136, 1000.000000000000000 ) ;
#394 = CARTESIAN_POINT ( 'NONE',  ( 0.000000000000000000, -72.40000343881547451, -171.1999999999760007 ) ) ;
#395 = CARTESIAN_POINT ( 'NONE',  ( 162.0000000000000000, -72.40000343881547451, 104.0000000000000000 ) ) ;
#396 = LINE ( 'NONE', #871, #1337 ) ;
#397 = ORIENTED_EDGE ( 'NONE', *, *, #1361, .F. ) ;
#398 = ORIENTED_EDGE ( 'NONE', *, *, #1223, .T. ) ;
#399 = LINE ( 'NONE', #599, #1338 ) ;
#400 = VECTOR ( 'NONE', #289, 1000.000000000000000 ) ;
#401 = CARTESIAN_POINT ( 'NONE',  ( 62.73079994243203572, -223.6970621810294517, 3.000000000000000000 ) ) ;
#402 = EDGE_CURVE ( 'NONE', #1102, #820, #766, .T. ) ;
#403 = FACE_OUTER_BOUND ( 'NONE', #432, .T. ) ;
#404 = DIRECTION ( 'NONE',  ( 0.000000000000000000, 0.000000000000000000, -1.000000000000000000 ) ) ;
#405 = VECTOR ( 'NONE', #1255, 1000.000000000000000 ) ;
#406 = ORIENTED_EDGE ( 'NONE', *, *, #213, .T. ) ;
#407 = DIRECTION ( 'NONE',  ( 1.000000000000000000, 0.000000000000000000, 0.000000000000000000 ) ) ;
#408 = CARTESIAN_POINT ( 'NONE',  ( 0.000000000000000000, -72.40000343881547451, 103.2000000000000313 ) ) ;
#409 = AXIS2_PLACEMENT_3D ( 'NONE', #1035, #554, #331 ) ;
#410 = EDGE_CURVE ( 'NONE', #1368, #596, #1257, .T. ) ;
#411 = CARTESIAN_POINT ( 'NONE',  ( 121.7947499733385541, -192.7351630334612764, 43.78518827000701918 ) ) ;
#412 = ORIENTED_EDGE ( 'NONE', *, *, #786, .F. ) ;
#413 = DIRECTION ( 'NONE',  ( 0.000000000000000000, 0.000000000000000000, 1.000000000000000000 ) ) ;
#414 = CARTESIAN_POINT ( 'NONE',  ( 120.3177499733385503, -192.7351630334612764, 43.00000000000000000 ) ) ;
#415 = CARTESIAN_POINT ( 'NONE',  ( 0.000000000000000000, -72.40000343881547451, 0.000000000000000000 ) ) ;
#416 = VECTOR ( 'NONE', #436, 1000.000000000000000 ) ;
#417 = SURFACE_STYLE_FILL_AREA ( #520 ) ;
#418 = EDGE_CURVE ( 'NONE', #522, #789, #450, .T. ) ;
#419 = EDGE_LOOP ( 'NONE', ( #620, #995, #853, #1466 ) ) ;
#420 = CARTESIAN_POINT ( 'NONE',  ( 120.3177499733385503, -192.7351630334612764, 53.00000000000000711 ) ) ;
#421 = AXIS2_PLACEMENT_3D ( 'NONE', #929, #340, #546 ) ;
#422 = CARTESIAN_POINT ( 'NONE',  ( 0.000000000000000000, -72.40000343881547451, 3.000000000000000000 ) ) ;
#423 = CARTESIAN_POINT ( 'NONE',  ( 119.8878409547322690, -190.4866537458779021, 95.52181140144740823 ) ) ;
#424 = AXIS2_PLACEMENT_3D ( 'NONE', #563, #934, #1049 ) ;
#425 = ORIENTED_EDGE ( 'NONE', *, *, #802, .T. ) ;
#426 = CARTESIAN_POINT ( 'NONE',  ( 117.5707017588372452, -192.0497424144690513, 96.05338172601183544 ) ) ;
#427 = EDGE_CURVE ( 'NONE', #152, #172, #691, .T. ) ;
#428 = CARTESIAN_POINT ( 'NONE',  ( 116.9775279843704112, -190.8545314231859606, 97.32112069894802175 ) ) ;
#429 = LINE ( 'NONE', #314, #1108 ) ;
#430 = CARTESIAN_POINT ( 'NONE',  ( 0.000000000000000000, -72.40000343881547451, 102.0000000000000000 ) ) ;
#431 = VECTOR ( 'NONE', #240, 1000.000000000000114 ) ;
#432 = EDGE_LOOP ( 'NONE', ( #157, #505, #1080, #1174 ) ) ;
#433 = CARTESIAN_POINT ( 'NONE',  ( 118.3852774293367389, -192.3410655688611257, 95.27427190957401137 ) ) ;
#434 = ORIENTED_EDGE ( 'NONE', *, *, #781, .F. ) ;
#435 = EDGE_CURVE ( 'NONE', #1439, #579, #22, .T. ) ;
#436 = DIRECTION ( 'NONE',  ( -0.9999999995197191849, 3.099293012438632895E-05, -0.000000000000000000 ) ) ;
#437 = CARTESIAN_POINT ( 'NONE',  ( 119.4635433945589824, -189.7632441152704814, 96.33159020103161652 ) ) ;
#438 = CARTESIAN_POINT ( 'NONE',  ( 0.000000000000000000, -247.4000034388154461, 88.79999999999991189 ) ) ;
#439 = EDGE_CURVE ( 'NONE', #34, #514, #683, .T. ) ;
#440 = ORIENTED_EDGE ( 'NONE', *, *, #139, .F. ) ;
#441 = ORIENTED_EDGE ( 'NONE', *, *, #758, .T. ) ;
#442 = DIRECTION ( 'NONE',  ( 1.000000000000000000, 0.000000000000000000, 0.000000000000000000 ) ) ;
#443 = FACE_OUTER_BOUND ( 'NONE', #376, .T. ) ;
#444 = DIRECTION ( 'NONE',  ( 0.000000000000000000, -0.7071067811865597852, 0.7071067811865352493 ) ) ;
#445 = EDGE_CURVE ( 'NONE', #143, #513, #1281, .T. ) ;
#446 = CONICAL_SURFACE ( 'NONE', #473, 161.7999999999997840, 0.7853981633974541632 ) ;
#447 = DIRECTION ( 'NONE',  ( -0.000000000000000000, -0.000000000000000000, 1.000000000000000000 ) ) ;
#448 = EDGE_LOOP ( 'NONE', ( #972, #1201 ) ) ;
#449 = EDGE_LOOP ( 'NONE', ( #1311, #342, #732, #814 ) ) ;
#450 = LINE ( 'NONE', #919, #688 ) ;
#451 = DIRECTION ( 'NONE',  ( -0.000000000000000000, -0.000000000000000000, 1.000000000000000000 ) ) ;
#452 = PLANE ( 'NONE',  #565 ) ;
#453 = DIRECTION ( 'NONE',  ( 1.000000000000000000, 0.000000000000000000, 0.000000000000000000 ) ) ;
#454 = EDGE_CURVE ( 'NONE', #962, #1048, #204, .T. ) ;
#455 = ORIENTED_EDGE ( 'NONE', *, *, #532, .F. ) ;
#456 = ORIENTED_EDGE ( 'NONE', *, *, #1457, .T. ) ;
#457 = VECTOR ( 'NONE', #1149, 1000.000000000000000 ) ;
#458 = AXIS2_PLACEMENT_3D ( 'NONE', #839, #1214, #27 ) ;
#459 = ORIENTED_EDGE ( 'NONE', *, *, #410, .T. ) ;
#460 = CARTESIAN_POINT ( 'NONE',  ( 63.77434108069615348, -231.4084634046294298, 3.000000000000000000 ) ) ;
#461 =( NAMED_UNIT ( * ) PLANE_ANGLE_UNIT ( ) SI_UNIT ( $, .RADIAN. ) );
#462 = CARTESIAN_POINT ( 'NONE',  ( 116.9775279843703970, -190.7584435344341500, 97.38949000534221057 ) ) ;
#463 = PLANE ( 'NONE',  #409 ) ;
#464 = CLOSED_SHELL ( 'NONE', ( #1007, #516, #343, #1349, #727, #127, #1093, #1131, #1169, #557, #1115, #43, #234, #174, #258, #1249, #989, #1239, #734, #51, #266, #1530, #1036, #497, #33, #1232, #1539, #617, #186, #149, #166, #363, #1044, #70, #1026, #1528, #1191, #904, #608, #1516, #957, #465 ) ) ;
#465 = ADVANCED_FACE ( 'NONE', ( #821 ), #1534, .T. ) ;
#466 = VERTEX_POINT ( 'NONE', #1176 ) ;
#467 = EDGE_CURVE ( 'NONE', #671, #933, #337, .T. ) ;
#468 = ORIENTED_EDGE ( 'NONE', *, *, #1307, .T. ) ;
#469 = CARTESIAN_POINT ( 'NONE',  ( 118.4545279843704435, -190.8545314231859322, 104.0000000000000000 ) ) ;
#470 = PRESENTATION_STYLE_ASSIGNMENT (( #1083 ) ) ;
#471 = PLANE ( 'NONE',  #1244 ) ;
#472 = DIRECTION ( 'NONE',  ( -1.000000000000000000, 0.000000000000000000, 0.000000000000000000 ) ) ;
#473 = AXIS2_PLACEMENT_3D ( 'NONE', #481, #261, #1301 ) ;
#474 = ORIENTED_EDGE ( 'NONE', *, *, #816, .F. ) ;
#475 = ORIENTED_EDGE ( 'NONE', *, *, #532, .T. ) ;
#476 = CARTESIAN_POINT ( 'NONE',  ( 163.8467998078919834, -118.4574175168774133, 3.000000000000000000 ) ) ;
#477 = EDGE_CURVE ( 'NONE', #933, #172, #102, .T. ) ;
#478 = DIRECTION ( 'NONE',  ( 1.000000000000000000, 0.000000000000000000, 0.000000000000000000 ) ) ;
#479 = FACE_OUTER_BOUND ( 'NONE', #164, .T. ) ;
#480 = AXIS2_PLACEMENT_3D ( 'NONE', #542, #550, #764 ) ;
#481 = CARTESIAN_POINT ( 'NONE',  ( 0.000000000000000000, -72.40000343881547451, 102.0000000000000000 ) ) ;
#482 = VERTEX_POINT ( 'NONE', #572 ) ;
#483 = ORIENTED_EDGE ( 'NONE', *, *, #418, .T. ) ;
#484 = ORIENTED_EDGE ( 'NONE', *, *, #1427, .F. ) ;
#485 = CARTESIAN_POINT ( 'NONE',  ( 0.000000000000000000, -234.4000034388154745, 104.0000000000000000 ) ) ;
#486 = EDGE_CURVE ( 'NONE', #482, #571, #1159, .T. ) ;
#487 = LINE ( 'NONE', #632, #317 ) ;
#488 = DIRECTION ( 'NONE',  ( -0.000000000000000000, -0.000000000000000000, 1.000000000000000000 ) ) ;
#489 = ORIENTED_EDGE ( 'NONE', *, *, #773, .F. ) ;
#490 = ORIENTED_EDGE ( 'NONE', *, *, #255, .T. ) ;
#491 = VERTEX_POINT ( 'NONE', #212 ) ;
#492 = DIRECTION ( 'NONE',  ( 1.000000000000000000, 0.000000000000000000, 0.000000000000000000 ) ) ;
#493 = AXIS2_PLACEMENT_3D ( 'NONE', #408, #768, #626 ) ;
#494 =( LENGTH_UNIT ( ) NAMED_UNIT ( * ) SI_UNIT ( .MILLI., .METRE. ) );
#495 = DIRECTION ( 'NONE',  ( 0.000000000000000000, 0.000000000000000000, 1.000000000000000000 ) ) ;
#496 = CARTESIAN_POINT ( 'NONE',  ( 157.4511978286605824, -94.96263792799982184, 3.000000000000000000 ) ) ;
#497 = ADVANCED_FACE ( 'NONE', ( #1515 ), #1056, .F. ) ;
#498 = DIRECTION ( 'NONE',  ( 1.000000000000000000, 0.000000000000000000, 0.000000000000000000 ) ) ;
#499 = ORIENTED_EDGE ( 'NONE', *, *, #1123, .T. ) ;
#500 = VERTEX_POINT ( 'NONE', #460 ) ;
#501 = DIRECTION ( 'NONE',  ( 3.099293012500391761E-05, 0.9999999995197191849, 0.000000000000000000 ) ) ;
#502 = FACE_BOUND ( 'NONE', #1302, .T. ) ;
#503 = CARTESIAN_POINT ( 'NONE',  ( 174.2000000000001876, -72.40000343881547451, 3.000000000000000000 ) ) ;
#504 = EDGE_CURVE ( 'NONE', #125, #466, #1502, .T. ) ;
#505 = ORIENTED_EDGE ( 'NONE', *, *, #786, .T. ) ;
#506 = ORIENTED_EDGE ( 'NONE', *, *, #969, .T. ) ;
#507 = ORIENTED_EDGE ( 'NONE', *, *, #201, .F. ) ;
#508 = DIRECTION ( 'NONE',  ( -1.000000000000000000, 0.000000000000000000, 0.000000000000000000 ) ) ;
#509 = LINE ( 'NONE', #751, #44 ) ;
#510 = VECTOR ( 'NONE', #9, 1000.000000000000000 ) ;
#511 = CARTESIAN_POINT ( 'NONE',  ( 0.000000000000000000, -72.40000343881547451, 279.5000000000000000 ) ) ;
#512 = CARTESIAN_POINT ( 'NONE',  ( 80.36860697746384119, -213.1564410131167051, 0.000000000000000000 ) ) ;
#513 = VERTEX_POINT ( 'NONE', #1031 ) ;
#514 = VERTEX_POINT ( 'NONE', #1040 ) ;
#515 = DIRECTION ( 'NONE',  ( 1.000000000000000000, 0.000000000000000000, 0.000000000000000000 ) ) ;
#516 = ADVANCED_FACE ( 'NONE', ( #1525 ), #360, .F. ) ;
#517 = VECTOR ( 'NONE', #1283, 1000.000000000000000 ) ;
#518 = DIRECTION ( 'NONE',  ( 0.8660457897119173687, 0.4999646888753859764, 0.000000000000000000 ) ) ;
#519 = DIRECTION ( 'NONE',  ( 1.000000000000000000, 0.000000000000000000, 0.000000000000000000 ) ) ;
#520 = FILL_AREA_STYLE ('',( #31 ) ) ;
#521 = CIRCLE ( 'NONE', #1324, 1.477000000000006086 ) ;
#522 = VERTEX_POINT ( 'NONE', #1185 ) ;
#523 = FACE_BOUND ( 'NONE', #1409, .T. ) ;
#524 = AXIS2_PLACEMENT_3D ( 'NONE', #1117, #861, #519 ) ;
#525 = EDGE_CURVE ( 'NONE', #681, #1475, #109, .T. ) ;
#526 = CARTESIAN_POINT ( 'NONE',  ( 81.46860697746383551, -213.1564410131167051, 3.000000000000000000 ) ) ;
#527 = CARTESIAN_POINT ( 'NONE',  ( 120.7441451478616585, -191.3092907023556677, 45.53449850328833293 ) ) ;
#528 = ORIENTED_EDGE ( 'NONE', *, *, #805, .F. ) ;
#529 = CARTESIAN_POINT ( 'NONE',  ( 118.8859754714787869, -192.2709202709293947, 94.97196890059490215 ) ) ;
#530 = CYLINDRICAL_SURFACE ( 'NONE', #896, 1.477000000000006086 ) ;
#531 = DIRECTION ( 'NONE',  ( 1.000000000000000000, 0.000000000000000000, 0.000000000000000000 ) ) ;
#532 = EDGE_CURVE ( 'NONE', #1142, #1018, #1053, .T. ) ;
#533 = CARTESIAN_POINT ( 'NONE',  ( 120.1881900511103254, -191.2491764848950879, 45.97249954704552266 ) ) ;
#534 = ORIENTED_EDGE ( 'NONE', *, *, #1427, .T. ) ;
#535 = CARTESIAN_POINT ( 'NONE',  ( 117.0138326018098098, -191.2234337896300929, 97.03297736973942733 ) ) ;
#536 = DIRECTION ( 'NONE',  ( -1.000000000000000000, 0.000000000000000000, 0.000000000000000000 ) ) ;
#537 = CARTESIAN_POINT ( 'NONE',  ( 63.77434108069615348, -231.4084634046294298, 3.000000000000000000 ) ) ;
#538 = FACE_OUTER_BOUND ( 'NONE', #218, .T. ) ;
#539 = CARTESIAN_POINT ( 'NONE',  ( 121.7263601727470217, -192.2826082242358439, 44.15169175949389313 ) ) ;
#540 = EDGE_CURVE ( 'NONE', #25, #630, #947, .T. ) ;
#541 = ORIENTED_EDGE ( 'NONE', *, *, #445, .T. ) ;
#542 = CARTESIAN_POINT ( 'NONE',  ( 0.000000000000000000, -72.40000343881547451, 0.000000000000000000 ) ) ;
#543 = CIRCLE ( 'NONE', #323, 1.477000000000006086 ) ;
#544 = CARTESIAN_POINT ( 'NONE',  ( 0.000000000000000000, -72.40000343881547451, 103.0000000000000568 ) ) ;
#545 = CARTESIAN_POINT ( 'NONE',  ( 156.1006179717832651, -96.76511177020906018, 3.000000000000000000 ) ) ;
#546 = DIRECTION ( 'NONE',  ( 1.000000000000000000, 0.000000000000000000, 0.000000000000000000 ) ) ;
#547 = AXIS2_PLACEMENT_3D ( 'NONE', #616, #1344, #728 ) ;
#548 = EDGE_CURVE ( 'NONE', #1152, #1416, #1153, .T. ) ;
#549 = ORIENTED_EDGE ( 'NONE', *, *, #1399, .F. ) ;
#550 = DIRECTION ( 'NONE',  ( 0.000000000000000000, 0.000000000000000000, 1.000000000000000000 ) ) ;
#551 = AXIS2_PLACEMENT_3D ( 'NONE', #755, #413, #772 ) ;
#552 = DIRECTION ( 'NONE',  ( 0.000000000000000000, -1.000000000000000000, 0.000000000000000000 ) ) ;
#553 = DIRECTION ( 'NONE',  ( 0.000000000000000000, 0.000000000000000000, 1.000000000000000000 ) ) ;
#554 = DIRECTION ( 'NONE',  ( 0.000000000000000000, 0.000000000000000000, 1.000000000000000000 ) ) ;
#555 = ORIENTED_EDGE ( 'NONE', *, *, #372, .T. ) ;
#556 = DIRECTION ( 'NONE',  ( -0.000000000000000000, 0.7071067811865515695, 0.7071067811865435759 ) ) ;
#557 = ADVANCED_FACE ( 'NONE', ( #955 ), #1180, .F. ) ;
#558 = CARTESIAN_POINT ( 'NONE',  ( 155.0000000000000000, -72.40000343881547451, 3.000000000000000000 ) ) ;
#559 = DIRECTION ( 'NONE',  ( -0.000000000000000000, -0.000000000000000000, -1.000000000000000000 ) ) ;
#560 = CARTESIAN_POINT ( 'NONE',  ( 120.3177499733385503, -192.7351630334612764, 43.00000000000000000 ) ) ;
#561 = ORIENTED_EDGE ( 'NONE', *, *, #1203, .F. ) ;
#562 = ORIENTED_EDGE ( 'NONE', *, *, #116, .T. ) ;
#563 = CARTESIAN_POINT ( 'NONE',  ( 163.8467998078919834, -118.4574175168774133, 3.000000000000000000 ) ) ;
#564 = EDGE_CURVE ( 'NONE', #590, #881, #120, .T. ) ;
#565 = AXIS2_PLACEMENT_3D ( 'NONE', #693, #817, #1284 ) ;
#566 = CARTESIAN_POINT ( 'NONE',  ( 0.000000000000000000, -72.40000343881547451, 104.0000000000000000 ) ) ;
#567 = FACE_BOUND ( 'NONE', #598, .T. ) ;
#568 = DIRECTION ( 'NONE',  ( 1.000000000000000000, 0.000000000000000000, 0.000000000000000000 ) ) ;
#569 = ORIENTED_EDGE ( 'NONE', *, *, #765, .T. ) ;
#570 = CARTESIAN_POINT ( 'NONE',  ( 65.97434108069610659, -231.4084634046294298, 0.000000000000000000 ) ) ;
#571 = VERTEX_POINT ( 'NONE', #718 ) ;
#572 = CARTESIAN_POINT ( 'NONE',  ( 177.5000000000000000, -72.40000343881547451, 102.0000000000000142 ) ) ;
#573 = CARTESIAN_POINT ( 'NONE',  ( 164.3006183533857723, -96.76536591224802919, 3.000000000000000000 ) ) ;
#574 = CARTESIAN_POINT ( 'NONE',  ( 0.000000000000000000, -227.4000034388154745, 3.000000000000000000 ) ) ;
#575 = CONICAL_SURFACE ( 'NONE', #1207, 174.2000000000001876, 0.7853981633975176679 ) ;
#576 = EDGE_CURVE ( 'NONE', #748, #722, #857, .T. ) ;
#577 = LINE ( 'NONE', #315, #844 ) ;
#578 = EDGE_CURVE ( 'NONE', #514, #391, #1348, .T. ) ;
#579 = VERTEX_POINT ( 'NONE', #1342 ) ;
#580 = VECTOR ( 'NONE', #257, 1000.000000000000000 ) ;
#581 = DIRECTION ( 'NONE',  ( 1.000000000000000000, 0.000000000000000000, 0.000000000000000000 ) ) ;
#582 = ORIENTED_EDGE ( 'NONE', *, *, #1258, .T. ) ;
#583 = DIRECTION ( 'NONE',  ( 0.8660457897119173687, 0.4999646888753859764, 0.000000000000000000 ) ) ;
#584 = PRODUCT_CONTEXT ( 'NONE', #1498, 'mechanical' ) ;
#585 = CARTESIAN_POINT ( 'NONE',  ( 119.4342013858395717, -193.9305633150825088, 44.60574117862410048 ) ) ;
#586 = CARTESIAN_POINT ( 'NONE',  ( 0.000000000000000000, -72.40000343881547451, 53.00000000000000711 ) ) ;
#587 = VECTOR ( 'NONE', #706, 1000.000000000000114 ) ;
#588 = EDGE_CURVE ( 'NONE', #156, #724, #867, .T. ) ;
#589 = EDGE_LOOP ( 'NONE', ( #180, #1313, #14, #1507 ) ) ;
#590 = VERTEX_POINT ( 'NONE', #726 ) ;
#591 = CARTESIAN_POINT ( 'NONE',  ( 0.000000000000000000, -72.40000343881547451, -121.1999999999939348 ) ) ;
#592 = DIRECTION ( 'NONE',  ( 0.4999646888753854213, -0.8660457897119175907, 0.000000000000000000 ) ) ;
#593 = CARTESIAN_POINT ( 'NONE',  ( 116.9869389582748767, -190.6588502621299028, 97.45370032234686164 ) ) ;
#594 = DIRECTION ( 'NONE',  ( 0.000000000000000000, 0.000000000000000000, -1.000000000000000000 ) ) ;
#595 = AXIS2_PLACEMENT_3D ( 'NONE', #811, #99, #1051 ) ;
#596 = VERTEX_POINT ( 'NONE', #35 ) ;
#597 = ORIENTED_EDGE ( 'NONE', *, *, #694, .F. ) ;
#598 = EDGE_LOOP ( 'NONE', ( #455, #256 ) ) ;
#599 = CARTESIAN_POINT ( 'NONE',  ( 157.4511978286605824, -94.96263792799982184, 3.000000000000000000 ) ) ;
#600 = DIRECTION ( 'NONE',  ( -1.000000000000000000, 0.000000000000000000, 0.000000000000000000 ) ) ;
#601 = FACE_BOUND ( 'NONE', #932, .T. ) ;
#602 = CIRCLE ( 'NONE', #1150, 1.099999999999976108 ) ;
#603 = DIRECTION ( 'NONE',  ( 0.4999646888753860319, -0.8660457897119173687, 0.000000000000000000 ) ) ;
#604 = ORIENTED_EDGE ( 'NONE', *, *, #1468, .F. ) ;
#605 = ORIENTED_EDGE ( 'NONE', *, *, #877, .F. ) ;
#606 = ORIENTED_EDGE ( 'NONE', *, *, #969, .F. ) ;
#607 = CARTESIAN_POINT ( 'NONE',  ( 0.000000000000000000, -72.40000343881547451, 279.5000000000000000 ) ) ;
#608 = ADVANCED_FACE ( 'NONE', ( #963 ), #614, .T. ) ;
#609 = CARTESIAN_POINT ( 'NONE',  ( 79.79190199975681708, -213.8477578101843335, 3.000000000000000000 ) ) ;
#610 = DIRECTION ( 'NONE',  ( 1.000000000000000000, 0.000000000000000000, 0.000000000000000000 ) ) ;
#611 = VERTEX_POINT ( 'NONE', #1205 ) ;
#612 = ORIENTED_EDGE ( 'NONE', *, *, #1408, .T. ) ;
#613 = ORIENTED_EDGE ( 'NONE', *, *, #949, .T. ) ;
#614 = CYLINDRICAL_SURFACE ( 'NONE', #1385, 176.5000000000000000 ) ;
#615 = PRESENTATION_LAYER_ASSIGNMENT (  '', '', ( #1291 ) ) ;
#616 = CARTESIAN_POINT ( 'NONE',  ( 156.3511978286605881, -94.96263792799982184, 3.000000000000000000 ) ) ;
#617 = ADVANCED_FACE ( 'NONE', ( #271 ), #733, .T. ) ;
#618 = PLANE ( 'NONE',  #217 ) ;
#619 = ORIENTED_EDGE ( 'NONE', *, *, #913, .F. ) ;
#620 = ORIENTED_EDGE ( 'NONE', *, *, #1015, .T. ) ;
#621 = VECTOR ( 'NONE', #729, 1000.000000000000000 ) ;
#622 = ORIENTED_EDGE ( 'NONE', *, *, #21, .T. ) ;
#623 = CARTESIAN_POINT ( 'NONE',  ( 165.0000000000000000, -72.40000343881547451, 53.00000000000000711 ) ) ;
#624 = VECTOR ( 'NONE', #94, 1000.000000000000000 ) ;
#625 = FACE_OUTER_BOUND ( 'NONE', #248, .T. ) ;
#626 = DIRECTION ( 'NONE',  ( 1.000000000000000000, 0.000000000000000000, 0.000000000000000000 ) ) ;
#627 = CARTESIAN_POINT ( 'NONE',  ( 63.77434108069615348, -231.4084634046294298, 0.000000000000000000 ) ) ;
#628 = EDGE_CURVE ( 'NONE', #522, #513, #988, .T. ) ;
#629 = ORIENTED_EDGE ( 'NONE', *, *, #77, .F. ) ;
#630 = VERTEX_POINT ( 'NONE', #631 ) ;
#631 = CARTESIAN_POINT ( 'NONE',  ( 62.73079994243203572, -223.6970621810294517, 3.000000000000000000 ) ) ;
#632 = CARTESIAN_POINT ( 'NONE',  ( 118.5762336242875392, -189.1756686464418635, -7.000000000000000000 ) ) ;
#633 = DIRECTION ( 'NONE',  ( 1.000000000000000000, 0.000000000000000000, 0.000000000000000000 ) ) ;
#634 = DIRECTION ( 'NONE',  ( -0.000000000000000000, -0.000000000000000000, 1.000000000000000000 ) ) ;
#635 = EDGE_LOOP ( 'NONE', ( #211, #1362 ) ) ;
#636 = EDGE_CURVE ( 'NONE', #123, #976, #30, .T. ) ;
#637 = ORIENTED_EDGE ( 'NONE', *, *, #372, .F. ) ;
#638 = CARTESIAN_POINT ( 'NONE',  ( 117.4414880707678321, -191.9420953566686023, 96.22072104554955274 ) ) ;
#639 = AXIS2_PLACEMENT_3D ( 'NONE', #544, #451, #1510 ) ;
#640 = DIRECTION ( 'NONE',  ( 0.000000000000000000, 0.000000000000000000, 1.000000000000000000 ) ) ;
#641 = FACE_OUTER_BOUND ( 'NONE', #918, .T. ) ;
#642 = ORIENTED_EDGE ( 'NONE', *, *, #1447, .T. ) ;
#643 = DIRECTION ( 'NONE',  ( 0.000000000000000000, 0.000000000000000000, 1.000000000000000000 ) ) ;
#644 = CYLINDRICAL_SURFACE ( 'NONE', #1327, 1.099999999999976108 ) ;
#645 = CARTESIAN_POINT ( 'NONE',  ( 155.0000000000000000, -72.40000343881547451, 3.000000000000000000 ) ) ;
#646 = SURFACE_STYLE_USAGE ( .BOTH. , #880 ) ;
#647 = ORIENTED_EDGE ( 'NONE', *, *, #1297, .F. ) ;
#648 = CARTESIAN_POINT ( 'NONE',  ( 117.1387018787318226, -191.5475637464000158, 96.71435782346084409 ) ) ;
#649 = EDGE_CURVE ( 'NONE', #1262, #1416, #1309, .T. ) ;
#650 = LINE ( 'NONE', #537, #1472 ) ;
#651 = CARTESIAN_POINT ( 'NONE',  ( 0.000000000000000000, -72.40000343881547451, 3.000000000000000000 ) ) ;
#652 = CIRCLE ( 'NONE', #334, 1.099999999999989875 ) ;
#653 = AXIS2_PLACEMENT_3D ( 'NONE', #1323, #1357, #265 ) ;
#654 = CARTESIAN_POINT ( 'NONE',  ( 118.5762336242875392, -189.1756686464418635, 0.000000000000000000 ) ) ;
#655 = ORIENTED_EDGE ( 'NONE', *, *, #578, .T. ) ;
#656 = CARTESIAN_POINT ( 'NONE',  ( 119.9315279843704616, -190.8545314231859322, 98.99999999999998579 ) ) ;
#657 = CARTESIAN_POINT ( 'NONE',  ( 156.1006179717832651, -96.76511177020906018, 3.000000000000000000 ) ) ;
#658 = CARTESIAN_POINT ( 'NONE',  ( 118.6095557732236614, -189.3828448514111358, 97.20705552354588974 ) ) ;
#659 = LINE ( 'NONE', #1400, #1497 ) ;
#660 = ORIENTED_EDGE ( 'NONE', *, *, #877, .T. ) ;
#661 = CARTESIAN_POINT ( 'NONE',  ( 118.9901635364792156, -192.2354953079531583, 94.92373448886407061 ) ) ;
#662 = AXIS2_PLACEMENT_3D ( 'NONE', #560, #447, #453 ) ;
#663 = CARTESIAN_POINT ( 'NONE',  ( 0.000000000000000000, -72.40000343881547451, 102.0000000000000000 ) ) ;
#664 = DIRECTION ( 'NONE',  ( -0.4999646888753854213, 0.8660457897119175907, 0.000000000000000000 ) ) ;
#665 = CARTESIAN_POINT ( 'NONE',  ( 82.56860697746381561, -213.1564410131167051, 3.000000000000000000 ) ) ;
#666 = CIRCLE ( 'NONE', #551, 1.099999999999989875 ) ;
#667 = VERTEX_POINT ( 'NONE', #1461 ) ;
#668 = LINE ( 'NONE', #675, #985 ) ;
#669 = CARTESIAN_POINT ( 'NONE',  ( 117.3516727999854936, -189.8649967972089030, 97.75956490350891670 ) ) ;
#670 = DIRECTION ( 'NONE',  ( -0.000000000000000000, -0.000000000000000000, -1.000000000000000000 ) ) ;
#671 = VERTEX_POINT ( 'NONE', #368 ) ;
#672 = EDGE_CURVE ( 'NONE', #962, #754, #1104, .T. ) ;
#673 = VERTEX_POINT ( 'NONE', #623 ) ;
#674 = CARTESIAN_POINT ( 'NONE',  ( 66.83099163238931339, -230.7994712693327983, 3.000000000000000000 ) ) ;
#675 = CARTESIAN_POINT ( 'NONE',  ( 175.0000000000000284, -72.40000343881547451, 102.0000000000000000 ) ) ;
#676 = CARTESIAN_POINT ( 'NONE',  ( 120.7489499994944282, -194.1516232922245138, 43.52475953881362614 ) ) ;
#677 = DIRECTION ( 'NONE',  ( 1.000000000000000000, 0.000000000000000000, 0.000000000000000000 ) ) ;
#678 = VECTOR ( 'NONE', #1526, 1000.000000000000000 ) ;
#679 = ORIENTED_EDGE ( 'NONE', *, *, #636, .F. ) ;
#680 = ORIENTED_EDGE ( 'NONE', *, *, #274, .T. ) ;
#681 = VERTEX_POINT ( 'NONE', #1098 ) ;
#682 = EDGE_CURVE ( 'NONE', #1095, #325, #399, .T. ) ;
#683 = LINE ( 'NONE', #79, #898 ) ;
#684 = EDGE_CURVE ( 'NONE', #141, #945, #377, .T. ) ;
#685 = CARTESIAN_POINT ( 'NONE',  ( 116.9775279843704396, -190.8545314231859322, 98.99999999999998579 ) ) ;
#686 = CARTESIAN_POINT ( 'NONE',  ( 119.8921966622461497, -194.1521990121514989, 44.12655396442936251 ) ) ;
#687 = CARTESIAN_POINT ( 'NONE',  ( 156.3511978286605881, -94.96263792799982184, 0.000000000000000000 ) ) ;
#688 = VECTOR ( 'NONE', #1404, 1000.000000000000000 ) ;
#689 = ORIENTED_EDGE ( 'NONE', *, *, #116, .F. ) ;
#690 = ORIENTED_EDGE ( 'NONE', *, *, #1073, .T. ) ;
#691 = LINE ( 'NONE', #1419, #1456 ) ;
#692 = CYLINDRICAL_SURFACE ( 'NONE', #1111, 162.0000000000000000 ) ;
#693 = CARTESIAN_POINT ( 'NONE',  ( 0.000000000000000000, -72.40000343881547451, 3.000000000000000000 ) ) ;
#694 = EDGE_CURVE ( 'NONE', #1271, #1055, #849, .T. ) ;
#695 = DIRECTION ( 'NONE',  ( 0.000000000000000000, 0.000000000000000000, 1.000000000000000000 ) ) ;
#696 = ORIENTED_EDGE ( 'NONE', *, *, #794, .T. ) ;
#697 = ORIENTED_EDGE ( 'NONE', *, *, #12, .F. ) ;
#698 = AXIS2_PLACEMENT_3D ( 'NONE', #144, #1196, #492 ) ;
#699 = ORIENTED_EDGE ( 'NONE', *, *, #1015, .F. ) ;
#700 = CARTESIAN_POINT ( 'NONE',  ( 0.000000000000000000, -72.40000343881547451, 102.0000000000000000 ) ) ;
#701 = CARTESIAN_POINT ( 'NONE',  ( 120.4458414261355301, -194.2097927760306675, 43.69670016412953117 ) ) ;
#702 = DIRECTION ( 'NONE',  ( -0.000000000000000000, -0.000000000000000000, -1.000000000000000000 ) ) ;
#703 = VECTOR ( 'NONE', #1243, 1000.000000000000114 ) ;
#704 = ADVANCED_BREP_SHAPE_REPRESENTATION ( 'topleft', ( #863, #1105 ), #291 ) ;
#705 = VECTOR ( 'NONE', #899, 1000.000000000000000 ) ;
#706 = DIRECTION ( 'NONE',  ( -3.099293012500391761E-05, -0.9999999995197191849, 0.000000000000000000 ) ) ;
#707 = ORIENTED_EDGE ( 'NONE', *, *, #1160, .F. ) ;
#708 = CARTESIAN_POINT ( 'NONE',  ( 119.9223234375772762, -191.0491344657995114, 95.10212684564227459 ) ) ;
#709 = VERTEX_POINT ( 'NONE', #1467 ) ;
#710 = DIRECTION ( 'NONE',  ( -0.000000000000000000, -0.000000000000000000, -1.000000000000000000 ) ) ;
#711 = DIRECTION ( 'NONE',  ( -0.000000000000000000, -0.000000000000000000, -1.000000000000000000 ) ) ;
#712 = FACE_BOUND ( 'NONE', #41, .T. ) ;
#713 = CIRCLE ( 'NONE', #374, 1.099999999999976108 ) ;
#714 = LINE ( 'NONE', #1553, #739 ) ;
#715 = ORIENTED_EDGE ( 'NONE', *, *, #978, .T. ) ;
#716 = ORIENTED_EDGE ( 'NONE', *, *, #1287, .F. ) ;
#717 = ORIENTED_EDGE ( 'NONE', *, *, #293, .T. ) ;
#718 = CARTESIAN_POINT ( 'NONE',  ( 178.0000000000000284, -72.40000343881547451, 102.0000000000000000 ) ) ;
#719 = DIRECTION ( 'NONE',  ( -0.8660457897119175907, -0.4999646888753854213, 0.000000000000000000 ) ) ;
#720 = DIRECTION ( 'NONE',  ( 1.000000000000000000, 0.000000000000000000, 0.000000000000000000 ) ) ;
#721 = DIRECTION ( 'NONE',  ( 0.000000000000000000, 1.000000000000000000, 0.000000000000000000 ) ) ;
#722 = VERTEX_POINT ( 'NONE', #392 ) ;
#723 = VERTEX_POINT ( 'NONE', #875 ) ;
#724 = VERTEX_POINT ( 'NONE', #485 ) ;
#725 = AXIS2_PLACEMENT_3D ( 'NONE', #54, #404, #163 ) ;
#726 = CARTESIAN_POINT ( 'NONE',  ( 0.000000000000000000, -248.9000034388154745, 103.0000000000000568 ) ) ;
#727 = ADVANCED_FACE ( 'NONE', ( #249 ), #1263, .F. ) ;
#728 = DIRECTION ( 'NONE',  ( -1.000000000000000000, 0.000000000000000000, 0.000000000000000000 ) ) ;
#729 = DIRECTION ( 'NONE',  ( -0.000000000000000000, -0.000000000000000000, -1.000000000000000000 ) ) ;
#730 = CARTESIAN_POINT ( 'NONE',  ( 156.1006179717832651, -96.76511177020906018, 0.000000000000000000 ) ) ;
#731 = VERTEX_POINT ( 'NONE', #1010 ) ;
#732 = ORIENTED_EDGE ( 'NONE', *, *, #1160, .T. ) ;
#733 = PLANE ( 'NONE',  #777 ) ;
#734 = ADVANCED_FACE ( 'NONE', ( #1025, #72, #173, #1122, #1494, #523, #1376, #1369 ), #1247, .F. ) ;
#735 = CARTESIAN_POINT ( 'NONE',  ( 121.7572989578925160, -193.1341558140355232, 43.53125155711290972 ) ) ;
#736 = EDGE_CURVE ( 'NONE', #1095, #1157, #197, .T. ) ;
#737 = CARTESIAN_POINT ( 'NONE',  ( 178.0000000000000284, -72.40000343881547451, 102.0000000000000000 ) ) ;
#738 = ORIENTED_EDGE ( 'NONE', *, *, #353, .T. ) ;
#739 = VECTOR ( 'NONE', #1060, 1000.000000000000114 ) ;
#740 = ORIENTED_EDGE ( 'NONE', *, *, #1547, .T. ) ;
#741 = CARTESIAN_POINT ( 'NONE',  ( 0.000000000000000000, -72.40000343881547451, 104.0000000000000000 ) ) ;
#742 = AXIS2_PLACEMENT_3D ( 'NONE', #49, #1488, #1370 ) ;
#743 = CARTESIAN_POINT ( 'NONE',  ( 121.1539351844918428, -193.9582966530038277, 43.37633881143059256 ) ) ;
#744 = DIRECTION ( 'NONE',  ( -0.000000000000000000, -0.000000000000000000, -1.000000000000000000 ) ) ;
#745 = EDGE_CURVE ( 'NONE', #1055, #491, #73, .T. ) ;
#746 = AXIS2_PLACEMENT_3D ( 'NONE', #1241, #996, #1501 ) ;
#747 = CARTESIAN_POINT ( 'NONE',  ( 0.000000000000000000, -249.9000034388154745, 102.0000000000000142 ) ) ;
#748 = VERTEX_POINT ( 'NONE', #1002 ) ;
#749 = ORIENTED_EDGE ( 'NONE', *, *, #794, .F. ) ;
#750 = CARTESIAN_POINT ( 'NONE',  ( 81.46860697746383551, -213.1564410131167051, 3.000000000000000000 ) ) ;
#751 = CARTESIAN_POINT ( 'NONE',  ( 164.9467998078919777, -118.4574175168774133, 3.000000000000000000 ) ) ;
#752 = CYLINDRICAL_SURFACE ( 'NONE', #1522, 165.0000000000000000 ) ;
#753 = B_SPLINE_CURVE_WITH_KNOTS ( 'NONE', 3,
 ( #1363, #1020, #535, #648, #1137, #638, #426, #48, #190, #433, #64, #529, #661, #1144, #1235, #1114, #1129, #837, #1424, #828, #1523, #708, #1183, #335 ),
 .UNSPECIFIED., .F., .F.,
 ( 4, 2, 2, 2, 2, 2, 2, 2, 2, 2, 2, 4 ),
 ( 0.0009662619816421832812, 0.001668061806924396205, 0.002369861632206609128, 0.003071661457488821835, 0.003773461282771034975, 0.004475261108053248116, 0.004826161020694346229, 0.005177060933335444343, 0.005527960845976542456, 0.005878860758617640569, 0.006229760671258740418, 0.006580660583899838531 ),
 .UNSPECIFIED. ) ;
#754 = VERTEX_POINT ( 'NONE', #303 ) ;
#755 = CARTESIAN_POINT ( 'NONE',  ( 163.8467998078919834, -118.4574175168774133, 0.000000000000000000 ) ) ;
#756 = VECTOR ( 'NONE', #744, 1000.000000000000000 ) ;
#757 = CARTESIAN_POINT ( 'NONE',  ( 117.0992336242875353, -189.1756686464418635, -7.000000000000000000 ) ) ;
#758 = EDGE_CURVE ( 'NONE', #391, #1481, #165, .T. ) ;
#759 = CARTESIAN_POINT ( 'NONE',  ( 64.87434108069612648, -231.4084634046294298, 3.000000000000000000 ) ) ;
#760 = CARTESIAN_POINT ( 'NONE',  ( 117.0992336242875353, -189.1756686464418635, 0.000000000000000000 ) ) ;
#761 = DIRECTION ( 'NONE',  ( -1.000000000000000000, 0.000000000000000000, 0.000000000000000000 ) ) ;
#762 = AXIS2_PLACEMENT_3D ( 'NONE', #415, #553, #1139 ) ;
#763 = ORIENTED_EDGE ( 'NONE', *, *, #1499, .T. ) ;
#764 = DIRECTION ( 'NONE',  ( 1.000000000000000000, 0.000000000000000000, -0.000000000000000000 ) ) ;
#765 = EDGE_CURVE ( 'NONE', #156, #1368, #1276, .T. ) ;
#766 = LINE ( 'NONE', #1012, #352 ) ;
#767 = VECTOR ( 'NONE', #583, 1000.000000000000114 ) ;
#768 = DIRECTION ( 'NONE',  ( 0.000000000000000000, 0.000000000000000000, -1.000000000000000000 ) ) ;
#769 = CYLINDRICAL_SURFACE ( 'NONE', #246, 1.477000000000006086 ) ;
#770 = CARTESIAN_POINT ( 'NONE',  ( 118.8914199912872220, -192.3380286771052283, 46.12047990431953082 ) ) ;
#771 = ORIENTED_EDGE ( 'NONE', *, *, #1250, .T. ) ;
#772 = DIRECTION ( 'NONE',  ( 1.000000000000000000, 0.000000000000000000, 0.000000000000000000 ) ) ;
#773 = EDGE_CURVE ( 'NONE', #466, #125, #666, .T. ) ;
#774 = DIRECTION ( 'NONE',  ( -0.000000000000000000, -0.000000000000000000, -1.000000000000000000 ) ) ;
#775 = CARTESIAN_POINT ( 'NONE',  ( 156.1006179717832651, -96.76511177020906018, 0.000000000000000000 ) ) ;
#776 = CARTESIAN_POINT ( 'NONE',  ( 119.6803904397169589, -190.0141259692608173, 96.00108018064682369 ) ) ;
#777 = AXIS2_PLACEMENT_3D ( 'NONE', #1228, #1442, #501 ) ;
#778 = CARTESIAN_POINT ( 'NONE',  ( 121.7510314833496068, -192.3671114426556414, 44.07481745613914370 ) ) ;
#779 = ORIENTED_EDGE ( 'NONE', *, *, #548, .F. ) ;
#780 = DIRECTION ( 'NONE',  ( 0.000000000000000000, 0.000000000000000000, 1.000000000000000000 ) ) ;
#781 = EDGE_CURVE ( 'NONE', #748, #611, #57, .T. ) ;
#782 = AXIS2_PLACEMENT_3D ( 'NONE', #1013, #388, #1345 ) ;
#783 = CIRCLE ( 'NONE', #110, 1.099999999999989875 ) ;
#784 = CARTESIAN_POINT ( 'NONE',  ( 162.7467998078919891, -118.4574175168774133, 3.000000000000000000 ) ) ;
#785 = CARTESIAN_POINT ( 'NONE',  ( 119.3332262233281540, -189.6555668849852339, 96.50001727798014883 ) ) ;
#786 = EDGE_CURVE ( 'NONE', #1037, #1368, #281, .T. ) ;
#787 = CARTESIAN_POINT ( 'NONE',  ( 0.000000000000000000, -72.40000343881547451, 53.00000000000000711 ) ) ;
#788 = ORIENTED_EDGE ( 'NONE', *, *, #445, .F. ) ;
#789 = VERTEX_POINT ( 'NONE', #311 ) ;
#790 = AXIS2_PLACEMENT_3D ( 'NONE', #147, #884, #1107 ) ;
#791 = CARTESIAN_POINT ( 'NONE',  ( 0.000000000000000000, -72.40000343881547451, 102.0000000000000000 ) ) ;
#792 = DIRECTION ( 'NONE',  ( -0.000000000000000000, -0.000000000000000000, -1.000000000000000000 ) ) ;
#793 = DIRECTION ( 'NONE',  ( 0.000000000000000000, 0.000000000000000000, -1.000000000000000000 ) ) ;
#794 = EDGE_CURVE ( 'NONE', #500, #1102, #602, .T. ) ;
#795 = ORIENTED_EDGE ( 'NONE', *, *, #439, .F. ) ;
#796 = VECTOR ( 'NONE', #806, 1000.000000000000000 ) ;
#797 = ORIENTED_EDGE ( 'NONE', *, *, #859, .F. ) ;
#798 = DIRECTION ( 'NONE',  ( -0.000000000000000000, 0.000000000000000000, 1.000000000000000000 ) ) ;
#799 = DIRECTION ( 'NONE',  ( -1.000000000000000000, 0.000000000000000000, 0.000000000000000000 ) ) ;
#800 = CARTESIAN_POINT ( 'NONE',  ( 120.1587981965529082, -194.2064084580541703, 43.90080578842155745 ) ) ;
#801 = CARTESIAN_POINT ( 'NONE',  ( 0.000000000000000000, -72.40000343881547451, 103.0000000000000568 ) ) ;
#802 = EDGE_CURVE ( 'NONE', #984, #579, #888, .T. ) ;
#803 = ORIENTED_EDGE ( 'NONE', *, *, #195, .F. ) ;
#804 = EDGE_LOOP ( 'NONE', ( #32, #227 ) ) ;
#805 = EDGE_CURVE ( 'NONE', #1500, #984, #753, .T. ) ;
#806 = DIRECTION ( 'NONE',  ( -0.7071067811865495711, -0.000000000000000000, 0.7071067811865454633 ) ) ;
#807 = ORIENTED_EDGE ( 'NONE', *, *, #24, .F. ) ;
#808 = CARTESIAN_POINT ( 'NONE',  ( 163.8467998078919834, -118.4574175168774133, 3.000000000000000000 ) ) ;
#809 = DIRECTION ( 'NONE',  ( -0.000000000000000000, -0.000000000000000000, -1.000000000000000000 ) ) ;
#810 = CARTESIAN_POINT ( 'NONE',  ( 0.000000000000000000, -248.1000034388154916, 104.0000000000000000 ) ) ;
#811 = CARTESIAN_POINT ( 'NONE',  ( 0.000000000000000000, -72.40000343881547451, 50.00000000000000000 ) ) ;
#812 = VECTOR ( 'NONE', #1380, 1000.000000000000000 ) ;
#813 = ORIENTED_EDGE ( 'NONE', *, *, #1134, .T. ) ;
#814 = ORIENTED_EDGE ( 'NONE', *, *, #293, .F. ) ;
#815 = CARTESIAN_POINT ( 'NONE',  ( 164.3006183533857723, -96.76536591224802919, 0.000000000000000000 ) ) ;
#816 = EDGE_CURVE ( 'NONE', #846, #924, #1555, .T. ) ;
#817 = DIRECTION ( 'NONE',  ( 0.000000000000000000, 0.000000000000000000, 1.000000000000000000 ) ) ;
#818 = LINE ( 'NONE', #251, #1480 ) ;
#819 = CARTESIAN_POINT ( 'NONE',  ( 0.000000000000000000, -72.40000343881547451, 214.9999999999989768 ) ) ;
#820 = VERTEX_POINT ( 'NONE', #570 ) ;
#821 = FACE_OUTER_BOUND ( 'NONE', #1195, .T. ) ;
#822 = EDGE_CURVE ( 'NONE', #723, #1269, #1194, .T. ) ;
#823 = SHAPE_DEFINITION_REPRESENTATION ( #288, #704 ) ;
#824 = FACE_OUTER_BOUND ( 'NONE', #419, .T. ) ;
#825 = LINE ( 'NONE', #1335, #621 ) ;
#826 = LINE ( 'NONE', #730, #587 ) ;
#827 = ORIENTED_EDGE ( 'NONE', *, *, #305, .T. ) ;
#828 = CARTESIAN_POINT ( 'NONE',  ( 119.8484102772752919, -191.3555777438993744, 94.93893511117703099 ) ) ;
#829 = VERTEX_POINT ( 'NONE', #118 ) ;
#830 = CARTESIAN_POINT ( 'NONE',  ( 66.83099163238931339, -230.7994712693327983, 0.000000000000000000 ) ) ;
#831 = FACE_OUTER_BOUND ( 'NONE', #8, .T. ) ;
#832 = CARTESIAN_POINT ( 'NONE',  ( 79.79190199975681708, -213.8477578101843335, 0.000000000000000000 ) ) ;
#833 = DIRECTION ( 'NONE',  ( 1.000000000000000000, 0.000000000000000000, -0.000000000000000000 ) ) ;
#834 = AXIS2_PLACEMENT_3D ( 'NONE', #1298, #346, #600 ) ;
#835 = ORIENTED_EDGE ( 'NONE', *, *, #1371, .T. ) ;
#836 = ORIENTED_EDGE ( 'NONE', *, *, #135, .F. ) ;
#837 = CARTESIAN_POINT ( 'NONE',  ( 119.6987517344861658, -191.6589882042911199, 94.83111785224514279 ) ) ;
#838 = ORIENTED_EDGE ( 'NONE', *, *, #672, .F. ) ;
#839 = CARTESIAN_POINT ( 'NONE',  ( 0.000000000000000000, -72.40000343881547451, 88.79999999999991189 ) ) ;
#840 = CYLINDRICAL_SURFACE ( 'NONE', #834, 1.099999999999989875 ) ;
#841 = CARTESIAN_POINT ( 'NONE',  ( 121.6203983695409079, -193.4402361043849226, 43.41256369820533934 ) ) ;
#842 = VECTOR ( 'NONE', #1504, 1000.000000000000000 ) ;
#843 = DIRECTION ( 'NONE',  ( 0.000000000000000000, 0.000000000000000000, -1.000000000000000000 ) ) ;
#844 = VECTOR ( 'NONE', #69, 1000.000000000000000 ) ;
#845 = EDGE_CURVE ( 'NONE', #681, #673, #1288, .T. ) ;
#846 = VERTEX_POINT ( 'NONE', #512 ) ;
#847 = ORIENTED_EDGE ( 'NONE', *, *, #540, .F. ) ;
#848 = ORIENTED_EDGE ( 'NONE', *, *, #564, .F. ) ;
#849 = LINE ( 'NONE', #1089, #879 ) ;
#850 =( NAMED_UNIT ( * ) SI_UNIT ( $, .STERADIAN. ) SOLID_ANGLE_UNIT ( ) );
#851 = DIRECTION ( 'NONE',  ( 1.000000000000000000, 0.000000000000000000, 0.000000000000000000 ) ) ;
#852 = DIRECTION ( 'NONE',  ( 1.000000000000000000, 0.000000000000000000, 0.000000000000000000 ) ) ;
#853 = ORIENTED_EDGE ( 'NONE', *, *, #649, .F. ) ;
#854 = EDGE_LOOP ( 'NONE', ( #406, #1521, #318, #219 ) ) ;
#855 = ORIENTED_EDGE ( 'NONE', *, *, #477, .F. ) ;
#856 = CIRCLE ( 'NONE', #178, 1.099999999999989875 ) ;
#857 = LINE ( 'NONE', #1221, #1256 ) ;
#858 = AXIS2_PLACEMENT_3D ( 'NONE', #476, #1411, #1290 ) ;
#859 = EDGE_CURVE ( 'NONE', #945, #143, #1109, .T. ) ;
#860 = CARTESIAN_POINT ( 'NONE',  ( 157.4511978286605824, -94.96263792799982184, 0.000000000000000000 ) ) ;
#861 = DIRECTION ( 'NONE',  ( -0.000000000000000000, -0.000000000000000000, 1.000000000000000000 ) ) ;
#862 = CIRCLE ( 'NONE', #237, 1.099999999999976108 ) ;
#863 = MANIFOLD_SOLID_BREP ( 'Stock-encloser new chamfer-1', #464 ) ;
#864 = ORIENTED_EDGE ( 'NONE', *, *, #636, .T. ) ;
#865 = VERTEX_POINT ( 'NONE', #654 ) ;
#866 = ORIENTED_EDGE ( 'NONE', *, *, #802, .F. ) ;
#867 = LINE ( 'NONE', #741, #580 ) ;
#868 = EDGE_CURVE ( 'NONE', #1048, #667, #1210, .T. ) ;
#869 = PLANE ( 'NONE',  #254 ) ;
#870 = DIRECTION ( 'NONE',  ( 0.4999646888753854768, -0.8660457897119175907, 0.000000000000000000 ) ) ;
#871 = CARTESIAN_POINT ( 'NONE',  ( 175.0000000000000284, -72.40000343881547451, 102.0000000000000000 ) ) ;
#872 = ORIENTED_EDGE ( 'NONE', *, *, #1297, .T. ) ;
#873 = AXIS2_PLACEMENT_3D ( 'NONE', #937, #1519, #200 ) ;
#874 = ORIENTED_EDGE ( 'NONE', *, *, #68, .T. ) ;
#875 = CARTESIAN_POINT ( 'NONE',  ( 175.0000000000000284, -72.40000343881547451, 39.99999999999996447 ) ) ;
#876 = FACE_OUTER_BOUND ( 'NONE', #887, .T. ) ;
#877 = EDGE_CURVE ( 'NONE', #1475, #1101, #1052, .T. ) ;
#878 = LINE ( 'NONE', #37, #1120 ) ;
#879 = VECTOR ( 'NONE', #17, 1000.000000000000000 ) ;
#880 = SURFACE_SIDE_STYLE ('',( #417 ) ) ;
#881 = VERTEX_POINT ( 'NONE', #747 ) ;
#882 = DIRECTION ( 'NONE',  ( 0.000000000000000000, 0.000000000000000000, 1.000000000000000000 ) ) ;
#883 = CARTESIAN_POINT ( 'NONE',  ( 0.000000000000000000, -237.4000034388154745, 53.00000000000000711 ) ) ;
#884 = DIRECTION ( 'NONE',  ( 0.000000000000000000, 0.000000000000000000, -1.000000000000000000 ) ) ;
#885 = CARTESIAN_POINT ( 'NONE',  ( 119.2970196709098900, -191.6611002133211912, 46.31397719192087692 ) ) ;
#886 = EDGE_CURVE ( 'NONE', #1271, #1434, #62, .T. ) ;
#887 = EDGE_LOOP ( 'NONE', ( #855, #189, #131, #262 ) ) ;
#888 = LINE ( 'NONE', #656, #999 ) ;
#889 = AXIS2_PLACEMENT_3D ( 'NONE', #663, #1405, #1022 ) ;
#890 = CARTESIAN_POINT ( 'NONE',  ( 0.000000000000000000, -72.40000343881547451, 0.000000000000000000 ) ) ;
#891 = LINE ( 'NONE', #1372, #18 ) ;
#892 = LINE ( 'NONE', #645, #842 ) ;
#893 = CARTESIAN_POINT ( 'NONE',  ( 120.9049639332001647, -191.3695392753745352, 45.37759898094287792 ) ) ;
#894 = EDGE_CURVE ( 'NONE', #71, #723, #396, .T. ) ;
#895 = VERTEX_POINT ( 'NONE', #627 ) ;
#896 = AXIS2_PLACEMENT_3D ( 'NONE', #414, #1237, #52 ) ;
#897 = CARTESIAN_POINT ( 'NONE',  ( 0.000000000000000000, -72.40000343881547451, 104.0000000000000000 ) ) ;
#898 = VECTOR ( 'NONE', #345, 1000.000000000000000 ) ;
#899 = DIRECTION ( 'NONE',  ( -0.000000000000000000, -0.000000000000000000, 1.000000000000000000 ) ) ;
#900 = CARTESIAN_POINT ( 'NONE',  ( 119.8632069215016003, -190.4021707660552636, 95.59863674599910155 ) ) ;
#901 =( LENGTH_UNIT ( ) NAMED_UNIT ( * ) SI_UNIT ( .MILLI., .METRE. ) );
#902 = ORIENTED_EDGE ( 'NONE', *, *, #736, .F. ) ;
#903 = CARTESIAN_POINT ( 'NONE',  ( 0.000000000000000000, -250.4000034388155314, 102.0000000000000000 ) ) ;
#904 = ADVANCED_FACE ( 'NONE', ( #923 ), #930, .T. ) ;
#905 = CARTESIAN_POINT ( 'NONE',  ( 156.1006179717832651, -96.76511177020906018, 0.000000000000000000 ) ) ;
#906 = CARTESIAN_POINT ( 'NONE',  ( 119.7695905674210053, -190.1602336118636742, 95.83505851701112022 ) ) ;
#907 = AXIS2_PLACEMENT_3D ( 'NONE', #808, #1426, #926 ) ;
#908 = DIRECTION ( 'NONE',  ( 1.000000000000000000, 0.000000000000000000, 0.000000000000000000 ) ) ;
#909 = ORIENTED_EDGE ( 'NONE', *, *, #182, .T. ) ;
#910 = CARTESIAN_POINT ( 'NONE',  ( 0.000000000000000000, -72.40000343881547451, 279.6999999999999886 ) ) ;
#911 = ORIENTED_EDGE ( 'NONE', *, *, #1378, .F. ) ;
#912 = AXIS2_PLACEMENT_3D ( 'NONE', #791, #1273, #1057 ) ;
#913 = EDGE_CURVE ( 'NONE', #71, #514, #260, .T. ) ;
#914 = VECTOR ( 'NONE', #1358, 1000.000000000000000 ) ;
#915 = DIRECTION ( 'NONE',  ( -0.000000000000000000, -0.000000000000000000, -1.000000000000000000 ) ) ;
#916 = CARTESIAN_POINT ( 'NONE',  ( 118.5165109292457828, -189.3756859269761890, 97.27832318782245125 ) ) ;
#917 = CARTESIAN_POINT ( 'NONE',  ( 164.3000077947818909, -116.4652975132227084, 3.000000000000000000 ) ) ;
#918 = EDGE_LOOP ( 'NONE', ( #1097, #1322, #612, #506, #326, #302, #412, #85, #132, #1546, #1340, #740, #689, #779, #490, #1211, #1391, #1226 ) ) ;
#919 = CARTESIAN_POINT ( 'NONE',  ( 156.1006179717832651, -96.76511177020906018, 3.000000000000000000 ) ) ;
#920 = DIRECTION ( 'NONE',  ( 0.000000000000000000, 0.000000000000000000, 1.000000000000000000 ) ) ;
#921 = FACE_OUTER_BOUND ( 'NONE', #1220, .T. ) ;
#922 = EDGE_CURVE ( 'NONE', #325, #1079, #652, .T. ) ;
#923 = FACE_OUTER_BOUND ( 'NONE', #1433, .T. ) ;
#924 = VERTEX_POINT ( 'NONE', #1156 ) ;
#925 = ORIENTED_EDGE ( 'NONE', *, *, #1468, .T. ) ;
#926 = DIRECTION ( 'NONE',  ( -1.000000000000000000, 0.000000000000000000, 0.000000000000000000 ) ) ;
#927 = LINE ( 'NONE', #1259, #1445 ) ;
#928 = CARTESIAN_POINT ( 'NONE',  ( 118.8407499733384896, -192.9280270956063532, 45.73656633825126505 ) ) ;
#929 = CARTESIAN_POINT ( 'NONE',  ( 0.000000000000000000, -72.40000343881547451, 3.000000000000000000 ) ) ;
#930 = CONICAL_SURFACE ( 'NONE', #1130, 176.5000000000000000, 0.7853981633974482790 ) ;
#931 = EDGE_CURVE ( 'NONE', #709, #590, #207, .T. ) ;
#932 = EDGE_LOOP ( 'NONE', ( #749, #124 ) ) ;
#933 = VERTEX_POINT ( 'NONE', #82 ) ;
#934 = DIRECTION ( 'NONE',  ( -0.000000000000000000, -0.000000000000000000, -1.000000000000000000 ) ) ;
#935 = DIRECTION ( 'NONE',  ( 0.000000000000000000, 0.000000000000000000, 1.000000000000000000 ) ) ;
#936 = LINE ( 'NONE', #574, #90 ) ;
#937 = CARTESIAN_POINT ( 'NONE',  ( 0.000000000000000000, -72.40000343881547451, 102.0000000000000000 ) ) ;
#938 = EDGE_CURVE ( 'NONE', #336, #1549, #1261, .T. ) ;
#939 = ORIENTED_EDGE ( 'NONE', *, *, #1267, .T. ) ;
#940 = DIRECTION ( 'NONE',  ( 1.000000000000000000, 0.000000000000000000, 0.000000000000000000 ) ) ;
#941 = LINE ( 'NONE', #832, #1038 ) ;
#942 = VECTOR ( 'NONE', #1318, 1000.000000000000000 ) ;
#943 = CARTESIAN_POINT ( 'NONE',  ( 0.000000000000000000, -234.4000034388154745, 101.7999999999997698 ) ) ;
#944 = CARTESIAN_POINT ( 'NONE',  ( 156.3511978286605881, -94.96263792799982184, 3.000000000000000000 ) ) ;
#945 = VERTEX_POINT ( 'NONE', #917 ) ;
#946 = ORIENTED_EDGE ( 'NONE', *, *, #135, .T. ) ;
#947 = LINE ( 'NONE', #1314, #431 ) ;
#948 = AXIS2_PLACEMENT_3D ( 'NONE', #750, #42, #1487 ) ;
#949 = EDGE_CURVE ( 'NONE', #1018, #1142, #856, .T. ) ;
#950 = DIRECTION ( 'NONE',  ( -3.099293012500391761E-05, -0.9999999995197191849, 0.000000000000000000 ) ) ;
#951 = DIRECTION ( 'NONE',  ( 1.000000000000000000, 0.000000000000000000, 0.000000000000000000 ) ) ;
#952 = ORIENTED_EDGE ( 'NONE', *, *, #525, .F. ) ;
#953 = VERTEX_POINT ( 'NONE', #1407 ) ;
#954 = ORIENTED_EDGE ( 'NONE', *, *, #504, .T. ) ;
#955 = FACE_OUTER_BOUND ( 'NONE', #92, .T. ) ;
#956 = DIRECTION ( 'NONE',  ( -0.000000000000000000, -0.000000000000000000, 1.000000000000000000 ) ) ;
#957 = ADVANCED_FACE ( 'NONE', ( #324, #1029 ), #463, .T. ) ;
#958 = FACE_OUTER_BOUND ( 'NONE', #1240, .T. ) ;
#959 = AXIS2_PLACEMENT_3D ( 'NONE', #230, #719, #592 ) ;
#960 = ORIENTED_EDGE ( 'NONE', *, *, #60, .T. ) ;
#961 = ORIENTED_EDGE ( 'NONE', *, *, #682, .F. ) ;
#962 = VERTEX_POINT ( 'NONE', #438 ) ;
#963 = FACE_OUTER_BOUND ( 'NONE', #1046, .T. ) ;
#964 = FACE_OUTER_BOUND ( 'NONE', #854, .T. ) ;
#965 = CARTESIAN_POINT ( 'NONE',  ( 121.7947499733385541, -192.7351630334612764, 53.00000000000000711 ) ) ;
#966 = EDGE_CURVE ( 'NONE', #579, #1439, #1282, .T. ) ;
#967 = UNCERTAINTY_MEASURE_WITH_UNIT (LENGTH_MEASURE( 1.000000000000000082E-05 ), #901, 'distance_accuracy_value', 'NONE');
#968 = ORIENTED_EDGE ( 'NONE', *, *, #886, .T. ) ;
#969 = EDGE_CURVE ( 'NONE', #754, #667, #577, .T. ) ;
#970 = ORIENTED_EDGE ( 'NONE', *, *, #98, .T. ) ;
#971 = AXIS2_PLACEMENT_3D ( 'NONE', #469, #798, #442 ) ;
#972 = ORIENTED_EDGE ( 'NONE', *, *, #966, .F. ) ;
#973 = DIRECTION ( 'NONE',  ( -0.000000000000000000, -0.000000000000000000, -1.000000000000000000 ) ) ;
#974 = CARTESIAN_POINT ( 'NONE',  ( 121.5620629580083119, -193.5395426413592190, 43.38383079571755019 ) ) ;
#975 = CARTESIAN_POINT ( 'NONE',  ( 155.2511978286605938, -94.96263792799982184, 3.000000000000000000 ) ) ;
#976 = VERTEX_POINT ( 'NONE', #665 ) ;
#977 = ORIENTED_EDGE ( 'NONE', *, *, #628, .F. ) ;
#978 = EDGE_CURVE ( 'NONE', #123, #846, #659, .T. ) ;
#979 = ORIENTED_EDGE ( 'NONE', *, *, #978, .F. ) ;
#980 = DIRECTION ( 'NONE',  ( 0.9999999995197191849, -3.099293012438632895E-05, 0.000000000000000000 ) ) ;
#981 = DIRECTION ( 'NONE',  ( 1.000000000000000000, 0.000000000000000000, 0.000000000000000000 ) ) ;
#982 = DIRECTION ( 'NONE',  ( -0.000000000000000000, -0.000000000000000000, 1.000000000000000000 ) ) ;
#983 = VECTOR ( 'NONE', #245, 1000.000000000000000 ) ;
#984 = VERTEX_POINT ( 'NONE', #1275 ) ;
#985 = VECTOR ( 'NONE', #1033, 1000.000000000000000 ) ;
#986 = CIRCLE ( 'NONE', #1189, 1.477000000000006086 ) ;
#987 = EDGE_LOOP ( 'NONE', ( #196, #1303, #208, #380 ) ) ;
#988 = LINE ( 'NONE', #153, #103 ) ;
#989 = ADVANCED_FACE ( 'NONE', ( #1164 ), #1529, .F. ) ;
#990 = CARTESIAN_POINT ( 'NONE',  ( 66.83099163238931339, -230.7994712693327983, 3.000000000000000000 ) ) ;
#991 = FACE_OUTER_BOUND ( 'NONE', #1219, .T. ) ;
#992 = AXIS2_PLACEMENT_3D ( 'NONE', #28, #19, #720 ) ;
#993 =( NAMED_UNIT ( * ) PLANE_ANGLE_UNIT ( ) SI_UNIT ( $, .RADIAN. ) );
#994 = CIRCLE ( 'NONE', #524, 175.0000000000000284 ) ;
#995 = ORIENTED_EDGE ( 'NONE', *, *, #548, .T. ) ;
#996 = DIRECTION ( 'NONE',  ( 0.000000000000000000, 0.000000000000000000, 1.000000000000000000 ) ) ;
#997 = EDGE_CURVE ( 'NONE', #1071, #681, #1225, .T. ) ;
#998 = LINE ( 'NONE', #395, #400 ) ;
#999 = VECTOR ( 'NONE', #158, 1000.000000000000000 ) ;
#1000 = CARTESIAN_POINT ( 'NONE',  ( 119.5727385585809230, -191.4380985942391362, 46.27640164166815850 ) ) ;
#1001 = ORIENTED_EDGE ( 'NONE', *, *, #672, .T. ) ;
#1002 = CARTESIAN_POINT ( 'NONE',  ( 0.000000000000000000, -250.4000034388155314, 0.000000000000000000 ) ) ;
#1003 = AXIS2_PLACEMENT_3D ( 'NONE', #1415, #1268, #1024 ) ;
#1004 = FACE_OUTER_BOUND ( 'NONE', #344, .T. ) ;
#1005 = DIRECTION ( 'NONE',  ( -0.000000000000000000, -0.000000000000000000, -1.000000000000000000 ) ) ;
#1006 = FACE_OUTER_BOUND ( 'NONE', #449, .T. ) ;
#1007 = ADVANCED_FACE ( 'NONE', ( #1173 ), #1045, .F. ) ;
#1008 = CARTESIAN_POINT ( 'NONE',  ( 121.1966373337551630, -191.5362862712345304, 45.05272301460368567 ) ) ;
#1009 = ORIENTED_EDGE ( 'NONE', *, *, #1215, .T. ) ;
#1010 = CARTESIAN_POINT ( 'NONE',  ( 115.6222336242875315, -189.1756686464418635, 0.000000000000000000 ) ) ;
#1011 = MECHANICAL_DESIGN_GEOMETRIC_PRESENTATION_REPRESENTATION (  '', ( #1291 ), #232 ) ;
#1012 = CARTESIAN_POINT ( 'NONE',  ( 65.97434108069610659, -231.4084634046294298, 3.000000000000000000 ) ) ;
#1013 = CARTESIAN_POINT ( 'NONE',  ( 0.000000000000000000, -72.40000343881547451, 102.0000000000000000 ) ) ;
#1014 = CARTESIAN_POINT ( 'NONE',  ( 118.4545279843704435, -190.8545314231859322, 98.99999999999998579 ) ) ;
#1015 = EDGE_CURVE ( 'NONE', #34, #1152, #1270, .T. ) ;
#1016 = PRESENTATION_STYLE_ASSIGNMENT (( #646 ) ) ;
#1017 = EDGE_CURVE ( 'NONE', #1481, #1269, #117, .T. ) ;
#1018 = VERTEX_POINT ( 'NONE', #1538 ) ;
#1019 = VECTOR ( 'NONE', #1100, 1000.000000000000000 ) ;
#1020 = CARTESIAN_POINT ( 'NONE',  ( 116.9775279843704396, -191.0467150098727416, 97.18437652970017382 ) ) ;
#1021 = CIRCLE ( 'NONE', #742, 1.099999999999989875 ) ;
#1022 = DIRECTION ( 'NONE',  ( -1.000000000000000000, 0.000000000000000000, 0.000000000000000000 ) ) ;
#1023 = DIRECTION ( 'NONE',  ( -0.000000000000000000, -0.000000000000000000, 1.000000000000000000 ) ) ;
#1024 = DIRECTION ( 'NONE',  ( 1.000000000000000000, 0.000000000000000000, 0.000000000000000000 ) ) ;
#1025 = FACE_BOUND ( 'NONE', #589, .T. ) ;
#1026 = ADVANCED_FACE ( 'NONE', ( #348 ), #187, .F. ) ;
#1027 = LINE ( 'NONE', #573, #316 ) ;
#1028 = CARTESIAN_POINT ( 'NONE',  ( 164.9467998078919777, -118.4574175168774133, 0.000000000000000000 ) ) ;
#1029 = FACE_OUTER_BOUND ( 'NONE', #1128, .T. ) ;
#1030 = ORIENTED_EDGE ( 'NONE', *, *, #402, .F. ) ;
#1031 = CARTESIAN_POINT ( 'NONE',  ( 164.3006183533857723, -96.76536591224802919, 0.000000000000000000 ) ) ;
#1032 = AXIS2_PLACEMENT_3D ( 'NONE', #1413, #915, #799 ) ;
#1033 = DIRECTION ( 'NONE',  ( -0.000000000000000000, -0.000000000000000000, 1.000000000000000000 ) ) ;
#1034 = DIRECTION ( 'NONE',  ( -0.000000000000000000, -0.000000000000000000, 1.000000000000000000 ) ) ;
#1035 = CARTESIAN_POINT ( 'NONE',  ( 0.000000000000000000, -72.40000343881547451, 104.0000000000000000 ) ) ;
#1036 = ADVANCED_FACE ( 'NONE', ( #958 ), #1085, .T. ) ;
#1037 = VERTEX_POINT ( 'NONE', #364 ) ;
#1038 = VECTOR ( 'NONE', #1043, 1000.000000000000114 ) ;
#1039 = ORIENTED_EDGE ( 'NONE', *, *, #1250, .F. ) ;
#1040 = CARTESIAN_POINT ( 'NONE',  ( 0.000000000000000000, -247.4000034388154745, 3.799999999999720046 ) ) ;
#1041 = CONICAL_SURFACE ( 'NONE', #790, 175.7000000000000171, 0.7853981633974482790 ) ;
#1042 = CARTESIAN_POINT ( 'NONE',  ( 155.0000000000000000, -72.40000343881547451, 0.000000000000000000 ) ) ;
#1043 = DIRECTION ( 'NONE',  ( -0.4999646888753854768, 0.8660457897119175907, -0.000000000000000000 ) ) ;
#1044 = ADVANCED_FACE ( 'NONE', ( #113, #1068 ), #446, .F. ) ;
#1045 = CYLINDRICAL_SURFACE ( 'NONE', #662, 1.477000000000006086 ) ;
#1046 = EDGE_LOOP ( 'NONE', ( #716, #582, #1394, #642 ) ) ;
#1047 = ORIENTED_EDGE ( 'NONE', *, *, #868, .F. ) ;
#1048 = VERTEX_POINT ( 'NONE', #943 ) ;
#1049 = DIRECTION ( 'NONE',  ( -1.000000000000000000, 0.000000000000000000, 0.000000000000000000 ) ) ;
#1050 = FACE_BOUND ( 'NONE', #1286, .T. ) ;
#1051 = DIRECTION ( 'NONE',  ( 1.000000000000000000, 0.000000000000000000, 0.000000000000000000 ) ) ;
#1052 = CIRCLE ( 'NONE', #725, 175.0000000000000284 ) ;
#1053 = CIRCLE ( 'NONE', #858, 1.099999999999989875 ) ;
#1054 = EDGE_CURVE ( 'NONE', #630, #671, #714, .T. ) ;
#1055 = VERTEX_POINT ( 'NONE', #965 ) ;
#1056 = CYLINDRICAL_SURFACE ( 'NONE', #424, 1.099999999999989875 ) ;
#1057 = DIRECTION ( 'NONE',  ( -1.000000000000000000, 0.000000000000000000, -0.000000000000000000 ) ) ;
#1058 = DIRECTION ( 'NONE',  ( -0.9999999995197191849, 3.099293012500391761E-05, 0.000000000000000000 ) ) ;
#1059 = CIRCLE ( 'NONE', #1392, 162.0000000000000000 ) ;
#1060 = DIRECTION ( 'NONE',  ( 0.4999646888753854768, -0.8660457897119175907, 0.000000000000000000 ) ) ;
#1061 = EDGE_CURVE ( 'NONE', #1102, #500, #1143, .T. ) ;
#1062 = ORIENTED_EDGE ( 'NONE', *, *, #868, .T. ) ;
#1063 = EDGE_CURVE ( 'NONE', #141, #1254, #825, .T. ) ;
#1064 = ORIENTED_EDGE ( 'NONE', *, *, #997, .F. ) ;
#1065 = DIRECTION ( 'NONE',  ( 1.000000000000000000, -0.000000000000000000, 0.000000000000000000 ) ) ;
#1066 = PLANE ( 'NONE',  #167 ) ;
#1067 = AXIS2_PLACEMENT_3D ( 'NONE', #1479, #1242, #1124 ) ;
#1068 = FACE_OUTER_BOUND ( 'NONE', #1418, .T. ) ;
#1069 = ORIENTED_EDGE ( 'NONE', *, *, #684, .T. ) ;
#1070 = ORIENTED_EDGE ( 'NONE', *, *, #758, .F. ) ;
#1071 = VERTEX_POINT ( 'NONE', #356 ) ;
#1072 = CARTESIAN_POINT ( 'NONE',  ( 0.000000000000000000, -72.40000343881547451, 104.0000000000000000 ) ) ;
#1073 = EDGE_CURVE ( 'NONE', #976, #924, #1328, .T. ) ;
#1074 = AXIS2_PLACEMENT_3D ( 'NONE', #897, #780, #1482 ) ;
#1075 = FACE_BOUND ( 'NONE', #1158, .T. ) ;
#1076 = FACE_OUTER_BOUND ( 'NONE', #1402, .T. ) ;
#1077 = MECHANICAL_DESIGN_GEOMETRIC_PRESENTATION_REPRESENTATION (  '', ( #386 ), #55 ) ;
#1078 = ORIENTED_EDGE ( 'NONE', *, *, #1343, .T. ) ;
#1079 = VERTEX_POINT ( 'NONE', #1446 ) ;
#1080 = ORIENTED_EDGE ( 'NONE', *, *, #765, .F. ) ;
#1081 = CARTESIAN_POINT ( 'NONE',  ( 0.000000000000000000, -247.4000034388155029, 102.0000000000000000 ) ) ;
#1082 = PRODUCT_DEFINITION ( 'UNKNOWN', '', #1310, #1506 ) ;
#1083 = SURFACE_STYLE_USAGE ( .BOTH. , #10 ) ;
#1084 = LINE ( 'NONE', #36, #1393 ) ;
#1085 = PLANE ( 'NONE',  #193 ) ;
#1086 = ORIENTED_EDGE ( 'NONE', *, *, #454, .T. ) ;
#1087 = ORIENTED_EDGE ( 'NONE', *, *, #1017, .F. ) ;
#1088 = ORIENTED_EDGE ( 'NONE', *, *, #1017, .T. ) ;
#1089 = CARTESIAN_POINT ( 'NONE',  ( 121.7947499733385541, -192.7351630334612764, 43.00000000000000000 ) ) ;
#1090 = LINE ( 'NONE', #1379, #221 ) ;
#1091 = CARTESIAN_POINT ( 'NONE',  ( 0.000000000000000000, -247.4000034388155029, 102.0000000000000000 ) ) ;
#1092 = UNCERTAINTY_MEASURE_WITH_UNIT (LENGTH_MEASURE( 1.000000000000000082E-05 ), #494, 'distance_accuracy_value', 'NONE');
#1093 = ADVANCED_FACE ( 'NONE', ( #1076 ), #5, .F. ) ;
#1094 = CARTESIAN_POINT ( 'NONE',  ( 64.87434108069612648, -231.4084634046294298, 0.000000000000000000 ) ) ;
#1095 = VERTEX_POINT ( 'NONE', #496 ) ;
#1096 = VECTOR ( 'NONE', #556, 1000.000000000000000 ) ;
#1097 = ORIENTED_EDGE ( 'NONE', *, *, #845, .F. ) ;
#1098 = CARTESIAN_POINT ( 'NONE',  ( 174.1999999999999886, -72.40000343881547451, 53.00000000000000711 ) ) ;
#1099 = CARTESIAN_POINT ( 'NONE',  ( 0.000000000000000000, -72.40000343881547451, 3.000000000000002665 ) ) ;
#1100 = DIRECTION ( 'NONE',  ( 0.7071067811865474617, 0.000000000000000000, -0.7071067811865475727 ) ) ;
#1101 = VERTEX_POINT ( 'NONE', #1308 ) ;
#1102 = VERTEX_POINT ( 'NONE', #233 ) ;
#1103 = DIRECTION ( 'NONE',  ( -1.000000000000000000, 0.000000000000000000, 0.000000000000000000 ) ) ;
#1104 = CIRCLE ( 'NONE', #458, 175.0000000000000284 ) ;
#1105 = AXIS2_PLACEMENT_3D ( 'NONE', #1551, #935, #478 ) ;
#1106 = DIRECTION ( 'NONE',  ( -0.000000000000000000, -0.000000000000000000, -1.000000000000000000 ) ) ;
#1107 = DIRECTION ( 'NONE',  ( -1.000000000000000000, 0.000000000000000000, 0.000000000000000000 ) ) ;
#1108 = VECTOR ( 'NONE', #444, 1000.000000000000000 ) ;
#1109 = LINE ( 'NONE', #1127, #1206 ) ;
#1110 = EDGE_LOOP ( 'NONE', ( #1320, #1449 ) ) ;
#1111 = AXIS2_PLACEMENT_3D ( 'NONE', #111, #711, #361 ) ;
#1112 = VECTOR ( 'NONE', #1106, 1000.000000000000000 ) ;
#1113 = EDGE_LOOP ( 'NONE', ( #679, #1465 ) ) ;
#1114 = CARTESIAN_POINT ( 'NONE',  ( 119.4729454731029819, -191.9306265680647812, 94.79899085876044751 ) ) ;
#1115 = ADVANCED_FACE ( 'NONE', ( #106, #1438 ), #618, .T. ) ;
#1116 = LINE ( 'NONE', #137, #914 ) ;
#1117 = CARTESIAN_POINT ( 'NONE',  ( 0.000000000000000000, -72.40000343881547451, 39.99999999999996447 ) ) ;
#1118 = CIRCLE ( 'NONE', #992, 1.099999999999989875 ) ;
#1119 = CARTESIAN_POINT ( 'NONE',  ( 121.3267676035789577, -191.6438828860044055, 44.88448882607926294 ) ) ;
#1120 = VECTOR ( 'NONE', #870, 1000.000000000000114 ) ;
#1121 = EDGE_LOOP ( 'NONE', ( #375, #954 ) ) ;
#1122 = FACE_BOUND ( 'NONE', #1531, .T. ) ;
#1123 = EDGE_CURVE ( 'NONE', #1101, #962, #1217, .T. ) ;
#1124 = DIRECTION ( 'NONE',  ( 0.000000000000000000, -0.000000000000000000, 1.000000000000000000 ) ) ;
#1125 = DIRECTION ( 'NONE',  ( -1.000000000000000000, 0.000000000000000000, 0.000000000000000000 ) ) ;
#1126 = CONICAL_SURFACE ( 'NONE', #1333, 164.9999999999999147, 0.7853981633974511656 ) ;
#1127 = CARTESIAN_POINT ( 'NONE',  ( 164.3000077947818909, -116.4652975132227084, 3.000000000000000000 ) ) ;
#1128 = EDGE_LOOP ( 'NONE', ( #569, #459, #484, #367 ) ) ;
#1129 = CARTESIAN_POINT ( 'NONE',  ( 119.5564345780917535, -191.8450087382880156, 94.80048266284224212 ) ) ;
#1130 = AXIS2_PLACEMENT_3D ( 'NONE', #801, #793, #1505 ) ;
#1131 = ADVANCED_FACE ( 'NONE', ( #243 ), #1200, .F. ) ;
#1132 = DIRECTION ( 'NONE',  ( -0.000000000000000000, -0.000000000000000000, -1.000000000000000000 ) ) ;
#1133 = DIRECTION ( 'NONE',  ( 0.8660457897119175907, 0.4999646888753854213, -0.000000000000000000 ) ) ;
#1134 = EDGE_CURVE ( 'NONE', #1071, #366, #818, .T. ) ;
#1135 = CARTESIAN_POINT ( 'NONE',  ( 0.000000000000000000, -72.40000343881547451, 101.7999999999997698 ) ) ;
#1136 = EDGE_LOOP ( 'NONE', ( #475, #263, #489, #911 ) ) ;
#1137 = CARTESIAN_POINT ( 'NONE',  ( 117.2254821998572680, -191.6902895434185154, 96.55172374452448025 ) ) ;
#1138 = DIRECTION ( 'NONE',  ( 3.099293012500391761E-05, 0.9999999995197191849, -0.000000000000000000 ) ) ;
#1139 = DIRECTION ( 'NONE',  ( 1.000000000000000000, 0.000000000000000000, 0.000000000000000000 ) ) ;
#1140 = DIRECTION ( 'NONE',  ( 1.000000000000000000, 0.000000000000000000, 0.000000000000000000 ) ) ;
#1141 = EDGE_CURVE ( 'NONE', #731, #865, #543, .T. ) ;
#1142 = VERTEX_POINT ( 'NONE', #379 ) ;
#1143 = CIRCLE ( 'NONE', #1199, 1.099999999999976108 ) ;
#1144 = CARTESIAN_POINT ( 'NONE',  ( 119.1914541580549951, -192.1394074912380177, 94.84995841914546588 ) ) ;
#1145 = APPLICATION_CONTEXT ( 'automotive_design' ) ;
#1146 = DIRECTION ( 'NONE',  ( 1.000000000000000000, 0.000000000000000000, 0.000000000000000000 ) ) ;
#1147 = FACE_OUTER_BOUND ( 'NONE', #1383, .T. ) ;
#1148 = CARTESIAN_POINT ( 'NONE',  ( 80.36860697746384119, -213.1564410131167051, 3.000000000000000000 ) ) ;
#1149 = DIRECTION ( 'NONE',  ( -0.000000000000000000, -0.000000000000000000, -1.000000000000000000 ) ) ;
#1150 = AXIS2_PLACEMENT_3D ( 'NONE', #181, #643, #407 ) ;
#1151 = ORIENTED_EDGE ( 'NONE', *, *, #332, .T. ) ;
#1152 = VERTEX_POINT ( 'NONE', #503 ) ;
#1153 = LINE ( 'NONE', #384, #309 ) ;
#1154 = CARTESIAN_POINT ( 'NONE',  ( 116.9775279843704396, -190.8545314231859322, 104.0000000000000000 ) ) ;
#1155 = CARTESIAN_POINT ( 'NONE',  ( 117.2084833963763657, -190.0527576281147333, 97.72777034736934354 ) ) ;
#1156 = CARTESIAN_POINT ( 'NONE',  ( 82.56860697746381561, -213.1564410131167051, 0.000000000000000000 ) ) ;
#1157 = VERTEX_POINT ( 'NONE', #975 ) ;
#1158 = EDGE_LOOP ( 'NONE', ( #1212, #1459, #847, #1464 ) ) ;
#1159 = LINE ( 'NONE', #1168, #301 ) ;
#1160 = EDGE_CURVE ( 'NONE', #829, #953, #145, .T. ) ;
#1161 = COLOUR_RGB ( '',0.7921568627450980005, 0.8196078431372548767, 0.9333333333333333481 ) ;
#1162 = CARTESIAN_POINT ( 'NONE',  ( 175.7000000000000171, -72.40000343881547451, 104.0000000000000000 ) ) ;
#1163 = DIRECTION ( 'NONE',  ( 3.099293012438632895E-05, 0.9999999995197191849, -0.000000000000000000 ) ) ;
#1164 = FACE_OUTER_BOUND ( 'NONE', #119, .T. ) ;
#1165 = VERTEX_POINT ( 'NONE', #1545 ) ;
#1166 = DIRECTION ( 'NONE',  ( 0.000000000000000000, 0.000000000000000000, 1.000000000000000000 ) ) ;
#1167 = EDGE_LOOP ( 'NONE', ( #961, #1280, #115, #390 ) ) ;
#1168 = CARTESIAN_POINT ( 'NONE',  ( 0.000000000000000000, -72.40000343881547451, 102.0000000000000000 ) ) ;
#1169 = ADVANCED_FACE ( 'NONE', ( #641 ), #29, .T. ) ;
#1170 = CARTESIAN_POINT ( 'NONE',  ( 0.000000000000000000, -72.40000343881547451, 279.6999999999999886 ) ) ;
#1171 = CARTESIAN_POINT ( 'NONE',  ( 117.0282275946337336, -190.4573213219231036, 97.56784595832606044 ) ) ;
#1172 = CIRCLE ( 'NONE', #1429, 178.0000000000000284 ) ;
#1173 = FACE_OUTER_BOUND ( 'NONE', #264, .T. ) ;
#1174 = ORIENTED_EDGE ( 'NONE', *, *, #1371, .F. ) ;
#1175 = ORIENTED_EDGE ( 'NONE', *, *, #694, .T. ) ;
#1176 = CARTESIAN_POINT ( 'NONE',  ( 162.7467998078919891, -118.4574175168774133, 0.000000000000000000 ) ) ;
#1177 = CARTESIAN_POINT ( 'NONE',  ( 62.73079994243203572, -223.6970621810294801, 0.000000000000000000 ) ) ;
#1178 = CARTESIAN_POINT ( 'NONE',  ( 118.8768185501867123, -193.1033810211553430, 45.58630948911756775 ) ) ;
#1179 = DIRECTION ( 'NONE',  ( 1.000000000000000000, 0.000000000000000000, 0.000000000000000000 ) ) ;
#1180 = CONICAL_SURFACE ( 'NONE', #653, 175.0000000000000284, 0.7853981633974657095 ) ;
#1181 = EDGE_CURVE ( 'NONE', #1165, #482, #1485, .T. ) ;
#1182 = CYLINDRICAL_SURFACE ( 'NONE', #1390, 1.099999999999989875 ) ;
#1183 = CARTESIAN_POINT ( 'NONE',  ( 119.9315279843705042, -190.9505958150708977, 95.16486224375412917 ) ) ;
#1184 = EDGE_LOOP ( 'NONE', ( #1039, #1556, #1175, #294 ) ) ;
#1185 = CARTESIAN_POINT ( 'NONE',  ( 164.3006183533857723, -96.76536591224802919, 3.000000000000000000 ) ) ;
#1186 = VECTOR ( 'NONE', #53, 1000.000000000000000 ) ;
#1187 = CARTESIAN_POINT ( 'NONE',  ( 120.5466971701426928, -194.1979946397263745, 43.63416592704515296 ) ) ;
#1188 = CIRCLE ( 'NONE', #782, 178.0000000000000284 ) ;
#1189 = AXIS2_PLACEMENT_3D ( 'NONE', #159, #1462, #851 ) ;
#1190 = DIRECTION ( 'NONE',  ( 0.8660457897119172577, 0.4999646888753859764, 0.000000000000000000 ) ) ;
#1191 = ADVANCED_FACE ( 'NONE', ( #403 ), #1041, .T. ) ;
#1192 = EDGE_LOOP ( 'NONE', ( #697, #203, #874, #1339 ) ) ;
#1193 = ORIENTED_EDGE ( 'NONE', *, *, #1499, .F. ) ;
#1194 = LINE ( 'NONE', #819, #796 ) ;
#1195 = EDGE_LOOP ( 'NONE', ( #637, #1078, #468, #434 ) ) ;
#1196 = DIRECTION ( 'NONE',  ( 0.000000000000000000, 0.000000000000000000, 1.000000000000000000 ) ) ;
#1197 = FACE_OUTER_BOUND ( 'NONE', #1272, .T. ) ;
#1198 = CARTESIAN_POINT ( 'NONE',  ( 164.3000077947818909, -116.4652975132227084, 0.000000000000000000 ) ) ;
#1199 = AXIS2_PLACEMENT_3D ( 'NONE', #130, #13, #951 ) ;
#1200 = PLANE ( 'NONE',  #1401 ) ;
#1201 = ORIENTED_EDGE ( 'NONE', *, *, #435, .F. ) ;
#1202 = ORIENTED_EDGE ( 'NONE', *, *, #382, .F. ) ;
#1203 = EDGE_CURVE ( 'NONE', #1549, #933, #878, .T. ) ;
#1204 = ORIENTED_EDGE ( 'NONE', *, *, #1307, .F. ) ;
#1205 = CARTESIAN_POINT ( 'NONE',  ( 0.000000000000000000, -250.4000034388155314, 102.0000000000000000 ) ) ;
#1206 = VECTOR ( 'NONE', #292, 1000.000000000000000 ) ;
#1207 = AXIS2_PLACEMENT_3D ( 'NONE', #1099, #495, #282 ) ;
#1208 = CARTESIAN_POINT ( 'NONE',  ( 121.4192005840230451, -193.7261967915354433, 43.35311279412521657 ) ) ;
#1209 = CARTESIAN_POINT ( 'NONE',  ( 117.0992336242875353, -189.1756686464418635, 0.000000000000000000 ) ) ;
#1210 = CIRCLE ( 'NONE', #129, 162.0000000000000000 ) ;
#1211 = ORIENTED_EDGE ( 'NONE', *, *, #894, .T. ) ;
#1212 = ORIENTED_EDGE ( 'NONE', *, *, #312, .F. ) ;
#1213 = ORIENTED_EDGE ( 'NONE', *, *, #1547, .F. ) ;
#1214 = DIRECTION ( 'NONE',  ( -0.000000000000000000, -0.000000000000000000, 1.000000000000000000 ) ) ;
#1215 = EDGE_CURVE ( 'NONE', #391, #723, #994, .T. ) ;
#1216 = DIRECTION ( 'NONE',  ( -0.000000000000000000, -0.000000000000000000, -1.000000000000000000 ) ) ;
#1217 = LINE ( 'NONE', #1091, #942 ) ;
#1218 = ORIENTED_EDGE ( 'NONE', *, *, #274, .F. ) ;
#1219 = EDGE_LOOP ( 'NONE', ( #286, #960, #1087, #1218 ) ) ;
#1220 = EDGE_LOOP ( 'NONE', ( #239, #280, #1069, #47 ) ) ;
#1221 = CARTESIAN_POINT ( 'NONE',  ( 0.000000000000000000, -72.40000343881547451, 0.000000000000000000 ) ) ;
#1222 = CARTESIAN_POINT ( 'NONE',  ( 121.7947499733385683, -192.9270007980991863, 43.65035864988993097 ) ) ;
#1223 = EDGE_CURVE ( 'NONE', #596, #667, #998, .T. ) ;
#1224 = DIRECTION ( 'NONE',  ( -0.000000000000000000, -0.000000000000000000, 1.000000000000000000 ) ) ;
#1225 = CIRCLE ( 'NONE', #67, 174.1999999999999886 ) ;
#1226 = ORIENTED_EDGE ( 'NONE', *, *, #60, .F. ) ;
#1227 = EDGE_LOOP ( 'NONE', ( #1486, #660, #499, #1001 ) ) ;
#1228 = CARTESIAN_POINT ( 'NONE',  ( 156.1006179717832651, -96.76511177020906018, 3.000000000000000000 ) ) ;
#1229 = DIRECTION ( 'NONE',  ( -0.000000000000000000, -0.000000000000000000, -1.000000000000000000 ) ) ;
#1230 = AXIS2_PLACEMENT_3D ( 'NONE', #420, #882, #1508 ) ;
#1231 = CARTESIAN_POINT ( 'NONE',  ( 117.0992336242875353, -189.1756686464418635, 3.000000000000000000 ) ) ;
#1232 = ADVANCED_FACE ( 'NONE', ( #1364 ), #644, .F. ) ;
#1233 = ORIENTED_EDGE ( 'NONE', *, *, #781, .T. ) ;
#1234 = ORIENTED_EDGE ( 'NONE', *, *, #576, .F. ) ;
#1235 = CARTESIAN_POINT ( 'NONE',  ( 119.2912662490501390, -192.0772431711498882, 94.82356839392048187 ) ) ;
#1236 = DIRECTION ( 'NONE',  ( 0.000000000000000000, 0.000000000000000000, -1.000000000000000000 ) ) ;
#1237 = DIRECTION ( 'NONE',  ( -0.000000000000000000, -0.000000000000000000, 1.000000000000000000 ) ) ;
#1238 = CIRCLE ( 'NONE', #1513, 1.477000000000006086 ) ;
#1239 = ADVANCED_FACE ( 'NONE', ( #991 ), #752, .F. ) ;
#1240 = EDGE_LOOP ( 'NONE', ( #1375, #133, #381, #63 ) ) ;
#1241 = CARTESIAN_POINT ( 'NONE',  ( 156.3511978286605881, -94.96263792799982184, 3.000000000000000000 ) ) ;
#1242 = DIRECTION ( 'NONE',  ( 0.000000000000000000, 1.000000000000000000, 0.000000000000000000 ) ) ;
#1243 = DIRECTION ( 'NONE',  ( -3.099293012500391761E-05, -0.9999999995197191849, 0.000000000000000000 ) ) ;
#1244 = AXIS2_PLACEMENT_3D ( 'NONE', #1316, #242, #1420 ) ;
#1245 = CARTESIAN_POINT ( 'NONE',  ( 120.3837687562521239, -191.2483657137933335, 45.83388634858290800 ) ) ;
#1246 = ORIENTED_EDGE ( 'NONE', *, *, #576, .T. ) ;
#1247 = PLANE ( 'NONE',  #480 ) ;
#1248 = PRODUCT ( 'topleft', 'topleft', '', ( #584 ) ) ;
#1249 = ADVANCED_FACE ( 'NONE', ( #1360 ), #530, .F. ) ;
#1250 = EDGE_CURVE ( 'NONE', #1434, #491, #891, .T. ) ;
#1251 = DIRECTION ( 'NONE',  ( 0.000000000000000000, 0.000000000000000000, 1.000000000000000000 ) ) ;
#1252 = CARTESIAN_POINT ( 'NONE',  ( 117.0992336242875353, -189.1756686464418635, -7.000000000000000000 ) ) ;
#1253 = CARTESIAN_POINT ( 'NONE',  ( 0.000000000000000000, -72.40000343881547451, 53.00000000000000711 ) ) ;
#1254 = VERTEX_POINT ( 'NONE', #298 ) ;
#1255 = DIRECTION ( 'NONE',  ( -0.000000000000000000, -0.000000000000000000, 1.000000000000000000 ) ) ;
#1256 = VECTOR ( 'NONE', #1332, 1000.000000000000000 ) ;
#1257 = LINE ( 'NONE', #1435, #1377 ) ;
#1258 = EDGE_CURVE ( 'NONE', #1037, #709, #188, .T. ) ;
#1259 = CARTESIAN_POINT ( 'NONE',  ( 155.2511978286605938, -94.96263792799982184, 3.000000000000000000 ) ) ;
#1260 = CARTESIAN_POINT ( 'NONE',  ( 119.0422011265913653, -189.4891498512718897, 96.82421721847542528 ) ) ;
#1261 = LINE ( 'NONE', #76, #1535 ) ;
#1262 = VERTEX_POINT ( 'NONE', #161 ) ;
#1263 = CYLINDRICAL_SURFACE ( 'NONE', #948, 1.099999999999989875 ) ;
#1264 = CIRCLE ( 'NONE', #639, 176.5000000000000000 ) ;
#1265 = DIRECTION ( 'NONE',  ( -0.000000000000000000, -0.000000000000000000, -1.000000000000000000 ) ) ;
#1266 = CARTESIAN_POINT ( 'NONE',  ( 118.8801446107089248, -189.4284026033311079, 96.98236313786229346 ) ) ;
#1267 = EDGE_CURVE ( 'NONE', #976, #123, #1492, .T. ) ;
#1268 = DIRECTION ( 'NONE',  ( -0.000000000000000000, -0.000000000000000000, -1.000000000000000000 ) ) ;
#1269 = VERTEX_POINT ( 'NONE', #1471 ) ;
#1270 = CIRCLE ( 'NONE', #421, 174.2000000000001876 ) ;
#1271 = VERTEX_POINT ( 'NONE', #176 ) ;
#1272 = EDGE_LOOP ( 'NONE', ( #108, #939, #715, #1202 ) ) ;
#1273 = DIRECTION ( 'NONE',  ( 0.000000000000000000, 0.000000000000000000, -1.000000000000000000 ) ) ;
#1274 = CARTESIAN_POINT ( 'NONE',  ( 117.7093137699278032, -189.5575466414256312, 97.72376112448570495 ) ) ;
#1275 = CARTESIAN_POINT ( 'NONE',  ( 119.9315279843704616, -190.8545314231859322, 95.23236786184043012 ) ) ;
#1276 = CIRCLE ( 'NONE', #1074, 175.7000000000000171 ) ;
#1277 = VECTOR ( 'NONE', #154, 1000.000000000000000 ) ;
#1278 = EDGE_CURVE ( 'NONE', #500, #895, #650, .T. ) ;
#1279 = ORIENTED_EDGE ( 'NONE', *, *, #91, .F. ) ;
#1280 = ORIENTED_EDGE ( 'NONE', *, *, #736, .T. ) ;
#1281 = LINE ( 'NONE', #815, #1300 ) ;
#1282 = CIRCLE ( 'NONE', #1423, 1.477000000000006086 ) ;
#1283 = DIRECTION ( 'NONE',  ( -0.000000000000000000, -0.000000000000000000, -1.000000000000000000 ) ) ;
#1284 = DIRECTION ( 'NONE',  ( 1.000000000000000000, 0.000000000000000000, -0.000000000000000000 ) ) ;
#1285 = DIRECTION ( 'NONE',  ( -0.000000000000000000, 0.000000000000000000, 1.000000000000000000 ) ) ;
#1286 = EDGE_LOOP ( 'NONE', ( #359, #902 ) ) ;
#1287 = EDGE_CURVE ( 'NONE', #1037, #1165, #58, .T. ) ;
#1288 = LINE ( 'NONE', #1253, #328 ) ;
#1289 = ORIENTED_EDGE ( 'NONE', *, *, #588, .T. ) ;
#1290 = DIRECTION ( 'NONE',  ( 1.000000000000000000, 0.000000000000000000, 0.000000000000000000 ) ) ;
#1291 = STYLED_ITEM ( 'NONE', ( #470 ), #704 ) ;
#1292 = CARTESIAN_POINT ( 'NONE',  ( 0.000000000000000000, -237.4000034388154745, 50.00000000000000000 ) ) ;
#1293 = CARTESIAN_POINT ( 'NONE',  ( 156.1000074131793838, -116.4650433711837394, 3.000000000000000000 ) ) ;
#1294 = CARTESIAN_POINT ( 'NONE',  ( 163.8467998078919834, -118.4574175168774133, 3.000000000000000000 ) ) ;
#1295 = ORIENTED_EDGE ( 'NONE', *, *, #966, .T. ) ;
#1296 = DIRECTION ( 'NONE',  ( -1.000000000000000000, 0.000000000000000000, 0.000000000000000000 ) ) ;
#1297 = EDGE_CURVE ( 'NONE', #953, #829, #1238, .T. ) ;
#1298 = CARTESIAN_POINT ( 'NONE',  ( 81.46860697746383551, -213.1564410131167051, 3.000000000000000000 ) ) ;
#1299 = CARTESIAN_POINT ( 'NONE',  ( 119.3045107815625130, -193.8224763274842530, 44.77372972886724511 ) ) ;
#1300 = VECTOR ( 'NONE', #351, 1000.000000000000114 ) ;
#1301 = DIRECTION ( 'NONE',  ( -1.000000000000000000, 0.000000000000000000, 0.000000000000000000 ) ) ;
#1302 = EDGE_LOOP ( 'NONE', ( #968, #1312 ) ) ;
#1303 = ORIENTED_EDGE ( 'NONE', *, *, #845, .T. ) ;
#1304 = DIRECTION ( 'NONE',  ( -1.000000000000000000, 0.000000000000000000, 0.000000000000000000 ) ) ;
#1305 = FACE_OUTER_BOUND ( 'NONE', #253, .T. ) ;
#1306 = CARTESIAN_POINT ( 'NONE',  ( 83.89209368971408765, -220.9501668984876801, 0.000000000000000000 ) ) ;
#1307 = EDGE_CURVE ( 'NONE', #571, #611, #1188, .T. ) ;
#1308 = CARTESIAN_POINT ( 'NONE',  ( 0.000000000000000000, -247.4000034388155029, 53.79999999999999716 ) ) ;
#1309 = CIRCLE ( 'NONE', #229, 155.0000000000000000 ) ;
#1310 = PRODUCT_DEFINITION_FORMATION_WITH_SPECIFIED_SOURCE ( 'ANY', '', #1248, .NOT_KNOWN. ) ;
#1311 = ORIENTED_EDGE ( 'NONE', *, *, #1141, .F. ) ;
#1312 = ORIENTED_EDGE ( 'NONE', *, *, #195, .T. ) ;
#1313 = ORIENTED_EDGE ( 'NONE', *, *, #477, .T. ) ;
#1314 = CARTESIAN_POINT ( 'NONE',  ( 62.73079994243203572, -223.6970621810294517, 3.000000000000000000 ) ) ;
#1315 = AXIS2_PLACEMENT_3D ( 'NONE', #1014, #1034, #75 ) ;
#1316 = CARTESIAN_POINT ( 'NONE',  ( 156.1006179717832651, -96.76511177020906018, 3.000000000000000000 ) ) ;
#1317 = VECTOR ( 'NONE', #552, 1000.000000000000000 ) ;
#1318 = DIRECTION ( 'NONE',  ( -0.000000000000000000, -0.000000000000000000, 1.000000000000000000 ) ) ;
#1319 = PRODUCT_RELATED_PRODUCT_CATEGORY ( 'part', '', ( #1248 ) ) ;
#1320 = ORIENTED_EDGE ( 'NONE', *, *, #91, .T. ) ;
#1321 = ORIENTED_EDGE ( 'NONE', *, *, #222, .F. ) ;
#1322 = ORIENTED_EDGE ( 'NONE', *, *, #525, .T. ) ;
#1323 = CARTESIAN_POINT ( 'NONE',  ( 0.000000000000000000, -72.40000343881547451, 53.79999999999999716 ) ) ;
#1324 = AXIS2_PLACEMENT_3D ( 'NONE', #760, #170, #531 ) ;
#1325 =( LENGTH_UNIT ( ) NAMED_UNIT ( * ) SI_UNIT ( .MILLI., .METRE. ) );
#1326 = CARTESIAN_POINT ( 'NONE',  ( 0.000000000000000000, -72.40000343881547451, 50.00000000000000000 ) ) ;
#1327 = AXIS2_PLACEMENT_3D ( 'NONE', #759, #168, #283 ) ;
#1328 = LINE ( 'NONE', #1430, #1353 ) ;
#1329 = CARTESIAN_POINT ( 'NONE',  ( 0.000000000000000000, -234.4000034388154745, 104.0000000000000000 ) ) ;
#1330 = ORIENTED_EDGE ( 'NONE', *, *, #467, .T. ) ;
#1331 = EDGE_LOOP ( 'NONE', ( #1554, #562, #16, #440 ) ) ;
#1332 = DIRECTION ( 'NONE',  ( 0.000000000000000000, 1.000000000000000000, 0.000000000000000000 ) ) ;
#1333 = AXIS2_PLACEMENT_3D ( 'NONE', #1326, #1236, #250 ) ;
#1334 = DIRECTION ( 'NONE',  ( -0.8660457897119172577, -0.4999646888753859764, 0.000000000000000000 ) ) ;
#1335 = CARTESIAN_POINT ( 'NONE',  ( 156.1000074131793838, -116.4650433711837394, 3.000000000000000000 ) ) ;
#1336 = UNCERTAINTY_MEASURE_WITH_UNIT (LENGTH_MEASURE( 1.000000000000000082E-05 ), #1325, 'distance_accuracy_value', 'NONE');
#1337 = VECTOR ( 'NONE', #150, 1000.000000000000000 ) ;
#1338 = VECTOR ( 'NONE', #1451, 1000.000000000000000 ) ;
#1339 = ORIENTED_EDGE ( 'NONE', *, *, #1063, .T. ) ;
#1340 = ORIENTED_EDGE ( 'NONE', *, *, #1343, .F. ) ;
#1341 = EDGE_LOOP ( 'NONE', ( #1213, #555, #1246, #970 ) ) ;
#1342 = CARTESIAN_POINT ( 'NONE',  ( 119.9315279843704616, -190.8545314231859322, 104.0000000000000000 ) ) ;
#1343 = EDGE_CURVE ( 'NONE', #1448, #571, #268, .T. ) ;
#1344 = DIRECTION ( 'NONE',  ( -0.000000000000000000, -0.000000000000000000, -1.000000000000000000 ) ) ;
#1345 = DIRECTION ( 'NONE',  ( -1.000000000000000000, 0.000000000000000000, 0.000000000000000000 ) ) ;
#1346 = ORIENTED_EDGE ( 'NONE', *, *, #21, .F. ) ;
#1347 = ORIENTED_EDGE ( 'NONE', *, *, #68, .F. ) ;
#1348 = LINE ( 'NONE', #1081, #510 ) ;
#1349 = ADVANCED_FACE ( 'NONE', ( #443 ), #1396, .F. ) ;
#1350 = CARTESIAN_POINT ( 'NONE',  ( 0.000000000000000000, -72.40000343881547451, 53.00000000000000711 ) ) ;
#1351 = EDGE_CURVE ( 'NONE', #789, #1460, #198, .T. ) ;
#1352 = DIRECTION ( 'NONE',  ( 1.000000000000000000, 0.000000000000000000, 0.000000000000000000 ) ) ;
#1353 = VECTOR ( 'NONE', #702, 1000.000000000000000 ) ;
#1354 = CARTESIAN_POINT ( 'NONE',  ( 121.5435752201099859, -191.8947099397392151, 44.55403971274586894 ) ) ;
#1355 = EDGE_LOOP ( 'NONE', ( #83, #226, #441, #1088 ) ) ;
#1356 = ORIENTED_EDGE ( 'NONE', *, *, #684, .F. ) ;
#1357 = DIRECTION ( 'NONE',  ( -0.000000000000000000, -0.000000000000000000, 1.000000000000000000 ) ) ;
#1358 = DIRECTION ( 'NONE',  ( -0.000000000000000000, -0.000000000000000000, -1.000000000000000000 ) ) ;
#1359 = VECTOR ( 'NONE', #295, 1000.000000000000000 ) ;
#1360 = FACE_OUTER_BOUND ( 'NONE', #1184, .T. ) ;
#1361 = EDGE_CURVE ( 'NONE', #731, #829, #1503, .T. ) ;
#1362 = ORIENTED_EDGE ( 'NONE', *, *, #285, .F. ) ;
#1363 = CARTESIAN_POINT ( 'NONE',  ( 116.9775279843704112, -190.8545314231859606, 97.32112069894802175 ) ) ;
#1364 = FACE_OUTER_BOUND ( 'NONE', #319, .T. ) ;
#1365 = LINE ( 'NONE', #545, #703 ) ;
#1366 = CARTESIAN_POINT ( 'NONE',  ( 119.2145096821931105, -191.7461302252910400, 46.31217070562041016 ) ) ;
#1367 = AXIS2_PLACEMENT_3D ( 'NONE', #526, #1251, #1352 ) ;
#1368 = VERTEX_POINT ( 'NONE', #1162 ) ;
#1369 = FACE_OUTER_BOUND ( 'NONE', #1341, .T. ) ;
#1370 = DIRECTION ( 'NONE',  ( 1.000000000000000000, 0.000000000000000000, 0.000000000000000000 ) ) ;
#1371 = EDGE_CURVE ( 'NONE', #709, #156, #96, .T. ) ;
#1372 = CARTESIAN_POINT ( 'NONE',  ( 118.8407499733385464, -192.7351630334612764, 43.00000000000000000 ) ) ;
#1373 = PLANE ( 'NONE',  #185 ) ;
#1374 = CARTESIAN_POINT ( 'NONE',  ( 119.0133493076096869, -192.0336174191238854, 46.25057515084318993 ) ) ;
#1375 = ORIENTED_EDGE ( 'NONE', *, *, #938, .F. ) ;
#1376 = FACE_BOUND ( 'NONE', #1110, .T. ) ;
#1377 = VECTOR ( 'NONE', #1304, 1000.000000000000000 ) ;
#1378 = EDGE_CURVE ( 'NONE', #1142, #466, #205, .T. ) ;
#1379 = CARTESIAN_POINT ( 'NONE',  ( 156.1000074131793838, -116.4650433711837394, 0.000000000000000000 ) ) ;
#1380 = DIRECTION ( 'NONE',  ( -0.000000000000000000, 0.7071067811865474617, 0.7071067811865475727 ) ) ;
#1381 = FACE_OUTER_BOUND ( 'NONE', #236, .T. ) ;
#1382 = CARTESIAN_POINT ( 'NONE',  ( 118.8407499733385038, -192.6387295808717113, 45.94240470512266228 ) ) ;
#1383 = EDGE_LOOP ( 'NONE', ( #1514, #456, #202, #1204 ) ) ;
#1384 = DIRECTION ( 'NONE',  ( -0.7071067811865474617, -0.000000000000000000, 0.7071067811865475727 ) ) ;
#1385 = AXIS2_PLACEMENT_3D ( 'NONE', #1072, #710, #1103 ) ;
#1386 = DIRECTION ( 'NONE',  ( 0.9999999995197191849, -3.099293012438632895E-05, 0.000000000000000000 ) ) ;
#1387 = CARTESIAN_POINT ( 'NONE',  ( 79.79190199975681708, -213.8477578101843335, 3.000000000000000000 ) ) ;
#1388 = CYLINDRICAL_SURFACE ( 'NONE', #1470, 155.0000000000000000 ) ;
#1389 = CARTESIAN_POINT ( 'NONE',  ( 0.000000000000000000, -248.9000034388154745, 104.0000000000000000 ) ) ;
#1390 = AXIS2_PLACEMENT_3D ( 'NONE', #944, #559, #1125 ) ;
#1391 = ORIENTED_EDGE ( 'NONE', *, *, #822, .T. ) ;
#1392 = AXIS2_PLACEMENT_3D ( 'NONE', #566, #920, #329 ) ;
#1393 = VECTOR ( 'NONE', #518, 1000.000000000000114 ) ;
#1394 = ORIENTED_EDGE ( 'NONE', *, *, #931, .T. ) ;
#1395 = CYLINDRICAL_SURFACE ( 'NONE', #148, 1.477000000000006086 ) ;
#1396 = CYLINDRICAL_SURFACE ( 'NONE', #1032, 1.099999999999976108 ) ;
#1397 = CARTESIAN_POINT ( 'NONE',  ( 118.2228195195429805, -189.3921319186729022, 97.47566180499315180 ) ) ;
#1398 = B_SPLINE_CURVE_WITH_KNOTS ( 'NONE', 3,
 ( #215, #928, #1178, #105, #354, #1299, #585, #330, #231, #686, #97, #800, #1537, #701, #1187, #676, #224, #267, #743, #370, #1208, #974, #841, #735, #1222, #378 ),
 .UNSPECIFIED., .F., .F.,
 ( 4, 2, 2, 2, 2, 2, 2, 2, 2, 2, 2, 2, 4 ),
 ( 0.0009343086733548561533, 0.001635955758203241212, 0.002337602843051626161, 0.003039249927900011111, 0.003390073470324195780, 0.003740897012748380449, 0.004091720555172564250, 0.004442544097596749786, 0.004793367640020934455, 0.005144191182445119991, 0.005495014724869305527, 0.005845838267293490195, 0.006547485352141852594 ),
 .UNSPECIFIED. ) ;
#1399 = EDGE_CURVE ( 'NONE', #945, #522, #1027, .T. ) ;
#1400 = CARTESIAN_POINT ( 'NONE',  ( 80.36860697746384119, -213.1564410131167051, 3.000000000000000000 ) ) ;
#1401 = AXIS2_PLACEMENT_3D ( 'NONE', #122, #371, #843 ) ;
#1402 = EDGE_LOOP ( 'NONE', ( #528, #763, #101, #866 ) ) ;
#1403 = EDGE_LOOP ( 'NONE', ( #864, #690, #474, #979 ) ) ;
#1404 = DIRECTION ( 'NONE',  ( -0.9999999995197191849, 3.099293012438632895E-05, -0.000000000000000000 ) ) ;
#1405 = DIRECTION ( 'NONE',  ( 0.000000000000000000, 0.000000000000000000, -1.000000000000000000 ) ) ;
#1406 = CARTESIAN_POINT ( 'NONE',  ( 164.3006183533857723, -96.76536591224802919, 3.000000000000000000 ) ) ;
#1407 = CARTESIAN_POINT ( 'NONE',  ( 118.5762336242875392, -189.1756686464418635, 3.000000000000000000 ) ) ;
#1408 = EDGE_CURVE ( 'NONE', #1475, #754, #668, .T. ) ;
#1409 = EDGE_LOOP ( 'NONE', ( #349, #738, #541, #925 ) ) ;
#1410 = ORIENTED_EDGE ( 'NONE', *, *, #894, .F. ) ;
#1411 = DIRECTION ( 'NONE',  ( 0.000000000000000000, 0.000000000000000000, 1.000000000000000000 ) ) ;
#1412 = PRESENTATION_LAYER_ASSIGNMENT (  '', '', ( #386 ) ) ;
#1413 = CARTESIAN_POINT ( 'NONE',  ( 64.87434108069612648, -231.4084634046294298, 3.000000000000000000 ) ) ;
#1414 = DIRECTION ( 'NONE',  ( -0.000000000000000000, -0.000000000000000000, -1.000000000000000000 ) ) ;
#1415 = CARTESIAN_POINT ( 'NONE',  ( 0.000000000000000000, -72.40000343881547451, 3.799999999999720046 ) ) ;
#1416 = VERTEX_POINT ( 'NONE', #558 ) ;
#1417 = EDGE_CURVE ( 'NONE', #881, #611, #87, .T. ) ;
#1418 = EDGE_LOOP ( 'NONE', ( #606, #838, #1086, #1062 ) ) ;
#1419 = CARTESIAN_POINT ( 'NONE',  ( 83.89209368971408765, -220.9501668984876801, 3.000000000000000000 ) ) ;
#1420 = DIRECTION ( 'NONE',  ( 0.9999999995197191849, -3.099293012438632895E-05, 0.000000000000000000 ) ) ;
#1421 = DIRECTION ( 'NONE',  ( 0.000000000000000000, 0.000000000000000000, 1.000000000000000000 ) ) ;
#1422 = ORIENTED_EDGE ( 'NONE', *, *, #1278, .T. ) ;
#1423 = AXIS2_PLACEMENT_3D ( 'NONE', #216, #1285, #677 ) ;
#1424 = CARTESIAN_POINT ( 'NONE',  ( 119.7574185073724493, -191.5591104088545933, 94.86000712503867760 ) ) ;
#1425 = ORIENTED_EDGE ( 'NONE', *, *, #504, .F. ) ;
#1426 = DIRECTION ( 'NONE',  ( -0.000000000000000000, -0.000000000000000000, -1.000000000000000000 ) ) ;
#1427 = EDGE_CURVE ( 'NONE', #724, #596, #1059, .T. ) ;
#1428 = PLANE ( 'NONE',  #297 ) ;
#1429 = AXIS2_PLACEMENT_3D ( 'NONE', #890, #320, #536 ) ;
#1430 = CARTESIAN_POINT ( 'NONE',  ( 82.56860697746381561, -213.1564410131167051, 3.000000000000000000 ) ) ;
#1431 = ORIENTED_EDGE ( 'NONE', *, *, #427, .F. ) ;
#1432 = VECTOR ( 'NONE', #980, 1000.000000000000000 ) ;
#1433 = EDGE_LOOP ( 'NONE', ( #1, #15, #107, #252 ) ) ;
#1434 = VERTEX_POINT ( 'NONE', #65 ) ;
#1435 = CARTESIAN_POINT ( 'NONE',  ( 0.000000000000000000, -72.40000343881547451, 104.0000000000000000 ) ) ;
#1436 = APPLICATION_PROTOCOL_DEFINITION ( 'draft international standard', 'automotive_design', 1998, #1145 ) ;
#1437 = CARTESIAN_POINT ( 'NONE',  ( 117.1503933728923954, -190.1524763218865246, 97.69807648369149433 ) ) ;
#1438 = FACE_OUTER_BOUND ( 'NONE', #987, .T. ) ;
#1439 = VERTEX_POINT ( 'NONE', #1154 ) ;
#1440 = VERTEX_POINT ( 'NONE', #1042 ) ;
#1441 = ORIENTED_EDGE ( 'NONE', *, *, #402, .T. ) ;
#1442 = DIRECTION ( 'NONE',  ( 0.9999999995197191849, -3.099293012500391761E-05, 0.000000000000000000 ) ) ;
#1443 = FILL_AREA_STYLE ('',( #3 ) ) ;
#1444 = DIRECTION ( 'NONE',  ( 1.000000000000000000, 0.000000000000000000, 0.000000000000000000 ) ) ;
#1445 = VECTOR ( 'NONE', #809, 1000.000000000000000 ) ;
#1446 = CARTESIAN_POINT ( 'NONE',  ( 155.2511978286605938, -94.96263792799982184, 0.000000000000000000 ) ) ;
#1447 = EDGE_CURVE ( 'NONE', #590, #1165, #1264, .T. ) ;
#1448 = VERTEX_POINT ( 'NONE', #1495 ) ;
#1449 = ORIENTED_EDGE ( 'NONE', *, *, #1141, .T. ) ;
#1450 = ORIENTED_EDGE ( 'NONE', *, *, #913, .T. ) ;
#1451 = DIRECTION ( 'NONE',  ( -0.000000000000000000, -0.000000000000000000, -1.000000000000000000 ) ) ;
#1452 = VECTOR ( 'NONE', #1229, 1000.000000000000000 ) ;
#1453 =( NAMED_UNIT ( * ) SI_UNIT ( $, .STERADIAN. ) SOLID_ANGLE_UNIT ( ) );
#1454 = CYLINDRICAL_SURFACE ( 'NONE', #547, 1.099999999999989875 ) ;
#1455 = DIRECTION ( 'NONE',  ( 0.000000000000000000, 0.000000000000000000, 1.000000000000000000 ) ) ;
#1456 = VECTOR ( 'NONE', #327, 1000.000000000000000 ) ;
#1457 = EDGE_CURVE ( 'NONE', #482, #881, #138, .T. ) ;
#1458 = FACE_OUTER_BOUND ( 'NONE', #1167, .T. ) ;
#1459 = ORIENTED_EDGE ( 'NONE', *, *, #1054, .F. ) ;
#1460 = VERTEX_POINT ( 'NONE', #905 ) ;
#1461 = CARTESIAN_POINT ( 'NONE',  ( 162.0000000000000000, -72.40000343881547451, 101.7999999999997698 ) ) ;
#1462 = DIRECTION ( 'NONE',  ( 0.000000000000000000, 0.000000000000000000, 1.000000000000000000 ) ) ;
#1463 = CARTESIAN_POINT ( 'NONE',  ( 118.4545279843704435, -190.8545314231859322, 98.99999999999998579 ) ) ;
#1464 = ORIENTED_EDGE ( 'NONE', *, *, #1509, .F. ) ;
#1465 = ORIENTED_EDGE ( 'NONE', *, *, #1267, .F. ) ;
#1466 = ORIENTED_EDGE ( 'NONE', *, *, #1484, .F. ) ;
#1467 = CARTESIAN_POINT ( 'NONE',  ( 0.000000000000000000, -248.9000034388154461, 103.2000000000000313 ) ) ;
#1468 = EDGE_CURVE ( 'NONE', #513, #1460, #191, .T. ) ;
#1469 = LINE ( 'NONE', #394, #1277 ) ;
#1470 = AXIS2_PLACEMENT_3D ( 'NONE', #651, #792, #307 ) ;
#1471 = CARTESIAN_POINT ( 'NONE',  ( 165.0000000000000000, -72.40000343881547451, 50.00000000000000000 ) ) ;
#1472 = VECTOR ( 'NONE', #1132, 1000.000000000000000 ) ;
#1473 = CARTESIAN_POINT ( 'NONE',  ( 121.7852987023736375, -192.5452720427805957, 43.92533236760974091 ) ) ;
#1474 = ORIENTED_EDGE ( 'NONE', *, *, #1417, .F. ) ;
#1475 = VERTEX_POINT ( 'NONE', #338 ) ;
#1476 = CARTESIAN_POINT ( 'NONE',  ( 156.1000074131793838, -116.4650433711837394, 3.000000000000000000 ) ) ;
#1477 = EDGE_CURVE ( 'NONE', #1157, #1079, #927, .T. ) ;
#1478 = FACE_OUTER_BOUND ( 'NONE', #1355, .T. ) ;
#1479 = CARTESIAN_POINT ( 'NONE',  ( 0.000000000000000000, -72.40000343881547451, 0.000000000000000000 ) ) ;
#1480 = VECTOR ( 'NONE', #721, 1000.000000000000000 ) ;
#1481 = VERTEX_POINT ( 'NONE', #1292 ) ;
#1482 = DIRECTION ( 'NONE',  ( 1.000000000000000000, 0.000000000000000000, 0.000000000000000000 ) ) ;
#1483 = AXIS2_PLACEMENT_3D ( 'NONE', #238, #1166, #581 ) ;
#1484 = EDGE_CURVE ( 'NONE', #34, #1262, #321, .T. ) ;
#1485 = LINE ( 'NONE', #511, #1019 ) ;
#1486 = ORIENTED_EDGE ( 'NONE', *, *, #1408, .F. ) ;
#1487 = DIRECTION ( 'NONE',  ( -1.000000000000000000, 0.000000000000000000, 0.000000000000000000 ) ) ;
#1488 = DIRECTION ( 'NONE',  ( 0.000000000000000000, 0.000000000000000000, 1.000000000000000000 ) ) ;
#1489 = CARTESIAN_POINT ( 'NONE',  ( 0.000000000000000000, -72.40000343881547451, 53.00000000000000711 ) ) ;
#1490 = FACE_OUTER_BOUND ( 'NONE', #1331, .T. ) ;
#1491 = CARTESIAN_POINT ( 'NONE',  ( 119.7821761458615839, -191.3430055454991816, 46.19485665340795322 ) ) ;
#1492 = CIRCLE ( 'NONE', #1367, 1.099999999999989875 ) ;
#1493 = ORIENTED_EDGE ( 'NONE', *, *, #418, .F. ) ;
#1494 = FACE_BOUND ( 'NONE', #804, .T. ) ;
#1495 = CARTESIAN_POINT ( 'NONE',  ( 178.0000000000000284, -72.40000343881547451, 0.000000000000000000 ) ) ;
#1496 = CARTESIAN_POINT ( 'NONE',  ( 119.9315279843704616, -190.8545314231859322, 95.23236786184043012 ) ) ;
#1497 = VECTOR ( 'NONE', #670, 1000.000000000000000 ) ;
#1498 = APPLICATION_CONTEXT ( 'automotive_design' ) ;
#1499 = EDGE_CURVE ( 'NONE', #1500, #1439, #183, .T. ) ;
#1500 = VERTEX_POINT ( 'NONE', #428 ) ;
#1501 = DIRECTION ( 'NONE',  ( 1.000000000000000000, 0.000000000000000000, 0.000000000000000000 ) ) ;
#1502 = CIRCLE ( 'NONE', #39, 1.099999999999989875 ) ;
#1503 = LINE ( 'NONE', #80, #678 ) ;
#1504 = DIRECTION ( 'NONE',  ( -0.000000000000000000, -0.000000000000000000, -1.000000000000000000 ) ) ;
#1505 = DIRECTION ( 'NONE',  ( -1.000000000000000000, 0.000000000000000000, 0.000000000000000000 ) ) ;
#1506 = PRODUCT_DEFINITION_CONTEXT ( 'detailed design', #1145, 'design' ) ;
#1507 = ORIENTED_EDGE ( 'NONE', *, *, #938, .T. ) ;
#1508 = DIRECTION ( 'NONE',  ( 1.000000000000000000, 0.000000000000000000, 0.000000000000000000 ) ) ;
#1509 = EDGE_CURVE ( 'NONE', #152, #25, #306, .T. ) ;
#1510 = DIRECTION ( 'NONE',  ( -1.000000000000000000, 0.000000000000000000, 0.000000000000000000 ) ) ;
#1511 = CARTESIAN_POINT ( 'NONE',  ( 119.9220332074370674, -190.6644038956123950, 95.37268679786019732 ) ) ;
#1512 = DIRECTION ( 'NONE',  ( -0.8660457897119173687, -0.4999646888753859764, -0.000000000000000000 ) ) ;
#1513 = AXIS2_PLACEMENT_3D ( 'NONE', #1231, #155, #633 ) ;
#1514 = ORIENTED_EDGE ( 'NONE', *, *, #486, .F. ) ;
#1515 = FACE_OUTER_BOUND ( 'NONE', #235, .T. ) ;
#1516 = ADVANCED_FACE ( 'NONE', ( #1147 ), #74, .F. ) ;
#1517 = CARTESIAN_POINT ( 'NONE',  ( 0.000000000000000000, -72.40000343881547451, 102.0000000000000000 ) ) ;
#1518 = CARTESIAN_POINT ( 'NONE',  ( 175.0000000000000000, -72.40000343881547451, 3.799999999999720046 ) ) ;
#1519 = DIRECTION ( 'NONE',  ( 0.000000000000000000, 0.000000000000000000, -1.000000000000000000 ) ) ;
#1520 = CIRCLE ( 'NONE', #762, 155.0000000000000000 ) ;
#1521 = ORIENTED_EDGE ( 'NONE', *, *, #682, .T. ) ;
#1522 = AXIS2_PLACEMENT_3D ( 'NONE', #1489, #1005, #45 ) ;
#1523 = CARTESIAN_POINT ( 'NONE',  ( 119.8807027598709993, -191.2524250601987035, 94.98864530445239041 ) ) ;
#1524 = ORIENTED_EDGE ( 'NONE', *, *, #255, .F. ) ;
#1525 = FACE_OUTER_BOUND ( 'NONE', #1136, .T. ) ;
#1526 = DIRECTION ( 'NONE',  ( -0.000000000000000000, -0.000000000000000000, 1.000000000000000000 ) ) ;
#1527 = FACE_BOUND ( 'NONE', #1113, .T. ) ;
#1528 = ADVANCED_FACE ( 'NONE', ( #1305 ), #692, .F. ) ;
#1529 = CYLINDRICAL_SURFACE ( 'NONE', #873, 175.0000000000000284 ) ;
#1530 = ADVANCED_FACE ( 'NONE', ( #831 ), #369, .T. ) ;
#1531 = EDGE_LOOP ( 'NONE', ( #622, #909 ) ) ;
#1532 = ORIENTED_EDGE ( 'NONE', *, *, #1484, .T. ) ;
#1533 = ORIENTED_EDGE ( 'NONE', *, *, #922, .T. ) ;
#1534 = CYLINDRICAL_SURFACE ( 'NONE', #95, 178.0000000000000284 ) ;
#1535 = VECTOR ( 'NONE', #1512, 1000.000000000000114 ) ;
#1536 =( NAMED_UNIT ( * ) PLANE_ANGLE_UNIT ( ) SI_UNIT ( $, .RADIAN. ) );
#1537 = CARTESIAN_POINT ( 'NONE',  ( 120.2518607567335209, -194.2138783235307926, 43.83012774054692784 ) ) ;
#1538 = CARTESIAN_POINT ( 'NONE',  ( 164.9467998078919777, -118.4574175168774133, 3.000000000000000000 ) ) ;
#1539 = ADVANCED_FACE ( 'NONE', ( #1197 ), #840, .F. ) ;
#1540 = EDGE_LOOP ( 'NONE', ( #813, #680, #1070, #341, #795, #1532, #56, #1234, #1233, #1474, #848, #383, #835, #1289, #350, #310, #357, #629 ) ) ;
#1541 = ORIENTED_EDGE ( 'NONE', *, *, #1054, .T. ) ;
#1542 = DIRECTION ( 'NONE',  ( 0.000000000000000000, 0.000000000000000000, 1.000000000000000000 ) ) ;
#1543 = SURFACE_STYLE_FILL_AREA ( #1443 ) ;
#1544 = CARTESIAN_POINT ( 'NONE',  ( 83.89209368971408765, -220.9501668984876801, 3.000000000000000000 ) ) ;
#1545 = CARTESIAN_POINT ( 'NONE',  ( 176.5000000000000000, -72.40000343881547451, 103.0000000000000568 ) ) ;
#1546 = ORIENTED_EDGE ( 'NONE', *, *, #486, .T. ) ;
#1547 = EDGE_CURVE ( 'NONE', #1448, #1440, #241, .T. ) ;
#1548 = AXIS2_PLACEMENT_3D ( 'NONE', #225, #695, #1179 ) ;
#1549 = VERTEX_POINT ( 'NONE', #1177 ) ;
#1550 = DIRECTION ( 'NONE',  ( 0.7071067811865597852, -0.000000000000000000, 0.7071067811865352493 ) ) ;
#1551 = CARTESIAN_POINT ( 'NONE',  ( 0.000000000000000000, 0.000000000000000000, 0.000000000000000000 ) ) ;
#1552 = CARTESIAN_POINT ( 'NONE',  ( 117.0607261920068964, -190.3535673389249041, 97.61863428274224930 ) ) ;
#1553 = CARTESIAN_POINT ( 'NONE',  ( 62.73079994243203572, -223.6970621810294517, 3.000000000000000000 ) ) ;
#1554 = ORIENTED_EDGE ( 'NONE', *, *, #649, .T. ) ;
#1555 = CIRCLE ( 'NONE', #1483, 1.099999999999989875 ) ;
#1556 = ORIENTED_EDGE ( 'NONE', *, *, #886, .F. ) ;
ENDSEC;
END-ISO-10303-21;
