ISO-10303-21;
HEADER;
FILE_DESCRIPTION (( 'STEP AP214' ),
    '1' );
FILE_NAME ('topright.STEP',
    '2026-07-13T06:11:05',
    ( '' ),
    ( '' ),
    'SwSTEP 2.0',
    'SolidWorks 2020',
    '' );
FILE_SCHEMA (( 'AUTOMOTIVE_DESIGN' ));
ENDSEC;

DATA;
#1 = FACE_OUTER_BOUND ( 'NONE', #1252, .T. ) ;
#2 = CARTESIAN_POINT ( 'NONE',  ( -119.9821005066810642, -190.5467451493905173, 0.000000000000000000 ) ) ;
#3 = B_SPLINE_CURVE_WITH_KNOTS ( 'NONE', 3,
 ( #1254, #1403, #957, #1235, #1789, #551, #1262, #283, #27, #947, #579, #1653, #417, #678, #1113, #571, #540, #968, #263, #1130, #396, #1495, #1245, #10 ),
 .UNSPECIFIED., .F., .F.,
 ( 4, 2, 2, 2, 2, 2, 2, 2, 2, 2, 2, 4 ),
 ( 0.003072653153752675798, 0.003773285817936645851, 0.004123602150028593365, 0.004473918482120540878, 0.004824234814212488391, 0.005174551146304435037, 0.005875183810488393381, 0.006225500142580378191, 0.006575816474672362133, 0.007276449138856343896, 0.007977081803040325658, 0.008677714467224305686 ),
 .UNSPECIFIED. ) ;
#4 = LINE ( 'NONE', #1692, #1295 ) ;
#5 = ORIENTED_EDGE ( 'NONE', *, *, #1771, .T. ) ;
#6 = AXIS2_PLACEMENT_3D ( 'NONE', #1258, #314, #701 ) ;
#7 = EDGE_LOOP ( 'NONE', ( #953, #1267, #1649, #65 ) ) ;
#8 = ORIENTED_EDGE ( 'NONE', *, *, #1436, .F. ) ;
#9 = ADVANCED_FACE ( 'NONE', ( #1034 ), #229, .F. ) ;
#10 = CARTESIAN_POINT ( 'NONE',  ( -72.76737060043942051, -225.0560649529234070, 45.88771972118399844 ) ) ;
#11 = CARTESIAN_POINT ( 'NONE',  ( -117.3519108031257900, -189.8648476559749270, 97.75950153059403647 ) ) ;
#12 = DIRECTION ( 'NONE',  ( 0.000000000000000000, 0.000000000000000000, -1.000000000000000000 ) ) ;
#13 = CIRCLE ( 'NONE', #1163, 175.0000000000000284 ) ;
#14 = DIRECTION ( 'NONE',  ( 0.000000000000000000, 0.000000000000000000, 1.000000000000000000 ) ) ;
#15 = VERTEX_POINT ( 'NONE', #475 ) ;
#16 = ORIENTED_EDGE ( 'NONE', *, *, #544, .F. ) ;
#17 = VERTEX_POINT ( 'NONE', #1173 ) ;
#18 = AXIS2_PLACEMENT_3D ( 'NONE', #911, #893, #924 ) ;
#19 = DIRECTION ( 'NONE',  ( 0.000000000000000000, 0.000000000000000000, -1.000000000000000000 ) ) ;
#20 = ADVANCED_FACE ( 'NONE', ( #1574 ), #202, .F. ) ;
#21 = CARTESIAN_POINT ( 'NONE',  ( -119.6801877262279561, -190.0139397105528758, 96.00135531530526123 ) ) ;
#22 = DIRECTION ( 'NONE',  ( 1.000000000000000000, 0.000000000000000000, 0.000000000000000000 ) ) ;
#23 = DIRECTION ( 'NONE',  ( -0.7071067811865495711, 0.000000000000000000, -0.7071067811865454633 ) ) ;
#24 = ORIENTED_EDGE ( 'NONE', *, *, #705, .F. ) ;
#25 = ADVANCED_BREP_SHAPE_REPRESENTATION ( 'topright', ( #987, #1735 ), #230 ) ;
#26 = ORIENTED_EDGE ( 'NONE', *, *, #337, .T. ) ;
#27 = CARTESIAN_POINT ( 'NONE',  ( -75.10013174110427769, -226.2655660616361786, 43.78485010805184885 ) ) ;
#28 = DIRECTION ( 'NONE',  ( 0.6573108698099459080, 0.7536195462099508635, -0.000000000000000000 ) ) ;
#29 = ADVANCED_FACE ( 'NONE', ( #888 ), #622, .F. ) ;
#30 = CARTESIAN_POINT ( 'NONE',  ( -165.0000000000000000, -72.40000343881547451, 53.00000000000000711 ) ) ;
#31 = EDGE_CURVE ( 'NONE', #1544, #1373, #1055, .T. ) ;
#32 = DIRECTION ( 'NONE',  ( 0.000000000000000000, 0.000000000000000000, 1.000000000000000000 ) ) ;
#33 = VERTEX_POINT ( 'NONE', #1581 ) ;
#34 = DIRECTION ( 'NONE',  ( 0.000000000000000000, 0.000000000000000000, 1.000000000000000000 ) ) ;
#35 = CARTESIAN_POINT ( 'NONE',  ( 0.000000000000000000, -72.40000343881547451, 103.2000000000000313 ) ) ;
#36 = CONICAL_SURFACE ( 'NONE', #489, 175.0000000000000284, 0.7853981633974657095 ) ;
#37 = DIRECTION ( 'NONE',  ( -0.6573108698099459080, -0.7536195462099509745, 0.000000000000000000 ) ) ;
#38 = ADVANCED_FACE ( 'NONE', ( #762, #210, #78, #1729, #1306 ), #631, .T. ) ;
#39 = CIRCLE ( 'NONE', #1043, 175.0000000000000284 ) ;
#40 = DIRECTION ( 'NONE',  ( 1.000000000000000000, 0.000000000000000000, 0.000000000000000000 ) ) ;
#41 = AXIS2_PLACEMENT_3D ( 'NONE', #740, #319, #1424 ) ;
#42 = EDGE_CURVE ( 'NONE', #470, #1640, #1506, .T. ) ;
#43 = ORIENTED_EDGE ( 'NONE', *, *, #725, .T. ) ;
#44 = VERTEX_POINT ( 'NONE', #1592 ) ;
#45 = LINE ( 'NONE', #1146, #532 ) ;
#46 = DIRECTION ( 'NONE',  ( 0.000000000000000000, 0.000000000000000000, 1.000000000000000000 ) ) ;
#47 = CIRCLE ( 'NONE', #280, 1.099999999999989875 ) ;
#48 = DIRECTION ( 'NONE',  ( 0.000000000000000000, 0.000000000000000000, -1.000000000000000000 ) ) ;
#49 = CARTESIAN_POINT ( 'NONE',  ( -56.15845886057670810, -224.2362256760434320, 3.000000000000000000 ) ) ;
#50 = ORIENTED_EDGE ( 'NONE', *, *, #1134, .T. ) ;
#51 = EDGE_CURVE ( 'NONE', #279, #1100, #1457, .T. ) ;
#52 = ORIENTED_EDGE ( 'NONE', *, *, #1759, .F. ) ;
#53 = LINE ( 'NONE', #853, #1083 ) ;
#54 = DIRECTION ( 'NONE',  ( 1.000000000000000000, 0.000000000000000000, -0.000000000000000000 ) ) ;
#55 = FILL_AREA_STYLE_COLOUR ( '', #1127 ) ;
#56 = CARTESIAN_POINT ( 'NONE',  ( -114.1529208483406137, -205.0427969173625513, 102.0000000000000000 ) ) ;
#57 = CIRCLE ( 'NONE', #1700, 1.477000000000006086 ) ;
#58 = ORIENTED_EDGE ( 'NONE', *, *, #1102, .F. ) ;
#59 = VECTOR ( 'NONE', #351, 1000.000000000000000 ) ;
#60 = ORIENTED_EDGE ( 'NONE', *, *, #864, .F. ) ;
#61 = DIRECTION ( 'NONE',  ( 0.000000000000000000, -0.000000000000000000, 1.000000000000000000 ) ) ;
#62 = EDGE_CURVE ( 'NONE', #1659, #1617, #353, .T. ) ;
#63 = DIRECTION ( 'NONE',  ( 1.000000000000000000, 0.000000000000000000, 0.000000000000000000 ) ) ;
#64 = LINE ( 'NONE', #335, #835 ) ;
#65 = ORIENTED_EDGE ( 'NONE', *, *, #680, .T. ) ;
#66 = EDGE_LOOP ( 'NONE', ( #1153, #1142 ) ) ;
#67 = PLANE ( 'NONE',  #614 ) ;
#68 = EDGE_CURVE ( 'NONE', #815, #73, #1333, .T. ) ;
#69 =( NAMED_UNIT ( * ) SI_UNIT ( $, .STERADIAN. ) SOLID_ANGLE_UNIT ( ) );
#70 = VECTOR ( 'NONE', #868, 1000.000000000000000 ) ;
#71 = DIRECTION ( 'NONE',  ( -1.000000000000000000, 0.000000000000000000, 0.000000000000000000 ) ) ;
#72 = CARTESIAN_POINT ( 'NONE',  ( -176.5255137160774552, -95.26357724683937533, 49.42766533166651044 ) ) ;
#73 = VERTEX_POINT ( 'NONE', #1567 ) ;
#74 = CARTESIAN_POINT ( 'NONE',  ( -119.7576006031709284, -191.5587283805551237, 94.86014733181566783 ) ) ;
#75 = CARTESIAN_POINT ( 'NONE',  ( -73.05122021791189013, -224.1563232154914544, 46.57667938434470045 ) ) ;
#76 = EDGE_CURVE ( 'NONE', #1595, #796, #211, .T. ) ;
#77 = FACE_OUTER_BOUND ( 'NONE', #1287, .T. ) ;
#78 = FACE_BOUND ( 'NONE', #258, .T. ) ;
#79 = EDGE_CURVE ( 'NONE', #535, #1338, #39, .T. ) ;
#80 = VECTOR ( 'NONE', #757, 1000.000000000000000 ) ;
#81 = CARTESIAN_POINT ( 'NONE',  ( -173.5503646085030880, -94.87823611524345324, 102.0000000000000000 ) ) ;
#82 = EDGE_LOOP ( 'NONE', ( #656, #1553, #1382, #1786, #1787, #524, #271, #1024 ) ) ;
#83 = CARTESIAN_POINT ( 'NONE',  ( -75.72137060043942824, -225.0560649529234070, 53.00000000000000711 ) ) ;
#84 = CARTESIAN_POINT ( 'NONE',  ( -163.6543018732253927, -93.43020739377575978, 50.00000000000000000 ) ) ;
#85 = CIRCLE ( 'NONE', #1393, 1.099999999999989875 ) ;
#86 = LINE ( 'NONE', #388, #1274 ) ;
#87 = CARTESIAN_POINT ( 'NONE',  ( -165.0000000000000000, -72.40000343881547451, 53.00000000000000711 ) ) ;
#88 = EDGE_CURVE ( 'NONE', #144, #375, #118, .T. ) ;
#89 = CARTESIAN_POINT ( 'NONE',  ( -176.5255137160774552, -95.26357724683937533, 94.33246628927962263 ) ) ;
#90 = ORIENTED_EDGE ( 'NONE', *, *, #1402, .F. ) ;
#91 = VERTEX_POINT ( 'NONE', #1238 ) ;
#92 = CARTESIAN_POINT ( 'NONE',  ( -176.5255137160774552, -95.26357724683937533, 94.33246628927962263 ) ) ;
#93 = AXIS2_PLACEMENT_3D ( 'NONE', #904, #377, #800 ) ;
#94 = ORIENTED_EDGE ( 'NONE', *, *, #306, .T. ) ;
#95 = CARTESIAN_POINT ( 'NONE',  ( 0.000000000000000000, -72.40000343881547451, 53.00000000000000711 ) ) ;
#96 = DIRECTION ( 'NONE',  ( 1.000000000000000000, 0.000000000000000000, 0.000000000000000000 ) ) ;
#97 =( NAMED_UNIT ( * ) SI_UNIT ( $, .STERADIAN. ) SOLID_ANGLE_UNIT ( ) );
#98 = DIRECTION ( 'NONE',  ( 1.000000000000000000, 0.000000000000000000, -0.000000000000000000 ) ) ;
#99 = CIRCLE ( 'NONE', #390, 162.0000000000000000 ) ;
#100 = FACE_OUTER_BOUND ( 'NONE', #992, .T. ) ;
#101 = EDGE_LOOP ( 'NONE', ( #1703, #478 ) ) ;
#102 = EDGE_CURVE ( 'NONE', #1373, #1608, #1444, .T. ) ;
#103 = ORIENTED_EDGE ( 'NONE', *, *, #1256, .T. ) ;
#104 = DIRECTION ( 'NONE',  ( 1.000000000000000000, 0.000000000000000000, 0.000000000000000000 ) ) ;
#105 = ORIENTED_EDGE ( 'NONE', *, *, #1771, .F. ) ;
#106 = EDGE_CURVE ( 'NONE', #1045, #1642, #629, .T. ) ;
#107 = CARTESIAN_POINT ( 'NONE',  ( -77.41238840120817599, -216.3696002584705411, 0.000000000000000000 ) ) ;
#108 = DIRECTION ( 'NONE',  ( -0.000000000000000000, -0.000000000000000000, 1.000000000000000000 ) ) ;
#109 = CARTESIAN_POINT ( 'NONE',  ( -80.22859339334901563, -224.0656346254929474, 3.000000000000000000 ) ) ;
#110 = VERTEX_POINT ( 'NONE', #1218 ) ;
#111 = AXIS2_PLACEMENT_3D ( 'NONE', #223, #1079, #104 ) ;
#112 = ORIENTED_EDGE ( 'NONE', *, *, #882, .T. ) ;
#113 = CARTESIAN_POINT ( 'NONE',  ( 0.000000000000000000, -247.4000034388154461, 88.79999999999991189 ) ) ;
#114 = ORIENTED_EDGE ( 'NONE', *, *, #759, .F. ) ;
#115 = CYLINDRICAL_SURFACE ( 'NONE', #902, 165.0000000000000000 ) ;
#116 = EDGE_CURVE ( 'NONE', #1058, #144, #246, .T. ) ;
#117 = DIRECTION ( 'NONE',  ( 0.000000000000000000, 0.000000000000000000, 1.000000000000000000 ) ) ;
#118 = LINE ( 'NONE', #1498, #444 ) ;
#119 = LINE ( 'NONE', #248, #235 ) ;
#120 = ORIENTED_EDGE ( 'NONE', *, *, #1086, .T. ) ;
#121 = CIRCLE ( 'NONE', #208, 1.099999999999989875 ) ;
#122 = CARTESIAN_POINT ( 'NONE',  ( -83.00415667152623200, -223.2465790509193369, 0.000000000000000000 ) ) ;
#123 = EDGE_LOOP ( 'NONE', ( #794, #1328, #685, #897 ) ) ;
#124 = CLOSED_SHELL ( 'NONE', ( #1171, #197, #318, #128, #9, #1038, #1286, #716, #213, #1273, #1547, #620, #1190, #1157, #1061, #521, #1231, #772, #20, #1411, #736, #1504, #831, #1713, #29, #1682, #1066, #618, #1696, #418, #1010, #1447, #262, #819, #843, #560, #1144, #1304, #1114, #187, #308, #38, #531, #1538, #1052, #1529, #643, #205, #1550 ) ) ;
#125 = AXIS2_PLACEMENT_3D ( 'NONE', #1148, #206, #1169 ) ;
#126 = FACE_OUTER_BOUND ( 'NONE', #1357, .T. ) ;
#127 = CARTESIAN_POINT ( 'NONE',  ( -178.0000000000000284, -72.40000343881547451, 102.0000000000000000 ) ) ;
#128 = ADVANCED_FACE ( 'NONE', ( #1770 ), #1368, .F. ) ;
#129 = DIRECTION ( 'NONE',  ( -1.000000000000000000, 0.000000000000000000, 0.000000000000000000 ) ) ;
#130 = CARTESIAN_POINT ( 'NONE',  ( -61.72832518752089470, -230.8354260781467246, 3.000000000000000000 ) ) ;
#131 = DIRECTION ( 'NONE',  ( 1.000000000000000000, 0.000000000000000000, 0.000000000000000000 ) ) ;
#132 = VERTEX_POINT ( 'NONE', #1519 ) ;
#133 = AXIS2_PLACEMENT_3D ( 'NONE', #1096, #1647, #277 ) ;
#134 = VERTEX_POINT ( 'NONE', #130 ) ;
#135 = ORIENTED_EDGE ( 'NONE', *, *, #609, .T. ) ;
#136 = CARTESIAN_POINT ( 'NONE',  ( -57.25845886057670242, -224.2362256760434320, 3.000000000000000000 ) ) ;
#137 = LINE ( 'NONE', #580, #1589 ) ;
#138 = CARTESIAN_POINT ( 'NONE',  ( -75.72137060043996826, -225.0560649529229522, 44.59577739208408786 ) ) ;
#139 = LINE ( 'NONE', #1782, #648 ) ;
#140 = CARTESIAN_POINT ( 'NONE',  ( 0.000000000000000000, -72.40000343881547451, 279.5000000000000000 ) ) ;
#141 = EDGE_CURVE ( 'NONE', #1347, #1089, #530, .T. ) ;
#142 = EDGE_LOOP ( 'NONE', ( #1189, #900, #1008, #756 ) ) ;
#143 = EDGE_LOOP ( 'NONE', ( #1401, #525, #967, #599 ) ) ;
#144 = VERTEX_POINT ( 'NONE', #1198 ) ;
#145 = VECTOR ( 'NONE', #1726, 1000.000000000000000 ) ;
#146 = FACE_OUTER_BOUND ( 'NONE', #1161, .T. ) ;
#147 = CARTESIAN_POINT ( 'NONE',  ( -117.9195141961243820, -189.4732652142552354, 97.63397077191407902 ) ) ;
#148 = AXIS2_PLACEMENT_3D ( 'NONE', #1108, #320, #1265 ) ;
#149 = CARTESIAN_POINT ( 'NONE',  ( 0.000000000000000000, -72.40000343881547451, 53.79999999999999716 ) ) ;
#150 = DIRECTION ( 'NONE',  ( 0.000000000000000000, 0.000000000000000000, 1.000000000000000000 ) ) ;
#151 = LINE ( 'NONE', #1520, #775 ) ;
#152 = EDGE_LOOP ( 'NONE', ( #198, #787, #1109, #368 ) ) ;
#153 = VECTOR ( 'NONE', #693, 1000.000000000000000 ) ;
#154 = EDGE_CURVE ( 'NONE', #134, #375, #1487, .T. ) ;
#155 = ORIENTED_EDGE ( 'NONE', *, *, #1564, .T. ) ;
#156 = ORIENTED_EDGE ( 'NONE', *, *, #68, .T. ) ;
#157 = CARTESIAN_POINT ( 'NONE',  ( 0.000000000000000000, -72.40000343881547451, 50.00000000000000000 ) ) ;
#158 = CARTESIAN_POINT ( 'NONE',  ( -119.4641147437840942, -189.7638569504974271, 96.33075314813605416 ) ) ;
#159 = PLANE ( 'NONE',  #1422 ) ;
#160 = VECTOR ( 'NONE', #1464, 1000.000000000000000 ) ;
#161 = CARTESIAN_POINT ( 'NONE',  ( -113.6270605531474587, -204.4398879815223893, 53.00000000000003553 ) ) ;
#162 = ORIENTED_EDGE ( 'NONE', *, *, #725, .F. ) ;
#163 = VERTEX_POINT ( 'NONE', #1345 ) ;
#164 = ORIENTED_EDGE ( 'NONE', *, *, #956, .T. ) ;
#165 = EDGE_CURVE ( 'NONE', #1577, #764, #1308, .T. ) ;
#166 = CARTESIAN_POINT ( 'NONE',  ( -163.6543018732253927, -93.43020739377575978, 64.00000000000000000 ) ) ;
#167 = CARTESIAN_POINT ( 'NONE',  ( -114.1631319136528475, -205.0545041000067954, 50.00000000000000000 ) ) ;
#168 = DIRECTION ( 'NONE',  ( -0.000000000000000000, -0.000000000000000000, 1.000000000000000000 ) ) ;
#169 = PRESENTATION_LAYER_ASSIGNMENT (  '', '', ( #940 ) ) ;
#170 = CARTESIAN_POINT ( 'NONE',  ( -155.0000000000000000, -72.40000343881547451, 0.000000000000000000 ) ) ;
#171 = VERTEX_POINT ( 'NONE', #801 ) ;
#172 = VERTEX_POINT ( 'NONE', #682 ) ;
#173 = CARTESIAN_POINT ( 'NONE',  ( -72.76737060043942051, -225.0560649529234070, 43.00000000000000000 ) ) ;
#174 = FACE_BOUND ( 'NONE', #344, .T. ) ;
#175 = VECTOR ( 'NONE', #871, 1000.000000000000000 ) ;
#176 = EDGE_CURVE ( 'NONE', #395, #132, #139, .T. ) ;
#177 = PRESENTATION_STYLE_ASSIGNMENT (( #604 ) ) ;
#178 = CYLINDRICAL_SURFACE ( 'NONE', #189, 176.5000000000000000 ) ;
#179 = DIRECTION ( 'NONE',  ( 1.000000000000000000, 0.000000000000000000, 0.000000000000000000 ) ) ;
#180 = ORIENTED_EDGE ( 'NONE', *, *, #1301, .F. ) ;
#181 = ORIENTED_EDGE ( 'NONE', *, *, #864, .T. ) ;
#182 = AXIS2_PLACEMENT_3D ( 'NONE', #297, #32, #179 ) ;
#183 = LINE ( 'NONE', #730, #309 ) ;
#184 = CYLINDRICAL_SURFACE ( 'NONE', #41, 175.0000000000000284 ) ;
#185 = AXIS2_PLACEMENT_3D ( 'NONE', #1507, #1542, #1376 ) ;
#186 = DIRECTION ( 'NONE',  ( 1.000000000000000000, 0.000000000000000000, 0.000000000000000000 ) ) ;
#187 = ADVANCED_FACE ( 'NONE', ( #1508 ), #522, .F. ) ;
#188 = FILL_AREA_STYLE ('',( #360 ) ) ;
#189 = AXIS2_PLACEMENT_3D ( 'NONE', #1106, #574, #1272 ) ;
#190 = ORIENTED_EDGE ( 'NONE', *, *, #782, .T. ) ;
#191 = CARTESIAN_POINT ( 'NONE',  ( -176.4999999999999716, -72.40000343881547451, 103.2000000000000313 ) ) ;
#192 = CARTESIAN_POINT ( 'NONE',  ( -162.0000000000000000, -72.40000343881547451, 101.7999999999997698 ) ) ;
#193 = CIRCLE ( 'NONE', #738, 1.477000000000006086 ) ;
#194 = LINE ( 'NONE', #886, #1575 ) ;
#195 = CARTESIAN_POINT ( 'NONE',  ( 0.000000000000000000, -72.40000343881547451, 102.0000000000000000 ) ) ;
#196 = EDGE_LOOP ( 'NONE', ( #1002, #307, #1277, #1233 ) ) ;
#197 = ADVANCED_FACE ( 'NONE', ( #409 ), #1377, .F. ) ;
#198 = ORIENTED_EDGE ( 'NONE', *, *, #1365, .F. ) ;
#199 = FACE_OUTER_BOUND ( 'NONE', #1070, .T. ) ;
#200 = CARTESIAN_POINT ( 'NONE',  ( -114.1529208483406563, -205.0427969173625797, 50.00000000000000000 ) ) ;
#201 = CARTESIAN_POINT ( 'NONE',  ( 0.000000000000000000, -72.40000343881547451, -171.1999999999760007 ) ) ;
#202 = PLANE ( 'NONE',  #993 ) ;
#203 = AXIS2_PLACEMENT_3D ( 'NONE', #1535, #14, #40 ) ;
#204 = VERTEX_POINT ( 'NONE', #2 ) ;
#205 = ADVANCED_FACE ( 'NONE', ( #691 ), #1107, .T. ) ;
#206 = DIRECTION ( 'NONE',  ( -0.000000000000000000, -0.000000000000000000, -1.000000000000000000 ) ) ;
#207 = DIRECTION ( 'NONE',  ( 0.000000000000000000, 0.000000000000000000, 1.000000000000000000 ) ) ;
#208 = AXIS2_PLACEMENT_3D ( 'NONE', #1186, #1760, #1237 ) ;
#209 = DIRECTION ( 'NONE',  ( 0.000000000000000000, 0.000000000000000000, 1.000000000000000000 ) ) ;
#210 = FACE_BOUND ( 'NONE', #932, .T. ) ;
#211 = CIRCLE ( 'NONE', #1216, 165.0000000000000000 ) ;
#212 = ORIENTED_EDGE ( 'NONE', *, *, #1599, .T. ) ;
#213 = ADVANCED_FACE ( 'NONE', ( #829 ), #927, .T. ) ;
#214 = DIRECTION ( 'NONE',  ( -0.6530889932406352960, -0.7572811676701945993, 0.000000000000000000 ) ) ;
#215 = CARTESIAN_POINT ( 'NONE',  ( -72.76737060043942051, -225.0560649529234070, 45.88771972118399844 ) ) ;
#216 = EDGE_CURVE ( 'NONE', #1017, #824, #380, .T. ) ;
#217 = AXIS2_PLACEMENT_3D ( 'NONE', #950, #1635, #543 ) ;
#218 = DIRECTION ( 'NONE',  ( -1.000000000000000000, 0.000000000000000000, 0.000000000000000000 ) ) ;
#219 = EDGE_LOOP ( 'NONE', ( #519, #1651, #1459, #260 ) ) ;
#220 = DIRECTION ( 'NONE',  ( 0.9846719507677544891, 0.1744165971782066504, -0.000000000000000000 ) ) ;
#221 = EDGE_LOOP ( 'NONE', ( #1251, #536, #1725, #805 ) ) ;
#222 = VECTOR ( 'NONE', #1178, 1000.000000000000000 ) ;
#223 = CARTESIAN_POINT ( 'NONE',  ( -57.25845886057670242, -224.2362256760434320, 0.000000000000000000 ) ) ;
#224 = CARTESIAN_POINT ( 'NONE',  ( 0.000000000000000000, -72.40000343881547451, 103.0000000000000568 ) ) ;
#225 = LINE ( 'NONE', #1739, #561 ) ;
#226 = UNCERTAINTY_MEASURE_WITH_UNIT (LENGTH_MEASURE( 1.000000000000000082E-05 ), #1689, 'distance_accuracy_value', 'NONE');
#227 = EDGE_CURVE ( 'NONE', #1741, #1259, #938, .T. ) ;
#228 = CARTESIAN_POINT ( 'NONE',  ( 0.000000000000000000, -72.40000343881547451, 53.00000000000000711 ) ) ;
#229 = CYLINDRICAL_SURFACE ( 'NONE', #272, 1.477000000000006086 ) ;
#230 =( GEOMETRIC_REPRESENTATION_CONTEXT ( 3 ) GLOBAL_UNCERTAINTY_ASSIGNED_CONTEXT ( ( #226 ) ) GLOBAL_UNIT_ASSIGNED_CONTEXT ( ( #1689, #589, #69 ) ) REPRESENTATION_CONTEXT ( 'NONE', 'WORKASPACE' ) );
#231 = DIRECTION ( 'NONE',  ( -1.000000000000000000, 0.000000000000000000, 0.000000000000000000 ) ) ;
#232 = ORIENTED_EDGE ( 'NONE', *, *, #581, .T. ) ;
#233 = CARTESIAN_POINT ( 'NONE',  ( -119.4726562297513084, -191.9308574897669359, 94.79903174015947798 ) ) ;
#234 = CARTESIAN_POINT ( 'NONE',  ( -57.25845886057670242, -224.2362256760434320, 0.000000000000000000 ) ) ;
#235 = VECTOR ( 'NONE', #1784, 1000.000000000000114 ) ;
#236 = LINE ( 'NONE', #949, #313 ) ;
#237 = ORIENTED_EDGE ( 'NONE', *, *, #667, .F. ) ;
#238 = EDGE_CURVE ( 'NONE', #464, #1642, #767, .T. ) ;
#239 = DIRECTION ( 'NONE',  ( 0.000000000000000000, 0.000000000000000000, 1.000000000000000000 ) ) ;
#240 = VERTEX_POINT ( 'NONE', #1352 ) ;
#241 = CARTESIAN_POINT ( 'NONE',  ( -77.41238840120817599, -216.3696002584705411, 0.000000000000000000 ) ) ;
#242 = AXIS2_PLACEMENT_3D ( 'NONE', #149, #12, #1396 ) ;
#243 = VERTEX_POINT ( 'NONE', #1319 ) ;
#244 = DIRECTION ( 'NONE',  ( -1.000000000000000000, 0.000000000000000000, 0.000000000000000000 ) ) ;
#245 = DIRECTION ( 'NONE',  ( 0.000000000000000000, 0.000000000000000000, -1.000000000000000000 ) ) ;
#246 = LINE ( 'NONE', #389, #1136 ) ;
#247 = CIRCLE ( 'NONE', #1025, 1.099999999999996758 ) ;
#248 = CARTESIAN_POINT ( 'NONE',  ( -116.2498407968330980, -207.1960512841101547, 64.00000000000000000 ) ) ;
#249 = ORIENTED_EDGE ( 'NONE', *, *, #882, .F. ) ;
#250 = EDGE_CURVE ( 'NONE', #1570, #1128, #567, .T. ) ;
#251 = ORIENTED_EDGE ( 'NONE', *, *, #406, .T. ) ;
#252 = DIRECTION ( 'NONE',  ( 0.000000000000000000, 0.000000000000000000, 1.000000000000000000 ) ) ;
#253 = EDGE_LOOP ( 'NONE', ( #1175, #1658, #634, #8, #268, #155, #423 ) ) ;
#254 = CARTESIAN_POINT ( 'NONE',  ( 0.000000000000000000, -72.40000343881547451, 104.0000000000000000 ) ) ;
#255 = CARTESIAN_POINT ( 'NONE',  ( -172.7229760283271105, -95.03655688491093656, 53.00000000000002132 ) ) ;
#256 = DIRECTION ( 'NONE',  ( 1.000000000000000000, 0.000000000000000000, 0.000000000000000000 ) ) ;
#257 = DIRECTION ( 'NONE',  ( 0.000000000000000000, 1.000000000000000000, 0.000000000000000000 ) ) ;
#258 = EDGE_LOOP ( 'NONE', ( #577, #24, #771, #527 ) ) ;
#259 = AXIS2_PLACEMENT_3D ( 'NONE', #35, #1688, #1549 ) ;
#260 = ORIENTED_EDGE ( 'NONE', *, *, #510, .F. ) ;
#261 = ORIENTED_EDGE ( 'NONE', *, *, #1124, .F. ) ;
#262 = ADVANCED_FACE ( 'NONE', ( #1331 ), #115, .F. ) ;
#263 = CARTESIAN_POINT ( 'NONE',  ( -73.20255468830703194, -226.1165939390429003, 44.74312746909610183 ) ) ;
#264 = DIRECTION ( 'NONE',  ( -1.000000000000000000, 0.000000000000000000, 0.000000000000000000 ) ) ;
#265 = SURFACE_STYLE_USAGE ( .BOTH. , #1283 ) ;
#266 = DIRECTION ( 'NONE',  ( 0.9390999089252866083, -0.3436442361753187513, 0.000000000000000000 ) ) ;
#267 = DIRECTION ( 'NONE',  ( 0.000000000000000000, 0.000000000000000000, 1.000000000000000000 ) ) ;
#268 = ORIENTED_EDGE ( 'NONE', *, *, #459, .F. ) ;
#269 = AXIS2_PLACEMENT_3D ( 'NONE', #1197, #1476, #129 ) ;
#270 = ORIENTED_EDGE ( 'NONE', *, *, #1035, .T. ) ;
#271 = ORIENTED_EDGE ( 'NONE', *, *, #1467, .F. ) ;
#272 = AXIS2_PLACEMENT_3D ( 'NONE', #881, #1314, #1715 ) ;
#273 = VECTOR ( 'NONE', #37, 999.9999999999998863 ) ;
#274 = CARTESIAN_POINT ( 'NONE',  ( -75.72137060043942824, -224.8811609074609805, 44.75246460507991486 ) ) ;
#275 = DIRECTION ( 'NONE',  ( 0.9917163691914462342, 0.1284470438653027846, -0.000000000000000000 ) ) ;
#276 = EDGE_CURVE ( 'NONE', #1570, #1650, #1748, .T. ) ;
#277 = DIRECTION ( 'NONE',  ( 1.000000000000000000, 0.000000000000000000, 0.000000000000000000 ) ) ;
#278 = DIRECTION ( 'NONE',  ( 0.000000000000000000, 0.000000000000000000, 1.000000000000000000 ) ) ;
#279 = VERTEX_POINT ( 'NONE', #1342 ) ;
#280 = AXIS2_PLACEMENT_3D ( 'NONE', #1346, #239, #783 ) ;
#281 = ORIENTED_EDGE ( 'NONE', *, *, #956, .F. ) ;
#282 = ORIENTED_EDGE ( 'NONE', *, *, #76, .T. ) ;
#283 = CARTESIAN_POINT ( 'NONE',  ( -75.19329377540532278, -226.1934517232671737, 43.80874788271416520 ) ) ;
#284 = CARTESIAN_POINT ( 'NONE',  ( -118.3240015150894209, -189.3801534906560846, 97.41213976484205261 ) ) ;
#285 = CARTESIAN_POINT ( 'NONE',  ( 0.8739556668239348847, -73.16227209602375581, 53.00000000000000711 ) ) ;
#286 = DIRECTION ( 'NONE',  ( -1.000000000000000000, 0.000000000000000000, 0.000000000000000000 ) ) ;
#287 = EDGE_CURVE ( 'NONE', #1051, #1452, #1661, .T. ) ;
#288 = CARTESIAN_POINT ( 'NONE',  ( 0.000000000000000000, -237.4000034388154745, 50.00000000000000000 ) ) ;
#289 = ORIENTED_EDGE ( 'NONE', *, *, #1021, .F. ) ;
#290 = ORIENTED_EDGE ( 'NONE', *, *, #1001, .F. ) ;
#291 = ORIENTED_EDGE ( 'NONE', *, *, #573, .T. ) ;
#292 = CARTESIAN_POINT ( 'NONE',  ( -74.84780920320103803, -223.6961138347050451, 46.20219744001062878 ) ) ;
#293 = LINE ( 'NONE', #541, #1399 ) ;
#294 = VECTOR ( 'NONE', #887, 1000.000000000000227 ) ;
#295 = CARTESIAN_POINT ( 'NONE',  ( -163.6543018732253643, -93.43020739377581663, 64.00000000000000000 ) ) ;
#296 = EDGE_CURVE ( 'NONE', #836, #383, #247, .T. ) ;
#297 = CARTESIAN_POINT ( 'NONE',  ( 0.000000000000000000, -72.40000343881547451, 3.000000000000000000 ) ) ;
#298 = ORIENTED_EDGE ( 'NONE', *, *, #1747, .T. ) ;
#299 = EDGE_CURVE ( 'NONE', #110, #1347, #1774, .T. ) ;
#300 = ORIENTED_EDGE ( 'NONE', *, *, #1365, .T. ) ;
#301 = VERTEX_POINT ( 'NONE', #1448 ) ;
#302 = LINE ( 'NONE', #688, #1425 ) ;
#303 = DIRECTION ( 'NONE',  ( -0.000000000000000000, -0.7071067811865965336, 0.7071067811864985009 ) ) ;
#304 = LINE ( 'NONE', #997, #672 ) ;
#305 = LINE ( 'NONE', #431, #1388 ) ;
#306 = EDGE_CURVE ( 'NONE', #44, #1160, #1147, .T. ) ;
#307 = ORIENTED_EDGE ( 'NONE', *, *, #683, .F. ) ;
#308 = ADVANCED_FACE ( 'NONE', ( #407, #126 ), #1191, .F. ) ;
#309 = VECTOR ( 'NONE', #862, 1000.000000000000000 ) ;
#310 = DIRECTION ( 'NONE',  ( 0.000000000000000000, 0.000000000000000000, 1.000000000000000000 ) ) ;
#311 = CARTESIAN_POINT ( 'NONE',  ( -119.3339107929156597, -189.6560229384641900, 96.49920935520489707 ) ) ;
#312 = CARTESIAN_POINT ( 'NONE',  ( 0.000000000000000000, -72.40000343881547451, 0.000000000000000000 ) ) ;
#313 = VECTOR ( 'NONE', #650, 1000.000000000000114 ) ;
#314 = DIRECTION ( 'NONE',  ( 0.000000000000000000, 0.000000000000000000, 1.000000000000000000 ) ) ;
#315 = VERTEX_POINT ( 'NONE', #1533 ) ;
#316 = EDGE_LOOP ( 'NONE', ( #774, #1037, #515, #1546 ) ) ;
#317 = LINE ( 'NONE', #173, #1593 ) ;
#318 = ADVANCED_FACE ( 'NONE', ( #146 ), #562, .F. ) ;
#319 = DIRECTION ( 'NONE',  ( 0.000000000000000000, 0.000000000000000000, -1.000000000000000000 ) ) ;
#320 = DIRECTION ( 'NONE',  ( -0.7536195462099509745, 0.6573108698099459080, 0.000000000000000000 ) ) ;
#321 = AXIS2_PLACEMENT_3D ( 'NONE', #1219, #1762, #411 ) ;
#322 = ORIENTED_EDGE ( 'NONE', *, *, #1134, .F. ) ;
#323 = DIRECTION ( 'NONE',  ( -1.000000000000000000, 0.000000000000000000, 0.000000000000000000 ) ) ;
#324 = CARTESIAN_POINT ( 'NONE',  ( -119.9315279843697937, -190.8545314231865859, 104.0000000000000000 ) ) ;
#325 = FACE_OUTER_BOUND ( 'NONE', #82, .T. ) ;
#326 = EDGE_CURVE ( 'NONE', #171, #1200, #1363, .T. ) ;
#327 = LINE ( 'NONE', #201, #1527 ) ;
#328 = VECTOR ( 'NONE', #28, 1000.000000000000114 ) ;
#329 = ORIENTED_EDGE ( 'NONE', *, *, #1557, .T. ) ;
#330 = APPLICATION_PROTOCOL_DEFINITION ( 'draft international standard', 'automotive_design', 1998, #1666 ) ;
#331 = ORIENTED_EDGE ( 'NONE', *, *, #970, .T. ) ;
#332 = PRODUCT_DEFINITION_SHAPE ( 'NONE', 'NONE',  #432 ) ;
#333 = CARTESIAN_POINT ( 'NONE',  ( -116.2498407968330980, -207.1960512841101547, 4.522864374053400915 ) ) ;
#334 = CONICAL_SURFACE ( 'NONE', #1340, 174.2000000000001876, 0.7853981633975176679 ) ;
#335 = CARTESIAN_POINT ( 'NONE',  ( 0.000000000000000000, -72.40000343881547451, 279.5000000000000000 ) ) ;
#336 = DIRECTION ( 'NONE',  ( 0.000000000000000000, 0.000000000000000000, 1.000000000000000000 ) ) ;
#337 = EDGE_CURVE ( 'NONE', #1160, #1577, #302, .T. ) ;
#338 = ORIENTED_EDGE ( 'NONE', *, *, #632, .F. ) ;
#339 = FACE_OUTER_BOUND ( 'NONE', #570, .T. ) ;
#340 = FACE_BOUND ( 'NONE', #101, .T. ) ;
#341 = PRESENTATION_LAYER_ASSIGNMENT (  '', '', ( #628 ) ) ;
#342 = B_SPLINE_CURVE_WITH_KNOTS ( 'NONE', 3,
 ( #934, #1588, #1606, #922, #1339, #1348, #498, #1049, #655, #1309, #666, #1201, #1597, #364, #1318, #233, #1765, #626, #74, #1069, #777, #1754, #1618, #1176 ),
 .UNSPECIFIED., .F., .F.,
 ( 4, 2, 2, 2, 2, 2, 2, 2, 2, 2, 2, 4 ),
 ( 0.001712097630548775834, 0.002417150759121430501, 0.003122203887694084516, 0.003827257016266739399, 0.004532310144839393415, 0.005237363273412048298, 0.005589889837698367933, 0.005942416401984685834, 0.006294942966271005469, 0.006647469530557324237, 0.006999996094843643872, 0.007352522659129962640 ),
 .UNSPECIFIED. ) ;
#343 = DIRECTION ( 'NONE',  ( 1.000000000000000000, 0.000000000000000000, 0.000000000000000000 ) ) ;
#344 = EDGE_LOOP ( 'NONE', ( #1604, #135 ) ) ;
#345 = EDGE_CURVE ( 'NONE', #1160, #44, #3, .T. ) ;
#346 = ORIENTED_EDGE ( 'NONE', *, *, #1180, .F. ) ;
#347 = EDGE_CURVE ( 'NONE', #823, #784, #99, .T. ) ;
#348 = CARTESIAN_POINT ( 'NONE',  ( 0.000000000000000000, -72.40000343881547451, 263.7999999999978513 ) ) ;
#349 = SURFACE_STYLE_FILL_AREA ( #1413 ) ;
#350 = PRODUCT_DEFINITION_CONTEXT ( 'detailed design', #1666, 'design' ) ;
#351 = DIRECTION ( 'NONE',  ( -0.000000000000000000, -0.000000000000000000, 1.000000000000000000 ) ) ;
#352 = DIRECTION ( 'NONE',  ( -0.000000000000000000, -0.000000000000000000, 1.000000000000000000 ) ) ;
#353 = CIRCLE ( 'NONE', #1586, 178.0000000000000284 ) ;
#354 = AXIS2_PLACEMENT_3D ( 'NONE', #912, #117, #669 ) ;
#355 = CARTESIAN_POINT ( 'NONE',  ( -58.35845886057670384, -224.2362256760434320, 3.000000000000000000 ) ) ;
#356 = ORIENTED_EDGE ( 'NONE', *, *, #154, .T. ) ;
#357 = CARTESIAN_POINT ( 'NONE',  ( -119.9821005066810642, -190.5467451493905173, 3.000000000000000000 ) ) ;
#358 = EDGE_CURVE ( 'NONE', #1128, #464, #1481, .T. ) ;
#359 = CARTESIAN_POINT ( 'NONE',  ( -114.1529208483406279, -205.0427969173625797, 53.80000000000003268 ) ) ;
#360 = FILL_AREA_STYLE_COLOUR ( '', #1310 ) ;
#361 = ORIENTED_EDGE ( 'NONE', *, *, #1402, .T. ) ;
#362 = LINE ( 'NONE', #907, #502 ) ;
#363 = VERTEX_POINT ( 'NONE', #978 ) ;
#364 = CARTESIAN_POINT ( 'NONE',  ( -119.1916416320371610, -192.1392969174405039, 94.84990450917526061 ) ) ;
#365 = ORIENTED_EDGE ( 'NONE', *, *, #141, .F. ) ;
#366 = EDGE_CURVE ( 'NONE', #1317, #813, #837, .T. ) ;
#367 = DIRECTION ( 'NONE',  ( -0.9390999089252871634, 0.3436442361753174746, -0.000000000000000000 ) ) ;
#368 = ORIENTED_EDGE ( 'NONE', *, *, #1215, .F. ) ;
#369 = AXIS2_PLACEMENT_3D ( 'NONE', #384, #945, #797 ) ;
#370 = CARTESIAN_POINT ( 'NONE',  ( -114.1529208483406563, -205.0427969173625797, 50.00000000000000000 ) ) ;
#371 = EDGE_LOOP ( 'NONE', ( #695, #1521, #426, #298, #52, #946, #845, #1416, #1121, #1638, #403, #846, #860, #405, #1676, #1512, #190, #105 ) ) ;
#372 = CIRCLE ( 'NONE', #1609, 175.0000000000000284 ) ;
#373 = EDGE_LOOP ( 'NONE', ( #114, #842, #1391, #663, #1560 ) ) ;
#374 = CARTESIAN_POINT ( 'NONE',  ( -107.5796590737455460, -197.5064259501185688, 50.00000000000000000 ) ) ;
#375 = VERTEX_POINT ( 'NONE', #1583 ) ;
#376 = DIRECTION ( 'NONE',  ( -1.000000000000000000, 0.000000000000000000, 0.000000000000000000 ) ) ;
#377 = DIRECTION ( 'NONE',  ( 0.000000000000000000, -0.000000000000000000, 1.000000000000000000 ) ) ;
#378 = AXIS2_PLACEMENT_3D ( 'NONE', #674, #1615, #381 ) ;
#379 = DIRECTION ( 'NONE',  ( -1.000000000000000000, 0.000000000000000000, 0.000000000000000000 ) ) ;
#380 = LINE ( 'NONE', #1195, #1565 ) ;
#381 = DIRECTION ( 'NONE',  ( 1.000000000000000000, 0.000000000000000000, 0.000000000000000000 ) ) ;
#382 = ORIENTED_EDGE ( 'NONE', *, *, #154, .F. ) ;
#383 = VERTEX_POINT ( 'NONE', #355 ) ;
#384 = CARTESIAN_POINT ( 'NONE',  ( -81.90415667152623769, -223.2465790509193369, 3.000000000000000000 ) ) ;
#385 = EDGE_LOOP ( 'NONE', ( #94, #1293 ) ) ;
#386 = DIRECTION ( 'NONE',  ( 0.000000000000000000, 0.000000000000000000, -1.000000000000000000 ) ) ;
#387 = CARTESIAN_POINT ( 'NONE',  ( -118.5051005066810603, -190.5467451493905173, 0.000000000000000000 ) ) ;
#388 = CARTESIAN_POINT ( 'NONE',  ( -77.41238840120817599, -216.3696002584705411, 0.000000000000000000 ) ) ;
#389 = CARTESIAN_POINT ( 'NONE',  ( -80.22859339334901563, -224.0656346254929474, 3.000000000000000000 ) ) ;
#390 = AXIS2_PLACEMENT_3D ( 'NONE', #826, #806, #1662 ) ;
#391 = EDGE_CURVE ( 'NONE', #1428, #1338, #53, .T. ) ;
#392 = CARTESIAN_POINT ( 'NONE',  ( 0.000000000000000000, -72.40000343881547451, 0.000000000000000000 ) ) ;
#393 = ORIENTED_EDGE ( 'NONE', *, *, #1478, .T. ) ;
#394 = CARTESIAN_POINT ( 'NONE',  ( -175.0000000000000000, -72.40000343881547451, 3.799999999999720046 ) ) ;
#395 = VERTEX_POINT ( 'NONE', #586 ) ;
#396 = CARTESIAN_POINT ( 'NONE',  ( -72.90924292677074448, -225.7093233516407622, 45.23691510851191566 ) ) ;
#397 = CYLINDRICAL_SURFACE ( 'NONE', #1279, 162.0000000000000000 ) ;
#398 =( NAMED_UNIT ( * ) PLANE_ANGLE_UNIT ( ) SI_UNIT ( $, .RADIAN. ) );
#399 = DIRECTION ( 'NONE',  ( 1.000000000000000000, 0.000000000000000000, 0.000000000000000000 ) ) ;
#400 = CARTESIAN_POINT ( 'NONE',  ( -81.90415667152623769, -223.2465790509193369, 0.000000000000000000 ) ) ;
#401 = ORIENTED_EDGE ( 'NONE', *, *, #990, .T. ) ;
#402 = EDGE_CURVE ( 'NONE', #163, #435, #183, .T. ) ;
#403 = ORIENTED_EDGE ( 'NONE', *, *, #970, .F. ) ;
#404 = CARTESIAN_POINT ( 'NONE',  ( -77.41238840120817599, -216.3696002584705411, 3.000000000000000000 ) ) ;
#405 = ORIENTED_EDGE ( 'NONE', *, *, #496, .F. ) ;
#406 = EDGE_CURVE ( 'NONE', #1120, #1616, #45, .T. ) ;
#407 = FACE_BOUND ( 'NONE', #385, .T. ) ;
#408 = CARTESIAN_POINT ( 'NONE',  ( 0.000000000000000000, -72.40000343881547451, 94.33246628927960842 ) ) ;
#409 = FACE_OUTER_BOUND ( 'NONE', #1628, .T. ) ;
#410 = AXIS2_PLACEMENT_3D ( 'NONE', #582, #1668, #727 ) ;
#411 = DIRECTION ( 'NONE',  ( 1.000000000000000000, 0.000000000000000000, 0.000000000000000000 ) ) ;
#412 = EDGE_LOOP ( 'NONE', ( #1732, #1341, #1559, #356 ) ) ;
#413 = ORIENTED_EDGE ( 'NONE', *, *, #439, .F. ) ;
#414 = VERTEX_POINT ( 'NONE', #1594 ) ;
#415 =( GEOMETRIC_REPRESENTATION_CONTEXT ( 3 ) GLOBAL_UNCERTAINTY_ASSIGNED_CONTEXT ( ( #637 ) ) GLOBAL_UNIT_ASSIGNED_CONTEXT ( ( #1271, #1292, #1276 ) ) REPRESENTATION_CONTEXT ( 'NONE', 'WORKASPACE' ) );
#416 = AXIS2_PLACEMENT_3D ( 'NONE', #1140, #1385, #1247 ) ;
#417 = CARTESIAN_POINT ( 'NONE',  ( -74.22775267203432747, -226.5472797102074480, 43.91197288261599141 ) ) ;
#418 = ADVANCED_FACE ( 'NONE', ( #595 ), #1687, .F. ) ;
#419 = CARTESIAN_POINT ( 'NONE',  ( -119.7692186749643213, -190.1593792017278020, 95.83592281705716687 ) ) ;
#420 = CARTESIAN_POINT ( 'NONE',  ( -173.5503646085030880, -94.87823611524345324, 39.99999999999996447 ) ) ;
#421 = DIRECTION ( 'NONE',  ( 1.000000000000000000, 0.000000000000000000, 0.000000000000000000 ) ) ;
#422 = CARTESIAN_POINT ( 'NONE',  ( -77.41238840120817599, -216.3696002584705411, 3.000000000000000000 ) ) ;
#423 = ORIENTED_EDGE ( 'NONE', *, *, #1389, .F. ) ;
#424 = VECTOR ( 'NONE', #220, 1000.000000000000114 ) ;
#425 = ORIENTED_EDGE ( 'NONE', *, *, #612, .F. ) ;
#426 = ORIENTED_EDGE ( 'NONE', *, *, #1490, .T. ) ;
#427 = DIRECTION ( 'NONE',  ( -1.000000000000000000, 0.000000000000000000, 0.000000000000000000 ) ) ;
#428 = CARTESIAN_POINT ( 'NONE',  ( -116.9775279843693028, -190.6629559381555339, 97.45743218631531590 ) ) ;
#429 = EDGE_CURVE ( 'NONE', #363, #1051, #362, .T. ) ;
#430 = FACE_OUTER_BOUND ( 'NONE', #1112, .T. ) ;
#431 = CARTESIAN_POINT ( 'NONE',  ( 0.000000000000000000, -72.40000343881547451, 214.9999999999989768 ) ) ;
#432 = PRODUCT_DEFINITION ( 'UNKNOWN', '', #1587, #350 ) ;
#433 = ORIENTED_EDGE ( 'NONE', *, *, #807, .T. ) ;
#434 = ORIENTED_EDGE ( 'NONE', *, *, #692, .F. ) ;
#435 = VERTEX_POINT ( 'NONE', #191 ) ;
#436 = CARTESIAN_POINT ( 'NONE',  ( -75.57895864146516374, -224.4016750087403977, 45.24521578305761693 ) ) ;
#437 = CARTESIAN_POINT ( 'NONE',  ( -118.0207587363156705, -189.4388481059239382, 97.58633347385537604 ) ) ;
#438 = DIRECTION ( 'NONE',  ( 0.000000000000000000, 0.000000000000000000, -1.000000000000000000 ) ) ;
#439 = EDGE_CURVE ( 'NONE', #1100, #824, #1417, .T. ) ;
#440 = EDGE_LOOP ( 'NONE', ( #1716, #1048, #964, #1240 ) ) ;
#441 = ORIENTED_EDGE ( 'NONE', *, *, #807, .F. ) ;
#442 = CARTESIAN_POINT ( 'NONE',  ( -174.9999999999999716, -72.40000343881547451, 88.79999999999991189 ) ) ;
#443 = CARTESIAN_POINT ( 'NONE',  ( -114.2905738171111949, -204.9242077810995681, 4.522864374053400915 ) ) ;
#444 = VECTOR ( 'NONE', #266, 1000.000000000000227 ) ;
#445 = CIRCLE ( 'NONE', #1446, 175.0000000000000284 ) ;
#446 = DIRECTION ( 'NONE',  ( -1.000000000000000000, 0.000000000000000000, 0.000000000000000000 ) ) ;
#447 = FACE_OUTER_BOUND ( 'NONE', #557, .T. ) ;
#448 = ORIENTED_EDGE ( 'NONE', *, *, #449, .F. ) ;
#449 = EDGE_CURVE ( 'NONE', #1045, #171, #1138, .T. ) ;
#450 = ORIENTED_EDGE ( 'NONE', *, *, #743, .F. ) ;
#451 = AXIS2_PLACEMENT_3D ( 'NONE', #1655, #421, #972 ) ;
#452 = DIRECTION ( 'NONE',  ( -0.000000000000000000, -0.000000000000000000, 1.000000000000000000 ) ) ;
#453 = LINE ( 'NONE', #348, #833 ) ;
#454 = CIRCLE ( 'NONE', #854, 1.099999999999996758 ) ;
#455 = DIRECTION ( 'NONE',  ( 1.000000000000000000, -0.000000000000000000, 0.000000000000000000 ) ) ;
#456 = VERTEX_POINT ( 'NONE', #1046 ) ;
#457 = DIRECTION ( 'NONE',  ( -1.000000000000000000, 0.000000000000000000, 0.000000000000000000 ) ) ;
#458 = PLANE ( 'NONE',  #913 ) ;
#459 = EDGE_CURVE ( 'NONE', #1640, #1234, #1315, .T. ) ;
#460 = CIRCLE ( 'NONE', #369, 1.099999999999989875 ) ;
#461 = CARTESIAN_POINT ( 'NONE',  ( -113.6270605531474587, -204.4398879815223893, 53.00000000000003553 ) ) ;
#462 = ORIENTED_EDGE ( 'NONE', *, *, #345, .F. ) ;
#463 = VECTOR ( 'NONE', #545, 1000.000000000000227 ) ;
#464 = VERTEX_POINT ( 'NONE', #1009 ) ;
#465 = FACE_BOUND ( 'NONE', #219, .T. ) ;
#466 = EDGE_CURVE ( 'NONE', #1428, #456, #1514, .T. ) ;
#467 = DIRECTION ( 'NONE',  ( 0.7071067811865965336, -0.000000000000000000, -0.7071067811864985009 ) ) ;
#468 = CIRCLE ( 'NONE', #1656, 165.0000000000000000 ) ;
#469 = DIRECTION ( 'NONE',  ( 0.000000000000000000, 0.000000000000000000, 1.000000000000000000 ) ) ;
#470 = VERTEX_POINT ( 'NONE', #442 ) ;
#471 = CARTESIAN_POINT ( 'NONE',  ( 0.000000000000000000, -72.40000343881547451, 53.00000000000000711 ) ) ;
#472 = VECTOR ( 'NONE', #1085, 1000.000000000000000 ) ;
#473 = EDGE_CURVE ( 'NONE', #44, #764, #317, .T. ) ;
#474 = CARTESIAN_POINT ( 'NONE',  ( 0.000000000000000000, -72.40000343881547451, 64.00000000000000000 ) ) ;
#475 = CARTESIAN_POINT ( 'NONE',  ( -168.0637272274245220, -94.16760717510102552, 94.33246628927962263 ) ) ;
#476 = AXIS2_PLACEMENT_3D ( 'NONE', #1707, #1027, #218 ) ;
#477 = EDGE_CURVE ( 'NONE', #315, #1452, #1004, .T. ) ;
#478 = ORIENTED_EDGE ( 'NONE', *, *, #1434, .F. ) ;
#479 = DIRECTION ( 'NONE',  ( 0.6530889932406352960, 0.7572811676701945993, -0.000000000000000000 ) ) ;
#480 = DIRECTION ( 'NONE',  ( -0.000000000000000000, -0.000000000000000000, -1.000000000000000000 ) ) ;
#481 = VECTOR ( 'NONE', #644, 1000.000000000000227 ) ;
#482 = LINE ( 'NONE', #1313, #1780 ) ;
#483 = ORIENTED_EDGE ( 'NONE', *, *, #1576, .T. ) ;
#484 = EDGE_CURVE ( 'NONE', #764, #1577, #193, .T. ) ;
#485 = DIRECTION ( 'NONE',  ( 0.000000000000000000, 0.000000000000000000, -1.000000000000000000 ) ) ;
#486 = VERTEX_POINT ( 'NONE', #1548 ) ;
#487 = CARTESIAN_POINT ( 'NONE',  ( -116.2498407968330554, -207.1960512841101831, 94.33246628927960842 ) ) ;
#488 = CARTESIAN_POINT ( 'NONE',  ( -110.6773809781076636, -200.7345752494578051, 94.33246628927960842 ) ) ;
#489 = AXIS2_PLACEMENT_3D ( 'NONE', #1227, #1601, #1063 ) ;
#490 = DIRECTION ( 'NONE',  ( 0.000000000000000000, -0.7071067811865597852, 0.7071067811865352493 ) ) ;
#491 = DIRECTION ( 'NONE',  ( 1.000000000000000000, 0.000000000000000000, 0.000000000000000000 ) ) ;
#492 = AXIS2_PLACEMENT_3D ( 'NONE', #1323, #469, #98 ) ;
#493 = VECTOR ( 'NONE', #367, 1000.000000000000000 ) ;
#494 = DIRECTION ( 'NONE',  ( 0.000000000000000000, 1.000000000000000000, 0.000000000000000000 ) ) ;
#495 = ORIENTED_EDGE ( 'NONE', *, *, #347, .T. ) ;
#496 = EDGE_CURVE ( 'NONE', #1530, #1167, #739, .T. ) ;
#497 = EDGE_LOOP ( 'NONE', ( #16, #785, #249, #765 ) ) ;
#498 = CARTESIAN_POINT ( 'NONE',  ( -117.5702776196235675, -192.0494900797866933, 96.05385901175662866 ) ) ;
#499 = ORIENTED_EDGE ( 'NONE', *, *, #1757, .T. ) ;
#500 = DIRECTION ( 'NONE',  ( -0.000000000000000000, -0.000000000000000000, 1.000000000000000000 ) ) ;
#501 = CARTESIAN_POINT ( 'NONE',  ( -173.5503646085030880, -94.87823611524345324, 53.79999999999999716 ) ) ;
#502 = VECTOR ( 'NONE', #1451, 1000.000000000000000 ) ;
#503 = LINE ( 'NONE', #1095, #1260 ) ;
#504 = DIRECTION ( 'NONE',  ( 0.000000000000000000, 0.000000000000000000, -1.000000000000000000 ) ) ;
#505 = CARTESIAN_POINT ( 'NONE',  ( -111.9618350480301103, -202.5306749331109870, 43.33333555134144888 ) ) ;
#506 = ORIENTED_EDGE ( 'NONE', *, *, #51, .F. ) ;
#507 = CARTESIAN_POINT ( 'NONE',  ( -83.00415667152623200, -223.2465790509193369, 3.000000000000000000 ) ) ;
#508 = ORIENTED_EDGE ( 'NONE', *, *, #799, .T. ) ;
#509 = CARTESIAN_POINT ( 'NONE',  ( -175.0000000000000284, -72.40000343881547451, 102.0000000000000000 ) ) ;
#510 = EDGE_CURVE ( 'NONE', #1617, #1462, #624, .T. ) ;
#511 = DIRECTION ( 'NONE',  ( 1.000000000000000000, 0.000000000000000000, 0.000000000000000000 ) ) ;
#512 = FACE_OUTER_BOUND ( 'NONE', #497, .T. ) ;
#513 = DIRECTION ( 'NONE',  ( -0.000000000000000000, -0.000000000000000000, -1.000000000000000000 ) ) ;
#514 = DIRECTION ( 'NONE',  ( 0.000000000000000000, 0.000000000000000000, 1.000000000000000000 ) ) ;
#515 = ORIENTED_EDGE ( 'NONE', *, *, #473, .T. ) ;
#516 = AXIS2_PLACEMENT_3D ( 'NONE', #630, #1714, #343 ) ;
#517 = EDGE_LOOP ( 'NONE', ( #413, #506, #559, #1145, #1047, #58, #1151, #1480, #365, #433, #112, #1300, #778, #1380, #1068, #1392, #942, #721 ) ) ;
#518 = LINE ( 'NONE', #766, #1494 ) ;
#519 = ORIENTED_EDGE ( 'NONE', *, *, #62, .F. ) ;
#520 = DIRECTION ( 'NONE',  ( 0.000000000000000000, 0.000000000000000000, 1.000000000000000000 ) ) ;
#521 = ADVANCED_FACE ( 'NONE', ( #1458 ), #1117, .T. ) ;
#522 = CYLINDRICAL_SURFACE ( 'NONE', #133, 1.477000000000006086 ) ;
#523 = LINE ( 'NONE', #1772, #1325 ) ;
#524 = ORIENTED_EDGE ( 'NONE', *, *, #42, .F. ) ;
#525 = ORIENTED_EDGE ( 'NONE', *, *, #890, .T. ) ;
#526 = CARTESIAN_POINT ( 'NONE',  ( -173.5115081554629342, -95.17623090555657939, 53.79999999999999716 ) ) ;
#527 = ORIENTED_EDGE ( 'NONE', *, *, #1674, .F. ) ;
#528 = DIRECTION ( 'NONE',  ( 0.000000000000000000, 0.000000000000000000, -1.000000000000000000 ) ) ;
#529 = CARTESIAN_POINT ( 'NONE',  ( 0.000000000000000000, -247.4000034388155029, 102.0000000000000000 ) ) ;
#530 = LINE ( 'NONE', #1065, #472 ) ;
#531 = ADVANCED_FACE ( 'NONE', ( #1036 ), #334, .F. ) ;
#532 = VECTOR ( 'NONE', #995, 1000.000000000000000 ) ;
#533 = LINE ( 'NONE', #1076, #554 ) ;
#534 = EDGE_CURVE ( 'NONE', #728, #33, #1269, .T. ) ;
#535 = VERTEX_POINT ( 'NONE', #370 ) ;
#536 = ORIENTED_EDGE ( 'NONE', *, *, #1627, .T. ) ;
#537 = DIRECTION ( 'NONE',  ( 0.9390999089252871634, -0.3436442361753174191, 0.000000000000000000 ) ) ;
#538 = ORIENTED_EDGE ( 'NONE', *, *, #1294, .F. ) ;
#539 = MECHANICAL_DESIGN_GEOMETRIC_PRESENTATION_REPRESENTATION (  '', ( #940 ), #1408 ) ;
#540 = CARTESIAN_POINT ( 'NONE',  ( -73.56348360983670887, -226.3698536420042160, 44.35915375533942751 ) ) ;
#541 = CARTESIAN_POINT ( 'NONE',  ( -173.5503646085030880, -94.87823611524345324, 102.0000000000000000 ) ) ;
#542 = CARTESIAN_POINT ( 'NONE',  ( -80.22859339334901563, -224.0656346254929474, 3.000000000000000000 ) ) ;
#543 = DIRECTION ( 'NONE',  ( 1.000000000000000000, 0.000000000000000000, 0.000000000000000000 ) ) ;
#544 = EDGE_CURVE ( 'NONE', #1259, #1537, #1188, .T. ) ;
#545 = DIRECTION ( 'NONE',  ( 0.3436442361753170305, 0.9390999089252872745, -0.000000000000000000 ) ) ;
#546 = ORIENTED_EDGE ( 'NONE', *, *, #299, .T. ) ;
#547 = VECTOR ( 'NONE', #635, 1000.000000000000000 ) ;
#548 = EDGE_CURVE ( 'NONE', #1686, #1616, #47, .T. ) ;
#549 = ORIENTED_EDGE ( 'NONE', *, *, #1490, .F. ) ;
#550 = ORIENTED_EDGE ( 'NONE', *, *, #943, .F. ) ;
#551 = CARTESIAN_POINT ( 'NONE',  ( -75.42384030558692132, -225.9512053658034176, 43.92481408356155725 ) ) ;
#552 = DIRECTION ( 'NONE',  ( 0.000000000000000000, 0.000000000000000000, 1.000000000000000000 ) ) ;
#553 = DIRECTION ( 'NONE',  ( 0.000000000000000000, 0.000000000000000000, 1.000000000000000000 ) ) ;
#554 = VECTOR ( 'NONE', #1510, 1000.000000000000000 ) ;
#555 = CARTESIAN_POINT ( 'NONE',  ( -118.5051005066810603, -190.5467451493905173, -7.000000000000000000 ) ) ;
#556 = DIRECTION ( 'NONE',  ( -1.000000000000000000, 0.000000000000000000, 0.000000000000000000 ) ) ;
#557 = EDGE_LOOP ( 'NONE', ( #1501, #1753, #919, #1335, #1372, #1443, #986, #675, #270 ) ) ;
#558 = EDGE_LOOP ( 'NONE', ( #1360, #1015, #1619, #1137 ) ) ;
#559 = ORIENTED_EDGE ( 'NONE', *, *, #759, .T. ) ;
#560 = ADVANCED_FACE ( 'NONE', ( #100 ), #952, .T. ) ;
#561 = VECTOR ( 'NONE', #768, 1000.000000000000000 ) ;
#562 = CYLINDRICAL_SURFACE ( 'NONE', #1143, 1.099999999999996758 ) ;
#563 = CARTESIAN_POINT ( 'NONE',  ( -119.8878556847625987, -190.4867414866092474, 95.52173931464677992 ) ) ;
#564 = FACE_OUTER_BOUND ( 'NONE', #1285, .T. ) ;
#565 = FACE_OUTER_BOUND ( 'NONE', #123, .T. ) ;
#566 = EDGE_LOOP ( 'NONE', ( #549, #1489, #281, #921, #1513, #645 ) ) ;
#567 = CIRCLE ( 'NONE', #18, 175.0000000000000284 ) ;
#568 = VECTOR ( 'NONE', #930, 1000.000000000000000 ) ;
#569 = ORIENTED_EDGE ( 'NONE', *, *, #1478, .F. ) ;
#570 = EDGE_LOOP ( 'NONE', ( #291, #1694, #322, #156 ) ) ;
#571 = CARTESIAN_POINT ( 'NONE',  ( -73.64805309937446509, -226.4106936410727258, 44.28584129540968917 ) ) ;
#572 = FACE_OUTER_BOUND ( 'NONE', #1532, .T. ) ;
#573 = EDGE_CURVE ( 'NONE', #73, #1167, #1706, .T. ) ;
#574 = DIRECTION ( 'NONE',  ( -0.000000000000000000, -0.000000000000000000, -1.000000000000000000 ) ) ;
#575 = FACE_OUTER_BOUND ( 'NONE', #744, .T. ) ;
#576 = ORIENTED_EDGE ( 'NONE', *, *, #250, .T. ) ;
#577 = ORIENTED_EDGE ( 'NONE', *, *, #872, .F. ) ;
#578 = AXIS2_PLACEMENT_3D ( 'NONE', #734, #865, #1419 ) ;
#579 = CARTESIAN_POINT ( 'NONE',  ( -74.79001779512934434, -226.4335329918391722, 43.76956554167234259 ) ) ;
#580 = CARTESIAN_POINT ( 'NONE',  ( -176.5255137160774552, -95.26357724683937533, 94.33246628927962263 ) ) ;
#581 = EDGE_CURVE ( 'NONE', #874, #642, #840, .T. ) ;
#582 = CARTESIAN_POINT ( 'NONE',  ( -116.2498407968330980, -207.1960512841101547, 49.42766533166650333 ) ) ;
#583 = ORIENTED_EDGE ( 'NONE', *, *, #276, .F. ) ;
#584 = CONICAL_SURFACE ( 'NONE', #1582, 164.9999999999999147, 0.7853981633974511656 ) ;
#585 = ORIENTED_EDGE ( 'NONE', *, *, #1324, .T. ) ;
#586 = CARTESIAN_POINT ( 'NONE',  ( -114.3007190744901607, -204.9359715873094103, 50.00000000000000000 ) ) ;
#587 = DIRECTION ( 'NONE',  ( 1.000000000000000000, 0.000000000000000000, 0.000000000000000000 ) ) ;
#588 = AXIS2_PLACEMENT_3D ( 'NONE', #234, #1042, #96 ) ;
#589 =( NAMED_UNIT ( * ) PLANE_ANGLE_UNIT ( ) SI_UNIT ( $, .RADIAN. ) );
#590 = CYLINDRICAL_SURFACE ( 'NONE', #416, 1.477000000000006086 ) ;
#591 = LINE ( 'NONE', #850, #747 ) ;
#592 = APPLICATION_PROTOCOL_DEFINITION ( 'draft international standard', 'automotive_design', 1998, #961 ) ;
#593 = EDGE_CURVE ( 'NONE', #1544, #132, #119, .T. ) ;
#594 = EDGE_LOOP ( 'NONE', ( #495, #883, #550, #1584 ) ) ;
#595 = FACE_OUTER_BOUND ( 'NONE', #704, .T. ) ;
#596 = CARTESIAN_POINT ( 'NONE',  ( 0.000000000000000000, -247.4000034388155029, 39.99999999999996447 ) ) ;
#597 = CARTESIAN_POINT ( 'NONE',  ( -176.5000000000000000, -72.40000343881547451, 103.0000000000000568 ) ) ;
#598 = LINE ( 'NONE', #1720, #222 ) ;
#599 = ORIENTED_EDGE ( 'NONE', *, *, #1086, .F. ) ;
#600 = ORIENTED_EDGE ( 'NONE', *, *, #914, .T. ) ;
#601 = EDGE_CURVE ( 'NONE', #1595, #984, #753, .T. ) ;
#602 = CARTESIAN_POINT ( 'NONE',  ( 0.000000000000000000, -72.40000343881547451, 3.000000000000000000 ) ) ;
#603 = PRODUCT ( 'topright', 'topright', '', ( #1693 ) ) ;
#604 = SURFACE_STYLE_USAGE ( .BOTH. , #879 ) ;
#605 = DIRECTION ( 'NONE',  ( 0.000000000000000000, 0.000000000000000000, -1.000000000000000000 ) ) ;
#606 = ORIENTED_EDGE ( 'NONE', *, *, #165, .F. ) ;
#607 = AXIS2_PLACEMENT_3D ( 'NONE', #1479, #267, #131 ) ;
#608 = ORIENTED_EDGE ( 'NONE', *, *, #1434, .T. ) ;
#609 = EDGE_CURVE ( 'NONE', #1616, #1686, #85, .T. ) ;
#610 = LINE ( 'NONE', #1162, #1684 ) ;
#611 = LINE ( 'NONE', #200, #1643 ) ;
#612 = EDGE_CURVE ( 'NONE', #375, #33, #793, .T. ) ;
#613 = CARTESIAN_POINT ( 'NONE',  ( -119.9821005066810642, -190.5467451493905173, -7.000000000000000000 ) ) ;
#614 = AXIS2_PLACEMENT_3D ( 'NONE', #1711, #46, #751 ) ;
#615 = EDGE_LOOP ( 'NONE', ( #851, #600, #508, #776 ) ) ;
#616 = EDGE_LOOP ( 'NONE', ( #1531, #162, #625, #702 ) ) ;
#617 = FACE_BOUND ( 'NONE', #1194, .T. ) ;
#618 = ADVANCED_FACE ( 'NONE', ( #684 ), #1334, .T. ) ;
#619 = DIRECTION ( 'NONE',  ( 0.000000000000000000, 0.000000000000000000, 1.000000000000000000 ) ) ;
#620 = ADVANCED_FACE ( 'NONE', ( #662, #1752 ), #1356, .T. ) ;
#621 = CARTESIAN_POINT ( 'NONE',  ( 0.000000000000000000, -72.40000343881547451, 39.99999999999996447 ) ) ;
#622 = CYLINDRICAL_SURFACE ( 'NONE', #732, 1.477000000000006086 ) ;
#623 = AXIS2_PLACEMENT_3D ( 'NONE', #896, #1172, #1150 ) ;
#624 = LINE ( 'NONE', #89, #877 ) ;
#625 = ORIENTED_EDGE ( 'NONE', *, *, #856, .F. ) ;
#626 = CARTESIAN_POINT ( 'NONE',  ( -119.6985850625479912, -191.6591858572797946, 94.83109613698906060 ) ) ;
#627 = CARTESIAN_POINT ( 'NONE',  ( -72.93918840675902970, -224.3379292125368352, 46.46146321563552561 ) ) ;
#628 = STYLED_ITEM ( 'NONE', ( #177 ), #25 ) ;
#629 = B_SPLINE_CURVE_WITH_KNOTS ( 'NONE', 3,
 ( #1207, #939, #1624, #673 ),
 .UNSPECIFIED., .F., .F.,
 ( 4, 4 ),
 ( 2.829860523926992911E-07, 0.001132224569160197305 ),
 .UNSPECIFIED. ) ;
#630 = CARTESIAN_POINT ( 'NONE',  ( -118.4545279843697898, -190.8545314231865859, 98.99999999999998579 ) ) ;
#631 = PLANE ( 'NONE',  #492 ) ;
#632 = EDGE_CURVE ( 'NONE', #172, #859, #1648, .T. ) ;
#633 = DIRECTION ( 'NONE',  ( -0.000000000000000000, -0.000000000000000000, 1.000000000000000000 ) ) ;
#634 = ORIENTED_EDGE ( 'NONE', *, *, #1625, .F. ) ;
#635 = DIRECTION ( 'NONE',  ( -0.000000000000000000, -0.000000000000000000, -1.000000000000000000 ) ) ;
#636 = CARTESIAN_POINT ( 'NONE',  ( 0.000000000000000000, -72.40000343881547451, 104.0000000000000000 ) ) ;
#637 = UNCERTAINTY_MEASURE_WITH_UNIT (LENGTH_MEASURE( 1.000000000000000082E-05 ), #1271, 'distance_accuracy_value', 'NONE');
#638 = DIRECTION ( 'NONE',  ( -0.9390999089252873855, 0.3436442361753171415, 0.000000000000000000 ) ) ;
#639 = DIRECTION ( 'NONE',  ( 0.000000000000000000, 0.000000000000000000, 1.000000000000000000 ) ) ;
#640 = VECTOR ( 'NONE', #1343, 1000.000000000000000 ) ;
#641 = CARTESIAN_POINT ( 'NONE',  ( 0.000000000000000000, -72.40000343881547451, 3.000000000000002665 ) ) ;
#642 = VERTEX_POINT ( 'NONE', #1067 ) ;
#643 = ADVANCED_FACE ( 'NONE', ( #1626 ), #1244, .F. ) ;
#644 = DIRECTION ( 'NONE',  ( 0.3436442361753170305, 0.9390999089252872745, -0.000000000000000000 ) ) ;
#645 = ORIENTED_EDGE ( 'NONE', *, *, #102, .T. ) ;
#646 = DIRECTION ( 'NONE',  ( -0.000000000000000000, -0.000000000000000000, -1.000000000000000000 ) ) ;
#647 = CARTESIAN_POINT ( 'NONE',  ( 0.000000000000000000, -248.9000034388154745, 103.0000000000000568 ) ) ;
#648 = VECTOR ( 'NONE', #108, 1000.000000000000000 ) ;
#649 = VECTOR ( 'NONE', #457, 1000.000000000000000 ) ;
#650 = DIRECTION ( 'NONE',  ( 0.6573108698099459080, 0.7536195462099508635, -0.000000000000000000 ) ) ;
#651 = CARTESIAN_POINT ( 'NONE',  ( -155.0000000000000000, -72.40000343881547451, 3.000000000000000000 ) ) ;
#652 = CARTESIAN_POINT ( 'NONE',  ( 0.000000000000000000, -72.40000343881547451, 102.0000000000000000 ) ) ;
#653 = EDGE_LOOP ( 'NONE', ( #1773, #1220 ) ) ;
#654 = ORIENTED_EDGE ( 'NONE', *, *, #1075, .T. ) ;
#655 = CARTESIAN_POINT ( 'NONE',  ( -118.0272487010385589, -192.2799941362893321, 95.56910998328814344 ) ) ;
#656 = ORIENTED_EDGE ( 'NONE', *, *, #1747, .F. ) ;
#657 = EDGE_CURVE ( 'NONE', #279, #1200, #700, .T. ) ;
#658 = DIRECTION ( 'NONE',  ( -0.000000000000000000, -0.000000000000000000, -1.000000000000000000 ) ) ;
#659 = CARTESIAN_POINT ( 'NONE',  ( -175.0000000000000284, -72.40000343881547451, 102.0000000000000000 ) ) ;
#660 = DIRECTION ( 'NONE',  ( -0.000000000000000000, -0.000000000000000000, -1.000000000000000000 ) ) ;
#661 = AXIS2_PLACEMENT_3D ( 'NONE', #602, #1011, #1578 ) ;
#662 = FACE_BOUND ( 'NONE', #1744, .T. ) ;
#663 = ORIENTED_EDGE ( 'NONE', *, *, #358, .F. ) ;
#664 = VECTOR ( 'NONE', #455, 1000.000000000000000 ) ;
#665 = ORIENTED_EDGE ( 'NONE', *, *, #466, .T. ) ;
#666 = CARTESIAN_POINT ( 'NONE',  ( -118.5821848535693306, -192.3406648541175343, 95.13623535143956644 ) ) ;
#667 = EDGE_CURVE ( 'NONE', #1317, #1259, #523, .T. ) ;
#668 = DIRECTION ( 'NONE',  ( 0.000000000000000000, 0.000000000000000000, 1.000000000000000000 ) ) ;
#669 = DIRECTION ( 'NONE',  ( 1.000000000000000000, 0.000000000000000000, -0.000000000000000000 ) ) ;
#670 = EDGE_CURVE ( 'NONE', #923, #1659, #533, .T. ) ;
#671 =( LENGTH_UNIT ( ) NAMED_UNIT ( * ) SI_UNIT ( .MILLI., .METRE. ) );
#672 = VECTOR ( 'NONE', #446, 1000.000000000000000 ) ;
#673 = CARTESIAN_POINT ( 'NONE',  ( -173.5115081554629342, -95.17623090555657939, 53.79999999999999716 ) ) ;
#674 = CARTESIAN_POINT ( 'NONE',  ( 0.000000000000000000, -72.40000343881547451, 53.79999999999999716 ) ) ;
#675 = ORIENTED_EDGE ( 'NONE', *, *, #1611, .T. ) ;
#676 = VECTOR ( 'NONE', #755, 1000.000000000000000 ) ;
#677 = AXIS2_PLACEMENT_3D ( 'NONE', #679, #658, #925 ) ;
#678 = CARTESIAN_POINT ( 'NONE',  ( -73.92209461152295091, -226.5011546867947914, 44.08588814471794848 ) ) ;
#679 = CARTESIAN_POINT ( 'NONE',  ( 0.000000000000000000, -72.40000343881547451, 53.00000000000000711 ) ) ;
#680 = EDGE_CURVE ( 'NONE', #823, #163, #941, .T. ) ;
#681 = DIRECTION ( 'NONE',  ( -0.3436442361753174191, -0.9390999089252871634, 0.000000000000000000 ) ) ;
#682 = CARTESIAN_POINT ( 'NONE',  ( 0.000000000000000000, -250.4000034388155314, 0.000000000000000000 ) ) ;
#683 = EDGE_CURVE ( 'NONE', #1209, #1602, #1239, .T. ) ;
#684 = FACE_OUTER_BOUND ( 'NONE', #412, .T. ) ;
#685 = ORIENTED_EDGE ( 'NONE', *, *, #1517, .T. ) ;
#686 = ORIENTED_EDGE ( 'NONE', *, *, #692, .T. ) ;
#687 = ORIENTED_EDGE ( 'NONE', *, *, #165, .T. ) ;
#688 = CARTESIAN_POINT ( 'NONE',  ( -75.72137060043942824, -225.0560649529234070, 43.00000000000000000 ) ) ;
#689 = DIRECTION ( 'NONE',  ( 0.000000000000000000, 0.000000000000000000, -1.000000000000000000 ) ) ;
#690 = FACE_OUTER_BOUND ( 'NONE', #1764, .T. ) ;
#691 = FACE_OUTER_BOUND ( 'NONE', #371, .T. ) ;
#692 = EDGE_CURVE ( 'NONE', #1232, #874, #1667, .T. ) ;
#693 = DIRECTION ( 'NONE',  ( -0.000000000000000000, -0.000000000000000000, -1.000000000000000000 ) ) ;
#694 = ORIENTED_EDGE ( 'NONE', *, *, #141, .T. ) ;
#695 = ORIENTED_EDGE ( 'NONE', *, *, #1003, .F. ) ;
#696 = ORIENTED_EDGE ( 'NONE', *, *, #1733, .T. ) ;
#697 = CARTESIAN_POINT ( 'NONE',  ( -75.69128748277090324, -224.7157959800196920, 44.91392980783020761 ) ) ;
#698 = CARTESIAN_POINT ( 'NONE',  ( -117.4352034495559707, -189.7791958686695466, 97.76118483023084593 ) ) ;
#699 = LINE ( 'NONE', #285, #273 ) ;
#700 = CIRCLE ( 'NONE', #321, 165.0000000000000000 ) ;
#701 = DIRECTION ( 'NONE',  ( 1.000000000000000000, 0.000000000000000000, -0.000000000000000000 ) ) ;
#702 = ORIENTED_EDGE ( 'NONE', *, *, #1493, .F. ) ;
#703 = ORIENTED_EDGE ( 'NONE', *, *, #1336, .T. ) ;
#704 = EDGE_LOOP ( 'NONE', ( #867, #1421, #1119, #538 ) ) ;
#705 = EDGE_CURVE ( 'NONE', #1209, #1058, #151, .T. ) ;
#706 = CIRCLE ( 'NONE', #1475, 1.477000000000006086 ) ;
#707 = DIRECTION ( 'NONE',  ( -0.000000000000000000, -0.000000000000000000, -1.000000000000000000 ) ) ;
#708 = FACE_BOUND ( 'NONE', #653, .T. ) ;
#709 = CARTESIAN_POINT ( 'NONE',  ( 0.000000000000000000, -72.40000343881547451, 102.0000000000000000 ) ) ;
#710 = PLANE ( 'NONE',  #410 ) ;
#711 = ORIENTED_EDGE ( 'NONE', *, *, #484, .F. ) ;
#712 = AXIS2_PLACEMENT_3D ( 'NONE', #1224, #1778, #427 ) ;
#713 = ORIENTED_EDGE ( 'NONE', *, *, #1652, .F. ) ;
#714 = ORIENTED_EDGE ( 'NONE', *, *, #795, .T. ) ;
#715 = CARTESIAN_POINT ( 'NONE',  ( -75.49699560155939082, -224.2558290160220054, 45.41230357940447249 ) ) ;
#716 = ADVANCED_FACE ( 'NONE', ( #565 ), #1397, .T. ) ;
#717 = VECTOR ( 'NONE', #490, 1000.000000000000000 ) ;
#718 = CARTESIAN_POINT ( 'NONE',  ( -177.5000000000000000, -72.40000343881547451, 102.0000000000000142 ) ) ;
#719 = CARTESIAN_POINT ( 'NONE',  ( -117.0281005066810565, -190.5467451493905173, 3.000000000000000000 ) ) ;
#720 = ORIENTED_EDGE ( 'NONE', *, *, #287, .T. ) ;
#721 = ORIENTED_EDGE ( 'NONE', *, *, #216, .T. ) ;
#722 = CIRCLE ( 'NONE', #951, 1.477000000000006086 ) ;
#723 = CARTESIAN_POINT ( 'NONE',  ( -119.9315279843697937, -190.8545314231865859, 98.99999999999998579 ) ) ;
#724 = CYLINDRICAL_SURFACE ( 'NONE', #661, 155.0000000000000000 ) ;
#725 = EDGE_CURVE ( 'NONE', #1435, #1530, #1158, .T. ) ;
#726 = DIRECTION ( 'NONE',  ( -1.000000000000000000, 0.000000000000000000, 0.000000000000000000 ) ) ;
#727 = DIRECTION ( 'NONE',  ( 0.000000000000000000, 0.000000000000000000, 1.000000000000000000 ) ) ;
#728 = VERTEX_POINT ( 'NONE', #1118 ) ;
#729 = ORIENTED_EDGE ( 'NONE', *, *, #1378, .F. ) ;
#730 = CARTESIAN_POINT ( 'NONE',  ( 0.000000000000000000, -72.40000343881547451, 279.6999999999999886 ) ) ;
#731 = FACE_OUTER_BOUND ( 'NONE', #1605, .T. ) ;
#732 = AXIS2_PLACEMENT_3D ( 'NONE', #749, #1441, #1450 ) ;
#733 = CIRCLE ( 'NONE', #1622, 178.0000000000000284 ) ;
#734 = CARTESIAN_POINT ( 'NONE',  ( 0.000000000000000000, -72.40000343881547451, 102.0000000000000000 ) ) ;
#735 = SURFACE_STYLE_FILL_AREA ( #188 ) ;
#736 = ADVANCED_FACE ( 'NONE', ( #447 ), #710, .F. ) ;
#737 = VERTEX_POINT ( 'NONE', #858 ) ;
#738 = AXIS2_PLACEMENT_3D ( 'NONE', #1731, #34, #1423 ) ;
#739 = LINE ( 'NONE', #1288, #1193 ) ;
#740 = CARTESIAN_POINT ( 'NONE',  ( 0.000000000000000000, -72.40000343881547451, 102.0000000000000000 ) ) ;
#741 = LINE ( 'NONE', #613, #59 ) ;
#742 = ORIENTED_EDGE ( 'NONE', *, *, #238, .F. ) ;
#743 = EDGE_CURVE ( 'NONE', #1452, #1051, #1463, .T. ) ;
#744 = EDGE_LOOP ( 'NONE', ( #289, #1409, #825, #393 ) ) ;
#745 = DIRECTION ( 'NONE',  ( -1.000000000000000000, 0.000000000000000000, 0.000000000000000000 ) ) ;
#746 = LINE ( 'NONE', #1149, #1607 ) ;
#747 = VECTOR ( 'NONE', #1141, 1000.000000000000000 ) ;
#748 = CARTESIAN_POINT ( 'NONE',  ( -77.41238840120817599, -216.3696002584705411, 3.000000000000000000 ) ) ;
#749 = CARTESIAN_POINT ( 'NONE',  ( -118.5051005066810603, -190.5467451493905173, -7.000000000000000000 ) ) ;
#750 = ORIENTED_EDGE ( 'NONE', *, *, #799, .F. ) ;
#751 = DIRECTION ( 'NONE',  ( 1.000000000000000000, 0.000000000000000000, -0.000000000000000000 ) ) ;
#752 = EDGE_CURVE ( 'NONE', #1100, #171, #1756, .T. ) ;
#753 = B_SPLINE_CURVE_WITH_KNOTS ( 'NONE', 3,
 ( #1488, #1370, #505, #1379 ),
 .UNSPECIFIED., .F., .F.,
 ( 4, 4 ),
 ( 7.473417450352270646E-17, 0.01414230029780422400 ),
 .UNSPECIFIED. ) ;
#754 = DIRECTION ( 'NONE',  ( 1.000000000000000000, 0.000000000000000000, 0.000000000000000000 ) ) ;
#755 = DIRECTION ( 'NONE',  ( -0.000000000000000000, -0.000000000000000000, 1.000000000000000000 ) ) ;
#756 = ORIENTED_EDGE ( 'NONE', *, *, #429, .F. ) ;
#757 = DIRECTION ( 'NONE',  ( 0.6530889932406350740, 0.7572811676701948214, -0.000000000000000000 ) ) ;
#758 = VECTOR ( 'NONE', #19, 1000.000000000000000 ) ;
#759 = EDGE_CURVE ( 'NONE', #279, #1570, #305, .T. ) ;
#760 = CARTESIAN_POINT ( 'NONE',  ( -72.76737060043943472, -224.8831447417608729, 46.04381316601690344 ) ) ;
#761 = CARTESIAN_POINT ( 'NONE',  ( -163.6543018732253927, -93.43020739377575978, 50.00000000000000000 ) ) ;
#762 = FACE_BOUND ( 'NONE', #1470, .T. ) ;
#763 = DIRECTION ( 'NONE',  ( -0.000000000000000000, -0.000000000000000000, 1.000000000000000000 ) ) ;
#764 = VERTEX_POINT ( 'NONE', #1248 ) ;
#765 = ORIENTED_EDGE ( 'NONE', *, *, #795, .F. ) ;
#766 = CARTESIAN_POINT ( 'NONE',  ( -116.2498407968330980, -207.1960512841101547, 50.00000000000000000 ) ) ;
#767 = LINE ( 'NONE', #1203, #1226 ) ;
#768 = DIRECTION ( 'NONE',  ( -0.000000000000000000, -0.000000000000000000, -1.000000000000000000 ) ) ;
#769 = AXIS2_PLACEMENT_3D ( 'NONE', #1296, #1562, #61 ) ;
#770 = CYLINDRICAL_SURFACE ( 'NONE', #1633, 1.099999999999989875 ) ;
#771 = ORIENTED_EDGE ( 'NONE', *, *, #852, .F. ) ;
#772 = ADVANCED_FACE ( 'NONE', ( #575 ), #1420, .F. ) ;
#773 = CARTESIAN_POINT ( 'NONE',  ( -57.25845886057670242, -224.2362256760434320, 3.000000000000000000 ) ) ;
#774 = ORIENTED_EDGE ( 'NONE', *, *, #337, .F. ) ;
#775 = VECTOR ( 'NONE', #1133, 1000.000000000000114 ) ;
#776 = ORIENTED_EDGE ( 'NONE', *, *, #1125, .F. ) ;
#777 = CARTESIAN_POINT ( 'NONE',  ( -119.8808116446313363, -191.2519275279320254, 94.98891809117094454 ) ) ;
#778 = ORIENTED_EDGE ( 'NONE', *, *, #402, .F. ) ;
#779 = LINE ( 'NONE', #228, #1170 ) ;
#780 = CARTESIAN_POINT ( 'NONE',  ( 0.000000000000000000, -72.40000343881547451, 88.79999999999991189 ) ) ;
#781 = CIRCLE ( 'NONE', #242, 175.0000000000000284 ) ;
#782 = EDGE_CURVE ( 'NONE', #1500, #796, #591, .T. ) ;
#783 = DIRECTION ( 'NONE',  ( 1.000000000000000000, 0.000000000000000000, 0.000000000000000000 ) ) ;
#784 = VERTEX_POINT ( 'NONE', #975 ) ;
#785 = ORIENTED_EDGE ( 'NONE', *, *, #227, .F. ) ;
#786 = CARTESIAN_POINT ( 'NONE',  ( -162.0000000000000000, -72.40000343881547451, 104.0000000000000000 ) ) ;
#787 = ORIENTED_EDGE ( 'NONE', *, *, #914, .F. ) ;
#788 = FACE_OUTER_BOUND ( 'NONE', #152, .T. ) ;
#789 = AXIS2_PLACEMENT_3D ( 'NONE', #1071, #1620, #936 ) ;
#790 = AXIS2_PLACEMENT_3D ( 'NONE', #773, #898, #1540 ) ;
#791 = DIRECTION ( 'NONE',  ( -1.000000000000000000, 0.000000000000000000, 0.000000000000000000 ) ) ;
#792 = CARTESIAN_POINT ( 'NONE',  ( -61.72832518752089470, -230.8354260781467246, 3.000000000000000000 ) ) ;
#793 = LINE ( 'NONE', #1056, #463 ) ;
#794 = ORIENTED_EDGE ( 'NONE', *, *, #752, .F. ) ;
#795 = EDGE_CURVE ( 'NONE', #1537, #1430, #1206, .T. ) ;
#796 = VERTEX_POINT ( 'NONE', #288 ) ;
#797 = DIRECTION ( 'NONE',  ( 1.000000000000000000, 0.000000000000000000, 0.000000000000000000 ) ) ;
#798 = ORIENTED_EDGE ( 'NONE', *, *, #227, .T. ) ;
#799 = EDGE_CURVE ( 'NONE', #486, #1400, #4, .T. ) ;
#800 = DIRECTION ( 'NONE',  ( 1.000000000000000000, 0.000000000000000000, 0.000000000000000000 ) ) ;
#801 = CARTESIAN_POINT ( 'NONE',  ( -163.6543018732253927, -93.43020739377575978, 53.00000000000000711 ) ) ;
#802 = AXIS2_PLACEMENT_3D ( 'NONE', #1776, #1359, #537 ) ;
#803 = DIRECTION ( 'NONE',  ( 0.000000000000000000, 0.000000000000000000, -1.000000000000000000 ) ) ;
#804 = ORIENTED_EDGE ( 'NONE', *, *, #1041, .T. ) ;
#805 = ORIENTED_EDGE ( 'NONE', *, *, #1029, .T. ) ;
#806 = DIRECTION ( 'NONE',  ( 0.000000000000000000, 0.000000000000000000, 1.000000000000000000 ) ) ;
#807 = EDGE_CURVE ( 'NONE', #1347, #1430, #982, .T. ) ;
#808 = DIRECTION ( 'NONE',  ( 0.000000000000000000, 0.000000000000000000, 1.000000000000000000 ) ) ;
#809 = FACE_OUTER_BOUND ( 'NONE', #615, .T. ) ;
#810 = AXIS2_PLACEMENT_3D ( 'NONE', #1612, #245, #791 ) ;
#811 = DIRECTION ( 'NONE',  ( -0.000000000000000000, -0.000000000000000000, 1.000000000000000000 ) ) ;
#812 = DIRECTION ( 'NONE',  ( 1.000000000000000000, 0.000000000000000000, 0.000000000000000000 ) ) ;
#813 = VERTEX_POINT ( 'NONE', #1528 ) ;
#814 = CIRCLE ( 'NONE', #1332, 175.0000000000000284 ) ;
#815 = VERTEX_POINT ( 'NONE', #170 ) ;
#816 = VERTEX_POINT ( 'NONE', #719 ) ;
#817 = CARTESIAN_POINT ( 'NONE',  ( -73.69861597400414155, -223.6785593027939001, 46.72441069724593632 ) ) ;
#818 = LINE ( 'NONE', #1105, #870 ) ;
#819 = ADVANCED_FACE ( 'NONE', ( #1390 ), #1007, .T. ) ;
#820 = CARTESIAN_POINT ( 'NONE',  ( 0.000000000000000000, -72.40000343881547451, 50.00000000000000000 ) ) ;
#821 = VECTOR ( 'NONE', #1499, 1000.000000000000000 ) ;
#822 = DIRECTION ( 'NONE',  ( -1.000000000000000000, 0.000000000000000000, 0.000000000000000000 ) ) ;
#823 = VERTEX_POINT ( 'NONE', #866 ) ;
#824 = VERTEX_POINT ( 'NONE', #1657 ) ;
#825 = ORIENTED_EDGE ( 'NONE', *, *, #459, .T. ) ;
#826 = CARTESIAN_POINT ( 'NONE',  ( 0.000000000000000000, -72.40000343881547451, 104.0000000000000000 ) ) ;
#827 = CARTESIAN_POINT ( 'NONE',  ( -118.2231359373649582, -189.3920770697395142, 97.47547550139974248 ) ) ;
#828 = CARTESIAN_POINT ( 'NONE',  ( 0.000000000000000000, -227.4000034388154745, 3.000000000000000000 ) ) ;
#829 = FACE_OUTER_BOUND ( 'NONE', #221, .T. ) ;
#830 = CARTESIAN_POINT ( 'NONE',  ( 0.000000000000000000, -72.40000343881547451, 102.0000000000000000 ) ) ;
#831 = ADVANCED_FACE ( 'NONE', ( #1558 ), #1159, .F. ) ;
#832 = ORIENTED_EDGE ( 'NONE', *, *, #1585, .F. ) ;
#833 = VECTOR ( 'NONE', #892, 1000.000000000000000 ) ;
#834 = EDGE_LOOP ( 'NONE', ( #1775, #608, #1291, #720 ) ) ;
#835 = VECTOR ( 'NONE', #1432, 1000.000000000000000 ) ;
#836 = VERTEX_POINT ( 'NONE', #49 ) ;
#837 = LINE ( 'NONE', #1678, #70 ) ;
#838 = DIRECTION ( 'NONE',  ( 0.000000000000000000, 0.000000000000000000, -1.000000000000000000 ) ) ;
#839 = DIRECTION ( 'NONE',  ( 0.1744165971782066782, -0.9846719507677546002, 0.000000000000000000 ) ) ;
#840 = CIRCLE ( 'NONE', #1013, 174.1999999999999886 ) ;
#841 = DIRECTION ( 'NONE',  ( 0.000000000000000000, 0.000000000000000000, -1.000000000000000000 ) ) ;
#842 = ORIENTED_EDGE ( 'NONE', *, *, #657, .T. ) ;
#843 = ADVANCED_FACE ( 'NONE', ( #77 ), #1298, .F. ) ;
#844 = B_SPLINE_CURVE_WITH_KNOTS ( 'NONE', 3,
 ( #1033, #1166, #1449, #761 ),
 .UNSPECIFIED., .F., .F.,
 ( 4, 4 ),
 ( 1.387778780781445676E-17, 0.01414966832806604201 ),
 .UNSPECIFIED. ) ;
#845 = ORIENTED_EDGE ( 'NONE', *, *, #366, .F. ) ;
#846 = ORIENTED_EDGE ( 'NONE', *, *, #632, .T. ) ;
#847 = CARTESIAN_POINT ( 'NONE',  ( -74.26484238187987330, -223.5652854409888732, 46.57737245624495159 ) ) ;
#848 = CARTESIAN_POINT ( 'NONE',  ( 0.000000000000000000, -72.40000343881547451, 4.522864374053400915 ) ) ;
#849 = DIRECTION ( 'NONE',  ( 0.000000000000000000, 0.000000000000000000, -1.000000000000000000 ) ) ;
#850 = CARTESIAN_POINT ( 'NONE',  ( 0.000000000000000000, -72.40000343881547451, 214.9999999999989768 ) ) ;
#851 = ORIENTED_EDGE ( 'NONE', *, *, #176, .T. ) ;
#852 = EDGE_CURVE ( 'NONE', #728, #1209, #1580, .T. ) ;
#853 = CARTESIAN_POINT ( 'NONE',  ( -114.2905738171111949, -204.9242077810995681, 102.0000000000000000 ) ) ;
#854 = AXIS2_PLACEMENT_3D ( 'NONE', #1591, #1769, #926 ) ;
#855 = CARTESIAN_POINT ( 'NONE',  ( -118.6101999306565631, -189.3828991184620634, 97.20655882007577020 ) ) ;
#856 = EDGE_CURVE ( 'NONE', #1650, #1435, #327, .T. ) ;
#857 = PLANE ( 'NONE',  #1212 ) ;
#858 = CARTESIAN_POINT ( 'NONE',  ( 0.000000000000000000, -234.4000034388154745, 101.7999999999997698 ) ) ;
#859 = VERTEX_POINT ( 'NONE', #1305 ) ;
#860 = ORIENTED_EDGE ( 'NONE', *, *, #1241, .F. ) ;
#861 = CIRCLE ( 'NONE', #111, 1.099999999999996758 ) ;
#862 = DIRECTION ( 'NONE',  ( -0.7071067811865474617, 0.000000000000000000, -0.7071067811865475727 ) ) ;
#863 = CARTESIAN_POINT ( 'NONE',  ( 0.000000000000000000, -72.40000343881547451, 53.79999999999999716 ) ) ;
#864 = EDGE_CURVE ( 'NONE', #984, #1500, #372, .T. ) ;
#865 = DIRECTION ( 'NONE',  ( 0.000000000000000000, 0.000000000000000000, -1.000000000000000000 ) ) ;
#866 = CARTESIAN_POINT ( 'NONE',  ( -162.0000000000000000, -72.40000343881547451, 104.0000000000000000 ) ) ;
#867 = ORIENTED_EDGE ( 'NONE', *, *, #1757, .F. ) ;
#868 = DIRECTION ( 'NONE',  ( -0.000000000000000000, 0.7071067811865474617, 0.7071067811865475727 ) ) ;
#869 = DIRECTION ( 'NONE',  ( 0.000000000000000000, 0.000000000000000000, -1.000000000000000000 ) ) ;
#870 = VECTOR ( 'NONE', #303, 1000.000000000000000 ) ;
#871 = DIRECTION ( 'NONE',  ( -0.000000000000000000, 0.7071067811865515695, 0.7071067811865435759 ) ) ;
#872 = EDGE_CURVE ( 'NONE', #1058, #134, #1014, .T. ) ;
#873 = DIRECTION ( 'NONE',  ( -0.000000000000000000, -0.000000000000000000, 1.000000000000000000 ) ) ;
#874 = VERTEX_POINT ( 'NONE', #461 ) ;
#875 = ORIENTED_EDGE ( 'NONE', *, *, #1336, .F. ) ;
#876 = VECTOR ( 'NONE', #386, 1000.000000000000000 ) ;
#877 = VECTOR ( 'NONE', #1174, 1000.000000000000000 ) ;
#878 = CARTESIAN_POINT ( 'NONE',  ( 0.000000000000000000, -246.6000034388156621, 3.000000000000000000 ) ) ;
#879 = SURFACE_SIDE_STYLE ('',( #349 ) ) ;
#880 = DIRECTION ( 'NONE',  ( 1.000000000000000000, 0.000000000000000000, 0.000000000000000000 ) ) ;
#881 = CARTESIAN_POINT ( 'NONE',  ( -118.4545279843697898, -190.8545314231865859, 98.99999999999998579 ) ) ;
#882 = EDGE_CURVE ( 'NONE', #1430, #1741, #64, .T. ) ;
#883 = ORIENTED_EDGE ( 'NONE', *, *, #1759, .T. ) ;
#884 = LINE ( 'NONE', #333, #1032 ) ;
#885 = AXIS2_PLACEMENT_3D ( 'NONE', #1156, #1031, #745 ) ;
#886 = CARTESIAN_POINT ( 'NONE',  ( -56.15845886057670810, -224.2362256760434320, 3.000000000000000000 ) ) ;
#887 = DIRECTION ( 'NONE',  ( 0.9390999089252866083, -0.3436442361753187513, 0.000000000000000000 ) ) ;
#888 = FACE_OUTER_BOUND ( 'NONE', #1777, .T. ) ;
#889 = ORIENTED_EDGE ( 'NONE', *, *, #1611, .F. ) ;
#890 = EDGE_CURVE ( 'NONE', #204, #1669, #741, .T. ) ;
#891 = AXIS2_PLACEMENT_3D ( 'NONE', #1486, #638, #1205 ) ;
#892 = DIRECTION ( 'NONE',  ( 0.7012493696689773293, 0.09082577574052203007, 0.7071067811865435759 ) ) ;
#893 = DIRECTION ( 'NONE',  ( -0.000000000000000000, -0.000000000000000000, 1.000000000000000000 ) ) ;
#894 = AXIS2_PLACEMENT_3D ( 'NONE', #1355, #811, #962 ) ;
#895 = CIRCLE ( 'NONE', #125, 175.0000000000000284 ) ;
#896 = CARTESIAN_POINT ( 'NONE',  ( 0.000000000000000000, -72.40000343881547451, 0.000000000000000000 ) ) ;
#897 = ORIENTED_EDGE ( 'NONE', *, *, #449, .T. ) ;
#898 = DIRECTION ( 'NONE',  ( -0.000000000000000000, -0.000000000000000000, -1.000000000000000000 ) ) ;
#899 = ORIENTED_EDGE ( 'NONE', *, *, #1517, .F. ) ;
#900 = ORIENTED_EDGE ( 'NONE', *, *, #477, .T. ) ;
#901 = LINE ( 'NONE', #1329, #481 ) ;
#902 = AXIS2_PLACEMENT_3D ( 'NONE', #95, #646, #244 ) ;
#903 = EDGE_CURVE ( 'NONE', #172, #1089, #1064, .T. ) ;
#904 = CARTESIAN_POINT ( 'NONE',  ( 0.000000000000000000, -72.40000343881547451, 4.522864374053400915 ) ) ;
#905 = CARTESIAN_POINT ( 'NONE',  ( -114.1529208483406279, -205.0427969173625513, 39.99999999999996447 ) ) ;
#906 = ORIENTED_EDGE ( 'NONE', *, *, #1429, .F. ) ;
#907 = CARTESIAN_POINT ( 'NONE',  ( -116.9775279843697717, -190.8545314231865859, 98.99999999999998579 ) ) ;
#908 = ORIENTED_EDGE ( 'NONE', *, *, #358, .T. ) ;
#909 = LINE ( 'NONE', #507, #547 ) ;
#910 = ORIENTED_EDGE ( 'NONE', *, *, #1075, .F. ) ;
#911 = CARTESIAN_POINT ( 'NONE',  ( 0.000000000000000000, -72.40000343881547451, 39.99999999999996447 ) ) ;
#912 = CARTESIAN_POINT ( 'NONE',  ( 0.000000000000000000, -72.40000343881547451, 64.00000000000000000 ) ) ;
#913 = AXIS2_PLACEMENT_3D ( 'NONE', #1289, #1139, #54 ) ;
#914 = EDGE_CURVE ( 'NONE', #132, #486, #1005, .T. ) ;
#915 = DIRECTION ( 'NONE',  ( -0.000000000000000000, -0.000000000000000000, -1.000000000000000000 ) ) ;
#916 = VECTOR ( 'NONE', #1699, 1000.000000000000000 ) ;
#917 = CARTESIAN_POINT ( 'NONE',  ( -114.2905738171111949, -204.9242077810995681, 102.0000000000000000 ) ) ;
#918 = DIRECTION ( 'NONE',  ( 0.000000000000000000, 0.000000000000000000, 1.000000000000000000 ) ) ;
#919 = ORIENTED_EDGE ( 'NONE', *, *, #176, .F. ) ;
#920 = AXIS2_PLACEMENT_3D ( 'NONE', #1637, #918, #1208 ) ;
#921 = ORIENTED_EDGE ( 'NONE', *, *, #1215, .T. ) ;
#922 = CARTESIAN_POINT ( 'NONE',  ( -117.1384860045528455, -191.5469493665356424, 96.71494713424736744 ) ) ;
#923 = VERTEX_POINT ( 'NONE', #1290 ) ;
#924 = DIRECTION ( 'NONE',  ( 1.000000000000000000, 0.000000000000000000, 0.000000000000000000 ) ) ;
#925 = DIRECTION ( 'NONE',  ( -1.000000000000000000, 0.000000000000000000, 0.000000000000000000 ) ) ;
#926 = DIRECTION ( 'NONE',  ( 1.000000000000000000, 0.000000000000000000, 0.000000000000000000 ) ) ;
#927 = PLANE ( 'NONE',  #1337 ) ;
#928 = EDGE_CURVE ( 'NONE', #1537, #110, #598, .T. ) ;
#929 = VECTOR ( 'NONE', #552, 1000.000000000000000 ) ;
#930 = DIRECTION ( 'NONE',  ( -0.000000000000000000, -0.000000000000000000, -1.000000000000000000 ) ) ;
#931 = EDGE_CURVE ( 'NONE', #464, #1200, #844, .T. ) ;
#932 = EDGE_LOOP ( 'NONE', ( #713, #910 ) ) ;
#933 = ORIENTED_EDGE ( 'NONE', *, *, #534, .T. ) ;
#934 = CARTESIAN_POINT ( 'NONE',  ( -116.9775279843663185, -190.8545314231911334, 97.32112069894721174 ) ) ;
#935 = VERTEX_POINT ( 'NONE', #1426 ) ;
#936 = DIRECTION ( 'NONE',  ( 1.000000000000000000, 0.000000000000000000, 0.000000000000000000 ) ) ;
#937 = PLANE ( 'NONE',  #93 ) ;
#938 = CIRCLE ( 'NONE', #1453, 176.5000000000000000 ) ;
#939 = CARTESIAN_POINT ( 'NONE',  ( -172.9858206791770385, -95.08311499957234503, 53.26666604809879146 ) ) ;
#940 = STYLED_ITEM ( 'NONE', ( #1740 ), #987 ) ;
#941 = LINE ( 'NONE', #963, #1556 ) ;
#942 = ORIENTED_EDGE ( 'NONE', *, *, #1021, .T. ) ;
#943 = EDGE_CURVE ( 'NONE', #1472, #737, #1545, .T. ) ;
#944 = ORIENTED_EDGE ( 'NONE', *, *, #296, .F. ) ;
#945 = DIRECTION ( 'NONE',  ( 0.000000000000000000, 0.000000000000000000, 1.000000000000000000 ) ) ;
#946 = ORIENTED_EDGE ( 'NONE', *, *, #1264, .F. ) ;
#947 = CARTESIAN_POINT ( 'NONE',  ( -74.89901778457439718, -226.3852214998182717, 43.76537543434014310 ) ) ;
#948 = CARTESIAN_POINT ( 'NONE',  ( -107.5796590737455460, -197.5064259501185688, 64.00000000000000000 ) ) ;
#949 = CARTESIAN_POINT ( 'NONE',  ( -107.5796590737455460, -197.5064259501185688, 50.00000000000000000 ) ) ;
#950 = CARTESIAN_POINT ( 'NONE',  ( -74.24437060043942438, -225.0560649529234070, 53.00000000000000711 ) ) ;
#951 = AXIS2_PLACEMENT_3D ( 'NONE', #1012, #619, #63 ) ;
#952 = CYLINDRICAL_SURFACE ( 'NONE', #1614, 175.0000000000000284 ) ;
#953 = ORIENTED_EDGE ( 'NONE', *, *, #1639, .T. ) ;
#954 = ORIENTED_EDGE ( 'NONE', *, *, #287, .F. ) ;
#955 = EDGE_LOOP ( 'NONE', ( #1101, #1709, #434, #346 ) ) ;
#956 = EDGE_CURVE ( 'NONE', #414, #1232, #1573, .T. ) ;
#957 = CARTESIAN_POINT ( 'NONE',  ( -75.69093236615364617, -225.4126565748156850, 44.28981163563874190 ) ) ;
#958 = CARTESIAN_POINT ( 'NONE',  ( -119.9315279843702342, -190.8545314231859606, 95.23236786184058644 ) ) ;
#959 = CARTESIAN_POINT ( 'NONE',  ( 0.000000000000000000, -72.40000343881547451, 50.00000000000000000 ) ) ;
#960 = VECTOR ( 'NONE', #168, 1000.000000000000000 ) ;
#961 = APPLICATION_CONTEXT ( 'automotive_design' ) ;
#962 = DIRECTION ( 'NONE',  ( 1.000000000000000000, 0.000000000000000000, 0.000000000000000000 ) ) ;
#963 = CARTESIAN_POINT ( 'NONE',  ( 0.000000000000000000, -72.40000343881547451, 104.0000000000000000 ) ) ;
#964 = ORIENTED_EDGE ( 'NONE', *, *, #1639, .F. ) ;
#965 = AXIS2_PLACEMENT_3D ( 'NONE', #471, #1698, #1302 ) ;
#966 = EDGE_LOOP ( 'NONE', ( #338, #1670, #261, #50 ) ) ;
#967 = ORIENTED_EDGE ( 'NONE', *, *, #1704, .T. ) ;
#968 = CARTESIAN_POINT ( 'NONE',  ( -73.33150570821814540, -226.2310891835945768, 44.58432369761529657 ) ) ;
#969 = CARTESIAN_POINT ( 'NONE',  ( -118.8814147722383296, -189.4287255980403870, 96.98123148637097302 ) ) ;
#970 = EDGE_CURVE ( 'NONE', #172, #110, #482, .T. ) ;
#971 = CARTESIAN_POINT ( 'NONE',  ( 0.000000000000000000, -72.40000343881547451, 0.000000000000000000 ) ) ;
#972 = DIRECTION ( 'NONE',  ( 0.000000000000000000, 0.000000000000000000, -1.000000000000000000 ) ) ;
#973 = AXIS2_PLACEMENT_3D ( 'NONE', #1751, #513, #286 ) ;
#974 = AXIS2_PLACEMENT_3D ( 'NONE', #1554, #1326, #323 ) ;
#975 = CARTESIAN_POINT ( 'NONE',  ( 0.000000000000000000, -234.4000034388154745, 104.0000000000000000 ) ) ;
#976 = EDGE_LOOP ( 'NONE', ( #1316, #654, #212, #1701 ) ) ;
#977 = ORIENTED_EDGE ( 'NONE', *, *, #1164, .F. ) ;
#978 = CARTESIAN_POINT ( 'NONE',  ( -116.9775279843663185, -190.8545314231911334, 97.32112069894721174 ) ) ;
#979 = CARTESIAN_POINT ( 'NONE',  ( -116.9775279843663185, -190.8545314231911334, 97.32112069894721174 ) ) ;
#980 = DIRECTION ( 'NONE',  ( -1.000000000000000000, 0.000000000000000000, 0.000000000000000000 ) ) ;
#981 = EDGE_CURVE ( 'NONE', #642, #1660, #1728, .T. ) ;
#982 = LINE ( 'NONE', #1406, #664 ) ;
#983 = EDGE_LOOP ( 'NONE', ( #1763, #569, #90, #1223, #899 ) ) ;
#984 = VERTEX_POINT ( 'NONE', #905 ) ;
#985 = AXIS2_PLACEMENT_3D ( 'NONE', #991, #1415, #1275 ) ;
#986 = ORIENTED_EDGE ( 'NONE', *, *, #670, .T. ) ;
#987 = MANIFOLD_SOLID_BREP ( 'Stock-encloser new chamfer-1', #124 ) ;
#988 = DIRECTION ( 'NONE',  ( -1.000000000000000000, 0.000000000000000000, 0.000000000000000000 ) ) ;
#989 = FACE_BOUND ( 'NONE', #1695, .T. ) ;
#990 = EDGE_CURVE ( 'NONE', #383, #836, #454, .T. ) ;
#991 = CARTESIAN_POINT ( 'NONE',  ( -118.4545279843697898, -190.8545314231865859, 104.0000000000000000 ) ) ;
#992 = EDGE_LOOP ( 'NONE', ( #1099, #908, #1407, #361 ) ) ;
#993 = AXIS2_PLACEMENT_3D ( 'NONE', #72, #1299, #1708 ) ;
#994 = VERTEX_POINT ( 'NONE', #1456 ) ;
#995 = DIRECTION ( 'NONE',  ( -0.000000000000000000, -0.000000000000000000, -1.000000000000000000 ) ) ;
#996 = DIRECTION ( 'NONE',  ( -0.9917163691914462342, -0.1284470438653027846, 0.000000000000000000 ) ) ;
#997 = CARTESIAN_POINT ( 'NONE',  ( 0.000000000000000000, -72.40000343881547451, 3.000000000000000000 ) ) ;
#998 = CARTESIAN_POINT ( 'NONE',  ( -113.9776340921139308, -204.8418272822150925, 53.53333331988784494 ) ) ;
#999 = ORIENTED_EDGE ( 'NONE', *, *, #683, .T. ) ;
#1000 = AXIS2_PLACEMENT_3D ( 'NONE', #555, #1074, #256 ) ;
#1001 = EDGE_CURVE ( 'NONE', #1462, #456, #503, .T. ) ;
#1002 = ORIENTED_EDGE ( 'NONE', *, *, #1041, .F. ) ;
#1003 = EDGE_CURVE ( 'NONE', #642, #91, #779, .T. ) ;
#1004 = LINE ( 'NONE', #723, #1427 ) ;
#1005 = CIRCLE ( 'NONE', #1229, 175.0155342648306487 ) ;
#1006 = CARTESIAN_POINT ( 'NONE',  ( -114.2905738171111949, -204.9242077810995681, 64.00000000000000000 ) ) ;
#1007 = PLANE ( 'NONE',  #148 ) ;
#1008 = ORIENTED_EDGE ( 'NONE', *, *, #743, .T. ) ;
#1009 = CARTESIAN_POINT ( 'NONE',  ( -173.5115081554629626, -95.17623090555657939, 39.99999999999996447 ) ) ;
#1010 = ADVANCED_FACE ( 'NONE', ( #1084 ), #770, .F. ) ;
#1011 = DIRECTION ( 'NONE',  ( -0.000000000000000000, -0.000000000000000000, -1.000000000000000000 ) ) ;
#1012 = CARTESIAN_POINT ( 'NONE',  ( -118.5051005066810603, -190.5467451493905173, 3.000000000000000000 ) ) ;
#1013 = AXIS2_PLACEMENT_3D ( 'NONE', #1743, #278, #812 ) ;
#1014 = LINE ( 'NONE', #1440, #294 ) ;
#1015 = ORIENTED_EDGE ( 'NONE', *, *, #51, .T. ) ;
#1016 = SHAPE_DEFINITION_REPRESENTATION ( #332, #25 ) ;
#1017 = VERTEX_POINT ( 'NONE', #1634 ) ;
#1018 = CARTESIAN_POINT ( 'NONE',  ( -176.5255137160774552, -95.26357724683937533, 4.522864374053400915 ) ) ;
#1019 = AXIS2_PLACEMENT_3D ( 'NONE', #408, #1131, #1404 ) ;
#1020 = CARTESIAN_POINT ( 'NONE',  ( 0.000000000000000000, -234.4000034388154745, 104.0000000000000000 ) ) ;
#1021 = EDGE_CURVE ( 'NONE', #470, #1017, #1465, .T. ) ;
#1022 = DIRECTION ( 'NONE',  ( -0.000000000000000000, -0.000000000000000000, 1.000000000000000000 ) ) ;
#1023 = DIRECTION ( 'NONE',  ( 0.000000000000000000, 0.000000000000000000, 1.000000000000000000 ) ) ;
#1024 = ORIENTED_EDGE ( 'NONE', *, *, #943, .T. ) ;
#1025 = AXIS2_PLACEMENT_3D ( 'NONE', #1484, #668, #1213 ) ;
#1026 = DIRECTION ( 'NONE',  ( -0.000000000000000000, -0.000000000000000000, 1.000000000000000000 ) ) ;
#1027 = DIRECTION ( 'NONE',  ( -0.000000000000000000, -0.000000000000000000, 1.000000000000000000 ) ) ;
#1028 = ORIENTED_EDGE ( 'NONE', *, *, #1164, .T. ) ;
#1029 = EDGE_CURVE ( 'NONE', #1400, #535, #236, .T. ) ;
#1030 = ORIENTED_EDGE ( 'NONE', *, *, #391, .T. ) ;
#1031 = DIRECTION ( 'NONE',  ( 0.000000000000000000, 0.000000000000000000, -1.000000000000000000 ) ) ;
#1032 = VECTOR ( 'NONE', #479, 1000.000000000000114 ) ;
#1033 = CARTESIAN_POINT ( 'NONE',  ( -173.5115081554629626, -95.17623090555657939, 39.99999999999996447 ) ) ;
#1034 = FACE_OUTER_BOUND ( 'NONE', #142, .T. ) ;
#1035 = EDGE_CURVE ( 'NONE', #1268, #1373, #1321, .T. ) ;
#1036 = FACE_OUTER_BOUND ( 'NONE', #616, .T. ) ;
#1037 = ORIENTED_EDGE ( 'NONE', *, *, #306, .F. ) ;
#1038 = ADVANCED_FACE ( 'NONE', ( #809 ), #1367, .F. ) ;
#1039 = CIRCLE ( 'NONE', #185, 175.0155342648306487 ) ;
#1040 = CARTESIAN_POINT ( 'NONE',  ( -116.2498407968330554, -207.1960512841101831, 94.33246628927960842 ) ) ;
#1041 = EDGE_CURVE ( 'NONE', #1602, #144, #86, .T. ) ;
#1042 = DIRECTION ( 'NONE',  ( 0.000000000000000000, 0.000000000000000000, 1.000000000000000000 ) ) ;
#1043 = AXIS2_PLACEMENT_3D ( 'NONE', #820, #660, #1477 ) ;
#1044 = DIRECTION ( 'NONE',  ( 0.000000000000000000, 0.000000000000000000, -1.000000000000000000 ) ) ;
#1045 = VERTEX_POINT ( 'NONE', #255 ) ;
#1046 = CARTESIAN_POINT ( 'NONE',  ( -173.5503646085030880, -94.87823611524345324, 4.522864374053400915 ) ) ;
#1047 = ORIENTED_EDGE ( 'NONE', *, *, #856, .T. ) ;
#1048 = ORIENTED_EDGE ( 'NONE', *, *, #366, .T. ) ;
#1049 = CARTESIAN_POINT ( 'NONE',  ( -117.8616222879368394, -192.2177217010549271, 95.72964091976841416 ) ) ;
#1050 = AXIS2_PLACEMENT_3D ( 'NONE', #1724, #485, #231 ) ;
#1051 = VERTEX_POINT ( 'NONE', #1623 ) ;
#1052 = ADVANCED_FACE ( 'NONE', ( #1750 ), #36, .F. ) ;
#1053 = LINE ( 'NONE', #107, #493 ) ;
#1054 = DIRECTION ( 'NONE',  ( 0.000000000000000000, 0.000000000000000000, -1.000000000000000000 ) ) ;
#1055 = LINE ( 'NONE', #917, #676 ) ;
#1056 = CARTESIAN_POINT ( 'NONE',  ( -58.91212019538004085, -223.1393917111242899, 0.000000000000000000 ) ) ;
#1057 = ORIENTED_EDGE ( 'NONE', *, *, #1102, .T. ) ;
#1058 = VERTEX_POINT ( 'NONE', #542 ) ;
#1059 = CARTESIAN_POINT ( 'NONE',  ( -173.5503646085030880, -94.87823611524345324, 102.0000000000000000 ) ) ;
#1060 = ORIENTED_EDGE ( 'NONE', *, *, #1324, .F. ) ;
#1061 = ADVANCED_FACE ( 'NONE', ( #512 ), #1132, .T. ) ;
#1062 = DIRECTION ( 'NONE',  ( -0.000000000000000000, -0.000000000000000000, -1.000000000000000000 ) ) ;
#1063 = DIRECTION ( 'NONE',  ( 1.000000000000000000, 0.000000000000000000, 0.000000000000000000 ) ) ;
#1064 = CIRCLE ( 'NONE', #623, 178.0000000000000284 ) ;
#1065 = CARTESIAN_POINT ( 'NONE',  ( -178.0000000000000284, -72.40000343881547451, 102.0000000000000000 ) ) ;
#1066 = ADVANCED_FACE ( 'NONE', ( #1646 ), #1073, .T. ) ;
#1067 = CARTESIAN_POINT ( 'NONE',  ( 0.000000000000000000, -246.6000034388154631, 53.00000000000000711 ) ) ;
#1068 = ORIENTED_EDGE ( 'NONE', *, *, #1636, .F. ) ;
#1069 = CARTESIAN_POINT ( 'NONE',  ( -119.8483401507592987, -191.3557092852880714, 94.93889205058864889 ) ) ;
#1070 = EDGE_LOOP ( 'NONE', ( #1202, #331, #546, #694 ) ) ;
#1071 = CARTESIAN_POINT ( 'NONE',  ( -118.4545279843697898, -190.8545314231865859, 104.0000000000000000 ) ) ;
#1072 = DIRECTION ( 'NONE',  ( -0.000000000000000000, -0.000000000000000000, -1.000000000000000000 ) ) ;
#1073 = PLANE ( 'NONE',  #891 ) ;
#1074 = DIRECTION ( 'NONE',  ( -0.000000000000000000, -0.000000000000000000, 1.000000000000000000 ) ) ;
#1075 = EDGE_CURVE ( 'NONE', #1120, #17, #121, .T. ) ;
#1076 = CARTESIAN_POINT ( 'NONE',  ( -116.2498407968330980, -207.1960512841101547, 4.522864374053400915 ) ) ;
#1077 = EDGE_LOOP ( 'NONE', ( #164, #686, #977, #703, #1677, #1755, #1483, #750, #300 ) ) ;
#1078 = ORIENTED_EDGE ( 'NONE', *, *, #573, .F. ) ;
#1079 = DIRECTION ( 'NONE',  ( 0.000000000000000000, 0.000000000000000000, 1.000000000000000000 ) ) ;
#1080 = ORIENTED_EDGE ( 'NONE', *, *, #612, .T. ) ;
#1081 = DIRECTION ( 'NONE',  ( 0.7071067811865597852, -0.000000000000000000, -0.7071067811865352493 ) ) ;
#1082 = LINE ( 'NONE', #948, #1509 ) ;
#1083 = VECTOR ( 'NONE', #763, 1000.000000000000000 ) ;
#1084 = FACE_OUTER_BOUND ( 'NONE', #976, .T. ) ;
#1085 = DIRECTION ( 'NONE',  ( 0.000000000000000000, 0.000000000000000000, -1.000000000000000000 ) ) ;
#1086 = EDGE_CURVE ( 'NONE', #935, #816, #1526, .T. ) ;
#1087 = VECTOR ( 'NONE', #1054, 1000.000000000000000 ) ;
#1088 = DIRECTION ( 'NONE',  ( -0.000000000000000000, -0.000000000000000000, -1.000000000000000000 ) ) ;
#1089 = VERTEX_POINT ( 'NONE', #1257 ) ;
#1090 = ORIENTED_EDGE ( 'NONE', *, *, #466, .F. ) ;
#1091 = FACE_OUTER_BOUND ( 'NONE', #196, .T. ) ;
#1092 = ORIENTED_EDGE ( 'NONE', *, *, #1389, .T. ) ;
#1093 = CARTESIAN_POINT ( 'NONE',  ( -74.66676316243938061, -223.6262302874443151, 46.34511753296596481 ) ) ;
#1094 = CARTESIAN_POINT ( 'NONE',  ( -117.6182776287432006, -189.6313983949363831, 97.73601981775942704 ) ) ;
#1095 = CARTESIAN_POINT ( 'NONE',  ( -176.5255137160774552, -95.26357724683937533, 4.522864374053400915 ) ) ;
#1096 = CARTESIAN_POINT ( 'NONE',  ( -74.24437060043942438, -225.0560649529234070, 43.00000000000000000 ) ) ;
#1097 = CONICAL_SURFACE ( 'NONE', #578, 161.7999999999997840, 0.7853981633974541632 ) ;
#1098 = DIRECTION ( 'NONE',  ( -0.9390999089252866083, 0.3436442361753187513, 0.000000000000000000 ) ) ;
#1099 = ORIENTED_EDGE ( 'NONE', *, *, #1436, .T. ) ;
#1100 = VERTEX_POINT ( 'NONE', #30 ) ;
#1101 = ORIENTED_EDGE ( 'NONE', *, *, #981, .F. ) ;
#1102 = EDGE_CURVE ( 'NONE', #73, #1435, #304, .T. ) ;
#1103 = AXIS2_PLACEMENT_3D ( 'NONE', #109, #1603, #1098 ) ;
#1104 = CARTESIAN_POINT ( 'NONE',  ( -73.38646899418380087, -223.8478865048716671, 46.70852351445428496 ) ) ;
#1105 = CARTESIAN_POINT ( 'NONE',  ( 0.000000000000000000, -72.40000343881547451, -171.1999999999760007 ) ) ;
#1106 = CARTESIAN_POINT ( 'NONE',  ( 0.000000000000000000, -72.40000343881547451, 104.0000000000000000 ) ) ;
#1107 = PLANE ( 'NONE',  #451 ) ;
#1108 = CARTESIAN_POINT ( 'NONE',  ( -107.5796590737455460, -197.5064259501185688, 64.00000000000000000 ) ) ;
#1109 = ORIENTED_EDGE ( 'NONE', *, *, #593, .F. ) ;
#1110 = CIRCLE ( 'NONE', #588, 1.099999999999996758 ) ;
#1111 = ORIENTED_EDGE ( 'NONE', *, *, #299, .F. ) ;
#1112 = EDGE_LOOP ( 'NONE', ( #237, #483, #906, #798 ) ) ;
#1113 = CARTESIAN_POINT ( 'NONE',  ( -73.82710512889484278, -226.4761012098865933, 44.14953638814530734 ) ) ;
#1114 = ADVANCED_FACE ( 'NONE', ( #1518 ), #584, .F. ) ;
#1115 = LINE ( 'NONE', #1263, #1710 ) ;
#1116 = DIRECTION ( 'NONE',  ( 0.000000000000000000, 0.000000000000000000, -1.000000000000000000 ) ) ;
#1117 = CONICAL_SURFACE ( 'NONE', #1050, 175.7000000000000171, 0.7853981633974482790 ) ;
#1118 = CARTESIAN_POINT ( 'NONE',  ( -58.91212019538004085, -223.1393917111242899, 3.000000000000000000 ) ) ;
#1119 = ORIENTED_EDGE ( 'NONE', *, *, #1350, .T. ) ;
#1120 = VERTEX_POINT ( 'NONE', #1690 ) ;
#1121 = ORIENTED_EDGE ( 'NONE', *, *, #544, .T. ) ;
#1122 = DIRECTION ( 'NONE',  ( -1.000000000000000000, 0.000000000000000000, 0.000000000000000000 ) ) ;
#1123 = LINE ( 'NONE', #1395, #328 ) ;
#1124 = EDGE_CURVE ( 'NONE', #815, #1089, #1665, .T. ) ;
#1125 = EDGE_CURVE ( 'NONE', #395, #1400, #1039, .T. ) ;
#1126 = DIRECTION ( 'NONE',  ( -1.000000000000000000, 0.000000000000000000, 0.000000000000000000 ) ) ;
#1127 = COLOUR_RGB ( '',0.7921568627450980005, 0.8196078431372548767, 0.9333333333333333481 ) ;
#1128 = VERTEX_POINT ( 'NONE', #420 ) ;
#1129 = ORIENTED_EDGE ( 'NONE', *, *, #326, .F. ) ;
#1130 = CARTESIAN_POINT ( 'NONE',  ( -72.98988571823772986, -225.8537928548419131, 45.07181711265528179 ) ) ;
#1131 = DIRECTION ( 'NONE',  ( 0.000000000000000000, -0.000000000000000000, 1.000000000000000000 ) ) ;
#1132 = CONICAL_SURFACE ( 'NONE', #810, 176.5000000000000000, 0.7853981633974482790 ) ;
#1133 = DIRECTION ( 'NONE',  ( -0.3436442361753174191, -0.9390999089252871634, 0.000000000000000000 ) ) ;
#1134 = EDGE_CURVE ( 'NONE', #815, #859, #1361, .T. ) ;
#1135 = ORIENTED_EDGE ( 'NONE', *, *, #852, .T. ) ;
#1136 = VECTOR ( 'NONE', #1228, 1000.000000000000000 ) ;
#1137 = ORIENTED_EDGE ( 'NONE', *, *, #326, .T. ) ;
#1138 = LINE ( 'NONE', #1181, #424 ) ;
#1139 = DIRECTION ( 'NONE',  ( 0.000000000000000000, 0.000000000000000000, 1.000000000000000000 ) ) ;
#1140 = CARTESIAN_POINT ( 'NONE',  ( -74.24437060043942438, -225.0560649529234070, 43.00000000000000000 ) ) ;
#1141 = DIRECTION ( 'NONE',  ( -0.000000000000000000, 0.7071067811865495711, 0.7071067811865454633 ) ) ;
#1142 = ORIENTED_EDGE ( 'NONE', *, *, #1253, .T. ) ;
#1143 = AXIS2_PLACEMENT_3D ( 'NONE', #136, #707, #1122 ) ;
#1144 = ADVANCED_FACE ( 'NONE', ( #1 ), #857, .T. ) ;
#1145 = ORIENTED_EDGE ( 'NONE', *, *, #276, .T. ) ;
#1146 = CARTESIAN_POINT ( 'NONE',  ( -80.80415667152625758, -223.2465790509193369, 3.000000000000000000 ) ) ;
#1147 = B_SPLINE_CURVE_WITH_KNOTS ( 'NONE', 3,
 ( #215, #760, #1311, #627, #75, #1383, #1104, #1524, #817, #1672, #847, #1093, #292, #1644, #1503, #715, #436, #697, #274, #1394 ),
 .UNSPECIFIED., .F., .F.,
 ( 4, 2, 2, 2, 2, 2, 2, 2, 2, 4 ),
 ( 0.008677714467224305686, 0.009379973530769305026, 0.01008223259431430610, 0.01043336212608683179, 0.01078449165785935922, 0.01148675072140435162, 0.01218900978494934229, 0.01289126884849433469, 0.01359352791203932709, 0.01429578697558431775 ),
 .UNSPECIFIED. ) ;
#1148 = CARTESIAN_POINT ( 'NONE',  ( 0.000000000000000000, -72.40000343881547451, 3.799999999999720046 ) ) ;
#1149 = CARTESIAN_POINT ( 'NONE',  ( 0.000000000000000000, -237.4000034388154745, 53.00000000000000711 ) ) ;
#1150 = DIRECTION ( 'NONE',  ( -1.000000000000000000, 0.000000000000000000, 0.000000000000000000 ) ) ;
#1151 = ORIENTED_EDGE ( 'NONE', *, *, #68, .F. ) ;
#1152 = DIRECTION ( 'NONE',  ( 0.000000000000000000, 0.000000000000000000, 1.000000000000000000 ) ) ;
#1153 = ORIENTED_EDGE ( 'NONE', *, *, #1301, .T. ) ;
#1154 = CIRCLE ( 'NONE', #259, 176.5000000000000000 ) ;
#1155 = AXIS2_PLACEMENT_3D ( 'NONE', #195, #1044, #71 ) ;
#1156 = CARTESIAN_POINT ( 'NONE',  ( 0.000000000000000000, -72.40000343881547451, 102.0000000000000000 ) ) ;
#1157 = ADVANCED_FACE ( 'NONE', ( #430 ), #178, .T. ) ;
#1158 = CIRCLE ( 'NONE', #182, 174.2000000000001876 ) ;
#1159 = CYLINDRICAL_SURFACE ( 'NONE', #516, 1.477000000000006086 ) ;
#1160 = VERTEX_POINT ( 'NONE', #138 ) ;
#1161 = EDGE_LOOP ( 'NONE', ( #401, #499, #832, #1371 ) ) ;
#1162 = CARTESIAN_POINT ( 'NONE',  ( 0.000000000000000000, -247.4000034388155029, 102.0000000000000000 ) ) ;
#1163 = AXIS2_PLACEMENT_3D ( 'NONE', #1534, #689, #1505 ) ;
#1164 = EDGE_CURVE ( 'NONE', #240, #874, #699, .T. ) ;
#1165 = CARTESIAN_POINT ( 'NONE',  ( -118.5051005066810603, -190.5467451493905173, 3.000000000000000000 ) ) ;
#1166 = CARTESIAN_POINT ( 'NONE',  ( -170.2258726537039024, -94.59424076829522221, 43.33343491947997705 ) ) ;
#1167 = VERTEX_POINT ( 'NONE', #828 ) ;
#1168 = ORIENTED_EDGE ( 'NONE', *, *, #548, .F. ) ;
#1169 = DIRECTION ( 'NONE',  ( 1.000000000000000000, 0.000000000000000000, 0.000000000000000000 ) ) ;
#1170 = VECTOR ( 'NONE', #1497, 1000.000000000000000 ) ;
#1171 = ADVANCED_FACE ( 'NONE', ( #690 ), #590, .F. ) ;
#1172 = DIRECTION ( 'NONE',  ( 0.000000000000000000, 0.000000000000000000, -1.000000000000000000 ) ) ;
#1173 = CARTESIAN_POINT ( 'NONE',  ( -83.00415667152623200, -223.2465790509193369, 3.000000000000000000 ) ) ;
#1174 = DIRECTION ( 'NONE',  ( 0.000000000000000000, 0.000000000000000000, -1.000000000000000000 ) ) ;
#1175 = ORIENTED_EDGE ( 'NONE', *, *, #510, .T. ) ;
#1176 = CARTESIAN_POINT ( 'NONE',  ( -119.9315279843702342, -190.8545314231859606, 95.23236786184058644 ) ) ;
#1177 = VECTOR ( 'NONE', #1563, 1000.000000000000000 ) ;
#1178 = DIRECTION ( 'NONE',  ( 0.000000000000000000, -1.000000000000000000, 0.000000000000000000 ) ) ;
#1179 = ORIENTED_EDGE ( 'NONE', *, *, #62, .T. ) ;
#1180 = EDGE_CURVE ( 'NONE', #1660, #1232, #781, .T. ) ;
#1181 = CARTESIAN_POINT ( 'NONE',  ( -1.366758889951235956, -64.68394221430712321, 53.00000000000000711 ) ) ;
#1182 = ORIENTED_EDGE ( 'NONE', *, *, #1652, .T. ) ;
#1183 = AXIS2_PLACEMENT_3D ( 'NONE', #312, #553, #22 ) ;
#1184 = DIRECTION ( 'NONE',  ( 0.000000000000000000, 0.000000000000000000, -1.000000000000000000 ) ) ;
#1185 = FACE_OUTER_BOUND ( 'NONE', #594, .T. ) ;
#1186 = CARTESIAN_POINT ( 'NONE',  ( -81.90415667152623769, -223.2465790509193369, 3.000000000000000000 ) ) ;
#1187 = CARTESIAN_POINT ( 'NONE',  ( 0.000000000000000000, -72.40000343881547451, 94.33246628927960842 ) ) ;
#1188 = LINE ( 'NONE', #140, #821 ) ;
#1189 = ORIENTED_EDGE ( 'NONE', *, *, #1664, .T. ) ;
#1190 = ADVANCED_FACE ( 'NONE', ( #564 ), #159, .F. ) ;
#1191 = CONICAL_SURFACE ( 'NONE', #1691, 164.9999999999999147, 0.7853981633974511656 ) ;
#1192 = FACE_OUTER_BOUND ( 'NONE', #1243, .T. ) ;
#1193 = VECTOR ( 'NONE', #494, 1000.000000000000000 ) ;
#1194 = EDGE_LOOP ( 'NONE', ( #711, #606 ) ) ;
#1195 = CARTESIAN_POINT ( 'NONE',  ( 0.000000000000000000, -72.40000343881547451, -121.1999999999939348 ) ) ;
#1196 = CARTESIAN_POINT ( 'NONE',  ( -118.5051005066810603, -190.5467451493905173, 0.000000000000000000 ) ) ;
#1197 = CARTESIAN_POINT ( 'NONE',  ( 0.000000000000000000, -72.40000343881547451, 64.00000000000000000 ) ) ;
#1198 = CARTESIAN_POINT ( 'NONE',  ( -80.22859339334901563, -224.0656346254929474, 0.000000000000000000 ) ) ;
#1199 = DIRECTION ( 'NONE',  ( -1.000000000000000000, 0.000000000000000000, 0.000000000000000000 ) ) ;
#1200 = VERTEX_POINT ( 'NONE', #84 ) ;
#1201 = CARTESIAN_POINT ( 'NONE',  ( -118.8866051805946427, -192.2707511304349737, 94.97164570628484626 ) ) ;
#1202 = ORIENTED_EDGE ( 'NONE', *, *, #903, .F. ) ;
#1203 = CARTESIAN_POINT ( 'NONE',  ( -173.5115081554629626, -95.17623090555657939, 102.0000000000000000 ) ) ;
#1204 = CARTESIAN_POINT ( 'NONE',  ( 0.000000000000000000, -248.9000034388154461, 103.2000000000000313 ) ) ;
#1205 = DIRECTION ( 'NONE',  ( -0.3436442361753170860, -0.9390999089252872745, 0.000000000000000000 ) ) ;
#1206 = CIRCLE ( 'NONE', #1437, 177.5000000000000568 ) ;
#1207 = CARTESIAN_POINT ( 'NONE',  ( -172.7229760283271105, -95.03655688491093656, 53.00000000000002132 ) ) ;
#1208 = DIRECTION ( 'NONE',  ( 1.000000000000000000, 0.000000000000000000, -0.000000000000000000 ) ) ;
#1209 = VERTEX_POINT ( 'NONE', #1632 ) ;
#1210 = ORIENTED_EDGE ( 'NONE', *, *, #79, .F. ) ;
#1211 = DIRECTION ( 'NONE',  ( 1.000000000000000000, 0.000000000000000000, 0.000000000000000000 ) ) ;
#1212 = AXIS2_PLACEMENT_3D ( 'NONE', #295, #839, #1414 ) ;
#1213 = DIRECTION ( 'NONE',  ( 1.000000000000000000, 0.000000000000000000, 0.000000000000000000 ) ) ;
#1214 = CYLINDRICAL_SURFACE ( 'NONE', #677, 165.0000000000000000 ) ;
#1215 = EDGE_CURVE ( 'NONE', #414, #1544, #814, .T. ) ;
#1216 = AXIS2_PLACEMENT_3D ( 'NONE', #1433, #336, #399 ) ;
#1217 = DIRECTION ( 'NONE',  ( 0.9917163691914462342, 0.1284470438653027846, -0.000000000000000000 ) ) ;
#1218 = CARTESIAN_POINT ( 'NONE',  ( 0.000000000000000000, -250.4000034388155314, 102.0000000000000000 ) ) ;
#1219 = CARTESIAN_POINT ( 'NONE',  ( 0.000000000000000000, -72.40000343881547451, 50.00000000000000000 ) ) ;
#1220 = ORIENTED_EDGE ( 'NONE', *, *, #1294, .T. ) ;
#1221 = ORIENTED_EDGE ( 'NONE', *, *, #931, .T. ) ;
#1222 = PLANE ( 'NONE',  #802 ) ;
#1223 = ORIENTED_EDGE ( 'NONE', *, *, #106, .F. ) ;
#1224 = CARTESIAN_POINT ( 'NONE',  ( 0.000000000000000000, -72.40000343881547451, 39.99999999999996447 ) ) ;
#1225 = CARTESIAN_POINT ( 'NONE',  ( -119.9315279843698221, -190.7580972333843761, 95.30013334142678616 ) ) ;
#1226 = VECTOR ( 'NONE', #500, 1000.000000000000000 ) ;
#1227 = CARTESIAN_POINT ( 'NONE',  ( 0.000000000000000000, -72.40000343881547451, 53.79999999999999716 ) ) ;
#1228 = DIRECTION ( 'NONE',  ( -0.000000000000000000, -0.000000000000000000, -1.000000000000000000 ) ) ;
#1229 = AXIS2_PLACEMENT_3D ( 'NONE', #474, #209, #754 ) ;
#1230 = DIRECTION ( 'NONE',  ( 1.000000000000000000, 0.000000000000000000, 0.000000000000000000 ) ) ;
#1231 = ADVANCED_FACE ( 'NONE', ( #1185 ), #397, .F. ) ;
#1232 = VERTEX_POINT ( 'NONE', #359 ) ;
#1233 = ORIENTED_EDGE ( 'NONE', *, *, #116, .T. ) ;
#1234 = VERTEX_POINT ( 'NONE', #501 ) ;
#1235 = CARTESIAN_POINT ( 'NONE',  ( -75.58408453940857896, -225.6855392919072756, 44.09241057011241338 ) ) ;
#1236 = LINE ( 'NONE', #1384, #929 ) ;
#1237 = DIRECTION ( 'NONE',  ( 1.000000000000000000, 0.000000000000000000, 0.000000000000000000 ) ) ;
#1238 = CARTESIAN_POINT ( 'NONE',  ( 0.000000000000000000, -237.4000034388154745, 53.00000000000000711 ) ) ;
#1239 = LINE ( 'NONE', #422, #153 ) ;
#1240 = ORIENTED_EDGE ( 'NONE', *, *, #402, .T. ) ;
#1241 = EDGE_CURVE ( 'NONE', #1167, #859, #225, .T. ) ;
#1242 = ORIENTED_EDGE ( 'NONE', *, *, #76, .F. ) ;
#1243 = EDGE_LOOP ( 'NONE', ( #1398, #1738, #1135, #999 ) ) ;
#1244 = CONICAL_SURFACE ( 'NONE', #378, 175.0000000000000284, 0.7853981633974657095 ) ;
#1245 = CARTESIAN_POINT ( 'NONE',  ( -72.76737060043943472, -225.2285846889115817, 45.73198778151655119 ) ) ;
#1246 = CARTESIAN_POINT ( 'NONE',  ( -117.7168617435649765, -189.5700141556011431, 97.70948320700624379 ) ) ;
#1247 = DIRECTION ( 'NONE',  ( 1.000000000000000000, 0.000000000000000000, 0.000000000000000000 ) ) ;
#1248 = CARTESIAN_POINT ( 'NONE',  ( -72.76737060043942051, -225.0560649529234070, 53.00000000000000711 ) ) ;
#1249 = ORIENTED_EDGE ( 'NONE', *, *, #782, .F. ) ;
#1250 = CIRCLE ( 'NONE', #1561, 1.477000000000006086 ) ;
#1251 = ORIENTED_EDGE ( 'NONE', *, *, #79, .T. ) ;
#1252 = EDGE_LOOP ( 'NONE', ( #1522, #742, #1221, #1129, #448 ) ) ;
#1253 = EDGE_CURVE ( 'NONE', #204, #935, #1250, .T. ) ;
#1254 = CARTESIAN_POINT ( 'NONE',  ( -75.72137060043996826, -225.0560649529229522, 44.59577739208408786 ) ) ;
#1255 = FACE_BOUND ( 'NONE', #66, .T. ) ;
#1256 = EDGE_CURVE ( 'NONE', #33, #1602, #1053, .T. ) ;
#1257 = CARTESIAN_POINT ( 'NONE',  ( -178.0000000000000284, -72.40000343881547451, 0.000000000000000000 ) ) ;
#1258 = CARTESIAN_POINT ( 'NONE',  ( 0.000000000000000000, -72.40000343881547451, 53.00000000000000711 ) ) ;
#1259 = VERTEX_POINT ( 'NONE', #647 ) ;
#1260 = VECTOR ( 'NONE', #1217, 1000.000000000000227 ) ;
#1261 = ORIENTED_EDGE ( 'NONE', *, *, #1674, .T. ) ;
#1262 = CARTESIAN_POINT ( 'NONE',  ( -75.35413372095294449, -226.0371509194364705, 43.87838478939990239 ) ) ;
#1263 = CARTESIAN_POINT ( 'NONE',  ( -58.35845886057670384, -224.2362256760434320, 3.000000000000000000 ) ) ;
#1264 = EDGE_CURVE ( 'NONE', #813, #784, #1485, .T. ) ;
#1265 = DIRECTION ( 'NONE',  ( -0.6573108698099457969, -0.7536195462099508635, 0.000000000000000000 ) ) ;
#1266 = CIRCLE ( 'NONE', #1788, 175.7000000000000171 ) ;
#1267 = ORIENTED_EDGE ( 'NONE', *, *, #1264, .T. ) ;
#1268 = VERTEX_POINT ( 'NONE', #488 ) ;
#1269 = LINE ( 'NONE', #1469, #568 ) ;
#1270 = CARTESIAN_POINT ( 'NONE',  ( -175.0000000000000284, -72.40000343881547451, 39.99999999999996447 ) ) ;
#1271 =( LENGTH_UNIT ( ) NAMED_UNIT ( * ) SI_UNIT ( .MILLI., .METRE. ) );
#1272 = DIRECTION ( 'NONE',  ( -1.000000000000000000, 0.000000000000000000, 0.000000000000000000 ) ) ;
#1273 = ADVANCED_FACE ( 'NONE', ( #1610 ), #937, .T. ) ;
#1274 = VECTOR ( 'NONE', #681, 1000.000000000000114 ) ;
#1275 = DIRECTION ( 'NONE',  ( 1.000000000000000000, 0.000000000000000000, 0.000000000000000000 ) ) ;
#1276 =( NAMED_UNIT ( * ) SI_UNIT ( $, .STERADIAN. ) SOLID_ANGLE_UNIT ( ) );
#1277 = ORIENTED_EDGE ( 'NONE', *, *, #705, .T. ) ;
#1278 = ORIENTED_EDGE ( 'NONE', *, *, #1599, .F. ) ;
#1279 = AXIS2_PLACEMENT_3D ( 'NONE', #636, #1072, #264 ) ;
#1280 = CARTESIAN_POINT ( 'NONE',  ( 0.000000000000000000, -72.40000343881547451, 53.00000000000000711 ) ) ;
#1281 = FACE_OUTER_BOUND ( 'NONE', #566, .T. ) ;
#1282 = LINE ( 'NONE', #1020, #1177 ) ;
#1283 = SURFACE_SIDE_STYLE ('',( #735 ) ) ;
#1284 = VECTOR ( 'NONE', #1697, 1000.000000000000000 ) ;
#1285 = EDGE_LOOP ( 'NONE', ( #1511, #714, #441, #1111 ) ) ;
#1286 = ADVANCED_FACE ( 'NONE', ( #788 ), #1353, .F. ) ;
#1287 = EDGE_LOOP ( 'NONE', ( #1596, #1502, #583, #576, #1327, #1090, #1030, #1210, #1523, #181 ) ) ;
#1288 = CARTESIAN_POINT ( 'NONE',  ( 0.000000000000000000, -72.40000343881547451, 3.000000000000000000 ) ) ;
#1289 = CARTESIAN_POINT ( 'NONE',  ( 0.000000000000000000, -72.40000343881547451, 53.00000000000000711 ) ) ;
#1290 = CARTESIAN_POINT ( 'NONE',  ( -116.2498407968330980, -207.1960512841101547, 4.522864374053400915 ) ) ;
#1291 = ORIENTED_EDGE ( 'NONE', *, *, #429, .T. ) ;
#1292 =( NAMED_UNIT ( * ) PLANE_ANGLE_UNIT ( ) SI_UNIT ( $, .RADIAN. ) );
#1293 = ORIENTED_EDGE ( 'NONE', *, *, #345, .T. ) ;
#1294 = EDGE_CURVE ( 'NONE', #994, #243, #1110, .T. ) ;
#1295 = VECTOR ( 'NONE', #1683, 1000.000000000000000 ) ;
#1296 = CARTESIAN_POINT ( 'NONE',  ( 0.000000000000000000, -72.40000343881547451, 0.000000000000000000 ) ) ;
#1297 = DIRECTION ( 'NONE',  ( 0.3436442361753173635, 0.9390999089252871634, 0.000000000000000000 ) ) ;
#1298 = CYLINDRICAL_SURFACE ( 'NONE', #1155, 175.0000000000000284 ) ;
#1299 = DIRECTION ( 'NONE',  ( -0.1284470438653028124, 0.9917163691914463453, 0.000000000000000000 ) ) ;
#1300 = ORIENTED_EDGE ( 'NONE', *, *, #1429, .T. ) ;
#1301 = EDGE_CURVE ( 'NONE', #935, #204, #706, .T. ) ;
#1302 = DIRECTION ( 'NONE',  ( 1.000000000000000000, 0.000000000000000000, 0.000000000000000000 ) ) ;
#1303 = DIRECTION ( 'NONE',  ( -0.000000000000000000, -0.000000000000000000, -1.000000000000000000 ) ) ;
#1304 = ADVANCED_FACE ( 'NONE', ( #1590 ), #1214, .F. ) ;
#1305 = CARTESIAN_POINT ( 'NONE',  ( 0.000000000000000000, -227.4000034388154745, 0.000000000000000000 ) ) ;
#1306 = FACE_OUTER_BOUND ( 'NONE', #1685, .T. ) ;
#1307 = ORIENTED_EDGE ( 'NONE', *, *, #88, .T. ) ;
#1308 = CIRCLE ( 'NONE', #217, 1.477000000000006086 ) ;
#1309 = CARTESIAN_POINT ( 'NONE',  ( -118.3853032372996239, -192.3410439413993629, 95.27426911690419331 ) ) ;
#1310 = COLOUR_RGB ( '',0.7921568627450980005, 0.8196078431372548767, 0.9333333333333333481 ) ;
#1311 = CARTESIAN_POINT ( 'NONE',  ( -72.79794132054276190, -224.6996076082403704, 46.19629868326429545 ) ) ;
#1312 = EDGE_CURVE ( 'NONE', #301, #1500, #1474, .T. ) ;
#1313 = CARTESIAN_POINT ( 'NONE',  ( 0.000000000000000000, -250.4000034388155314, 102.0000000000000000 ) ) ;
#1314 = DIRECTION ( 'NONE',  ( -0.000000000000000000, -0.000000000000000000, 1.000000000000000000 ) ) ;
#1315 = LINE ( 'NONE', #81, #1284 ) ;
#1316 = ORIENTED_EDGE ( 'NONE', *, *, #406, .F. ) ;
#1317 = VERTEX_POINT ( 'NONE', #1204 ) ;
#1318 = CARTESIAN_POINT ( 'NONE',  ( -119.2915939318712191, -192.0769812279546898, 94.82352231280829358 ) ) ;
#1319 = CARTESIAN_POINT ( 'NONE',  ( -58.35845886057670384, -224.2362256760434320, 0.000000000000000000 ) ) ;
#1320 = UNCERTAINTY_MEASURE_WITH_UNIT (LENGTH_MEASURE( 1.000000000000000082E-05 ), #671, 'distance_accuracy_value', 'NONE');
#1321 = LINE ( 'NONE', #1781, #1730 ) ;
#1322 = B_SPLINE_CURVE_WITH_KNOTS ( 'NONE', 3,
 ( #958, #1225, #1654, #563, #1541, #419, #21, #158, #311, #1673, #969, #855, #1516, #284, #827, #437, #147, #1246, #1094, #698, #11, #1779, #1412, #1663, #428, #979 ),
 .UNSPECIFIED., .F., .F.,
 ( 4, 2, 2, 2, 2, 2, 2, 2, 2, 2, 2, 2, 4 ),
 ( 0.007352522659129962640, 0.007705329509791363982, 0.008058136360452765323, 0.008763750061775568007, 0.009469363763098370690, 0.01017497746442117337, 0.01052778431508257818, 0.01088059116574398300, 0.01123339801640538607, 0.01158620486706678915, 0.01193901171772819396, 0.01229181856838959877, 0.01299743226971243615 ),
 .UNSPECIFIED. ) ;
#1323 = CARTESIAN_POINT ( 'NONE',  ( 0.000000000000000000, -72.40000343881547451, 3.000000000000000000 ) ) ;
#1324 = EDGE_CURVE ( 'NONE', #240, #91, #468, .T. ) ;
#1325 = VECTOR ( 'NONE', #1088, 1000.000000000000000 ) ;
#1326 = DIRECTION ( 'NONE',  ( 0.000000000000000000, 0.000000000000000000, -1.000000000000000000 ) ) ;
#1327 = ORIENTED_EDGE ( 'NONE', *, *, #1625, .T. ) ;
#1328 = ORIENTED_EDGE ( 'NONE', *, *, #439, .T. ) ;
#1329 = CARTESIAN_POINT ( 'NONE',  ( -58.91212019538004085, -223.1393917111242899, 3.000000000000000000 ) ) ;
#1330 = ORIENTED_EDGE ( 'NONE', *, *, #496, .T. ) ;
#1331 = FACE_OUTER_BOUND ( 'NONE', #1721, .T. ) ;
#1332 = AXIS2_PLACEMENT_3D ( 'NONE', #1727, #1062, #1455 ) ;
#1333 = LINE ( 'NONE', #651, #1366 ) ;
#1334 = PLANE ( 'NONE',  #1103 ) ;
#1335 = ORIENTED_EDGE ( 'NONE', *, *, #1627, .F. ) ;
#1336 = EDGE_CURVE ( 'NONE', #240, #1595, #1082, .T. ) ;
#1337 = AXIS2_PLACEMENT_3D ( 'NONE', #1386, #150, #1613 ) ;
#1338 = VERTEX_POINT ( 'NONE', #1364 ) ;
#1339 = CARTESIAN_POINT ( 'NONE',  ( -117.2251018789684025, -191.6898948552455977, 96.55227182812096487 ) ) ;
#1340 = AXIS2_PLACEMENT_3D ( 'NONE', #641, #310, #1410 ) ;
#1341 = ORIENTED_EDGE ( 'NONE', *, *, #116, .F. ) ;
#1342 = CARTESIAN_POINT ( 'NONE',  ( -165.0000000000000000, -72.40000343881547451, 50.00000000000000000 ) ) ;
#1343 = DIRECTION ( 'NONE',  ( -0.000000000000000000, -0.000000000000000000, 1.000000000000000000 ) ) ;
#1344 = DIRECTION ( 'NONE',  ( -0.4618036558387509927, -0.5354786489244646175, -0.7071067811865434649 ) ) ;
#1345 = CARTESIAN_POINT ( 'NONE',  ( -175.7000000000000171, -72.40000343881547451, 104.0000000000000000 ) ) ;
#1346 = CARTESIAN_POINT ( 'NONE',  ( -81.90415667152623769, -223.2465790509193369, 0.000000000000000000 ) ) ;
#1347 = VERTEX_POINT ( 'NONE', #127 ) ;
#1348 = CARTESIAN_POINT ( 'NONE',  ( -117.4422343003413545, -191.9429165156699924, 96.21961230999248471 ) ) ;
#1349 = ORIENTED_EDGE ( 'NONE', *, *, #1783, .T. ) ;
#1350 = EDGE_CURVE ( 'NONE', #383, #243, #1115, .T. ) ;
#1351 = MECHANICAL_DESIGN_GEOMETRIC_PRESENTATION_REPRESENTATION (  '', ( #628 ), #415 ) ;
#1352 = CARTESIAN_POINT ( 'NONE',  ( -107.5796590737455460, -197.5064259501185688, 53.00000000000000711 ) ) ;
#1353 = PLANE ( 'NONE',  #354 ) ;
#1354 = CARTESIAN_POINT ( 'NONE',  ( -81.90415667152623769, -223.2465790509193369, 3.000000000000000000 ) ) ;
#1355 = CARTESIAN_POINT ( 'NONE',  ( 0.000000000000000000, -72.40000343881547451, 88.79999999999991189 ) ) ;
#1356 = PLANE ( 'NONE',  #920 ) ;
#1357 = EDGE_LOOP ( 'NONE', ( #1249, #60, #1381, #282 ) ) ;
#1358 = ORIENTED_EDGE ( 'NONE', *, *, #1003, .T. ) ;
#1359 = DIRECTION ( 'NONE',  ( -0.3436442361753174746, -0.9390999089252872745, 0.000000000000000000 ) ) ;
#1360 = ORIENTED_EDGE ( 'NONE', *, *, #657, .F. ) ;
#1361 = CIRCLE ( 'NONE', #1183, 155.0000000000000000 ) ;
#1362 = EDGE_CURVE ( 'NONE', #1530, #301, #818, .T. ) ;
#1363 = LINE ( 'NONE', #166, #758 ) ;
#1364 = CARTESIAN_POINT ( 'NONE',  ( -114.2905738171111949, -204.9242077810995681, 50.00000000000000000 ) ) ;
#1365 = EDGE_CURVE ( 'NONE', #486, #414, #1123, .T. ) ;
#1366 = VECTOR ( 'NONE', #1023, 1000.000000000000000 ) ;
#1367 = CYLINDRICAL_SURFACE ( 'NONE', #269, 175.0155342648306487 ) ;
#1368 = CYLINDRICAL_SURFACE ( 'NONE', #1000, 1.477000000000006086 ) ;
#1369 = CIRCLE ( 'NONE', #965, 174.1999999999999886 ) ;
#1370 = CARTESIAN_POINT ( 'NONE',  ( -109.7707478781896384, -200.0185513786670413, 46.66666901910436138 ) ) ;
#1371 = ORIENTED_EDGE ( 'NONE', *, *, #1350, .F. ) ;
#1372 = ORIENTED_EDGE ( 'NONE', *, *, #391, .F. ) ;
#1373 = VERTEX_POINT ( 'NONE', #1790 ) ;
#1374 = DIRECTION ( 'NONE',  ( 0.000000000000000000, 0.000000000000000000, -1.000000000000000000 ) ) ;
#1375 = DIRECTION ( 'NONE',  ( 0.000000000000000000, 0.000000000000000000, -1.000000000000000000 ) ) ;
#1376 = DIRECTION ( 'NONE',  ( 1.000000000000000000, 0.000000000000000000, 0.000000000000000000 ) ) ;
#1377 = CYLINDRICAL_SURFACE ( 'NONE', #973, 1.099999999999989875 ) ;
#1378 = EDGE_CURVE ( 'NONE', #923, #1462, #733, .T. ) ;
#1379 = CARTESIAN_POINT ( 'NONE',  ( -114.1529208483406279, -205.0427969173625513, 39.99999999999996447 ) ) ;
#1380 = ORIENTED_EDGE ( 'NONE', *, *, #680, .F. ) ;
#1381 = ORIENTED_EDGE ( 'NONE', *, *, #601, .F. ) ;
#1382 = ORIENTED_EDGE ( 'NONE', *, *, #1035, .F. ) ;
#1383 = CARTESIAN_POINT ( 'NONE',  ( -73.29538052958965011, -223.9185895233956671, 46.68457252534150115 ) ) ;
#1384 = CARTESIAN_POINT ( 'NONE',  ( -176.5000000000000000, -72.40000343881547451, 104.0000000000000000 ) ) ;
#1385 = DIRECTION ( 'NONE',  ( -0.000000000000000000, -0.000000000000000000, 1.000000000000000000 ) ) ;
#1386 = CARTESIAN_POINT ( 'NONE',  ( 0.000000000000000000, -72.40000343881547451, 50.00000000000000000 ) ) ;
#1387 = AXIS2_PLACEMENT_3D ( 'NONE', #1572, #1579, #1439 ) ;
#1388 = VECTOR ( 'NONE', #23, 1000.000000000000000 ) ;
#1389 = EDGE_CURVE ( 'NONE', #1617, #15, #137, .T. ) ;
#1390 = FACE_OUTER_BOUND ( 'NONE', #1077, .T. ) ;
#1391 = ORIENTED_EDGE ( 'NONE', *, *, #931, .F. ) ;
#1392 = ORIENTED_EDGE ( 'NONE', *, *, #1467, .T. ) ;
#1393 = AXIS2_PLACEMENT_3D ( 'NONE', #400, #514, #1230 ) ;
#1394 = CARTESIAN_POINT ( 'NONE',  ( -75.72137060043996826, -225.0560649529229522, 44.59577739208408786 ) ) ;
#1395 = CARTESIAN_POINT ( 'NONE',  ( -107.5796590737455460, -197.5064259501185688, 64.00000000000000000 ) ) ;
#1396 = DIRECTION ( 'NONE',  ( 1.000000000000000000, 0.000000000000000000, 0.000000000000000000 ) ) ;
#1397 = PLANE ( 'NONE',  #6 ) ;
#1398 = ORIENTED_EDGE ( 'NONE', *, *, #1256, .F. ) ;
#1399 = VECTOR ( 'NONE', #838, 1000.000000000000000 ) ;
#1400 = VERTEX_POINT ( 'NONE', #167 ) ;
#1401 = ORIENTED_EDGE ( 'NONE', *, *, #1253, .F. ) ;
#1402 = EDGE_CURVE ( 'NONE', #1642, #1234, #13, .T. ) ;
#1403 = CARTESIAN_POINT ( 'NONE',  ( -75.72137060043942824, -225.2305639287428392, 44.43945305939334389 ) ) ;
#1404 = DIRECTION ( 'NONE',  ( 1.000000000000000000, 0.000000000000000000, 0.000000000000000000 ) ) ;
#1405 = AXIS2_PLACEMENT_3D ( 'NONE', #1767, #528, #1631 ) ;
#1406 = CARTESIAN_POINT ( 'NONE',  ( 0.000000000000000000, -72.40000343881547451, 102.0000000000000000 ) ) ;
#1407 = ORIENTED_EDGE ( 'NONE', *, *, #238, .T. ) ;
#1408 =( GEOMETRIC_REPRESENTATION_CONTEXT ( 3 ) GLOBAL_UNCERTAINTY_ASSIGNED_CONTEXT ( ( #1320 ) ) GLOBAL_UNIT_ASSIGNED_CONTEXT ( ( #671, #398, #97 ) ) REPRESENTATION_CONTEXT ( 'NONE', 'WORKASPACE' ) );
#1409 = ORIENTED_EDGE ( 'NONE', *, *, #42, .T. ) ;
#1410 = DIRECTION ( 'NONE',  ( 1.000000000000000000, 0.000000000000000000, 0.000000000000000000 ) ) ;
#1411 = ADVANCED_FACE ( 'NONE', ( #572 ), #1679, .F. ) ;
#1412 = CARTESIAN_POINT ( 'NONE',  ( -117.1510353509578692, -190.1510967223001387, 97.69860241632846964 ) ) ;
#1413 = FILL_AREA_STYLE ('',( #55 ) ) ;
#1414 = DIRECTION ( 'NONE',  ( 0.9846719507677544891, 0.1744165971782066504, 0.000000000000000000 ) ) ;
#1415 = DIRECTION ( 'NONE',  ( -0.000000000000000000, 0.000000000000000000, 1.000000000000000000 ) ) ;
#1416 = ORIENTED_EDGE ( 'NONE', *, *, #667, .T. ) ;
#1417 = LINE ( 'NONE', #1280, #649 ) ;
#1418 = LINE ( 'NONE', #1445, #1737 ) ;
#1419 = DIRECTION ( 'NONE',  ( -1.000000000000000000, 0.000000000000000000, 0.000000000000000000 ) ) ;
#1420 = CYLINDRICAL_SURFACE ( 'NONE', #1702, 175.0000000000000284 ) ;
#1421 = ORIENTED_EDGE ( 'NONE', *, *, #296, .T. ) ;
#1422 = AXIS2_PLACEMENT_3D ( 'NONE', #709, #1116, #1768 ) ;
#1423 = DIRECTION ( 'NONE',  ( 1.000000000000000000, 0.000000000000000000, 0.000000000000000000 ) ) ;
#1424 = DIRECTION ( 'NONE',  ( -1.000000000000000000, 0.000000000000000000, 0.000000000000000000 ) ) ;
#1425 = VECTOR ( 'NONE', #1515, 1000.000000000000000 ) ;
#1426 = CARTESIAN_POINT ( 'NONE',  ( -117.0281005066810565, -190.5467451493905173, 0.000000000000000000 ) ) ;
#1427 = VECTOR ( 'NONE', #633, 1000.000000000000000 ) ;
#1428 = VERTEX_POINT ( 'NONE', #443 ) ;
#1429 = EDGE_CURVE ( 'NONE', #1741, #435, #1236, .T. ) ;
#1430 = VERTEX_POINT ( 'NONE', #718 ) ;
#1431 = DIRECTION ( 'NONE',  ( -0.7071067811865515695, 0.000000000000000000, -0.7071067811865435759 ) ) ;
#1432 = DIRECTION ( 'NONE',  ( 0.7071067811865474617, -0.000000000000000000, 0.7071067811865475727 ) ) ;
#1433 = CARTESIAN_POINT ( 'NONE',  ( 0.000000000000000000, -72.40000343881547451, 50.00000000000000000 ) ) ;
#1434 = EDGE_CURVE ( 'NONE', #315, #363, #1322, .T. ) ;
#1435 = VERTEX_POINT ( 'NONE', #1525 ) ;
#1436 = EDGE_CURVE ( 'NONE', #1234, #1128, #293, .T. ) ;
#1437 = AXIS2_PLACEMENT_3D ( 'NONE', #830, #841, #556 ) ;
#1438 = PLANE ( 'NONE',  #769 ) ;
#1439 = DIRECTION ( 'NONE',  ( 1.000000000000000000, 0.000000000000000000, 0.000000000000000000 ) ) ;
#1440 = CARTESIAN_POINT ( 'NONE',  ( -80.22859339334901563, -224.0656346254929474, 3.000000000000000000 ) ) ;
#1441 = DIRECTION ( 'NONE',  ( -0.000000000000000000, -0.000000000000000000, 1.000000000000000000 ) ) ;
#1442 = VECTOR ( 'NONE', #726, 1000.000000000000000 ) ;
#1443 = ORIENTED_EDGE ( 'NONE', *, *, #1557, .F. ) ;
#1444 = CIRCLE ( 'NONE', #894, 175.0000000000000284 ) ;
#1445 = CARTESIAN_POINT ( 'NONE',  ( 0.000000000000000000, -72.40000343881547451, 263.7999999999978513 ) ) ;
#1446 = AXIS2_PLACEMENT_3D ( 'NONE', #863, #869, #587 ) ;
#1447 = ADVANCED_FACE ( 'NONE', ( #174, #708, #989, #1255, #1571 ), #67, .F. ) ;
#1448 = CARTESIAN_POINT ( 'NONE',  ( 0.000000000000000000, -247.4000034388154745, 3.799999999999720046 ) ) ;
#1449 = CARTESIAN_POINT ( 'NONE',  ( -166.9401432857053749, -94.01223400434915334, 46.66677441967799922 ) ) ;
#1450 = DIRECTION ( 'NONE',  ( 1.000000000000000000, 0.000000000000000000, 0.000000000000000000 ) ) ;
#1451 = DIRECTION ( 'NONE',  ( -0.000000000000000000, -0.000000000000000000, 1.000000000000000000 ) ) ;
#1452 = VERTEX_POINT ( 'NONE', #324 ) ;
#1453 = AXIS2_PLACEMENT_3D ( 'NONE', #224, #1473, #376 ) ;
#1454 = CARTESIAN_POINT ( 'NONE',  ( 0.000000000000000000, -72.40000343881547451, 104.0000000000000000 ) ) ;
#1455 = DIRECTION ( 'NONE',  ( 1.000000000000000000, 0.000000000000000000, 0.000000000000000000 ) ) ;
#1456 = CARTESIAN_POINT ( 'NONE',  ( -56.15845886057670810, -224.2362256760434320, 0.000000000000000000 ) ) ;
#1457 = LINE ( 'NONE', #87, #1734 ) ;
#1458 = FACE_OUTER_BOUND ( 'NONE', #440, .T. ) ;
#1459 = ORIENTED_EDGE ( 'NONE', *, *, #1378, .T. ) ;
#1460 = LINE ( 'NONE', #1059, #1552 ) ;
#1461 = CIRCLE ( 'NONE', #1387, 169.4675337107202324 ) ;
#1462 = VERTEX_POINT ( 'NONE', #1018 ) ;
#1463 = CIRCLE ( 'NONE', #985, 1.477000000000006086 ) ;
#1464 = DIRECTION ( 'NONE',  ( 0.000000000000000000, 1.000000000000000000, 0.000000000000000000 ) ) ;
#1465 = LINE ( 'NONE', #659, #1087 ) ;
#1466 = DIRECTION ( 'NONE',  ( -0.9917163691914462342, -0.1284470438653027846, 0.000000000000000000 ) ) ;
#1467 = EDGE_CURVE ( 'NONE', #1472, #470, #1418, .T. ) ;
#1468 = VECTOR ( 'NONE', #257, 1000.000000000000000 ) ;
#1469 = CARTESIAN_POINT ( 'NONE',  ( -58.91212019538004085, -223.1393917111242899, 3.000000000000000000 ) ) ;
#1470 = EDGE_LOOP ( 'NONE', ( #1785, #944 ) ) ;
#1471 = CARTESIAN_POINT ( 'NONE',  ( -173.5503646085030880, -94.87823611524345324, 88.79999999999991189 ) ) ;
#1472 = VERTEX_POINT ( 'NONE', #192 ) ;
#1473 = DIRECTION ( 'NONE',  ( -0.000000000000000000, -0.000000000000000000, 1.000000000000000000 ) ) ;
#1474 = LINE ( 'NONE', #529, #640 ) ;
#1475 = AXIS2_PLACEMENT_3D ( 'NONE', #1196, #1749, #511 ) ;
#1476 = DIRECTION ( 'NONE',  ( 0.000000000000000000, 0.000000000000000000, -1.000000000000000000 ) ) ;
#1477 = DIRECTION ( 'NONE',  ( 1.000000000000000000, 0.000000000000000000, 0.000000000000000000 ) ) ;
#1478 = EDGE_CURVE ( 'NONE', #1234, #1017, #445, .T. ) ;
#1479 = CARTESIAN_POINT ( 'NONE',  ( 0.000000000000000000, -72.40000343881547451, 3.000000000000000000 ) ) ;
#1480 = ORIENTED_EDGE ( 'NONE', *, *, #1124, .T. ) ;
#1481 = CIRCLE ( 'NONE', #712, 175.0000000000000284 ) ;
#1482 = LINE ( 'NONE', #1040, #80 ) ;
#1483 = ORIENTED_EDGE ( 'NONE', *, *, #1029, .F. ) ;
#1484 = CARTESIAN_POINT ( 'NONE',  ( -57.25845886057670242, -224.2362256760434320, 3.000000000000000000 ) ) ;
#1485 = LINE ( 'NONE', #254, #160 ) ;
#1486 = CARTESIAN_POINT ( 'NONE',  ( -58.91212019538004085, -223.1393917111242899, 3.000000000000000000 ) ) ;
#1487 = LINE ( 'NONE', #792, #1742 ) ;
#1488 = CARTESIAN_POINT ( 'NONE',  ( -107.5796590737455460, -197.5064259501185688, 50.00000000000000000 ) ) ;
#1489 = ORIENTED_EDGE ( 'NONE', *, *, #1180, .T. ) ;
#1490 = EDGE_CURVE ( 'NONE', #1660, #1608, #610, .T. ) ;
#1491 = DIRECTION ( 'NONE',  ( 0.9390999089252872745, -0.3436442361753174191, 0.000000000000000000 ) ) ;
#1492 = EDGE_LOOP ( 'NONE', ( #1629, #1598 ) ) ;
#1493 = EDGE_CURVE ( 'NONE', #301, #1650, #895, .T. ) ;
#1494 = VECTOR ( 'NONE', #214, 1000.000000000000114 ) ;
#1495 = CARTESIAN_POINT ( 'NONE',  ( -72.79723306312897080, -225.3953368035061260, 45.56857172116196608 ) ) ;
#1496 = DIRECTION ( 'NONE',  ( 0.000000000000000000, 0.000000000000000000, -1.000000000000000000 ) ) ;
#1497 = DIRECTION ( 'NONE',  ( 0.000000000000000000, 1.000000000000000000, 0.000000000000000000 ) ) ;
#1498 = CARTESIAN_POINT ( 'NONE',  ( -80.22859339334901563, -224.0656346254929474, 0.000000000000000000 ) ) ;
#1499 = DIRECTION ( 'NONE',  ( 0.000000000000000000, -0.7071067811865474617, -0.7071067811865475727 ) ) ;
#1500 = VERTEX_POINT ( 'NONE', #596 ) ;
#1501 = ORIENTED_EDGE ( 'NONE', *, *, #31, .F. ) ;
#1502 = ORIENTED_EDGE ( 'NONE', *, *, #1493, .T. ) ;
#1503 = CARTESIAN_POINT ( 'NONE',  ( -75.28657323305489513, -223.9962250495848650, 45.73842377407429183 ) ) ;
#1504 = ADVANCED_FACE ( 'NONE', ( #1281 ), #184, .F. ) ;
#1505 = DIRECTION ( 'NONE',  ( 1.000000000000000000, 7.789007534191632515E-13, 0.000000000000000000 ) ) ;
#1506 = CIRCLE ( 'NONE', #1681, 175.0000000000000284 ) ;
#1507 = CARTESIAN_POINT ( 'NONE',  ( 0.000000000000000000, -72.40000343881547451, 50.00000000000000000 ) ) ;
#1508 = FACE_OUTER_BOUND ( 'NONE', #316, .T. ) ;
#1509 = VECTOR ( 'NONE', #1496, 1000.000000000000000 ) ;
#1510 = DIRECTION ( 'NONE',  ( 0.000000000000000000, 0.000000000000000000, 1.000000000000000000 ) ) ;
#1511 = ORIENTED_EDGE ( 'NONE', *, *, #928, .F. ) ;
#1512 = ORIENTED_EDGE ( 'NONE', *, *, #1312, .T. ) ;
#1513 = ORIENTED_EDGE ( 'NONE', *, *, #31, .T. ) ;
#1514 = CIRCLE ( 'NONE', #974, 175.0000000000000284 ) ;
#1515 = DIRECTION ( 'NONE',  ( -0.000000000000000000, -0.000000000000000000, 1.000000000000000000 ) ) ;
#1516 = CARTESIAN_POINT ( 'NONE',  ( -118.5168069496782266, -189.3756978363365135, 97.27810413561235237 ) ) ;
#1517 = EDGE_CURVE ( 'NONE', #824, #1045, #1369, .T. ) ;
#1518 = FACE_OUTER_BOUND ( 'NONE', #373, .T. ) ;
#1519 = CARTESIAN_POINT ( 'NONE',  ( -114.3007190744901607, -204.9359715873094103, 64.00000000000000000 ) ) ;
#1520 = CARTESIAN_POINT ( 'NONE',  ( -77.41238840120817599, -216.3696002584705411, 3.000000000000000000 ) ) ;
#1521 = ORIENTED_EDGE ( 'NONE', *, *, #981, .T. ) ;
#1522 = ORIENTED_EDGE ( 'NONE', *, *, #106, .T. ) ;
#1523 = ORIENTED_EDGE ( 'NONE', *, *, #1722, .T. ) ;
#1524 = CARTESIAN_POINT ( 'NONE',  ( -73.59096464087748757, -223.7261209765238732, 46.72876102294829082 ) ) ;
#1525 = CARTESIAN_POINT ( 'NONE',  ( -174.2000000000001876, -72.40000343881547451, 3.000000000000000000 ) ) ;
#1526 = LINE ( 'NONE', #1680, #960 ) ;
#1527 = VECTOR ( 'NONE', #467, 1000.000000000000000 ) ;
#1528 = CARTESIAN_POINT ( 'NONE',  ( 0.000000000000000000, -248.1000034388154916, 104.0000000000000000 ) ) ;
#1529 = ADVANCED_FACE ( 'NONE', ( #617, #731 ), #458, .T. ) ;
#1530 = VERTEX_POINT ( 'NONE', #878 ) ;
#1531 = ORIENTED_EDGE ( 'NONE', *, *, #1362, .F. ) ;
#1532 = EDGE_LOOP ( 'NONE', ( #1092, #1349, #889, #1179 ) ) ;
#1533 = CARTESIAN_POINT ( 'NONE',  ( -119.9315279843702342, -190.8545314231859606, 95.23236786184058644 ) ) ;
#1534 = CARTESIAN_POINT ( 'NONE',  ( 0.000000000000000000, -72.40000343881547451, 53.79999999999999716 ) ) ;
#1535 = CARTESIAN_POINT ( 'NONE',  ( 0.000000000000000000, -72.40000343881547451, 53.00000000000000711 ) ) ;
#1536 = DIRECTION ( 'NONE',  ( 1.000000000000000000, 0.000000000000000000, 0.000000000000000000 ) ) ;
#1537 = VERTEX_POINT ( 'NONE', #1718 ) ;
#1538 = ADVANCED_FACE ( 'NONE', ( #339 ), #724, .F. ) ;
#1539 = ORIENTED_EDGE ( 'NONE', *, *, #890, .F. ) ;
#1540 = DIRECTION ( 'NONE',  ( -1.000000000000000000, 0.000000000000000000, 0.000000000000000000 ) ) ;
#1541 = CARTESIAN_POINT ( 'NONE',  ( -119.8632156167963672, -190.4021400439780791, 95.59865212537401646 ) ) ;
#1542 = DIRECTION ( 'NONE',  ( 0.000000000000000000, 0.000000000000000000, 1.000000000000000000 ) ) ;
#1543 = CARTESIAN_POINT ( 'NONE',  ( -113.8023473270901320, -204.6408576369815648, 53.26666665315944016 ) ) ;
#1544 = VERTEX_POINT ( 'NONE', #1006 ) ;
#1545 = CIRCLE ( 'NONE', #476, 162.0000000000000000 ) ;
#1546 = ORIENTED_EDGE ( 'NONE', *, *, #484, .T. ) ;
#1547 = ADVANCED_FACE ( 'NONE', ( #465, #199 ), #1555, .T. ) ;
#1548 = CARTESIAN_POINT ( 'NONE',  ( -114.1631319136528475, -205.0545041000067954, 64.00000000000000000 ) ) ;
#1549 = DIRECTION ( 'NONE',  ( 1.000000000000000000, 0.000000000000000000, 0.000000000000000000 ) ) ;
#1550 = ADVANCED_FACE ( 'NONE', ( #1705 ), #1438, .T. ) ;
#1551 = CARTESIAN_POINT ( 'NONE',  ( -114.1529208483406279, -205.0427969173625797, 53.80000000000003268 ) ) ;
#1552 = VECTOR ( 'NONE', #1184, 1000.000000000000000 ) ;
#1553 = ORIENTED_EDGE ( 'NONE', *, *, #102, .F. ) ;
#1554 = CARTESIAN_POINT ( 'NONE',  ( 0.000000000000000000, -72.40000343881547451, 4.522864374053400915 ) ) ;
#1555 = CYLINDRICAL_SURFACE ( 'NONE', #885, 178.0000000000000284 ) ;
#1556 = VECTOR ( 'NONE', #822, 1000.000000000000000 ) ;
#1557 = EDGE_CURVE ( 'NONE', #923, #1428, #884, .T. ) ;
#1558 = FACE_OUTER_BOUND ( 'NONE', #834, .T. ) ;
#1559 = ORIENTED_EDGE ( 'NONE', *, *, #872, .T. ) ;
#1560 = ORIENTED_EDGE ( 'NONE', *, *, #250, .F. ) ;
#1561 = AXIS2_PLACEMENT_3D ( 'NONE', #387, #808, #1600 ) ;
#1562 = DIRECTION ( 'NONE',  ( 0.000000000000000000, 1.000000000000000000, 0.000000000000000000 ) ) ;
#1563 = DIRECTION ( 'NONE',  ( -0.000000000000000000, -0.000000000000000000, -1.000000000000000000 ) ) ;
#1564 = EDGE_CURVE ( 'NONE', #1640, #15, #453, .T. ) ;
#1565 = VECTOR ( 'NONE', #1081, 1000.000000000000000 ) ;
#1566 = CARTESIAN_POINT ( 'NONE',  ( 0.000000000000000000, -72.40000343881547451, -121.1999999999939348 ) ) ;
#1567 = CARTESIAN_POINT ( 'NONE',  ( -155.0000000000000000, -72.40000343881547451, 3.000000000000000000 ) ) ;
#1568 = CARTESIAN_POINT ( 'NONE',  ( 0.000000000000000000, 0.000000000000000000, 0.000000000000000000 ) ) ;
#1569 = PRODUCT_RELATED_PRODUCT_CATEGORY ( 'part', '', ( #603 ) ) ;
#1570 = VERTEX_POINT ( 'NONE', #1270 ) ;
#1571 = FACE_OUTER_BOUND ( 'NONE', #966, .T. ) ;
#1572 = CARTESIAN_POINT ( 'NONE',  ( 0.000000000000000000, -72.40000343881547451, 94.33246628927960842 ) ) ;
#1573 = LINE ( 'NONE', #56, #1717 ) ;
#1574 = FACE_OUTER_BOUND ( 'NONE', #253, .T. ) ;
#1575 = VECTOR ( 'NONE', #1303, 1000.000000000000000 ) ;
#1576 = EDGE_CURVE ( 'NONE', #1317, #435, #1154, .T. ) ;
#1577 = VERTEX_POINT ( 'NONE', #83 ) ;
#1578 = DIRECTION ( 'NONE',  ( -1.000000000000000000, 0.000000000000000000, 0.000000000000000000 ) ) ;
#1579 = DIRECTION ( 'NONE',  ( -0.000000000000000000, -0.000000000000000000, 1.000000000000000000 ) ) ;
#1580 = LINE ( 'NONE', #748, #916 ) ;
#1581 = CARTESIAN_POINT ( 'NONE',  ( -58.91212019538004085, -223.1393917111242899, 0.000000000000000000 ) ) ;
#1582 = AXIS2_PLACEMENT_3D ( 'NONE', #959, #849, #980 ) ;
#1583 = CARTESIAN_POINT ( 'NONE',  ( -61.72832518752089470, -230.8354260781467246, 0.000000000000000000 ) ) ;
#1584 = ORIENTED_EDGE ( 'NONE', *, *, #1636, .T. ) ;
#1585 = EDGE_CURVE ( 'NONE', #243, #994, #861, .T. ) ;
#1586 = AXIS2_PLACEMENT_3D ( 'NONE', #1187, #504, #1466 ) ;
#1587 = PRODUCT_DEFINITION_FORMATION_WITH_SPECIFIED_SOURCE ( 'ANY', '', #603, .NOT_KNOWN. ) ;
#1588 = CARTESIAN_POINT ( 'NONE',  ( -116.9775279843701981, -191.0459547116375632, 97.18491750384048089 ) ) ;
#1589 = VECTOR ( 'NONE', #275, 1000.000000000000227 ) ;
#1590 = FACE_OUTER_BOUND ( 'NONE', #558, .T. ) ;
#1591 = CARTESIAN_POINT ( 'NONE',  ( -57.25845886057670242, -224.2362256760434320, 3.000000000000000000 ) ) ;
#1592 = CARTESIAN_POINT ( 'NONE',  ( -72.76737060043942051, -225.0560649529234070, 45.88771972118399844 ) ) ;
#1593 = VECTOR ( 'NONE', #452, 1000.000000000000000 ) ;
#1594 = CARTESIAN_POINT ( 'NONE',  ( -114.1529208483406137, -205.0427969173625513, 64.00000000000000000 ) ) ;
#1595 = VERTEX_POINT ( 'NONE', #374 ) ;
#1596 = ORIENTED_EDGE ( 'NONE', *, *, #1312, .F. ) ;
#1597 = CARTESIAN_POINT ( 'NONE',  ( -118.9904304401553219, -192.2353889331006940, 94.92362189590902233 ) ) ;
#1598 = ORIENTED_EDGE ( 'NONE', *, *, #1704, .F. ) ;
#1599 = EDGE_CURVE ( 'NONE', #17, #1686, #909, .T. ) ;
#1600 = DIRECTION ( 'NONE',  ( 1.000000000000000000, 0.000000000000000000, 0.000000000000000000 ) ) ;
#1601 = DIRECTION ( 'NONE',  ( -0.000000000000000000, -0.000000000000000000, 1.000000000000000000 ) ) ;
#1602 = VERTEX_POINT ( 'NONE', #241 ) ;
#1603 = DIRECTION ( 'NONE',  ( 0.3436442361753188068, 0.9390999089252867194, -0.000000000000000000 ) ) ;
#1604 = ORIENTED_EDGE ( 'NONE', *, *, #548, .T. ) ;
#1605 = EDGE_LOOP ( 'NONE', ( #232, #1358, #1060, #1028 ) ) ;
#1606 = CARTESIAN_POINT ( 'NONE',  ( -117.0141677462511183, -191.2243577139757633, 97.03208376289504145 ) ) ;
#1607 = VECTOR ( 'NONE', #480, 1000.000000000000000 ) ;
#1608 = VERTEX_POINT ( 'NONE', #113 ) ;
#1609 = AXIS2_PLACEMENT_3D ( 'NONE', #621, #873, #880 ) ;
#1610 = FACE_OUTER_BOUND ( 'NONE', #1745, .T. ) ;
#1611 = EDGE_CURVE ( 'NONE', #1659, #1268, #1482, .T. ) ;
#1612 = CARTESIAN_POINT ( 'NONE',  ( 0.000000000000000000, -72.40000343881547451, 103.0000000000000568 ) ) ;
#1613 = DIRECTION ( 'NONE',  ( 1.000000000000000000, 0.000000000000000000, -0.000000000000000000 ) ) ;
#1614 = AXIS2_PLACEMENT_3D ( 'NONE', #652, #803, #1199 ) ;
#1615 = DIRECTION ( 'NONE',  ( -0.000000000000000000, -0.000000000000000000, 1.000000000000000000 ) ) ;
#1616 = VERTEX_POINT ( 'NONE', #1746 ) ;
#1617 = VERTEX_POINT ( 'NONE', #92 ) ;
#1618 = CARTESIAN_POINT ( 'NONE',  ( -119.9315279843699358, -190.9508890011265123, 95.16465621834272781 ) ) ;
#1619 = ORIENTED_EDGE ( 'NONE', *, *, #752, .T. ) ;
#1620 = DIRECTION ( 'NONE',  ( -0.000000000000000000, 0.000000000000000000, 1.000000000000000000 ) ) ;
#1621 = DIRECTION ( 'NONE',  ( 1.000000000000000000, 0.000000000000000000, 0.000000000000000000 ) ) ;
#1622 = AXIS2_PLACEMENT_3D ( 'NONE', #848, #1375, #996 ) ;
#1623 = CARTESIAN_POINT ( 'NONE',  ( -116.9775279843697717, -190.8545314231865859, 104.0000000000000000 ) ) ;
#1624 = CARTESIAN_POINT ( 'NONE',  ( -173.2486647187726589, -95.12967300596127984, 53.53333271759744605 ) ) ;
#1625 = EDGE_CURVE ( 'NONE', #1128, #456, #1460, .T. ) ;
#1626 = FACE_OUTER_BOUND ( 'NONE', #955, .T. ) ;
#1627 = EDGE_CURVE ( 'NONE', #1338, #395, #518, .T. ) ;
#1628 = EDGE_LOOP ( 'NONE', ( #1182, #251, #1168, #1278 ) ) ;
#1629 = ORIENTED_EDGE ( 'NONE', *, *, #1733, .F. ) ;
#1630 = LINE ( 'NONE', #786, #145 ) ;
#1631 = DIRECTION ( 'NONE',  ( -1.000000000000000000, 0.000000000000000000, 0.000000000000000000 ) ) ;
#1632 = CARTESIAN_POINT ( 'NONE',  ( -77.41238840120817599, -216.3696002584705411, 3.000000000000000000 ) ) ;
#1633 = AXIS2_PLACEMENT_3D ( 'NONE', #1354, #915, #379 ) ;
#1634 = CARTESIAN_POINT ( 'NONE',  ( -175.0000000000000284, -72.40000343881547451, 53.79999999999999716 ) ) ;
#1635 = DIRECTION ( 'NONE',  ( 0.000000000000000000, 0.000000000000000000, 1.000000000000000000 ) ) ;
#1636 = EDGE_CURVE ( 'NONE', #1472, #823, #1630, .T. ) ;
#1637 = CARTESIAN_POINT ( 'NONE',  ( 0.000000000000000000, -72.40000343881547451, 104.0000000000000000 ) ) ;
#1638 = ORIENTED_EDGE ( 'NONE', *, *, #928, .T. ) ;
#1639 = EDGE_CURVE ( 'NONE', #163, #813, #1266, .T. ) ;
#1640 = VERTEX_POINT ( 'NONE', #1471 ) ;
#1641 = PLANE ( 'NONE',  #1723 ) ;
#1642 = VERTEX_POINT ( 'NONE', #526 ) ;
#1643 = VECTOR ( 'NONE', #48, 1000.000000000000000 ) ;
#1644 = CARTESIAN_POINT ( 'NONE',  ( -75.15535215696436921, -223.8797496062082075, 45.90112051698208973 ) ) ;
#1645 = DIRECTION ( 'NONE',  ( -0.000000000000000000, -0.000000000000000000, -1.000000000000000000 ) ) ;
#1646 = FACE_OUTER_BOUND ( 'NONE', #1671, .T. ) ;
#1647 = DIRECTION ( 'NONE',  ( -0.000000000000000000, -0.000000000000000000, 1.000000000000000000 ) ) ;
#1648 = LINE ( 'NONE', #392, #1468 ) ;
#1649 = ORIENTED_EDGE ( 'NONE', *, *, #347, .F. ) ;
#1650 = VERTEX_POINT ( 'NONE', #394 ) ;
#1651 = ORIENTED_EDGE ( 'NONE', *, *, #670, .F. ) ;
#1652 = EDGE_CURVE ( 'NONE', #17, #1120, #460, .T. ) ;
#1653 = CARTESIAN_POINT ( 'NONE',  ( -74.45536563537108066, -226.5364332626569137, 43.82293595094171224 ) ) ;
#1654 = CARTESIAN_POINT ( 'NONE',  ( -119.9220054569324247, -190.6642484715538899, 95.37281566859493864 ) ) ;
#1655 = CARTESIAN_POINT ( 'NONE',  ( 0.000000000000000000, 0.000000000000000000, 0.000000000000000000 ) ) ;
#1656 = AXIS2_PLACEMENT_3D ( 'NONE', #1758, #520, #1621 ) ;
#1657 = CARTESIAN_POINT ( 'NONE',  ( -174.1999999999999886, -72.40000343881547451, 53.00000000000000711 ) ) ;
#1658 = ORIENTED_EDGE ( 'NONE', *, *, #1001, .T. ) ;
#1659 = VERTEX_POINT ( 'NONE', #487 ) ;
#1660 = VERTEX_POINT ( 'NONE', #1736 ) ;
#1661 = CIRCLE ( 'NONE', #789, 1.477000000000006086 ) ;
#1662 = DIRECTION ( 'NONE',  ( 1.000000000000000000, 0.000000000000000000, 0.000000000000000000 ) ) ;
#1663 = CARTESIAN_POINT ( 'NONE',  ( -117.0150052114258585, -190.4559829552972872, 97.57821247444015000 ) ) ;
#1664 = EDGE_CURVE ( 'NONE', #363, #315, #342, .T. ) ;
#1665 = LINE ( 'NONE', #971, #1442 ) ;
#1666 = APPLICATION_CONTEXT ( 'automotive_design' ) ;
#1667 = B_SPLINE_CURVE_WITH_KNOTS ( 'NONE', 3,
 ( #1551, #998, #1543, #161 ),
 .UNSPECIFIED., .F., .F.,
 ( 4, 4 ),
 ( 2.828458176751087525E-07, 0.001131666173861978122 ),
 .UNSPECIFIED. ) ;
#1668 = DIRECTION ( 'NONE',  ( 0.7572811676701945993, -0.6530889932406352960, 0.000000000000000000 ) ) ;
#1669 = VERTEX_POINT ( 'NONE', #357 ) ;
#1670 = ORIENTED_EDGE ( 'NONE', *, *, #903, .T. ) ;
#1671 = EDGE_LOOP ( 'NONE', ( #425, #382, #1261, #933 ) ) ;
#1672 = CARTESIAN_POINT ( 'NONE',  ( -74.03603035518754893, -223.5750223958489187, 46.66947357929402074 ) ) ;
#1673 = CARTESIAN_POINT ( 'NONE',  ( -119.0423713970131132, -189.4891828105130571, 96.82407272273644594 ) ) ;
#1674 = EDGE_CURVE ( 'NONE', #134, #728, #901, .T. ) ;
#1675 = CARTESIAN_POINT ( 'NONE',  ( 0.000000000000000000, -72.40000343881547451, 102.0000000000000000 ) ) ;
#1676 = ORIENTED_EDGE ( 'NONE', *, *, #1362, .T. ) ;
#1677 = ORIENTED_EDGE ( 'NONE', *, *, #601, .T. ) ;
#1678 = CARTESIAN_POINT ( 'NONE',  ( 0.000000000000000000, -72.40000343881547451, 279.6999999999999886 ) ) ;
#1679 = PLANE ( 'NONE',  #1019 ) ;
#1680 = CARTESIAN_POINT ( 'NONE',  ( -117.0281005066810565, -190.5467451493905173, -7.000000000000000000 ) ) ;
#1681 = AXIS2_PLACEMENT_3D ( 'NONE', #780, #352, #491 ) ;
#1682 = ADVANCED_FACE ( 'NONE', ( #1192 ), #1222, .T. ) ;
#1683 = DIRECTION ( 'NONE',  ( 0.000000000000000000, 0.000000000000000000, -1.000000000000000000 ) ) ;
#1684 = VECTOR ( 'NONE', #1026, 1000.000000000000000 ) ;
#1685 = EDGE_LOOP ( 'NONE', ( #43, #1330, #1078, #1057 ) ) ;
#1686 = VERTEX_POINT ( 'NONE', #122 ) ;
#1687 = CYLINDRICAL_SURFACE ( 'NONE', #790, 1.099999999999996758 ) ;
#1688 = DIRECTION ( 'NONE',  ( 0.000000000000000000, 0.000000000000000000, -1.000000000000000000 ) ) ;
#1689 =( LENGTH_UNIT ( ) NAMED_UNIT ( * ) SI_UNIT ( .MILLI., .METRE. ) );
#1690 = CARTESIAN_POINT ( 'NONE',  ( -80.80415667152625758, -223.2465790509193369, 3.000000000000000000 ) ) ;
#1691 = AXIS2_PLACEMENT_3D ( 'NONE', #157, #1374, #988 ) ;
#1692 = CARTESIAN_POINT ( 'NONE',  ( -114.1631319136528475, -205.0545041000067954, 64.00000000000000000 ) ) ;
#1693 = PRODUCT_CONTEXT ( 'NONE', #961, 'mechanical' ) ;
#1694 = ORIENTED_EDGE ( 'NONE', *, *, #1241, .T. ) ;
#1695 = EDGE_LOOP ( 'NONE', ( #804, #1307, #1080, #103 ) ) ;
#1696 = ADVANCED_FACE ( 'NONE', ( #1091 ), #1641, .T. ) ;
#1697 = DIRECTION ( 'NONE',  ( 0.000000000000000000, 0.000000000000000000, -1.000000000000000000 ) ) ;
#1698 = DIRECTION ( 'NONE',  ( 0.000000000000000000, 0.000000000000000000, 1.000000000000000000 ) ) ;
#1699 = DIRECTION ( 'NONE',  ( -0.9390999089252871634, 0.3436442361753174746, -0.000000000000000000 ) ) ;
#1700 = AXIS2_PLACEMENT_3D ( 'NONE', #1165, #207, #186 ) ;
#1701 = ORIENTED_EDGE ( 'NONE', *, *, #609, .F. ) ;
#1702 = AXIS2_PLACEMENT_3D ( 'NONE', #1675, #438, #1126 ) ;
#1703 = ORIENTED_EDGE ( 'NONE', *, *, #1664, .F. ) ;
#1704 = EDGE_CURVE ( 'NONE', #1669, #816, #722, .T. ) ;
#1705 = FACE_OUTER_BOUND ( 'NONE', #517, .T. ) ;
#1706 = CIRCLE ( 'NONE', #607, 155.0000000000000000 ) ;
#1707 = CARTESIAN_POINT ( 'NONE',  ( 0.000000000000000000, -72.40000343881547451, 101.7999999999997698 ) ) ;
#1708 = DIRECTION ( 'NONE',  ( 0.000000000000000000, 0.000000000000000000, -1.000000000000000000 ) ) ;
#1709 = ORIENTED_EDGE ( 'NONE', *, *, #581, .F. ) ;
#1710 = VECTOR ( 'NONE', #1645, 1000.000000000000000 ) ;
#1711 = CARTESIAN_POINT ( 'NONE',  ( 0.000000000000000000, -72.40000343881547451, 0.000000000000000000 ) ) ;
#1712 = CARTESIAN_POINT ( 'NONE',  ( 0.000000000000000000, -72.40000343881547451, 263.7999999999978513 ) ) ;
#1713 = ADVANCED_FACE ( 'NONE', ( #340, #325 ), #1097, .F. ) ;
#1714 = DIRECTION ( 'NONE',  ( -0.000000000000000000, -0.000000000000000000, 1.000000000000000000 ) ) ;
#1715 = DIRECTION ( 'NONE',  ( 1.000000000000000000, 0.000000000000000000, 0.000000000000000000 ) ) ;
#1716 = ORIENTED_EDGE ( 'NONE', *, *, #1576, .F. ) ;
#1717 = VECTOR ( 'NONE', #605, 1000.000000000000000 ) ;
#1718 = CARTESIAN_POINT ( 'NONE',  ( 0.000000000000000000, -249.9000034388154745, 102.0000000000000142 ) ) ;
#1719 = LINE ( 'NONE', #1712, #175 ) ;
#1720 = CARTESIAN_POINT ( 'NONE',  ( 0.000000000000000000, -72.40000343881547451, 102.0000000000000000 ) ) ;
#1721 = EDGE_LOOP ( 'NONE', ( #585, #5, #1242, #875 ) ) ;
#1722 = EDGE_CURVE ( 'NONE', #535, #984, #611, .T. ) ;
#1723 = AXIS2_PLACEMENT_3D ( 'NONE', #404, #1491, #1297 ) ;
#1724 = CARTESIAN_POINT ( 'NONE',  ( 0.000000000000000000, -72.40000343881547451, 104.0000000000000000 ) ) ;
#1725 = ORIENTED_EDGE ( 'NONE', *, *, #1125, .T. ) ;
#1726 = DIRECTION ( 'NONE',  ( 0.000000000000000000, 0.000000000000000000, 1.000000000000000000 ) ) ;
#1727 = CARTESIAN_POINT ( 'NONE',  ( 0.000000000000000000, -72.40000343881547451, 64.00000000000000000 ) ) ;
#1728 = LINE ( 'NONE', #1566, #717 ) ;
#1729 = FACE_BOUND ( 'NONE', #1492, .T. ) ;
#1730 = VECTOR ( 'NONE', #1344, 1000.000000000000114 ) ;
#1731 = CARTESIAN_POINT ( 'NONE',  ( -74.24437060043942438, -225.0560649529234070, 53.00000000000000711 ) ) ;
#1732 = ORIENTED_EDGE ( 'NONE', *, *, #88, .F. ) ;
#1733 = EDGE_CURVE ( 'NONE', #816, #1669, #57, .T. ) ;
#1734 = VECTOR ( 'NONE', #639, 1000.000000000000000 ) ;
#1735 = AXIS2_PLACEMENT_3D ( 'NONE', #1568, #1152, #1536 ) ;
#1736 = CARTESIAN_POINT ( 'NONE',  ( 0.000000000000000000, -247.4000034388155029, 53.79999999999999716 ) ) ;
#1737 = VECTOR ( 'NONE', #1431, 1000.000000000000000 ) ;
#1738 = ORIENTED_EDGE ( 'NONE', *, *, #534, .F. ) ;
#1739 = CARTESIAN_POINT ( 'NONE',  ( 0.000000000000000000, -227.4000034388154745, 3.000000000000000000 ) ) ;
#1740 = PRESENTATION_STYLE_ASSIGNMENT (( #265 ) ) ;
#1741 = VERTEX_POINT ( 'NONE', #597 ) ;
#1742 = VECTOR ( 'NONE', #1761, 1000.000000000000000 ) ;
#1743 = CARTESIAN_POINT ( 'NONE',  ( 0.000000000000000000, -72.40000343881547451, 53.00000000000000711 ) ) ;
#1744 = EDGE_LOOP ( 'NONE', ( #954, #450 ) ) ;
#1745 = EDGE_LOOP ( 'NONE', ( #329, #665, #290, #729 ) ) ;
#1746 = CARTESIAN_POINT ( 'NONE',  ( -80.80415667152625758, -223.2465790509193369, 0.000000000000000000 ) ) ;
#1747 = EDGE_CURVE ( 'NONE', #1608, #737, #1719, .T. ) ;
#1748 = LINE ( 'NONE', #509, #876 ) ;
#1749 = DIRECTION ( 'NONE',  ( 0.000000000000000000, 0.000000000000000000, 1.000000000000000000 ) ) ;
#1750 = FACE_OUTER_BOUND ( 'NONE', #983, .T. ) ;
#1751 = CARTESIAN_POINT ( 'NONE',  ( -81.90415667152623769, -223.2465790509193369, 3.000000000000000000 ) ) ;
#1752 = FACE_OUTER_BOUND ( 'NONE', #7, .T. ) ;
#1753 = ORIENTED_EDGE ( 'NONE', *, *, #593, .T. ) ;
#1754 = CARTESIAN_POINT ( 'NONE',  ( -119.9222540094327911, -191.0494392448574672, 95.10196166296493914 ) ) ;
#1755 = ORIENTED_EDGE ( 'NONE', *, *, #1722, .F. ) ;
#1756 = CIRCLE ( 'NONE', #203, 165.0000000000000000 ) ;
#1757 = EDGE_CURVE ( 'NONE', #836, #994, #194, .T. ) ;
#1758 = CARTESIAN_POINT ( 'NONE',  ( 0.000000000000000000, -72.40000343881547451, 53.00000000000000711 ) ) ;
#1759 = EDGE_CURVE ( 'NONE', #784, #737, #1282, .T. ) ;
#1760 = DIRECTION ( 'NONE',  ( 0.000000000000000000, 0.000000000000000000, 1.000000000000000000 ) ) ;
#1761 = DIRECTION ( 'NONE',  ( -0.000000000000000000, -0.000000000000000000, -1.000000000000000000 ) ) ;
#1762 = DIRECTION ( 'NONE',  ( 0.000000000000000000, 0.000000000000000000, 1.000000000000000000 ) ) ;
#1763 = ORIENTED_EDGE ( 'NONE', *, *, #216, .F. ) ;
#1764 = EDGE_LOOP ( 'NONE', ( #462, #26, #687, #1766 ) ) ;
#1765 = CARTESIAN_POINT ( 'NONE',  ( -119.5567899162583956, -191.8445644557570233, 94.80054500921900740 ) ) ;
#1766 = ORIENTED_EDGE ( 'NONE', *, *, #473, .F. ) ;
#1767 = CARTESIAN_POINT ( 'NONE',  ( 0.000000000000000000, -72.40000343881547451, 102.0000000000000000 ) ) ;
#1768 = DIRECTION ( 'NONE',  ( -1.000000000000000000, 0.000000000000000000, -0.000000000000000000 ) ) ;
#1769 = DIRECTION ( 'NONE',  ( 0.000000000000000000, 0.000000000000000000, 1.000000000000000000 ) ) ;
#1770 = FACE_OUTER_BOUND ( 'NONE', #143, .T. ) ;
#1771 = EDGE_CURVE ( 'NONE', #91, #796, #746, .T. ) ;
#1772 = CARTESIAN_POINT ( 'NONE',  ( 0.000000000000000000, -248.9000034388154745, 104.0000000000000000 ) ) ;
#1773 = ORIENTED_EDGE ( 'NONE', *, *, #1585, .T. ) ;
#1774 = CIRCLE ( 'NONE', #1405, 178.0000000000000284 ) ;
#1775 = ORIENTED_EDGE ( 'NONE', *, *, #477, .F. ) ;
#1776 = CARTESIAN_POINT ( 'NONE',  ( -77.41238840120817599, -216.3696002584705411, 3.000000000000000000 ) ) ;
#1777 = EDGE_LOOP ( 'NONE', ( #1539, #180, #120, #696 ) ) ;
#1778 = DIRECTION ( 'NONE',  ( -0.000000000000000000, -0.000000000000000000, 1.000000000000000000 ) ) ;
#1779 = CARTESIAN_POINT ( 'NONE',  ( -117.2097499499515720, -190.0509355966130158, 97.72816657605272894 ) ) ;
#1780 = VECTOR ( 'NONE', #1022, 1000.000000000000000 ) ;
#1781 = CARTESIAN_POINT ( 'NONE',  ( 0.000000000000000000, -72.40000343881547451, 263.7999999999978513 ) ) ;
#1782 = CARTESIAN_POINT ( 'NONE',  ( -114.3007190744901607, -204.9359715873094103, 64.00000000000000000 ) ) ;
#1783 = EDGE_CURVE ( 'NONE', #15, #1268, #1461, .T. ) ;
#1784 = DIRECTION ( 'NONE',  ( -0.6530889932406352960, -0.7572811676701945993, 0.000000000000000000 ) ) ;
#1785 = ORIENTED_EDGE ( 'NONE', *, *, #990, .F. ) ;
#1786 = ORIENTED_EDGE ( 'NONE', *, *, #1783, .F. ) ;
#1787 = ORIENTED_EDGE ( 'NONE', *, *, #1564, .F. ) ;
#1788 = AXIS2_PLACEMENT_3D ( 'NONE', #1454, #252, #1211 ) ;
#1789 = CARTESIAN_POINT ( 'NONE',  ( -75.53801299835458849, -225.7764221493529817, 44.03126262123710433 ) ) ;
#1790 = CARTESIAN_POINT ( 'NONE',  ( -114.2905738171111949, -204.9242077810995681, 88.79999999999991189 ) ) ;
ENDSEC;
END-ISO-10303-21;
