ISO-10303-21;
HEADER;
FILE_DESCRIPTION (( 'STEP AP214' ),
    '1' );
FILE_NAME ('vacum and dustbin clip3.STEP',
    '2026-07-14T15:33:26',
    ( '' ),
    ( '' ),
    'SwSTEP 2.0',
    'SolidWorks 2020',
    '' );
FILE_SCHEMA (( 'AUTOMOTIVE_DESIGN' ));
ENDSEC;

DATA;
#1 = CARTESIAN_POINT ( 'NONE',  ( 86.66153352214894312, 83.56245059914554929, 3.011438304919261455 ) ) ;
#2 = CARTESIAN_POINT ( 'NONE',  ( 103.0090631750631900, 79.26837472120199379, 2.366611849879222351 ) ) ;
#3 = CARTESIAN_POINT ( 'NONE',  ( 82.94888727647784776, 33.09529367750916862, 3.466116445421989045 ) ) ;
#4 = CARTESIAN_POINT ( 'NONE',  ( 96.60217298300429434, 77.52995236263527090, 3.444979422501509791 ) ) ;
#5 = VERTEX_POINT ( 'NONE', #1774 ) ;
#6 = EDGE_CURVE ( 'NONE', #907, #1833, #2053, .T. ) ;
#7 = CARTESIAN_POINT ( 'NONE',  ( 92.49999999999968736, 55.00000000000541434, 0.000000000000000000 ) ) ;
#8 = CARTESIAN_POINT ( 'NONE',  ( 114.2931290344761095, 33.58603017446576189, 0.9209762437132643642 ) ) ;
#9 = CARTESIAN_POINT ( 'NONE',  ( 57.36294572463172869, 50.10492675511257943, 0.9999999999999995559 ) ) ;
#10 = CARTESIAN_POINT ( 'NONE',  ( 119.5920531652111549, 47.38118097408077745, 5.000000000000008882 ) ) ;
#11 = CARTESIAN_POINT ( 'NONE',  ( 70.96347086011581951, 54.11643621224499867, 5.080265448766154712 ) ) ;
#12 = CARTESIAN_POINT ( 'NONE',  ( 116.9859912493242859, 41.70791049336870771, 6.025380872156228307 ) ) ;
#13 = CARTESIAN_POINT ( 'NONE',  ( 88.12291671236695834, 23.07606536275938680, 1.901637906938560496 ) ) ;
#14 = VERTEX_POINT ( 'NONE', #673 ) ;
#15 = CARTESIAN_POINT ( 'NONE',  ( 61.04366756349346446, 72.38547022645748541, 0.9631233764677553655 ) ) ;
#16 = CARTESIAN_POINT ( 'NONE',  ( 94.20401745162912732, 81.62447504524668318, 4.030879471000811343 ) ) ;
#17 = CARTESIAN_POINT ( 'NONE',  ( 103.7001163622158515, 77.04606841641974313, 3.236778843658668414 ) ) ;
#18 = CARTESIAN_POINT ( 'NONE',  ( 89.89720392087475886, 25.26777098180906123, 0.9620959961531284632 ) ) ;
#19 = CARTESIAN_POINT ( 'NONE',  ( 114.4564319277974818, 30.16687309977760378, 1.000000000000002887 ) ) ;
#20 = B_SPLINE_SURFACE_WITH_KNOTS ( 'NONE', 3, 3, ( 
 ( #156, #1513, #1297, #1283, #1983, #2382, #184, #2899, #2617, #2603 ),
 ( #1079, #418, #1311, #1761, #2661, #1049, #1325, #432, #1270, #1939 ),
 ( #1498, #2395, #2172, #1673, #127, #2168, #372, #165, #1016, #1909 ),
 ( #2379, #564, #1481, #140, #332, #1060, #2598, #1949, #2614, #359 ),
 ( #1897, #2809, #1253, #576, #793, #590, #2849, #1441, #1686, #2584 ),
 ( #2141, #2571, #153, #1469, #1455, #1267, #2835, #1495, #2362, #603 ),
 ( #1030, #1699, #1935, #1921, #2821, #2349, #385, #2155, #806, #346 ),
 ( #550, #1045, #836, #2392, #822, #1714, #1279, #1727, #2795, #780 ),
 ( #1240, #2334, #1225, #2127, #114, #2116, #1003, #2007, #2405, #2865 ),
 ( #2893, #617, #1510, #865, #630, #2210, #2629, #2225, #1293, #1307 ),
 ( #878, #2432, #1335, #400, #428, #413, #1964, #1979, #851, #1115 ),
 ( #2880, #1321, #1756, #2445, #1742, #2183, #208, #2642, #181, #1076 ),
 ( #1524, #2418, #441, #2197, #195, #1089, #2657, #1537, #643, #1101 ),
 ( #656, #1992, #222, #1771, #2670, #1551, #42, #2529, #2500, #538 ),
 ( #1633, #69, #523, #1154, #1373, #85, #1413, #913, #1196, #754 ),
 ( #2515, #929, #711, #510, #2706, #2306, #2089, #977, #1648, #739 ),
 ( #303, #2293, #2766, #1871, #2279, #1169, #2044, #958, #2543, #1400 ),
 ( #288, #726, #1182, #2248, #1619, #495, #2264, #245, #2736, #2073 ),
 ( #1139, #695, #2030, #1591, #27, #1807, #1839, #1854, #2484, #480 ),
 ( #1605, #259, #1824, #2721, #1387, #274, #2750, #2060, #57, #944 ),
 ( #131, #768, #2131, #2576, #322, #144, #1244, #1445, #2589, #2119 ),
 ( #992, #118, #784, #1901, #2340, #1021, #1925, #2323, #1007, #2799 ),
 ( #568, #2782, #797, #1677, #1663, #1913, #1690, #2366, #1460, #1473 ),
 ( #2354, #350, #580, #2813, #363, #2559, #1258, #2145, #1034, #554 ),
 ( #1429, #2825, #811, #1214, #2105, #102, #1886, #336, #1230, #798 ),
 ( #146, #1902, #2771, #785, #1036, #1246, #996, #771, #541, #1652 ),
 ( #1474, #2355, #1666, #88, #2092, #2108, #980, #581, #1890, #1874 ),
 ( #1218, #351, #1927, #1416, #757, #2133, #132, #2532, #527, #2342 ),
 ( #569, #1637, #2590, #2309, #325, #742, #1022, #1232, #1691, #1259 ),
 ( #2546, #306, #106, #1201, #2370, #1433, #1448, #2326, #2786, #2562 ),
 ( #557, #1461, #1914, #2814, #338, #2120, #365, #119, #2147, #1009 ),
 ( #2800, #1679, #2577, #2619, #1488, #1748, #2606, #2174, #377, #2203 ),
 ( #1081, #391, #2410, #187, #1299, #596, #2384, #2648, #1272, #1971 ),
 ( #829, #1530, #405, #2425, #1720, #608, #2189, #1515, #2160, #622 ),
 ( #1706, #421, #2634, #2842, #2871, #1501, #2828, #2397, #857, #635 ),
 ( #1285, #158, #1314, #813, #173, #1052, #1942, #1067, #1956, #2856 ),
 ( #842, #1734, #2091, #105, #2770, #2785, #770, #979, #1431, #995 ),
 ( #1873, #1415, #1665, #324, #1651, #2308, #741, #1856, #1889, #1447 ),
 ( #540, #756, #2545, #2753, #2561, #556, #1636, #2341, #2531, #1199 ),
 ( #87, #526, #305, #2325, #1217, #2107, #2551, #545, #776, #93 ),
 ( #1465, #2314, #1437, #561, #1013, #1250, #2610, #1670, #2566, #2581 ),
 ( #2330, #1918, #2818, #313, #1206, #123, #110, #2137, #2097, #369 ),
 ( #1000, #329, #802, #1695, #985, #1879, #1906, #1894, #136, #2776 ),
 ( #762, #2791, #1422, #1026, #2804, #1478, #1931, #789, #1222, #1657 ),
 ( #2112, #1264, #1452, #2124, #2346, #342, #1236, #2594, #1683, #585 ),
 ( #573, #2359, #2151, #355, #2375, #150, #1040, #2832, #817, #1711 ),
 ( #1960, #2206, #2428, #613, #1533, #191, #381, #2218, #2652, #1289 ),
 ( #847, #1781, #1071, #2888, #1317, #1766, #2401, #2623, #1330, #873 ),
 ( #2440, #2001, #626, #861, #2179, #2860, #1752, #639, #409, #1724 ) ),
 .UNSPECIFIED., .F., .F., .F.,
 ( 4, 3, 3, 3, 3, 3, 3, 3, 3, 3, 3, 3, 3, 3, 3, 3, 4 ),
 ( 4, 3, 3, 4 ),
 ( 0.000000000000000000, 0.03125000000000004857, 0.06250000000000009714, 0.09375000000000013878, 0.1250000000000001943, 0.1562500000000002220, 0.1875000000000002776, 0.2187500000000003331, 0.2500000000000003886, 0.2812500000000004441, 0.3125000000000004441, 0.3437500000000004996, 0.3750000000000005551, 0.4062500000000006106, 0.4375000000000006661, 0.4687500000000007216, 0.5000000000000007772 ),
 ( 0.02481658189599741937, 0.3096136985630328908, 0.5944108152300683345, 1.164005048564139333 ),
 .UNSPECIFIED. ) ;
#21 = EDGE_LOOP ( 'NONE', ( #461, #1323, #86, #555, #2478 ) ) ;
#22 = CARTESIAN_POINT ( 'NONE',  ( 93.06306160288082197, 25.12472409702228404, 1.000000000000000666 ) ) ;
#23 = CARTESIAN_POINT ( 'NONE',  ( 107.7680545562411396, 28.52768271515597576, 0.8459623309354642462 ) ) ;
#24 = CARTESIAN_POINT ( 'NONE',  ( 81.83555246697079610, 22.61386485933156010, 0.9999999999999986677 ) ) ;
#25 = CARTESIAN_POINT ( 'NONE',  ( 107.7118756773121078, 70.09132584173715941, 5.842611364000162233 ) ) ;
#26 = CARTESIAN_POINT ( 'NONE',  ( 107.0000018179416799, 59.00000110268592834, -55.42914871850910430 ) ) ;
#27 = CARTESIAN_POINT ( 'NONE',  ( 121.4856449587661302, 59.45434796462247107, 5.226586424741371140 ) ) ;
#28 = CARTESIAN_POINT ( 'NONE',  ( 67.52547777994055878, 55.53475844530212413, 4.051266117217865670 ) ) ;
#29 = CARTESIAN_POINT ( 'NONE',  ( 88.16078818638975179, 28.91573673009134282, 5.002858879398995207 ) ) ;
#30 = VERTEX_POINT ( 'NONE', #908 ) ;
#31 = CARTESIAN_POINT ( 'NONE',  ( 62.34614352266639514, 74.74940306002004320, 0.9629736508476071100 ) ) ;
#32 = DIRECTION ( 'NONE',  ( 1.000000000000000000, 0.000000000000000000, -0.000000000000000000 ) ) ;
#33 = CARTESIAN_POINT ( 'NONE',  ( 117.0224672080641426, 61.54967603690541011, 6.096763099630864602 ) ) ;
#34 = CARTESIAN_POINT ( 'NONE',  ( 80.55581804891680520, 50.09043766943435827, 5.984971202928394796 ) ) ;
#35 = CARTESIAN_POINT ( 'NONE',  ( 124.1551216628509877, 66.19950228793382507, 0.9999999999999947820 ) ) ;
#36 = ORIENTED_EDGE ( 'NONE', *, *, #774, .T. ) ;
#37 = ORIENTED_EDGE ( 'NONE', *, *, #914, .F. ) ;
#38 = CARTESIAN_POINT ( 'NONE',  ( 96.35428418681159712, 26.08940491808289863, 1.600918513975670976 ) ) ;
#39 = CARTESIAN_POINT ( 'NONE',  ( 116.0976885686263671, 66.21700600236945888, 7.000000000000021316 ) ) ;
#40 = CARTESIAN_POINT ( 'NONE',  ( 106.6260919603301573, 72.70328707341545282, 6.999999999999973355 ) ) ;
#41 = CARTESIAN_POINT ( 'NONE',  ( 83.71614961468397098, 62.48513233795968347, 5.979333918266704018 ) ) ;
#42 = CARTESIAN_POINT ( 'NONE',  ( 116.5859728825898998, 71.25404425112718343, 4.258211746919944751 ) ) ;
#43 = CARTESIAN_POINT ( 'NONE',  ( 91.40797424510702740, 33.58354946407897046, 5.835111651933692301 ) ) ;
#44 = AXIS2_PLACEMENT_3D ( 'NONE', #7, #444, #1339 ) ;
#45 = EDGE_LOOP ( 'NONE', ( #1346, #1126 ) ) ;
#46 = CARTESIAN_POINT ( 'NONE',  ( 73.58143915777056066, 64.34961054610666054, 5.082825568435180408 ) ) ;
#47 = CARTESIAN_POINT ( 'NONE',  ( 101.1526860100320988, 76.04945556997380152, 6.076882814570158331 ) ) ;
#48 = CARTESIAN_POINT ( 'NONE',  ( 117.4235369202254446, 61.71753958878153412, 5.639559499644536622 ) ) ;
#49 = CARTESIAN_POINT ( 'NONE',  ( 75.36549789767992991, 34.01485421789157471, 1.745354128055803145 ) ) ;
#50 = CARTESIAN_POINT ( 'NONE',  ( 108.0451335246153519, 25.54776461096112428, 0.9999999999999974465 ) ) ;
#51 = ORIENTED_EDGE ( 'NONE', *, *, #1778, .F. ) ;
#52 = CARTESIAN_POINT ( 'NONE',  ( 117.7165453917773021, 37.74665003815902509, 1.000000000000006661 ) ) ;
#53 = CARTESIAN_POINT ( 'NONE',  ( 102.1852664080770410, 30.28610422955084047, 4.284666024941472529 ) ) ;
#54 = LINE ( 'NONE', #973, #694 ) ;
#55 = DIRECTION ( 'NONE',  ( 1.000000000000000000, 0.000000000000000000, -0.000000000000000000 ) ) ;
#56 = CARTESIAN_POINT ( 'NONE',  ( 75.95864403400821629, 65.87449523687679687, 3.419127668707446333 ) ) ;
#57 = CARTESIAN_POINT ( 'NONE',  ( 122.9764819343820221, 66.32915021643310638, 1.923987222399741182 ) ) ;
#58 = EDGE_LOOP ( 'NONE', ( #2463, #2220 ) ) ;
#59 = CARTESIAN_POINT ( 'NONE',  ( 93.76458480740453183, 59.00000110268592834, 8.000000000000000000 ) ) ;
#60 = CARTESIAN_POINT ( 'NONE',  ( 87.45430808651275356, 70.22065425151942009, 7.132462733503708741 ) ) ;
#61 = CARTESIAN_POINT ( 'NONE',  ( 74.03042860615506982, 76.55705785497588067, 1.000000000000000222 ) ) ;
#62 = CARTESIAN_POINT ( 'NONE',  ( 114.4161559650953137, 72.25258146937783010, 2.437624685787223466 ) ) ;
#63 = CARTESIAN_POINT ( 'NONE',  ( 67.81857552967426273, 46.12082860371067738, 1.723454847064382012 ) ) ;
#64 = CARTESIAN_POINT ( 'NONE',  ( 113.6094418792513352, 29.42974851121334368, 1.000000000000004663 ) ) ;
#65 = CARTESIAN_POINT ( 'NONE',  ( 121.4797068626248375, 64.34522801902764400, 0.9999999999999920064 ) ) ;
#66 = CARTESIAN_POINT ( 'NONE',  ( 95.90148855056249033, 30.41040128515006558, 4.630206561833539070 ) ) ;
#67 = CARTESIAN_POINT ( 'NONE',  ( 78.76459873084206720, 43.94516173618035282, 6.999999999999999112 ) ) ;
#68 = CARTESIAN_POINT ( 'NONE',  ( 75.56512445791472032, 56.92845192185495051, 4.272109684000970908 ) ) ;
#69 = CARTESIAN_POINT ( 'NONE',  ( 119.4500701450310345, 61.16595083730111071, 6.924135315691871462 ) ) ;
#70 = ORIENTED_EDGE ( 'NONE', *, *, #956, .T. ) ;
#71 = DIRECTION ( 'NONE',  ( 0.000000000000000000, 0.000000000000000000, 1.000000000000000000 ) ) ;
#72 = CARTESIAN_POINT ( 'NONE',  ( 78.29715819102646890, 28.89973825424121401, 2.978313496368625302 ) ) ;
#73 = CARTESIAN_POINT ( 'NONE',  ( 86.68697398842132884, 83.29833132649297056, 0.9999999999999986677 ) ) ;
#74 = CARTESIAN_POINT ( 'NONE',  ( 114.9121199242497795, 64.63425777916985737, 6.005892683512722208 ) ) ;
#75 = CARTESIAN_POINT ( 'NONE',  ( 68.31731333565117836, 38.76000544051000674, 0.8803730658859985070 ) ) ;
#76 = VECTOR ( 'NONE', #2268, 1000.000000000000000 ) ;
#77 = CARTESIAN_POINT ( 'NONE',  ( 120.9464505656095099, 37.94183341161509304, 1.000000000000016875 ) ) ;
#78 = CARTESIAN_POINT ( 'NONE',  ( 107.7118756773121078, 70.09132584173715941, 5.842611364000162233 ) ) ;
#79 = CARTESIAN_POINT ( 'NONE',  ( 108.1927602477554160, 80.30604574965745712, 0.9999999999999995559 ) ) ;
#80 = CARTESIAN_POINT ( 'NONE',  ( 102.2668949863947176, 27.20380732555213754, 1.657653374208051700 ) ) ;
#81 = ADVANCED_FACE ( 'NONE', ( #2448 ), #659, .F. ) ;
#82 = CARTESIAN_POINT ( 'NONE',  ( 77.36595907353066082, 49.33924727918846287, 6.999999999999999112 ) ) ;
#83 = DIRECTION ( 'NONE',  ( -0.000000000000000000, -0.000000000000000000, -1.000000000000000000 ) ) ;
#84 = CARTESIAN_POINT ( 'NONE',  ( 79.72452338863877230, 60.83118983432047600, 5.123828797216374298 ) ) ;
#85 = CARTESIAN_POINT ( 'NONE',  ( 118.1129994804184946, 68.04907739800668764, 4.793646526300729072 ) ) ;
#86 = ORIENTED_EDGE ( 'NONE', *, *, #1506, .F. ) ;
#87 = CARTESIAN_POINT ( 'NONE',  ( 101.1041182672319252, 30.63505464134359002, 7.548798298579243671 ) ) ;
#88 = CARTESIAN_POINT ( 'NONE',  ( 119.9575692651601173, 42.38734813047994976, 5.548710357524276660 ) ) ;
#89 = CARTESIAN_POINT ( 'NONE',  ( 77.43469813795114476, 36.21379785154970676, 5.054642609577223666 ) ) ;
#90 = CARTESIAN_POINT ( 'NONE',  ( 100.6666501505801676, 78.60466444060054414, 5.046773225053147627 ) ) ;
#91 = CARTESIAN_POINT ( 'NONE',  ( 114.0164743232969897, 70.82108259115207716, 3.312715760403931231 ) ) ;
#92 = CARTESIAN_POINT ( 'NONE',  ( 77.84749274266727070, 52.27164351872225012, 5.127465173959920186 ) ) ;
#93 = CARTESIAN_POINT ( 'NONE',  ( 105.9841382852728344, 24.29474082162747806, 0.7687472406912131406 ) ) ;
#94 = CARTESIAN_POINT ( 'NONE',  ( 80.44395069213013016, 53.10387189648142225, 5.945247608474772960 ) ) ;
#95 = CARTESIAN_POINT ( 'NONE',  ( 120.3928573520997816, 67.02756576146333600, 1.000000000000000444 ) ) ;
#96 = CARTESIAN_POINT ( 'NONE',  ( 95.78255078197443595, 31.64425593710626927, 5.498590595299453376 ) ) ;
#97 = B_SPLINE_CURVE_WITH_KNOTS ( 'NONE', 3,
 ( #1303, #2876, #931, #2486, #900, #1171, #1184, #2062, #1825, #1841, #2723, #290, #1402, #2707, #1592, #2469, #1389, #2295, #713, #1607, #43, #2075 ),
 .UNSPECIFIED., .F., .F.,
 ( 4, 2, 2, 2, 2, 2, 2, 2, 2, 2, 4 ),
 ( 0.05764202834398420711, 0.06050624125105669160, 0.06193834770459293038, 0.06337045415812916915, 0.06623466706520164671, 0.06909887997227413814, 0.07196309287934661569, 0.07482730578641909325, 0.07625941223995533202, 0.07769151869349158468, 0.08055573160056403448 ),
 .UNSPECIFIED. ) ;
#98 = CARTESIAN_POINT ( 'NONE',  ( 85.42614108087002478, 69.23543549323296986, 7.000000000000005329 ) ) ;
#99 = CARTESIAN_POINT ( 'NONE',  ( 90.35511132417883573, 31.91171222310479294, 6.999999999999999112 ) ) ;
#100 = ADVANCED_FACE ( 'NONE', ( #689 ), #1119, .T. ) ;
#101 = CARTESIAN_POINT ( 'NONE',  ( 63.66647282921275774, 54.65382990317134215, 0.8665683121303779934 ) ) ;
#102 = CARTESIAN_POINT ( 'NONE',  ( 122.3215867385212192, 48.24678712348730869, 4.527012926944038007 ) ) ;
#103 = ORIENTED_EDGE ( 'NONE', *, *, #473, .T. ) ;
#104 = AXIS2_PLACEMENT_3D ( 'NONE', #217, #1097, #1738 ) ;
#105 = CARTESIAN_POINT ( 'NONE',  ( 106.7531755058190583, 30.24676383597714846, 5.788390040083112531 ) ) ;
#106 = CARTESIAN_POINT ( 'NONE',  ( 116.0993449057807538, 36.91816345839689006, 6.111514488653774890 ) ) ;
#107 = CARTESIAN_POINT ( 'NONE',  ( 79.27599497014075780, 23.26119335702151147, 0.9034587203475756834 ) ) ;
#108 = CARTESIAN_POINT ( 'NONE',  ( 81.81723755695936973, 27.58337633683828116, 1.000000000000000444 ) ) ;
#109 = CARTESIAN_POINT ( 'NONE',  ( 119.9350132578857995, 54.01393935309393157, 5.393647083117113716 ) ) ;
#110 = CARTESIAN_POINT ( 'NONE',  ( 100.4821362900915602, 26.74084357164985448, 4.210561275913695667 ) ) ;
#111 =( LENGTH_UNIT ( ) NAMED_UNIT ( * ) SI_UNIT ( .MILLI., .METRE. ) );
#112 = CARTESIAN_POINT ( 'NONE',  ( 93.76458480740453183, 28.96559952297486618, -55.42914871850910430 ) ) ;
#113 = CARTESIAN_POINT ( 'NONE',  ( 92.31970675441270657, 24.65360858630025120, 0.7079115536095441641 ) ) ;
#114 = CARTESIAN_POINT ( 'NONE',  ( 111.7375763622785030, 73.22217301116668864, 5.436801917851516563 ) ) ;
#115 = CARTESIAN_POINT ( 'NONE',  ( 94.55454845328425506, 73.51363648600195688, 7.000000000000002665 ) ) ;
#116 = CARTESIAN_POINT ( 'NONE',  ( 93.76458480740453183, 74.00000110268592834, 8.000000000000000000 ) ) ;
#117 = CARTESIAN_POINT ( 'NONE',  ( 72.82633131785438252, 76.05679006765124939, 0.8658623843411761278 ) ) ;
#118 = CARTESIAN_POINT ( 'NONE',  ( 121.4566035791421115, 49.50717439632686023, 6.636718148061552469 ) ) ;
#119 = CARTESIAN_POINT ( 'NONE',  ( 118.9768280524044144, 37.64217177126983671, 2.881117761287623757 ) ) ;
#120 = CARTESIAN_POINT ( 'NONE',  ( 83.63448664365903085, 36.86187656386849198, 7.099594772593601277 ) ) ;
#121 = CARTESIAN_POINT ( 'NONE',  ( 95.05191031941863855, 32.19208259102387615, 5.769425941217043885 ) ) ;
#122 = CARTESIAN_POINT ( 'NONE',  ( 119.0304363246857235, 57.61683325811328160, 5.756516944010799719 ) ) ;
#123 = CARTESIAN_POINT ( 'NONE',  ( 100.1866693690175936, 27.40058191285150002, 4.778088184020616858 ) ) ;
#124 = SHAPE_DEFINITION_REPRESENTATION ( #930, #297 ) ;
#125 = CARTESIAN_POINT ( 'NONE',  ( 101.6516095345798476, 78.47508788910116095, 5.017231678039388854 ) ) ;
#126 = CARTESIAN_POINT ( 'NONE',  ( 92.30312556080198760, 33.30699044512345353, 5.889226531715484825 ) ) ;
#127 = CARTESIAN_POINT ( 'NONE',  ( 104.8890319411413685, 76.58065936049578681, 5.479984821526469929 ) ) ;
#128 = CARTESIAN_POINT ( 'NONE',  ( 80.00140646360412688, 62.86752788641820899, 7.000000000000003553 ) ) ;
#129 = DIRECTION ( 'NONE',  ( -0.000000000000000000, -0.000000000000000000, 1.000000000000000000 ) ) ;
#130 = CARTESIAN_POINT ( 'NONE',  ( 77.74356441291172359, 79.90122550555405212, 0.8688048021548167021 ) ) ;
#131 = CARTESIAN_POINT ( 'NONE',  ( 121.3966924509427656, 49.89197783001708331, 7.124073666248830428 ) ) ;
#132 = CARTESIAN_POINT ( 'NONE',  ( 120.9473484526998988, 42.69903397597961003, 3.958303719923788933 ) ) ;
#133 = CARTESIAN_POINT ( 'NONE',  ( 75.23827006265668160, 30.97988285323512514, 2.988497681357032754 ) ) ;
#134 = CARTESIAN_POINT ( 'NONE',  ( 92.95910908956557250, 32.90777750955179926, 5.809791893278340780 ) ) ;
#135 = CARTESIAN_POINT ( 'NONE',  ( 117.1812818708231703, 63.03822464366895417, 5.168981073131408976 ) ) ;
#136 = CARTESIAN_POINT ( 'NONE',  ( 99.97816723635779113, 23.72902483395671780, 1.951188116651938698 ) ) ;
#137 = DIRECTION ( 'NONE',  ( 1.000000000000000000, 0.000000000000000000, 0.000000000000000000 ) ) ;
#138 = CARTESIAN_POINT ( 'NONE',  ( 107.7841412217300245, 70.00131578179014014, 5.874536659840359221 ) ) ;
#139 = CARTESIAN_POINT ( 'NONE',  ( 107.0000018179416799, 28.96559952297486618, -55.42914871850910430 ) ) ;
#140 = CARTESIAN_POINT ( 'NONE',  ( 107.2168203609789572, 74.47450688663343499, 6.032019247190555156 ) ) ;
#141 = CARTESIAN_POINT ( 'NONE',  ( 91.87653944163858455, 30.54663140768805007, 4.207083468640721691 ) ) ;
#142 = FACE_OUTER_BOUND ( 'NONE', #2002, .T. ) ;
#143 = CARTESIAN_POINT ( 'NONE',  ( 89.32898762259125647, 68.06838592071154892, 5.985894001042836976 ) ) ;
#144 = CARTESIAN_POINT ( 'NONE',  ( 122.5820352224026522, 56.92633098332451880, 4.631548742326380363 ) ) ;
#145 = CARTESIAN_POINT ( 'NONE',  ( 117.0398523469956871, 41.24649333614915747, 5.057780362425298826 ) ) ;
#146 = CARTESIAN_POINT ( 'NONE',  ( 118.9493149470795004, 41.49379428339493359, 7.036164580723943018 ) ) ;
#147 = CARTESIAN_POINT ( 'NONE',  ( 74.40004359861082150, 53.09102306821679917, 6.108747378638814673 ) ) ;
#148 = DIRECTION ( 'NONE',  ( -0.000000000000000000, -0.000000000000000000, -1.000000000000000000 ) ) ;
#149 = CARTESIAN_POINT ( 'NONE',  ( 118.5396894017574567, 59.02002019958445089, 5.715145511503856746 ) ) ;
#150 = CARTESIAN_POINT ( 'NONE',  ( 94.86760314396190097, 27.29075129345754647, 4.832836737920852777 ) ) ;
#151 = CARTESIAN_POINT ( 'NONE',  ( 93.76458480740453183, 59.00000110268592834, -55.42914871850910430 ) ) ;
#152 = CARTESIAN_POINT ( 'NONE',  ( 92.55359482138352689, 27.43850636722184078, 2.434333106792103241 ) ) ;
#153 = CARTESIAN_POINT ( 'NONE',  ( 110.4234371431527961, 71.78086900447215157, 6.572940382683369442 ) ) ;
#154 = CARTESIAN_POINT ( 'NONE',  ( 119.9484109397886726, 43.77544195282366957, 6.999999999999979572 ) ) ;
#155 = CARTESIAN_POINT ( 'NONE',  ( 80.68738351604554282, 75.08023086625161113, 2.570725765286492326 ) ) ;
#156 = CARTESIAN_POINT ( 'NONE',  ( 108.4555221530372933, 70.60932035064399770, 7.710660312054507415 ) ) ;
#157 = CARTESIAN_POINT ( 'NONE',  ( 114.8294958896553055, 35.05035925465266189, 1.815849439753907113 ) ) ;
#158 = CARTESIAN_POINT ( 'NONE',  ( 107.0465668938996657, 31.20475528910213470, 6.864809209852174909 ) ) ;
#159 = CARTESIAN_POINT ( 'NONE',  ( 72.64183948659309920, 44.02342952147798627, 5.071409001205870126 ) ) ;
#160 = DIRECTION ( 'NONE',  ( 0.000000000000000000, 0.000000000000000000, 1.000000000000000000 ) ) ;
#161 = CARTESIAN_POINT ( 'NONE',  ( 120.5299182257902260, 49.51761689300014524, 4.082862261396716264 ) ) ;
#162 = FACE_OUTER_BOUND ( 'NONE', #2730, .T. ) ;
#163 = CARTESIAN_POINT ( 'NONE',  ( 107.0000018179416799, 28.96559952297486618, -55.42914871850910430 ) ) ;
#164 = CARTESIAN_POINT ( 'NONE',  ( 95.02139233176734479, 26.04265615404096224, 1.590392468460434250 ) ) ;
#165 = CARTESIAN_POINT ( 'NONE',  ( 99.75897778908461078, 83.32036591359774036, 3.224836132571998970 ) ) ;
#166 = CARTESIAN_POINT ( 'NONE',  ( 97.92147178196042034, 79.67828314765451125, 2.595574457685029479 ) ) ;
#167 = CARTESIAN_POINT ( 'NONE',  ( 121.2735489752662090, 49.01322356728434215, 6.999999999999966249 ) ) ;
#168 = CARTESIAN_POINT ( 'NONE',  ( 88.76395957196785957, 70.56501751895710584, 5.130993599477755573 ) ) ;
#169 = ADVANCED_FACE ( 'NONE', ( #1134, #2244 ), #2716, .F. ) ;
#170 = B_SPLINE_CURVE_WITH_KNOTS ( 'NONE', 3,
 ( #1241, #141, #1922, #2822 ),
 .UNSPECIFIED., .F., .F.,
 ( 4, 4 ),
 ( 0.05485989436903749433, 0.8569638343414082149 ),
 .UNSPECIFIED. ) ;
#171 = CARTESIAN_POINT ( 'NONE',  ( 57.26079396278624500, 60.73968767125597878, 0.9999999999999997780 ) ) ;
#172 = CARTESIAN_POINT ( 'NONE',  ( 117.6505724924978580, 39.71994102108504165, 2.743406414226118084 ) ) ;
#173 = CARTESIAN_POINT ( 'NONE',  ( 108.8551778637046539, 30.61249491662570321, 5.203896773797382025 ) ) ;
#174 = CARTESIAN_POINT ( 'NONE',  ( 62.37333470050282358, 43.75694609901056253, 1.984164879999950504 ) ) ;
#175 = CARTESIAN_POINT ( 'NONE',  ( 129.2987054580080439, 55.00000000000542144, 0.000000000000000000 ) ) ;
#176 = CARTESIAN_POINT ( 'NONE',  ( 119.7625430238593083, 51.29803652161505312, 5.925972256291844431 ) ) ;
#177 = DIRECTION ( 'NONE',  ( 0.000000000000000000, 0.000000000000000000, 1.000000000000000000 ) ) ;
#178 = CARTESIAN_POINT ( 'NONE',  ( 70.90828899507896210, 83.59485937717946058, 0.9597556622766645340 ) ) ;
#179 = CARTESIAN_POINT ( 'NONE',  ( 106.5923313728368385, 74.03082309363854563, 4.118485420128537022 ) ) ;
#180 = CARTESIAN_POINT ( 'NONE',  ( 84.48435272052218181, 30.15424170834968365, 2.627317280514081421 ) ) ;
#181 = CARTESIAN_POINT ( 'NONE',  ( 111.6710336536775543, 80.95011697722841859, 2.044663061941394577 ) ) ;
#182 = CARTESIAN_POINT ( 'NONE',  ( 86.09354872558634497, 83.52094215183008430, 0.8762878833313145766 ) ) ;
#183 = CARTESIAN_POINT ( 'NONE',  ( 110.4780968412096769, 33.88990036773957826, 4.454150154245196447 ) ) ;
#184 = CARTESIAN_POINT ( 'NONE',  ( 100.0341241251526867, 80.37560081419853475, 4.359931610465614504 ) ) ;
#185 = EDGE_CURVE ( 'NONE', #1855, #2281, #1047, .T. ) ;
#186 = CARTESIAN_POINT ( 'NONE',  ( 119.4194210458006609, 44.41109818009487498, 3.664051043024767473 ) ) ;
#187 = CARTESIAN_POINT ( 'NONE',  ( 112.7387894889595117, 33.46860598757707095, 5.662143604253630613 ) ) ;
#188 = CARTESIAN_POINT ( 'NONE',  ( 66.31892035625105564, 42.96155860439643703, 3.012680670912454950 ) ) ;
#189 = CARTESIAN_POINT ( 'NONE',  ( 100.3822933126731130, 51.48280031283039904, 5.000000000000007105 ) ) ;
#190 = CARTESIAN_POINT ( 'NONE',  ( 121.7043256457027809, 51.91692072123121449, 2.691069985051011582 ) ) ;
#191 = CARTESIAN_POINT ( 'NONE',  ( 93.64026422635359381, 27.38156027523361047, 4.843918768256430418 ) ) ;
#192 = CARTESIAN_POINT ( 'NONE',  ( 76.36253330553714136, 82.98185223523289267, 1.988474910219821812 ) ) ;
#193 = CARTESIAN_POINT ( 'NONE',  ( 109.2720117036751191, 70.94585677340758423, 5.011129010395002581 ) ) ;
#194 = CARTESIAN_POINT ( 'NONE',  ( 86.96777940911405835, 29.10624516998416667, 2.640379708247813983 ) ) ;
#195 = CARTESIAN_POINT ( 'NONE',  ( 116.3249219173755478, 69.02522325164886752, 5.379913540878247247 ) ) ;
#196 = CARTESIAN_POINT ( 'NONE',  ( 84.46555686338815860, 83.06632560277729738, 0.8745072061852682266 ) ) ;
#197 = CARTESIAN_POINT ( 'NONE',  ( 92.49999999999968736, 55.00000000000541434, 1.000000000000000888 ) ) ;
#198 = CARTESIAN_POINT ( 'NONE',  ( 103.8653556935160651, 31.93742981043434881, 5.654918556611240987 ) ) ;
#199 = CARTESIAN_POINT ( 'NONE',  ( 61.47818468733150610, 72.88781319167367201, 1.000000000000000000 ) ) ;
#200 = CARTESIAN_POINT ( 'NONE',  ( 118.0439838645629180, 42.15448376152967569, 4.122436779780530358 ) ) ;
#201 = CARTESIAN_POINT ( 'NONE',  ( 59.32605893539574282, 42.38860967085504683, 0.9531684414085532797 ) ) ;
#202 = CARTESIAN_POINT ( 'NONE',  ( 120.9758931351651512, 60.49228186359081860, 2.583080049085642926 ) ) ;
#203 = EDGE_CURVE ( 'NONE', #30, #945, #1678, .T. ) ;
#204 = DIRECTION ( 'NONE',  ( 0.000000000000000000, 0.000000000000000000, -1.000000000000000000 ) ) ;
#205 = CARTESIAN_POINT ( 'NONE',  ( 80.22251375196799472, 88.47940753323072727, 0.9536732078906360321 ) ) ;
#206 = CARTESIAN_POINT ( 'NONE',  ( 99.39878738948867465, 84.49169023544979495, 0.6288489941453547782 ) ) ;
#207 = CARTESIAN_POINT ( 'NONE',  ( 83.71287389446786165, 28.56358737088634214, 1.777196779401033933 ) ) ;
#208 = CARTESIAN_POINT ( 'NONE',  ( 114.0359882430605012, 73.83846622801399917, 4.287540212540855045 ) ) ;
#209 = CARTESIAN_POINT ( 'NONE',  ( 90.69546523647785818, 84.30972589940101614, 0.8821664364512047385 ) ) ;
#210 = CARTESIAN_POINT ( 'NONE',  ( 95.95326047267718650, 25.20272478661838278, 1.000000000000000000 ) ) ;
#211 = CARTESIAN_POINT ( 'NONE',  ( 111.1070955261996005, 30.71996953426570798, 0.8846177035944950973 ) ) ;
#212 = CARTESIAN_POINT ( 'NONE',  ( 60.65614029410486552, 71.40487525144436631, 1.000000000000000000 ) ) ;
#213 = CARTESIAN_POINT ( 'NONE',  ( 97.74160389594598541, 71.31190699463893168, 5.917082570057417001 ) ) ;
#214 = AXIS2_PLACEMENT_3D ( 'NONE', #189, #1054, #1736 ) ;
#215 = CARTESIAN_POINT ( 'NONE',  ( 60.60002208226107001, 59.44275025324697026, 1.992401469382332868 ) ) ;
#216 = CARTESIAN_POINT ( 'NONE',  ( 120.4404562314701792, 52.46516334042220819, 4.497748136589951429 ) ) ;
#217 = CARTESIAN_POINT ( 'NONE',  ( 93.76458480740453183, 43.96559952297486262, -55.42914871850910430 ) ) ;
#218 = EDGE_LOOP ( 'NONE', ( #2039, #2024, #645, #666, #652, #1360 ) ) ;
#219 = CARTESIAN_POINT ( 'NONE',  ( 88.71070378756702723, 77.64230710902376131, 5.071234843487697042 ) ) ;
#220 = CARTESIAN_POINT ( 'NONE',  ( 109.3295959286023447, 69.26261306556668274, 5.891444685878099108 ) ) ;
#221 = CARTESIAN_POINT ( 'NONE',  ( 85.00274498679276292, 33.96063930913720696, 4.322803883363423694 ) ) ;
#222 = CARTESIAN_POINT ( 'NONE',  ( 118.2738361609749518, 64.27411840906724194, 6.433605137085658399 ) ) ;
#223 = STYLED_ITEM ( 'NONE', ( #566 ), #804 ) ;
#224 = CARTESIAN_POINT ( 'NONE',  ( 104.9111090835767470, 70.64785779100398599, 6.043453678957752651 ) ) ;
#225 = ORIENTED_EDGE ( 'NONE', *, *, #6, .F. ) ;
#226 = ORIENTED_EDGE ( 'NONE', *, *, #1773, .T. ) ;
#227 = CARTESIAN_POINT ( 'NONE',  ( 105.1617717128144847, 32.34349305991790402, 5.690337043111920678 ) ) ;
#228 = CARTESIAN_POINT ( 'NONE',  ( 60.19494736988190908, 41.02607971741642956, 0.9999999999999995559 ) ) ;
#229 = CARTESIAN_POINT ( 'NONE',  ( 120.1542373528072574, 51.75280355880165928, 4.999999999999989342 ) ) ;
#230 = CARTESIAN_POINT ( 'NONE',  ( 64.94129312526020215, 62.21442284347075002, 3.023408507165543657 ) ) ;
#231 = CARTESIAN_POINT ( 'NONE',  ( 118.9295167638560713, 43.86437438112580622, 4.124710489253526902 ) ) ;
#232 = CARTESIAN_POINT ( 'NONE',  ( 88.52062944620318774, 24.88442925877021139, 2.933503917726970833 ) ) ;
#233 = ORIENTED_EDGE ( 'NONE', *, *, #2152, .F. ) ;
#234 = CARTESIAN_POINT ( 'NONE',  ( 74.49242096287849790, 66.23856329816872801, 5.082778502710810997 ) ) ;
#235 = CARTESIAN_POINT ( 'NONE',  ( 95.00711451492058757, 76.08212811891544902, 6.092754454908722472 ) ) ;
#236 = CARTESIAN_POINT ( 'NONE',  ( 110.9295551420327968, 68.28080789413186835, 5.913630018269588007 ) ) ;
#237 = CARTESIAN_POINT ( 'NONE',  ( 79.93494200573296382, 28.23557651886583031, 0.9150797267279782155 ) ) ;
#238 = CARTESIAN_POINT ( 'NONE',  ( 116.7958002560796160, 78.78909357856467466, 1.000000000000006661 ) ) ;
#239 = ORIENTED_EDGE ( 'NONE', *, *, #610, .T. ) ;
#240 = CARTESIAN_POINT ( 'NONE',  ( 92.49599137183395214, 55.15951471132751749, 1.000000000000000000 ) ) ;
#241 = CARTESIAN_POINT ( 'NONE',  ( 102.9010529235698641, 31.31044906124515848, 5.184139967371162783 ) ) ;
#242 = AXIS2_PLACEMENT_3D ( 'NONE', #1276, #2193, #177 ) ;
#243 = CARTESIAN_POINT ( 'NONE',  ( 86.22343311105353791, 21.71461182422148894, 0.9999999999999991118 ) ) ;
#244 = CARTESIAN_POINT ( 'NONE',  ( 118.9509110776611891, 45.26451062891050725, 4.999999999999999112 ) ) ;
#245 = CARTESIAN_POINT ( 'NONE',  ( 120.8324526668458248, 67.71607948405409161, 3.084313715139113565 ) ) ;
#246 = CARTESIAN_POINT ( 'NONE',  ( 57.03956928103457358, 50.51015470330000312, 0.9585595955668890777 ) ) ;
#247 = CARTESIAN_POINT ( 'NONE',  ( 88.66542054966743081, 30.76753836817703203, 6.033418247001955059 ) ) ;
#248 = EDGE_LOOP ( 'NONE', ( #1585, #2709, #443, #2061 ) ) ;
#249 = CARTESIAN_POINT ( 'NONE',  ( 79.59410233131787038, 67.47957885087137697, 6.111333586058940170 ) ) ;
#250 = DIRECTION ( 'NONE',  ( 0.000000000000000000, 0.000000000000000000, 1.000000000000000000 ) ) ;
#251 = CARTESIAN_POINT ( 'NONE',  ( 111.5239033531577348, 78.94133910091041173, 0.6746118424588781748 ) ) ;
#252 = CARTESIAN_POINT ( 'NONE',  ( 75.50376822788851428, 41.35830357163547433, 3.435820917730030732 ) ) ;
#253 = CARTESIAN_POINT ( 'NONE',  ( 125.3884856870401165, 60.72908625614959988, 0.9999999999999831246 ) ) ;
#254 = ORIENTED_EDGE ( 'NONE', *, *, #2806, .F. ) ;
#255 = CARTESIAN_POINT ( 'NONE',  ( 111.0513806647889936, 30.87218169641952059, 1.000000000000001332 ) ) ;
#256 = CARTESIAN_POINT ( 'NONE',  ( 97.89956462969175277, 31.43689525444994715, 5.531577083616065593 ) ) ;
#257 = CARTESIAN_POINT ( 'NONE',  ( 118.5641998535138129, 62.62749572685355304, 6.999999999999996447 ) ) ;
#258 = CARTESIAN_POINT ( 'NONE',  ( 77.38506484109971950, 54.93993952392347069, 6.999999999999998224 ) ) ;
#259 = CARTESIAN_POINT ( 'NONE',  ( 121.5961964619695976, 53.11538178872675786, 6.709447074155366231 ) ) ;
#260 = CARTESIAN_POINT ( 'NONE',  ( 91.80433409503226017, 31.40872167340088339, 7.036512466744548000 ) ) ;
#261 = ORIENTED_EDGE ( 'NONE', *, *, #1008, .T. ) ;
#262 = CARTESIAN_POINT ( 'NONE',  ( 82.40158052751733919, 65.66659911160135721, 7.137599679256494412 ) ) ;
#263 = CARTESIAN_POINT ( 'NONE',  ( 101.7160961481677077, 78.39939520731024913, 5.043400075644566272 ) ) ;
#264 = CARTESIAN_POINT ( 'NONE',  ( 114.1540134773956794, 65.54329039562568937, 5.980783582431548950 ) ) ;
#265 = CARTESIAN_POINT ( 'NONE',  ( 76.36843622890218342, 39.79684524924487476, 3.438935784273659646 ) ) ;
#266 = CARTESIAN_POINT ( 'NONE',  ( 99.59697562485699507, 89.07880938087056677, 1.000000000000002665 ) ) ;
#267 = EDGE_LOOP ( 'NONE', ( #2882, #2464, #36, #2434 ) ) ;
#268 = CARTESIAN_POINT ( 'NONE',  ( 120.5935994135860199, 42.74757008707304351, 0.9999999999999856781 ) ) ;
#269 = CARTESIAN_POINT ( 'NONE',  ( 98.18948234100520267, 30.34197389224364372, 4.661127522610215124 ) ) ;
#270 = CARTESIAN_POINT ( 'NONE',  ( 121.0848518972898376, 55.86364422570048305, 6.999999999999978684 ) ) ;
#271 = DIRECTION ( 'NONE',  ( 1.000000000000000000, 0.000000000000000000, 0.000000000000000000 ) ) ;
#272 = CARTESIAN_POINT ( 'NONE',  ( 80.06980802777866302, 41.11569464917366190, 7.000000000000000000 ) ) ;
#273 = CARTESIAN_POINT ( 'NONE',  ( 75.05662610115412292, 64.07956980862850571, 3.419016391451144887 ) ) ;
#274 = CARTESIAN_POINT ( 'NONE',  ( 122.1726358285947782, 59.02380453145642036, 4.660662435982787954 ) ) ;
#275 = EDGE_CURVE ( 'NONE', #1818, #1388, #1215, .T. ) ;
#276 = VERTEX_POINT ( 'NONE', #2043 ) ;
#277 = CARTESIAN_POINT ( 'NONE',  ( 87.65091764048393941, 27.06576942499287242, 3.971734604734442620 ) ) ;
#278 = CARTESIAN_POINT ( 'NONE',  ( 69.44140513550783567, 77.45573464520145990, 1.992113380460431182 ) ) ;
#279 = CARTESIAN_POINT ( 'NONE',  ( 81.24556964168085926, 81.31594392968239049, 1.000000000000000444 ) ) ;
#280 = CARTESIAN_POINT ( 'NONE',  ( 114.3960780847371410, 65.99889651920365452, 5.533242660615871777 ) ) ;
#281 = CARTESIAN_POINT ( 'NONE',  ( 78.19010551111688301, 41.30341098826001200, 4.290036148254121606 ) ) ;
#282 = CARTESIAN_POINT ( 'NONE',  ( 94.07374549689853893, 90.04563765637053052, 0.9999999999999995559 ) ) ;
#283 = CARTESIAN_POINT ( 'NONE',  ( 122.7111960729564686, 59.72436347839270354, 1.000000000000007105 ) ) ;
#284 = CARTESIAN_POINT ( 'NONE',  ( 94.84762911391911189, 31.20158465853097240, 5.051902526206632160 ) ) ;
#285 = CARTESIAN_POINT ( 'NONE',  ( 77.20523564880073764, 51.43802361637713716, 6.999999999999998224 ) ) ;
#286 = CARTESIAN_POINT ( 'NONE',  ( 78.76459873084206720, 43.94516173618035282, 6.999999999999999112 ) ) ;
#287 = CARTESIAN_POINT ( 'NONE',  ( 67.77977502358621109, 62.13515305263947397, 1.715446498662421382 ) ) ;
#288 = CARTESIAN_POINT ( 'NONE',  ( 121.1438706309613167, 54.92469202988161925, 7.256504304468835542 ) ) ;
#289 = ORIENTED_EDGE ( 'NONE', *, *, #722, .T. ) ;
#290 = CARTESIAN_POINT ( 'NONE',  ( 84.15036171738429971, 39.75814282034984615, 5.912107353088981831 ) ) ;
#291 = CARTESIAN_POINT ( 'NONE',  ( 58.68054894614900263, 67.43172982612865951, 0.9631466151539999077 ) ) ;
#292 = DIRECTION ( 'NONE',  ( 1.000000000000000000, -0.000000000000000000, 0.000000000000000000 ) ) ;
#293 = EDGE_CURVE ( 'NONE', #1788, #5, #1168, .T. ) ;
#294 = CARTESIAN_POINT ( 'NONE',  ( 111.1607055340127914, 72.37118891671217114, 3.717869930675460566 ) ) ;
#295 = CARTESIAN_POINT ( 'NONE',  ( 80.72679411124639159, 41.49393775511274640, 5.145196479717343507 ) ) ;
#296 = CARTESIAN_POINT ( 'NONE',  ( 124.7773842921903906, 64.03823310433902805, 0.9999999999999829026 ) ) ;
#297 = ADVANCED_BREP_SHAPE_REPRESENTATION ( 'vacum and dustbin clip3', ( #804, #1486 ), #1572 ) ;
#298 = CARTESIAN_POINT ( 'NONE',  ( 86.89831666075313876, 66.25934599700680394, 5.944514207360993119 ) ) ;
#299 = CARTESIAN_POINT ( 'NONE',  ( 122.8541491486621737, 51.08533237329900345, 0.9999999999999900080 ) ) ;
#300 = CARTESIAN_POINT ( 'NONE',  ( 95.72735830751220476, 32.26058980033336354, 5.934389408265458243 ) ) ;
#301 = CARTESIAN_POINT ( 'NONE',  ( 119.4541403676348068, 57.71587641757847820, 5.147749027642350761 ) ) ;
#302 = CARTESIAN_POINT ( 'NONE',  ( 80.52929551560285404, 62.42618276789544041, 5.123762703691683740 ) ) ;
#303 = CARTESIAN_POINT ( 'NONE',  ( 120.7976723993143366, 56.50598885779249514, 7.302544762771089104 ) ) ;
#304 = ORIENTED_EDGE ( 'NONE', *, *, #698, .T. ) ;
#305 = CARTESIAN_POINT ( 'NONE',  ( 101.9451198824936142, 29.58552543663754619, 6.430740257462140619 ) ) ;
#306 = CARTESIAN_POINT ( 'NONE',  ( 115.3914729769041259, 36.46185108283733456, 6.632071222242736042 ) ) ;
#307 = CARTESIAN_POINT ( 'NONE',  ( 77.45372033190601258, 23.98779194184311336, 0.9094443444612014815 ) ) ;
#308 = CARTESIAN_POINT ( 'NONE',  ( 55.70129454199134500, 55.00000000000541434, 105.0824566729764769 ) ) ;
#309 = CARTESIAN_POINT ( 'NONE',  ( 115.2259359695659668, 66.75814609151268542, 4.660219144052562434 ) ) ;
#310 = B_SPLINE_CURVE_WITH_KNOTS ( 'NONE', 3,
 ( #40, #911, #1017, #319, #2555, #781, #2350, #794, #1211, #2796, #1674, #1910, #2573, #551, #115, #2363, #2810, #1687, #1031, #2779, #565, #2102, #2128, #98, #2117, #2585, #1456, #1442, #2599, #128, #765, #988 ),
 .UNSPECIFIED., .F., .F.,
 ( 4, 2, 2, 2, 2, 2, 2, 2, 2, 2, 2, 2, 2, 2, 2, 4 ),
 ( 0.09532028306554762853, 0.09950331705726618570, 0.1005490755551957938, 0.1015948340531254018, 0.1036863510489846180, 0.1057778680448438341, 0.1068236265427734144, 0.1078693850407030086, 0.1120524190324213576, 0.1141439360282805460, 0.1151896945262101679, 0.1162354530241397760, 0.1204184870158582776, 0.1225100040117175215, 0.1246015210075767654, 0.1287845549992953087 ),
 .UNSPECIFIED. ) ;
#311 = CARTESIAN_POINT ( 'NONE',  ( 80.01407930461355988, 42.80693823627586880, 5.141636396124050989 ) ) ;
#312 = AXIS2_PLACEMENT_3D ( 'NONE', #1796, #250, #32 ) ;
#313 = CARTESIAN_POINT ( 'NONE',  ( 99.58604514514105688, 28.71860480948497241, 5.910232903671143845 ) ) ;
#314 = ADVANCED_FACE ( 'NONE', ( #1851 ), #723, .F. ) ;
#315 = CIRCLE ( 'NONE', #2604, 15.00000000000000000 ) ;
#316 = CARTESIAN_POINT ( 'NONE',  ( 80.63010179348525241, 54.72551755689607234, 5.946727470935758930 ) ) ;
#317 = CARTESIAN_POINT ( 'NONE',  ( 97.28262832649987502, 83.89005710173594821, 0.9999999999999997780 ) ) ;
#318 = CARTESIAN_POINT ( 'NONE',  ( 96.80595872163702609, 31.49835507581506988, 5.513322748391036754 ) ) ;
#319 = CARTESIAN_POINT ( 'NONE',  ( 102.2187179050586110, 73.79094414276514158, 6.999999999999995559 ) ) ;
#320 = SURFACE_SIDE_STYLE ('',( #2058 ) ) ;
#321 = CARTESIAN_POINT ( 'NONE',  ( 63.77854756789835733, 52.15234331028830184, 0.8677723612713362789 ) ) ;
#322 = CARTESIAN_POINT ( 'NONE',  ( 122.3431049330708049, 55.53329590205618871, 5.161968564419832539 ) ) ;
#323 = ORIENTED_EDGE ( 'NONE', *, *, #2335, .F. ) ;
#324 = CARTESIAN_POINT ( 'NONE',  ( 105.2523733248245179, 29.68257164746804833, 5.817989600074199075 ) ) ;
#325 = CARTESIAN_POINT ( 'NONE',  ( 118.6793828043308707, 39.50548376426134922, 5.035219033471006966 ) ) ;
#326 = CARTESIAN_POINT ( 'NONE',  ( 83.72914690291158024, 28.54536933764644502, 3.991983691816175739 ) ) ;
#327 = CARTESIAN_POINT ( 'NONE',  ( 69.92354898230762217, 37.12872724951418490, 1.000000000000000666 ) ) ;
#328 = CARTESIAN_POINT ( 'NONE',  ( 118.7007128812998360, 68.69908308257762997, 1.621784067039830690 ) ) ;
#329 = CARTESIAN_POINT ( 'NONE',  ( 97.81725070313100900, 30.14448850918306988, 7.057629606759044272 ) ) ;
#330 = LINE ( 'NONE', #112, #2088 ) ;
#331 = CARTESIAN_POINT ( 'NONE',  ( 93.83038125372522131, 30.70381649911378119, 4.606471842642314130 ) ) ;
#332 = CARTESIAN_POINT ( 'NONE',  ( 105.9881733230125036, 76.17622241677108264, 5.474560670856920552 ) ) ;
#333 = CARTESIAN_POINT ( 'NONE',  ( 60.58893379066667961, 55.15951471132751749, 1.000000000000000000 ) ) ;
#334 = FACE_OUTER_BOUND ( 'NONE', #267, .T. ) ;
#335 = CARTESIAN_POINT ( 'NONE',  ( 67.20357930309133110, 59.85580815180483683, 1.715943610950940279 ) ) ;
#336 = CARTESIAN_POINT ( 'NONE',  ( 123.9069856634828284, 51.27421275733505723, 2.917331534548195382 ) ) ;
#337 = AXIS2_PLACEMENT_3D ( 'NONE', #2811, #129, #1255 ) ;
#338 = CARTESIAN_POINT ( 'NONE',  ( 116.1919001819434811, 36.33558617224673526, 5.070373023956627812 ) ) ;
#339 = CARTESIAN_POINT ( 'NONE',  ( 81.87308362723065613, 38.89063045304200728, 7.109561795878514445 ) ) ;
#340 = LINE ( 'NONE', #1234, #2602 ) ;
#341 = CARTESIAN_POINT ( 'NONE',  ( 120.2891054236075234, 56.16240974517256745, 4.431456243290321950 ) ) ;
#342 = CARTESIAN_POINT ( 'NONE',  ( 96.09494206157022234, 27.19994231168147891, 4.821754707585275135 ) ) ;
#343 = APPLICATION_PROTOCOL_DEFINITION ( 'draft international standard', 'automotive_design', 1998, #1041 ) ;
#344 = CARTESIAN_POINT ( 'NONE',  ( 106.6260919603301573, 72.70328707341545282, 6.999999999999973355 ) ) ;
#345 = CARTESIAN_POINT ( 'NONE',  ( 93.76407147403740794, 28.68700833823837471, 3.308124119302795041 ) ) ;
#346 = CARTESIAN_POINT ( 'NONE',  ( 101.3359533267358188, 88.72542304125373391, 0.9421691184300776678 ) ) ;
#347 = CARTESIAN_POINT ( 'NONE',  ( 78.76458480740453183, 43.96559952297486262, 6.999999999999999112 ) ) ;
#348 = CARTESIAN_POINT ( 'NONE',  ( 107.3927162228758618, 31.43952873488431266, 7.000000000000006217 ) ) ;
#349 = CARTESIAN_POINT ( 'NONE',  ( 97.14846050365193264, 71.05317241918294258, 6.004471155009961869 ) ) ;
#350 = CARTESIAN_POINT ( 'NONE',  ( 120.8483571046945855, 45.88667488867955058, 6.583373709451040057 ) ) ;
#351 = CARTESIAN_POINT ( 'NONE',  ( 117.6468646544588950, 39.28502398048190969, 6.585069642372074483 ) ) ;
#352 = CARTESIAN_POINT ( 'NONE',  ( 84.53198948566137005, 35.91417422762856404, 7.094320488057711316 ) ) ;
#353 = CARTESIAN_POINT ( 'NONE',  ( 83.16999351935622542, 27.04188301264566618, 1.000000000000000000 ) ) ;
#354 = CARTESIAN_POINT ( 'NONE',  ( 116.1592172576858104, 68.32882767463382834, 3.346682118487537050 ) ) ;
#355 = CARTESIAN_POINT ( 'NONE',  ( 94.72735528748900435, 28.99161467159391492, 5.968816767862946904 ) ) ;
#356 = FILL_AREA_STYLE ('',( #2552 ) ) ;
#357 = CARTESIAN_POINT ( 'NONE',  ( 104.1250434104406821, 75.58090937612008986, 6.018169403645003968 ) ) ;
#358 = CARTESIAN_POINT ( 'NONE',  ( 92.49599137183395214, 55.15951471132751749, 1.000000000000000000 ) ) ;
#359 = CARTESIAN_POINT ( 'NONE',  ( 96.26995044736187879, 89.84694350223904280, 0.9524373867760045353 ) ) ;
#360 = DIRECTION ( 'NONE',  ( 0.000000000000000000, 1.000000000000000000, -0.000000000000000000 ) ) ;
#361 = CARTESIAN_POINT ( 'NONE',  ( 111.2777863304006445, 33.40666186099546309, 7.000000000000005329 ) ) ;
#362 = CARTESIAN_POINT ( 'NONE',  ( 85.34671998310565755, 77.67079745033136362, 2.575003764222137725 ) ) ;
#363 = CARTESIAN_POINT ( 'NONE',  ( 122.2631817391481093, 49.28551767008278262, 5.073882833524289815 ) ) ;
#364 = CIRCLE ( 'NONE', #1762, 20.00000000000000355 ) ;
#365 = CARTESIAN_POINT ( 'NONE',  ( 117.5853755137062251, 36.99104876021410604, 3.978101453126189568 ) ) ;
#366 = CARTESIAN_POINT ( 'NONE',  ( 75.95135884458308340, 43.93728683791219680, 6.098988626929311430 ) ) ;
#367 = CARTESIAN_POINT ( 'NONE',  ( 91.13342727605426319, 25.22827816554623581, 0.9999999999999993339 ) ) ;
#368 = CARTESIAN_POINT ( 'NONE',  ( 116.6804004249352289, 65.68195315289170821, 4.246144642540939707 ) ) ;
#369 = CARTESIAN_POINT ( 'NONE',  ( 102.2286504199695827, 22.77695325965826711, 0.7992781111793908488 ) ) ;
#370 = CARTESIAN_POINT ( 'NONE',  ( 129.2987054580080439, 55.00000000000542144, 105.0824566729764769 ) ) ;
#371 = CARTESIAN_POINT ( 'NONE',  ( 91.76908957896552010, 29.73844820171516901, 3.723024303471540453 ) ) ;
#372 = CARTESIAN_POINT ( 'NONE',  ( 102.3224337457339033, 79.94958322680504637, 4.353150514099386470 ) ) ;
#373 = DIRECTION ( 'NONE',  ( 0.000000000000000000, 0.000000000000000000, 1.000000000000000000 ) ) ;
#374 = CARTESIAN_POINT ( 'NONE',  ( 82.24031004640781362, 76.07597436820287840, 2.571987517694291014 ) ) ;
#375 = CARTESIAN_POINT ( 'NONE',  ( 71.67510959408620863, 83.98835640617380704, 0.9999999999999981126 ) ) ;
#376 = CARTESIAN_POINT ( 'NONE',  ( 113.8274185867728647, 34.97187557345957742, 2.698057224232909057 ) ) ;
#377 = CARTESIAN_POINT ( 'NONE',  ( 119.0398344531010792, 36.10886951675450263, 1.771587853082636776 ) ) ;
#378 = CARTESIAN_POINT ( 'NONE',  ( 65.80655910939061926, 37.09640276525043845, 1.976418390475478626 ) ) ;
#379 = CARTESIAN_POINT ( 'NONE',  ( 89.20819854680625838, 25.39134233794667850, 0.9999999999999995559 ) ) ;
#380 = CARTESIAN_POINT ( 'NONE',  ( 119.4847972363100439, 58.46369741239917062, 4.834518494169799396 ) ) ;
#381 = CARTESIAN_POINT ( 'NONE',  ( 93.64918752649879252, 26.49281043453630602, 4.274800363443414852 ) ) ;
#382 = EDGE_CURVE ( 'NONE', #1367, #467, #54, .T. ) ;
#383 = FACE_OUTER_BOUND ( 'NONE', #21, .T. ) ;
#384 = DIRECTION ( 'NONE',  ( 0.000000000000000000, 0.000000000000000000, 1.000000000000000000 ) ) ;
#385 = CARTESIAN_POINT ( 'NONE',  ( 107.3649465134369478, 78.14751676114380530, 4.332613121733917438 ) ) ;
#386 = CARTESIAN_POINT ( 'NONE',  ( 102.9109453519696018, 71.02711672994581704, 6.030470262633265577 ) ) ;
#387 = DIRECTION ( 'NONE',  ( 1.000000000000000000, 0.000000000000000000, 0.000000000000000000 ) ) ;
#388 = CARTESIAN_POINT ( 'NONE',  ( 75.05611088075561099, 69.60281470803629134, 2.567398101462497806 ) ) ;
#389 = CARTESIAN_POINT ( 'NONE',  ( 57.18358146644436601, 60.18197871247134856, 0.9999999999999991118 ) ) ;
#390 = CARTESIAN_POINT ( 'NONE',  ( 116.6401245095386230, 40.07603987585380168, 4.581222167593382188 ) ) ;
#391 = CARTESIAN_POINT ( 'NONE',  ( 111.3587358658177493, 33.24687678747668684, 6.744096813129229595 ) ) ;
#392 = CARTESIAN_POINT ( 'NONE',  ( 74.55360342451633926, 49.25206040758335035, 6.105780326778622147 ) ) ;
#393 = CARTESIAN_POINT ( 'NONE',  ( 102.3207122365089674, 31.52224166347414425, 5.527852476191897679 ) ) ;
#394 = CARTESIAN_POINT ( 'NONE',  ( 119.6190178725731670, 45.71227757386279222, 4.120048373161186994 ) ) ;
#395 = CARTESIAN_POINT ( 'NONE',  ( 92.49599137183395214, 55.15951471132751749, 1.000000000000000000 ) ) ;
#396 = CARTESIAN_POINT ( 'NONE',  ( 95.76114985663964774, 73.47008819094889986, 7.116375397271243131 ) ) ;
#397 = CARTESIAN_POINT ( 'NONE',  ( 108.4332712197225135, 72.27445174005218576, 4.567862370527239868 ) ) ;
#398 = CARTESIAN_POINT ( 'NONE',  ( 86.03569156611945346, 33.33074728945882725, 4.329149866230848964 ) ) ;
#399 = EDGE_CURVE ( 'NONE', #276, #994, #1073, .T. ) ;
#400 = CARTESIAN_POINT ( 'NONE',  ( 114.7816944152989578, 69.58763693003241713, 5.958114438987700545 ) ) ;
#401 = CARTESIAN_POINT ( 'NONE',  ( 95.45628608611315258, 79.77478108495888875, 2.590186463389431371 ) ) ;
#402 = CARTESIAN_POINT ( 'NONE',  ( 73.05453375884073353, 72.01059575687763470, 1.716070950662454075 ) ) ;
#403 = DIRECTION ( 'NONE',  ( 1.000000000000000000, 0.000000000000000000, 0.000000000000000000 ) ) ;
#404 = CARTESIAN_POINT ( 'NONE',  ( 112.3357584128765296, 34.86787770929598196, 4.036381666984202532 ) ) ;
#405 = CARTESIAN_POINT ( 'NONE',  ( 110.5955077120123775, 32.50932317493020207, 6.242039277740680348 ) ) ;
#406 = CARTESIAN_POINT ( 'NONE',  ( 61.03455945974808827, 48.82241440748857286, 1.987770189899985773 ) ) ;
#407 = CARTESIAN_POINT ( 'NONE',  ( 109.3087045630823866, 33.58533730299107845, 5.000000000000007105 ) ) ;
#408 = CARTESIAN_POINT ( 'NONE',  ( 122.3255768351441617, 62.51535243400834219, 0.8255027125920302300 ) ) ;
#409 = CARTESIAN_POINT ( 'NONE',  ( 90.91785879189353636, 23.03605592323201634, 2.013143720452285734 ) ) ;
#410 = CARTESIAN_POINT ( 'NONE',  ( 100.7463102064661626, 73.71452985839690086, 7.099867747265953710 ) ) ;
#411 = CARTESIAN_POINT ( 'NONE',  ( 102.6599550219773533, 76.30077272180210457, 3.665409411681417762 ) ) ;
#412 = CARTESIAN_POINT ( 'NONE',  ( 80.93692608824657952, 29.85730480744654969, 1.765057727341373894 ) ) ;
#413 = CARTESIAN_POINT ( 'NONE',  ( 113.3869292617145703, 73.15251617052426525, 4.857351043394768197 ) ) ;
#414 = CARTESIAN_POINT ( 'NONE',  ( 87.65102391841973883, 83.83179840965290452, 0.8781705865119376897 ) ) ;
#415 = CARTESIAN_POINT ( 'NONE',  ( 108.6494444999467675, 29.27018365935856536, 0.9999999999999986677 ) ) ;
#416 = CARTESIAN_POINT ( 'NONE',  ( 107.8619183253007492, 30.60011648721885180, 2.607229624393486489 ) ) ;
#417 = AXIS2_PLACEMENT_3D ( 'NONE', #1208, #2100, #2733 ) ;
#418 = CARTESIAN_POINT ( 'NONE',  ( 107.8839555338271481, 71.92110060345902411, 7.159391060754253466 ) ) ;
#419 = EDGE_CURVE ( 'NONE', #539, #1353, #1165, .T. ) ;
#420 = CARTESIAN_POINT ( 'NONE',  ( 120.3992296096898542, 45.50454577803299117, 2.742732150567249505 ) ) ;
#421 = CARTESIAN_POINT ( 'NONE',  ( 108.4976108756385145, 31.75568373480770745, 6.824999886817143313 ) ) ;
#422 = CARTESIAN_POINT ( 'NONE',  ( 77.59408688160300471, 50.63800057009285638, 7.133789717963794352 ) ) ;
#423 = CARTESIAN_POINT ( 'NONE',  ( 123.0619523504935842, 52.67079985468522096, 0.9183527048318069763 ) ) ;
#424 = CARTESIAN_POINT ( 'NONE',  ( 92.49599137183395214, 55.15951471132751749, 0.000000000000000000 ) ) ;
#425 = CARTESIAN_POINT ( 'NONE',  ( 99.58670733248487750, 73.78064586444827455, 7.104477326829432116 ) ) ;
#426 = CARTESIAN_POINT ( 'NONE',  ( 111.8410155548863685, 68.37325390802128311, 5.482464161993605423 ) ) ;
#427 = CARTESIAN_POINT ( 'NONE',  ( 88.65328585737164246, 33.73447862377177842, 5.194127222805371424 ) ) ;
#428 = CARTESIAN_POINT ( 'NONE',  ( 114.0787811145300878, 71.36954488003794950, 5.412534614290377633 ) ) ;
#429 = CARTESIAN_POINT ( 'NONE',  ( 104.2119558141543081, 74.41271010875804848, 4.322772926493287926 ) ) ;
#430 = CARTESIAN_POINT ( 'NONE',  ( 109.4648024407229343, 29.77600126738996167, 1.000000000000001332 ) ) ;
#431 = CARTESIAN_POINT ( 'NONE',  ( 104.5614779995149206, 31.31145160469744937, 4.773393823517301904 ) ) ;
#432 = CARTESIAN_POINT ( 'NONE',  ( 98.46823057419872782, 83.52353105384204923, 3.227792525807710255 ) ) ;
#433 = CARTESIAN_POINT ( 'NONE',  ( 111.8405114829175062, 34.83553394199674358, 4.485070291718038504 ) ) ;
#434 = CARTESIAN_POINT ( 'NONE',  ( 75.77349399827855336, 60.76382990646663984, 6.111901427876109238 ) ) ;
#435 = CARTESIAN_POINT ( 'NONE',  ( 120.2411698579981447, 53.31329723986110025, 4.947017545915588954 ) ) ;
#436 = DIRECTION ( 'NONE',  ( -0.000000000000000000, -0.000000000000000000, -1.000000000000000000 ) ) ;
#437 = EDGE_LOOP ( 'NONE', ( #1872, #880 ) ) ;
#438 = CARTESIAN_POINT ( 'NONE',  ( 97.05638135269279587, 73.61452687869194733, 7.112593608090405084 ) ) ;
#439 = CARTESIAN_POINT ( 'NONE',  ( 108.2068520824940663, 75.12554879060033386, 3.260482591495407867 ) ) ;
#440 = CARTESIAN_POINT ( 'NONE',  ( 87.68467491490305576, 27.24234513481047415, 1.797406459534930168 ) ) ;
#441 = CARTESIAN_POINT ( 'NONE',  ( 117.3684972700160074, 65.50308866616747139, 6.458742476995884552 ) ) ;
#442 = CARTESIAN_POINT ( 'NONE',  ( 95.30227872132763878, 77.45038067581542407, 3.442123072129640970 ) ) ;
#443 = ORIENTED_EDGE ( 'NONE', *, *, #1050, .F. ) ;
#444 = DIRECTION ( 'NONE',  ( 0.000000000000000000, 0.000000000000000000, 1.000000000000000000 ) ) ;
#445 = CARTESIAN_POINT ( 'NONE',  ( 110.0181183757664485, 32.71152274398394866, 3.537879847829651148 ) ) ;
#446 = CARTESIAN_POINT ( 'NONE',  ( 57.12542941130910634, 51.78871791043383865, 1.000000000000000666 ) ) ;
#447 = B_SPLINE_CURVE_WITH_KNOTS ( 'NONE', 3,
 ( #954, #2319, #493, #2057, #2290, #941, #258, #2498, #2526, #285, #1180, #82, #2704, #1836, #1589, #2071, #1426, #67 ),
 .UNSPECIFIED., .F., .F.,
 ( 4, 2, 2, 2, 2, 2, 2, 2, 4 ),
 ( 0.1287845549992953087, 0.1308713426739250008, 0.1329581303485546928, 0.1350449180231843571, 0.1371317056978140492, 0.1392184933724437412, 0.1413052810470734055, 0.1433920687217030976, 0.1454788563963327896 ),
 .UNSPECIFIED. ) ;
#448 = CARTESIAN_POINT ( 'NONE',  ( 81.40792568469910861, 57.85695380986400949, 5.948033621279240180 ) ) ;
#449 = CIRCLE ( 'NONE', #2322, 15.00000000000000000 ) ;
#450 = COLOUR_RGB ( '',0.7921568627450980005, 0.8196078431372548767, 0.9333333333333333481 ) ;
#451 = CARTESIAN_POINT ( 'NONE',  ( 72.67045735266260920, 62.46065779404460017, 5.082872634159548930 ) ) ;
#452 = CARTESIAN_POINT ( 'NONE',  ( 117.3291798315051722, 42.59034732185390482, 6.535315492005008053 ) ) ;
#453 = CARTESIAN_POINT ( 'NONE',  ( 90.89396617861726213, 22.82592065910963086, 1.886620056453151006 ) ) ;
#454 = ORIENTED_EDGE ( 'NONE', *, *, #1954, .T. ) ;
#455 = CARTESIAN_POINT ( 'NONE',  ( 66.58584484612742926, 66.82983956624865129, 3.023821494546955257 ) ) ;
#456 = CARTESIAN_POINT ( 'NONE',  ( 91.34956873479988815, 81.32457197999126208, 4.035663460201267760 ) ) ;
#457 = CARTESIAN_POINT ( 'NONE',  ( 98.66270710399626864, 82.43177202986268526, 1.490270582636323615 ) ) ;
#458 = CARTESIAN_POINT ( 'NONE',  ( 85.26002214332082474, 31.74249449890425367, 3.478233573372465415 ) ) ;
#459 = CARTESIAN_POINT ( 'NONE',  ( 116.8456010737327375, 32.53678129290888421, 0.9999999999999993339 ) ) ;
#460 = ORIENTED_EDGE ( 'NONE', *, *, #1177, .T. ) ;
#461 = ORIENTED_EDGE ( 'NONE', *, *, #1312, .F. ) ;
#462 = CARTESIAN_POINT ( 'NONE',  ( 104.7860709980220975, 32.59652869589763213, 6.138017332399607895 ) ) ;
#463 = CARTESIAN_POINT ( 'NONE',  ( 106.6260919603301573, 72.70328707341545282, 6.999999999999973355 ) ) ;
#464 = CARTESIAN_POINT ( 'NONE',  ( 106.9511464987732694, 70.39096415336065604, 5.852626067384725239 ) ) ;
#465 = CARTESIAN_POINT ( 'NONE',  ( 67.48301419517125055, 53.21245890714283178, 4.050149250367629072 ) ) ;
#466 = CARTESIAN_POINT ( 'NONE',  ( 89.30467123842710464, 28.50474878521652045, 4.995633997355581890 ) ) ;
#467 = VERTEX_POINT ( 'NONE', #1410 ) ;
#468 = CARTESIAN_POINT ( 'NONE',  ( 70.25828733332329534, 72.90716292138678511, 3.023171689562229592 ) ) ;
#469 = CARTESIAN_POINT ( 'NONE',  ( 104.2416895872984810, 75.44421595148045867, 6.065601548834831824 ) ) ;
#470 = CARTESIAN_POINT ( 'NONE',  ( 116.4019082567017307, 64.22097212683557643, 5.142308261156891547 ) ) ;
#471 = CARTESIAN_POINT ( 'NONE',  ( 73.91100673796670151, 44.64545222754589560, 3.430048874882453358 ) ) ;
#472 = CARTESIAN_POINT ( 'NONE',  ( 92.98264093847264178, 21.31121147277354666, 1.000000000000000888 ) ) ;
#473 = EDGE_CURVE ( 'NONE', #14, #1788, #447, .T. ) ;
#474 = EDGE_LOOP ( 'NONE', ( #1650, #289, #2502, #254 ) ) ;
#475 = CARTESIAN_POINT ( 'NONE',  ( 104.3772098730436966, 27.11146469826093508, 0.9999999999999986677 ) ) ;
#476 = CARTESIAN_POINT ( 'NONE',  ( 96.08952863062243921, 28.55884234463839633, 3.330449294951202344 ) ) ;
#477 = CARTESIAN_POINT ( 'NONE',  ( 111.7869650878504189, 70.06428187762794835, 6.999999999999989342 ) ) ;
#478 = CARTESIAN_POINT ( 'NONE',  ( 116.0173921198872904, 63.98043608336562471, 5.591081256034772906 ) ) ;
#479 = CARTESIAN_POINT ( 'NONE',  ( 88.44993456501096318, 67.55357213511044279, 5.942273496003690703 ) ) ;
#480 = CARTESIAN_POINT ( 'NONE',  ( 122.0514124331986068, 71.64686857407265563, 0.8234775737366814008 ) ) ;
#481 = LINE ( 'NONE', #961, #1887 ) ;
#482 = EDGE_LOOP ( 'NONE', ( #922, #2784 ) ) ;
#483 = CARTESIAN_POINT ( 'NONE',  ( 86.09520412015289992, 69.26604561196683107, 7.134095082688475919 ) ) ;
#484 = CARTESIAN_POINT ( 'NONE',  ( 94.10656111991434614, 84.46812480788939581, 3.001251156923006924 ) ) ;
#485 = CARTESIAN_POINT ( 'NONE',  ( 106.8378849880903942, 81.90064875951527767, 0.6516176286987320765 ) ) ;
#486 = CARTESIAN_POINT ( 'NONE',  ( 75.69177030590020649, 36.84844621679016541, 2.591525661226204313 ) ) ;
#487 = CARTESIAN_POINT ( 'NONE',  ( 105.9858949482335504, 86.79675076408082646, 0.9999999999999983347 ) ) ;
#488 = ORIENTED_EDGE ( 'NONE', *, *, #473, .F. ) ;
#489 = EDGE_CURVE ( 'NONE', #1782, #2294, #972, .T. ) ;
#490 = CARTESIAN_POINT ( 'NONE',  ( 116.0020901646132643, 73.87633860851354939, 1.000000000000000222 ) ) ;
#491 = CARTESIAN_POINT ( 'NONE',  ( 100.7225136545912534, 26.79047660644573270, 1.641440807647158273 ) ) ;
#492 = CARTESIAN_POINT ( 'NONE',  ( 61.23340552859882990, 39.01006418780261953, 0.9999999999999993339 ) ) ;
#493 = CARTESIAN_POINT ( 'NONE',  ( 78.32396874348135896, 59.01056718791456035, 7.000000000000000888 ) ) ;
#494 = CARTESIAN_POINT ( 'NONE',  ( 78.27895987488430762, 63.97931021043486055, 4.271292743385626700 ) ) ;
#495 = CARTESIAN_POINT ( 'NONE',  ( 120.9147071321071110, 62.94574467433539411, 4.721259017006028458 ) ) ;
#496 = EDGE_LOOP ( 'NONE', ( #1216, #1381, #2509, #2017 ) ) ;
#497 = CARTESIAN_POINT ( 'NONE',  ( 90.06628043432256447, 32.13292454693170441, 7.053244961478225328 ) ) ;
#498 = CARTESIAN_POINT ( 'NONE',  ( 63.71092221228756358, 69.50816166287322062, 1.993654734626465252 ) ) ;
#499 = CARTESIAN_POINT ( 'NONE',  ( 96.82249941612089117, 81.61303818719338210, 4.025694016393435604 ) ) ;
#500 = CARTESIAN_POINT ( 'NONE',  ( 114.2940016129732328, 67.81208658179066617, 4.641580355153353210 ) ) ;
#501 = CARTESIAN_POINT ( 'NONE',  ( 69.61341668761745893, 37.01454801173000675, 0.8836877670454464928 ) ) ;
#502 = CARTESIAN_POINT ( 'NONE',  ( 96.05555422753971584, 84.28872977199208094, 0.8912867330689585588 ) ) ;
#503 = EDGE_LOOP ( 'NONE', ( #1430, #103, #2715, #2686 ) ) ;
#504 = CARTESIAN_POINT ( 'NONE',  ( 117.9911224224896529, 38.14686963751650950, 1.000000000000004663 ) ) ;
#505 = CARTESIAN_POINT ( 'NONE',  ( 97.54359433826601844, 27.40328817196489908, 2.477417397317284831 ) ) ;
#506 = AXIS2_PLACEMENT_3D ( 'NONE', #2393, #1482, #2380 ) ;
#507 = CARTESIAN_POINT ( 'NONE',  ( 91.79838064145933174, 31.34751662663726890, 6.999999999999997335 ) ) ;
#508 =( NAMED_UNIT ( * ) PLANE_ANGLE_UNIT ( ) SI_UNIT ( $, .RADIAN. ) );
#509 = CARTESIAN_POINT ( 'NONE',  ( 82.18615160889079618, 59.55331496445005968, 5.979093612779993627 ) ) ;
#510 = CARTESIAN_POINT ( 'NONE',  ( 119.5574554312997861, 63.04332214548313829, 5.842408901010665012 ) ) ;
#511 = EDGE_CURVE ( 'NONE', #1388, #512, #687, .T. ) ;
#512 = VERTEX_POINT ( 'NONE', #25 ) ;
#513 = CARTESIAN_POINT ( 'NONE',  ( 90.95205157407892216, 31.73459394888485008, 7.045129635198631668 ) ) ;
#514 = CARTESIAN_POINT ( 'NONE',  ( 78.17361232242815561, 71.07612037910061531, 5.081240668181993492 ) ) ;
#515 = CARTESIAN_POINT ( 'NONE',  ( 98.05038618997012634, 81.51652123914614378, 4.022819064861018923 ) ) ;
#516 = CARTESIAN_POINT ( 'NONE',  ( 111.9135861335570610, 74.61906050360235554, 2.413196264716527484 ) ) ;
#517 = CARTESIAN_POINT ( 'NONE',  ( 70.99965034079887971, 45.28574091798163437, 2.576527898934978467 ) ) ;
#518 = CARTESIAN_POINT ( 'NONE',  ( 121.4398162808404180, 72.42266818705371634, 1.000000000000023981 ) ) ;
#519 = CARTESIAN_POINT ( 'NONE',  ( 110.6456599470740798, 78.75557696036699440, 1.000000000000005551 ) ) ;
#520 = CARTESIAN_POINT ( 'NONE',  ( 101.1206020802658543, 25.77396477388408869, 0.7767005764596115469 ) ) ;
#521 = DIRECTION ( 'NONE',  ( 0.000000000000000000, 0.000000000000000000, 1.000000000000000000 ) ) ;
#522 = CARTESIAN_POINT ( 'NONE',  ( 77.34197894714154131, 62.35731938212465764, 4.271029122109833764 ) ) ;
#523 = CARTESIAN_POINT ( 'NONE',  ( 119.1025636955135667, 62.88910731141366028, 6.405327557059880661 ) ) ;
#524 = EDGE_CURVE ( 'NONE', #681, #14, #310, .T. ) ;
#525 = ORIENTED_EDGE ( 'NONE', *, *, #1117, .T. ) ;
#526 = CARTESIAN_POINT ( 'NONE',  ( 101.5282424155395375, 30.11069570759648428, 6.991841048582315921 ) ) ;
#527 = CARTESIAN_POINT ( 'NONE',  ( 123.5685271082149796, 45.37201323842387524, 1.768954791638477131 ) ) ;
#528 = CARTESIAN_POINT ( 'NONE',  ( 85.76146474295305211, 25.54717498101859974, 2.947716742412807456 ) ) ;
#529 = CARTESIAN_POINT ( 'NONE',  ( 92.69598220530416199, 84.40562767469519656, 3.003410066739571782 ) ) ;
#530 = CARTESIAN_POINT ( 'NONE',  ( 112.3646535691572836, 76.23582736636687684, 1.547834100119838796 ) ) ;
#531 = CARTESIAN_POINT ( 'NONE',  ( 72.72747268328799919, 36.78053668979085700, 1.737332795098694538 ) ) ;
#532 = CARTESIAN_POINT ( 'NONE',  ( 81.16656674868605137, 57.08695360669512553, 5.947730867165249791 ) ) ;
#533 = CARTESIAN_POINT ( 'NONE',  ( 100.1397556726904128, 83.39896191366459277, 1.000000000000001554 ) ) ;
#534 = CARTESIAN_POINT ( 'NONE',  ( 100.3845396610533811, 30.93134303827319087, 5.134220280045438400 ) ) ;
#535 = CARTESIAN_POINT ( 'NONE',  ( 107.7118756773121078, 70.09132584173715941, 5.842611364000162233 ) ) ;
#536 = CYLINDRICAL_SURFACE ( 'NONE', #2516, 31.90705758116726898 ) ;
#537 = CARTESIAN_POINT ( 'NONE',  ( 71.83429232742393822, 64.17982940682213666, 2.566740039516663074 ) ) ;
#538 = CARTESIAN_POINT ( 'NONE',  ( 114.1746090782476273, 81.71813989281660895, 0.8954657476570615504 ) ) ;
#539 = VERTEX_POINT ( 'NONE', #1004 ) ;
#540 = CARTESIAN_POINT ( 'NONE',  ( 102.3599621062802072, 30.66241428044727613, 7.520413304942936250 ) ) ;
#541 = CARTESIAN_POINT ( 'NONE',  ( 124.8377086438293304, 50.57963186513526921, 1.791393525794830799 ) ) ;
#542 = CARTESIAN_POINT ( 'NONE',  ( 81.25211322634828548, 35.81188972993869157, 6.076412655717178701 ) ) ;
#543 = CARTESIAN_POINT ( 'NONE',  ( 70.50472741645813812, 36.36275769652687728, 0.9999999999999997780 ) ) ;
#544 = CARTESIAN_POINT ( 'NONE',  ( 120.6897079236770907, 67.01850234901125702, 0.7810411246704694888 ) ) ;
#545 = CARTESIAN_POINT ( 'NONE',  ( 104.3921955598198252, 26.41956842204895395, 3.041532928755540155 ) ) ;
#546 =( NAMED_UNIT ( * ) PLANE_ANGLE_UNIT ( ) SI_UNIT ( $, .RADIAN. ) );
#547 = VECTOR ( 'NONE', #1251, 1000.000000000000000 ) ;
#548 = DIRECTION ( 'NONE',  ( 0.000000000000000000, 0.000000000000000000, 1.000000000000000000 ) ) ;
#549 = FACE_OUTER_BOUND ( 'NONE', #2544, .T. ) ;
#550 = CARTESIAN_POINT ( 'NONE',  ( 114.3922207028032005, 66.92023667776514628, 7.620365383368354451 ) ) ;
#551 = CARTESIAN_POINT ( 'NONE',  ( 94.90158029264068773, 73.58507619669381938, 6.999999999999999112 ) ) ;
#552 = CARTESIAN_POINT ( 'NONE',  ( 91.06961856547376044, 31.61080280479239946, 7.000000000000000000 ) ) ;
#553 = CARTESIAN_POINT ( 'NONE',  ( 66.92209957807158105, 57.54083175989562449, 1.716698993500700654 ) ) ;
#554 = CARTESIAN_POINT ( 'NONE',  ( 126.0612481084563399, 58.16313263820330803, 0.7186761332667486180 ) ) ;
#555 = ORIENTED_EDGE ( 'NONE', *, *, #2352, .F. ) ;
#556 = CARTESIAN_POINT ( 'NONE',  ( 104.7002265369887226, 28.38704842086189828, 4.718988635465842130 ) ) ;
#557 = CARTESIAN_POINT ( 'NONE',  ( 113.3609244352042253, 34.98034805620623899, 7.178456364567618486 ) ) ;
#558 = CARTESIAN_POINT ( 'NONE',  ( 82.73698380165670585, 37.80957890010841993, 7.104869057129490351 ) ) ;
#559 = CARTESIAN_POINT ( 'NONE',  ( 64.20031263865938342, 53.29802462655531059, 1.000000000000000000 ) ) ;
#560 = CARTESIAN_POINT ( 'NONE',  ( 120.1120593407466544, 55.08817454913324951, 4.912551663203718277 ) ) ;
#561 = CARTESIAN_POINT ( 'NONE',  ( 100.9411529194670010, 28.81839175070261660, 5.890776152797442045 ) ) ;
#562 = FACE_OUTER_BOUND ( 'NONE', #2266, .T. ) ;
#563 = LINE ( 'NONE', #139, #2459 ) ;
#564 = CARTESIAN_POINT ( 'NONE',  ( 109.6808541795143555, 71.07456313180739471, 7.143218273269347662 ) ) ;
#565 = CARTESIAN_POINT ( 'NONE',  ( 87.75177395007017367, 70.80930671363205420, 7.000000000000001776 ) ) ;
#566 = PRESENTATION_STYLE_ASSIGNMENT (( #2513 ) ) ;
#567 = CARTESIAN_POINT ( 'NONE',  ( 95.86350847839955236, 70.76742247282444964, 6.000650742310565278 ) ) ;
#568 = CARTESIAN_POINT ( 'NONE',  ( 120.8537158534631146, 46.45087204830866767, 7.059520579199493717 ) ) ;
#569 = CARTESIAN_POINT ( 'NONE',  ( 115.8974040050768650, 37.21570082348434028, 7.097237774297499691 ) ) ;
#570 = CARTESIAN_POINT ( 'NONE',  ( 85.07475833013427291, 27.91933425279761494, 3.985681154698586859 ) ) ;
#571 = CARTESIAN_POINT ( 'NONE',  ( 65.30822517750681300, 46.62767031662036743, 0.9999999999999995559 ) ) ;
#572 = CARTESIAN_POINT ( 'NONE',  ( 119.9087507925614204, 57.90447256444655721, 4.395393354464053104 ) ) ;
#573 = CARTESIAN_POINT ( 'NONE',  ( 94.49943513547952989, 31.54551300568302707, 7.667400051674910344 ) ) ;
#574 = CARTESIAN_POINT ( 'NONE',  ( 109.3087045630823866, 33.58533730299107845, 5.000000000000007105 ) ) ;
#575 = FACE_OUTER_BOUND ( 'NONE', #1562, .T. ) ;
#576 = CARTESIAN_POINT ( 'NONE',  ( 108.2530323606988247, 74.04827362495223042, 6.025588449650621570 ) ) ;
#577 = DIRECTION ( 'NONE',  ( 0.000000000000000000, 0.000000000000000000, 1.000000000000000000 ) ) ;
#578 = CARTESIAN_POINT ( 'NONE',  ( 103.2111192145243734, 30.33300379832027005, 7.000000000000000000 ) ) ;
#579 = CARTESIAN_POINT ( 'NONE',  ( 92.65713294333278327, 74.74535330349996798, 4.286900962149115202 ) ) ;
#580 = CARTESIAN_POINT ( 'NONE',  ( 121.3206696756283947, 47.02595145499888218, 6.092753886785285289 ) ) ;
#581 = CARTESIAN_POINT ( 'NONE',  ( 123.1021464656602120, 46.35062823357240092, 2.883629792961417859 ) ) ;
#582 = CARTESIAN_POINT ( 'NONE',  ( 87.32263468253864858, 33.70031409016295498, 7.075507588577084839 ) ) ;
#583 = CARTESIAN_POINT ( 'NONE',  ( 71.32338545643010264, 73.78571009462557129, 1.000000000000000666 ) ) ;
#584 = CARTESIAN_POINT ( 'NONE',  ( 118.7988040221372330, 66.22620518207227747, 2.507413307171198369 ) ) ;
#585 = CARTESIAN_POINT ( 'NONE',  ( 96.93325593073564050, 21.52039585985995984, 0.8367854203019897685 ) ) ;
#586 =( LENGTH_UNIT ( ) NAMED_UNIT ( * ) SI_UNIT ( .MILLI., .METRE. ) );
#587 = AXIS2_PLACEMENT_3D ( 'NONE', #1274, #998, #1450 ) ;
#588 = CARTESIAN_POINT ( 'NONE',  ( 96.71623686692535671, 84.27212428968762481, 3.012561593843138485 ) ) ;
#589 = CARTESIAN_POINT ( 'NONE',  ( 93.88043817504144783, 32.04726956344235589, 5.473601138517777187 ) ) ;
#590 = CARTESIAN_POINT ( 'NONE',  ( 105.9292446804304291, 77.49866460718683925, 4.907632798036159372 ) ) ;
#591 = CARTESIAN_POINT ( 'NONE',  ( 110.0236568439773492, 32.67846800757124726, 7.000000000000006217 ) ) ;
#592 = CARTESIAN_POINT ( 'NONE',  ( 68.52736520010330423, 70.82446615004194257, 0.8642577387345465878 ) ) ;
#593 = CARTESIAN_POINT ( 'NONE',  ( 93.76458480740453183, 43.96559952297486262, 6.999999999999999112 ) ) ;
#594 = CARTESIAN_POINT ( 'NONE',  ( 112.6494037220477651, 35.85813282640609856, 4.972522900514150912 ) ) ;
#595 = AXIS2_PLACEMENT_3D ( 'NONE', #1646, #2541, #1899 ) ;
#596 = CARTESIAN_POINT ( 'NONE',  ( 114.1088639834680549, 33.68111248635084820, 4.567432039121226417 ) ) ;
#597 = CARTESIAN_POINT ( 'NONE',  ( 74.30142073793763302, 35.58919869571702321, 4.027971374916368141 ) ) ;
#598 = CARTESIAN_POINT ( 'NONE',  ( 97.19345763482617429, 31.72516758423111227, 5.716980812920964716 ) ) ;
#599 = CARTESIAN_POINT ( 'NONE',  ( 120.3218178986344213, 62.44802048595939681, 2.556236375332829880 ) ) ;
#600 = CARTESIAN_POINT ( 'NONE',  ( 107.0000018179416799, 74.00000110268592834, 6.999999999999999112 ) ) ;
#601 = FACE_OUTER_BOUND ( 'NONE', #901, .T. ) ;
#602 = DIRECTION ( 'NONE',  ( 0.000000000000000000, 0.000000000000000000, 1.000000000000000000 ) ) ;
#603 = CARTESIAN_POINT ( 'NONE',  ( 99.57503267874817254, 89.25625750947101267, 0.9462556206093594158 ) ) ;
#604 = CARTESIAN_POINT ( 'NONE',  ( 106.0305121944208651, 30.97179513031089115, 7.000000000000004441 ) ) ;
#605 = CARTESIAN_POINT ( 'NONE',  ( 84.18059423715357070, 70.76194254846630827, 4.275053854272378828 ) ) ;
#606 = FACE_OUTER_BOUND ( 'NONE', #1142, .T. ) ;
#607 = CARTESIAN_POINT ( 'NONE',  ( 122.3623600167334615, 47.72780809649743361, 0.9518984182413766648 ) ) ;
#608 = CARTESIAN_POINT ( 'NONE',  ( 112.5774774220384984, 32.51681670217341491, 4.592724748475260910 ) ) ;
#609 = CARTESIAN_POINT ( 'NONE',  ( 76.30714627193832200, 37.49875461240572605, 5.058813959800884774 ) ) ;
#610 = EDGE_CURVE ( 'NONE', #1833, #907, #736, .T. ) ;
#611 = DIRECTION ( 'NONE',  ( 1.000000000000000000, -0.000000000000000000, -0.000000000000000000 ) ) ;
#612 = CARTESIAN_POINT ( 'NONE',  ( 119.7115903856521157, 48.86891296638525972, 5.498563840929342028 ) ) ;
#613 = CARTESIAN_POINT ( 'NONE',  ( 93.61458657959323659, 29.16023568720012449, 5.980494379888655843 ) ) ;
#614 = CARTESIAN_POINT ( 'NONE',  ( 93.61847691133068849, 75.81507378165774469, 6.095286296195875586 ) ) ;
#615 = CARTESIAN_POINT ( 'NONE',  ( 105.6050203866009412, 73.51057740147230390, 4.547912406005368169 ) ) ;
#616 = CARTESIAN_POINT ( 'NONE',  ( 89.32184083033273225, 28.40732337335017732, 2.654730284581691357 ) ) ;
#617 = CARTESIAN_POINT ( 'NONE',  ( 115.2794014919295051, 66.95714027364667231, 7.061411681082300440 ) ) ;
#618 = CARTESIAN_POINT ( 'NONE',  ( 89.91177180716181283, 79.14812322033861847, 2.580652038690133487 ) ) ;
#619 = CARTESIAN_POINT ( 'NONE',  ( 93.25559300889925396, 70.05021921262931528, 5.993595925693584014 ) ) ;
#620 = CARTESIAN_POINT ( 'NONE',  ( 109.3087045630823866, 33.58533730299107845, 5.000000000000007105 ) ) ;
#621 = CARTESIAN_POINT ( 'NONE',  ( 115.3913705140243167, 37.67423284096560820, 3.633267337594429769 ) ) ;
#622 = CARTESIAN_POINT ( 'NONE',  ( 117.1350596269117403, 32.46178508497087734, 0.6722407658294607957 ) ) ;
#623 = CARTESIAN_POINT ( 'NONE',  ( 67.71831341549743399, 50.95305464264186668, 4.048714640854737645 ) ) ;
#624 = CARTESIAN_POINT ( 'NONE',  ( 107.7118756773121078, 70.09132584173715941, 5.842611364000162233 ) ) ;
#625 = CARTESIAN_POINT ( 'NONE',  ( 119.3573634668388337, 47.14074227344543289, 5.518612568313701061 ) ) ;
#626 = CARTESIAN_POINT ( 'NONE',  ( 91.72797567495622673, 30.62082837060995999, 6.566558556152933157 ) ) ;
#627 = CARTESIAN_POINT ( 'NONE',  ( 83.44113100731233601, 86.01987990028054298, 1.982830572410464232 ) ) ;
#628 = CARTESIAN_POINT ( 'NONE',  ( 108.3703248216060331, 71.40541208339503498, 5.003221285049931133 ) ) ;
#629 = CARTESIAN_POINT ( 'NONE',  ( 88.59553536069384450, 25.43979171581230503, 0.9546286439591309403 ) ) ;
#630 = CARTESIAN_POINT ( 'NONE',  ( 112.9081787384042883, 72.29585894560231907, 5.424668266070947098 ) ) ;
#631 = CARTESIAN_POINT ( 'NONE',  ( 96.94848142207010255, 81.97297142605887643, 1.743162197903117550 ) ) ;
#632 = CARTESIAN_POINT ( 'NONE',  ( 107.0844207643553858, 31.09506467529585905, 3.484186481646335043 ) ) ;
#633 = CARTESIAN_POINT ( 'NONE',  ( 82.88015607213648650, 89.06971159143228078, 1.000000000000000888 ) ) ;
#634 = CARTESIAN_POINT ( 'NONE',  ( 110.3678831132775713, 34.74897676502546062, 5.847719572582227521 ) ) ;
#635 = CARTESIAN_POINT ( 'NONE',  ( 115.4240579665394648, 30.57468399457249220, 0.6854206346446695131 ) ) ;
#636 = CARTESIAN_POINT ( 'NONE',  ( 78.48100052331410836, 45.65882869368237351, 7.127296338532119080 ) ) ;
#637 = LINE ( 'NONE', #2176, #959 ) ;
#638 = CARTESIAN_POINT ( 'NONE',  ( 121.9401191849282213, 48.89640609108848679, 1.831315462365560531 ) ) ;
#639 = CARTESIAN_POINT ( 'NONE',  ( 91.12954239615874030, 24.93014178071738485, 3.153105923439757596 ) ) ;
#640 = CARTESIAN_POINT ( 'NONE',  ( 89.88677197621467485, 81.11044112521030058, 4.037916058003673037 ) ) ;
#641 = CARTESIAN_POINT ( 'NONE',  ( 109.4120148731869335, 71.73511777551114221, 4.576431432248359243 ) ) ;
#642 = CARTESIAN_POINT ( 'NONE',  ( 79.38198886471190008, 33.27426095439252407, 2.604686128310262028 ) ) ;
#643 = CARTESIAN_POINT ( 'NONE',  ( 113.3182964480827053, 79.58996885792338105, 2.034457606957862819 ) ) ;
#644 = CARTESIAN_POINT ( 'NONE',  ( 91.67677923561731745, 81.94200295132613121, 1.733376724359954046 ) ) ;
#645 = ORIENTED_EDGE ( 'NONE', *, *, #511, .F. ) ;
#646 = CARTESIAN_POINT ( 'NONE',  ( 108.6120307939637541, 34.07582101420111798, 6.265836785721241142 ) ) ;
#647 = CARTESIAN_POINT ( 'NONE',  ( 60.16130346489313752, 70.39605948672382851, 0.9999999999999993339 ) ) ;
#648 = CARTESIAN_POINT ( 'NONE',  ( 112.1420829708814182, 35.74799571620656025, 5.429068896025985858 ) ) ;
#649 = CARTESIAN_POINT ( 'NONE',  ( 71.05967111578728179, 52.02028456647049381, 5.078922850795946964 ) ) ;
#650 = CARTESIAN_POINT ( 'NONE',  ( 120.0744680491816894, 47.61494723343146518, 4.101455317278952073 ) ) ;
#651 = CYLINDRICAL_SURFACE ( 'NONE', #104, 15.00000000000000000 ) ;
#652 = ORIENTED_EDGE ( 'NONE', *, *, #1347, .T. ) ;
#653 = CARTESIAN_POINT ( 'NONE',  ( 94.40507468891591714, 73.20188275153090274, 7.119785229572775265 ) ) ;
#654 = CARTESIAN_POINT ( 'NONE',  ( 103.6304207007198954, 76.06485824129848083, 3.669236895578802837 ) ) ;
#655 = CARTESIAN_POINT ( 'NONE',  ( 87.73677459400322221, 34.26837306857756005, 5.187155197389711425 ) ) ;
#656 = CARTESIAN_POINT ( 'NONE',  ( 119.1758369383387901, 60.77039194750383899, 7.440066227497534435 ) ) ;
#657 = CARTESIAN_POINT ( 'NONE',  ( 103.5418419014162339, 72.72897724237094508, 5.170592060282416469 ) ) ;
#658 = EDGE_LOOP ( 'NONE', ( #2904, #1819 ) ) ;
#659 = CYLINDRICAL_SURFACE ( 'NONE', #928, 31.90705758116726898 ) ;
#660 = CARTESIAN_POINT ( 'NONE',  ( 106.0488576365283251, 32.94100639277104392, 6.176417325037093953 ) ) ;
#661 = CARTESIAN_POINT ( 'NONE',  ( 58.49148968199698828, 45.17873180499008612, 0.9999999999999995559 ) ) ;
#662 = CARTESIAN_POINT ( 'NONE',  ( 97.33699701438155216, 71.25376460563052206, 5.918700670348965964 ) ) ;
#663 = CARTESIAN_POINT ( 'NONE',  ( 56.76326314838672005, 56.25013952340310652, 0.9608184501002470235 ) ) ;
#664 = CARTESIAN_POINT ( 'NONE',  ( 121.6215365762670615, 64.85438179055257990, 0.8030436050230452816 ) ) ;
#665 = CARTESIAN_POINT ( 'NONE',  ( 91.45737834852965875, 27.97136782149724255, 4.980034694627961223 ) ) ;
#666 = ORIENTED_EDGE ( 'NONE', *, *, #275, .F. ) ;
#667 = CARTESIAN_POINT ( 'NONE',  ( 83.56801194144891554, 66.98849421801169512, 7.136791361335261819 ) ) ;
#668 = CARTESIAN_POINT ( 'NONE',  ( 98.35161284874592980, 73.75896556643500901, 7.108811818909566149 ) ) ;
#669 = CARTESIAN_POINT ( 'NONE',  ( 107.8383759117060663, 74.41693806916599385, 3.691674428848145784 ) ) ;
#670 = CARTESIAN_POINT ( 'NONE',  ( 86.79279477520101693, 37.16419469508779372, 6.028369673544235141 ) ) ;
#671 = CARTESIAN_POINT ( 'NONE',  ( 92.09866630203698890, 84.37368542503944013, 0.8843305517456330200 ) ) ;
#672 = VERTEX_POINT ( 'NONE', #1898 ) ;
#673 = CARTESIAN_POINT ( 'NONE',  ( 78.82351944369113994, 60.32837070383009603, 6.999999999999999112 ) ) ;
#674 = CARTESIAN_POINT ( 'NONE',  ( 112.3750427958711100, 33.72623168232412638, 2.676207392864483836 ) ) ;
#675 = CARTESIAN_POINT ( 'NONE',  ( 109.9326760552726086, 71.21721449056718711, 6.999999999999995559 ) ) ;
#676 = CARTESIAN_POINT ( 'NONE',  ( 84.38557536768531975, 63.59671049353518413, 5.947618993045641567 ) ) ;
#677 = PRESENTATION_LAYER_ASSIGNMENT (  '', '', ( #2840 ) ) ;
#678 = CARTESIAN_POINT ( 'NONE',  ( 56.72015177524342988, 53.38191140957491143, 0.9598672530269265479 ) ) ;
#679 = EDGE_CURVE ( 'NONE', #5, #1801, #1470, .T. ) ;
#680 = CARTESIAN_POINT ( 'NONE',  ( 124.4030489530012176, 55.15951471132752459, 1.000000000000000000 ) ) ;
#681 = VERTEX_POINT ( 'NONE', #1254 ) ;
#682 = CARTESIAN_POINT ( 'NONE',  ( 87.86456314947756141, 73.97958599137257352, 6.104095915917333137 ) ) ;
#683 = CARTESIAN_POINT ( 'NONE',  ( 102.2595581007800263, 75.90731281355689930, 6.073385760498521080 ) ) ;
#684 = CARTESIAN_POINT ( 'NONE',  ( 116.7174280889820750, 62.88330685673312814, 5.608905474087194420 ) ) ;
#685 = CARTESIAN_POINT ( 'NONE',  ( 80.90589499632264392, 37.55002969608708696, 4.301859722076962989 ) ) ;
#686 = CARTESIAN_POINT ( 'NONE',  ( 102.9035513109462130, 23.30659801081791827, 1.000000000000003331 ) ) ;
#687 = B_SPLINE_CURVE_WITH_KNOTS ( 'NONE', 3,
 ( #2482, #301, #1194, #1867, #1822, #1137, #478, #2763, #751, #926, #1645, #2540, #1153, #535 ),
 .UNSPECIFIED., .F., .F.,
 ( 4, 2, 2, 2, 2, 2, 4 ),
 ( 2.183340912205929594E-16, 0.004762476003611120813, 0.007143714005416591448, 0.009524952007222061215, 0.01190619000902753098, 0.01428742801083300248, 0.01904990401444393855 ),
 .UNSPECIFIED. ) ;
#688 = ORIENTED_EDGE ( 'NONE', *, *, #524, .F. ) ;
#689 = FACE_OUTER_BOUND ( 'NONE', #2685, .T. ) ;
#690 = CARTESIAN_POINT ( 'NONE',  ( 102.5925946055107829, 31.67939168814227457, 5.624027447653817013 ) ) ;
#691 = CARTESIAN_POINT ( 'NONE',  ( 111.1814423101275651, 70.46883049861635584, 6.999999999999996447 ) ) ;
#692 = DIRECTION ( 'NONE',  ( -0.000000000000000000, -0.000000000000000000, -1.000000000000000000 ) ) ;
#693 = CARTESIAN_POINT ( 'NONE',  ( 80.38229331267312716, 51.48280031284165403, 5.943602472570069573 ) ) ;
#694 = VECTOR ( 'NONE', #2747, 1000.000000000000000 ) ;
#695 = CARTESIAN_POINT ( 'NONE',  ( 121.3438084587709227, 54.83151995190079475, 6.755027549045142798 ) ) ;
#696 = CARTESIAN_POINT ( 'NONE',  ( 92.28578470073534845, 33.19492049321165439, 5.820920220584207883 ) ) ;
#697 = ORIENTED_EDGE ( 'NONE', *, *, #1133, .T. ) ;
#698 = EDGE_CURVE ( 'NONE', #1547, #1855, #170, .T. ) ;
#699 = CARTESIAN_POINT ( 'NONE',  ( 84.95421685131198331, 72.26943954415040139, 6.107202608416345768 ) ) ;
#700 = CARTESIAN_POINT ( 'NONE',  ( 89.88530867669415159, 87.19801118783989580, 1.975600075769405217 ) ) ;
#701 = CARTESIAN_POINT ( 'NONE',  ( 110.7157190458274698, 71.77964534417148457, 4.150201342300475105 ) ) ;
#702 = CARTESIAN_POINT ( 'NONE',  ( 79.04677654207675630, 39.94742273099752339, 4.293631896403430126 ) ) ;
#703 = CARTESIAN_POINT ( 'NONE',  ( 110.4321033008153989, 27.07096849607115630, 0.9999999999999967804 ) ) ;
#704 = ORIENTED_EDGE ( 'NONE', *, *, #489, .F. ) ;
#705 = CARTESIAN_POINT ( 'NONE',  ( 123.0304127047186853, 52.99054084367129747, 0.9999999999999895639 ) ) ;
#706 = CARTESIAN_POINT ( 'NONE',  ( 99.93180449673133126, 31.86594722113044043, 6.010649819485106349 ) ) ;
#707 = CIRCLE ( 'NONE', #1969, 15.00000000000000000 ) ;
#708 = CARTESIAN_POINT ( 'NONE',  ( 65.02035050818274442, 33.45386557006028028, 1.000000000000000444 ) ) ;
#709 = DIRECTION ( 'NONE',  ( -0.000000000000000000, -1.000000000000000000, -0.000000000000000000 ) ) ;
#710 = CARTESIAN_POINT ( 'NONE',  ( 66.65438433565674359, 52.87543147962307444, 1.718604786192472256 ) ) ;
#711 = CARTESIAN_POINT ( 'NONE',  ( 119.7948644905864768, 61.35885321017848781, 6.370430854443998925 ) ) ;
#712 = ORIENTED_EDGE ( 'NONE', *, *, #524, .T. ) ;
#713 = CARTESIAN_POINT ( 'NONE',  ( 89.34287549632517766, 34.79862647307859191, 5.862128867487393258 ) ) ;
#714 = CARTESIAN_POINT ( 'NONE',  ( 72.93387349070408732, 70.24068209154074793, 4.052683452889437987 ) ) ;
#715 = CARTESIAN_POINT ( 'NONE',  ( 79.94645351550535395, 80.66890092313018101, 0.9999999999999986677 ) ) ;
#716 = CARTESIAN_POINT ( 'NONE',  ( 109.3225618858730286, 76.45927474146623126, 2.395039444170307341 ) ) ;
#717 = CARTESIAN_POINT ( 'NONE',  ( 81.84258810173236043, 44.30392488111193927, 5.995235896510777707 ) ) ;
#718 = CARTESIAN_POINT ( 'NONE',  ( 95.21869931339924165, 21.48813437354221278, 1.000000000000000666 ) ) ;
#719 = ORIENTED_EDGE ( 'NONE', *, *, #1050, .T. ) ;
#720 = CARTESIAN_POINT ( 'NONE',  ( 123.0497897776971286, 55.86865221558804251, 0.9999999999999985567 ) ) ;
#721 = CARTESIAN_POINT ( 'NONE',  ( 98.33569271597983175, 29.79455384834755449, 4.226334252544432957 ) ) ;
#722 = EDGE_CURVE ( 'NONE', #30, #994, #807, .T. ) ;
#723 = CYLINDRICAL_SURFACE ( 'NONE', #2336, 20.00000000000000355 ) ;
#724 = CARTESIAN_POINT ( 'NONE',  ( 100.3822933126731130, 51.48280031283039904, 8.000000000000000000 ) ) ;
#725 = CARTESIAN_POINT ( 'NONE',  ( 67.25808962256463985, 68.85997490165470936, 0.8639444864532144219 ) ) ;
#726 = CARTESIAN_POINT ( 'NONE',  ( 121.0914204555722478, 56.54765811507483164, 6.800608023934919366 ) ) ;
#727 = ORIENTED_EDGE ( 'NONE', *, *, #1438, .T. ) ;
#728 = DIRECTION ( 'NONE',  ( 0.000000000000000000, 0.000000000000000000, 1.000000000000000000 ) ) ;
#729 = CARTESIAN_POINT ( 'NONE',  ( 76.57465520752300847, 78.92745109938087467, 3.020112233231260213 ) ) ;
#730 = CARTESIAN_POINT ( 'NONE',  ( 73.31328827086508682, 75.89199734185879720, 1.000000000000000000 ) ) ;
#731 = CARTESIAN_POINT ( 'NONE',  ( 111.7697152710294546, 71.00749488939369769, 4.161143386162903468 ) ) ;
#732 = CARTESIAN_POINT ( 'NONE',  ( 70.34026988355653032, 47.22986872536461078, 2.574292225850126847 ) ) ;
#733 = CARTESIAN_POINT ( 'NONE',  ( 109.9432210538503512, 84.58102129245983747, 1.000000000000001998 ) ) ;
#734 = CARTESIAN_POINT ( 'NONE',  ( 123.0717371020657822, 53.94702286086133824, 0.9999999999999811262 ) ) ;
#735 = CARTESIAN_POINT ( 'NONE',  ( 94.90472215113285870, 29.26785259938603190, 3.751853537772380953 ) ) ;
#736 = CIRCLE ( 'NONE', #2894, 36.79870545800834236 ) ;
#737 = DIRECTION ( 'NONE',  ( -0.000000000000000000, -0.000000000000000000, 1.000000000000000000 ) ) ;
#738 = CARTESIAN_POINT ( 'NONE',  ( 77.07052876680228337, 67.52779868829910015, 3.419459333302354409 ) ) ;
#739 = CARTESIAN_POINT ( 'NONE',  ( 117.6173705497542130, 78.15117784732449024, 0.8712468203052493587 ) ) ;
#740 = ORIENTED_EDGE ( 'NONE', *, *, #2132, .T. ) ;
#741 = CARTESIAN_POINT ( 'NONE',  ( 106.7858437928801720, 28.54930932966928125, 4.131620486409794069 ) ) ;
#742 = CARTESIAN_POINT ( 'NONE',  ( 119.3646418668317324, 40.06801602528436490, 4.498398040958931254 ) ) ;
#743 = CARTESIAN_POINT ( 'NONE',  ( 78.26442621315833037, 31.83284244833518173, 4.014709959040329679 ) ) ;
#744 = CARTESIAN_POINT ( 'NONE',  ( 96.67656900988703228, 84.31866538159970048, 2.996474058450353972 ) ) ;
#745 = CARTESIAN_POINT ( 'NONE',  ( 113.8680706017634350, 67.36363860064746234, 5.076640823135481817 ) ) ;
#746 = CARTESIAN_POINT ( 'NONE',  ( 77.36927342398848850, 38.39793447389384085, 3.442578778814817220 ) ) ;
#747 = CARTESIAN_POINT ( 'NONE',  ( 110.4145111325815947, 84.27138294513291328, 0.9999999999999881206 ) ) ;
#748 = CARTESIAN_POINT ( 'NONE',  ( 96.14069258038381349, 71.03201850888231661, 5.923137502878122795 ) ) ;
#749 = CARTESIAN_POINT ( 'NONE',  ( 102.9095045428341280, 82.63744663280776592, 1.000000000000000666 ) ) ;
#750 = CARTESIAN_POINT ( 'NONE',  ( 94.83149447850794900, 31.84576275027431436, 5.486095866908614838 ) ) ;
#751 = CARTESIAN_POINT ( 'NONE',  ( 114.3972874973632230, 65.77373618723463267, 5.679932850940453193 ) ) ;
#752 = CARTESIAN_POINT ( 'NONE',  ( 83.37495829103639267, 36.78360477519115790, 7.000000000000000000 ) ) ;
#753 = CARTESIAN_POINT ( 'NONE',  ( 80.34066915645841789, 67.08006295275554010, 4.272043216696516765 ) ) ;
#754 = CARTESIAN_POINT ( 'NONE',  ( 115.9642285160594923, 80.06675706921834035, 0.8848962673927726064 ) ) ;
#755 = VERTEX_POINT ( 'NONE', #1660 ) ;
#756 = CARTESIAN_POINT ( 'NONE',  ( 102.8378670826537302, 30.20962170483199216, 6.965720657853659681 ) ) ;
#757 = CARTESIAN_POINT ( 'NONE',  ( 119.6346504460788367, 41.34718382840729589, 5.033217618140546357 ) ) ;
#758 = CARTESIAN_POINT ( 'NONE',  ( 79.26560935271436392, 38.15883756935163973, 6.085184487590021618 ) ) ;
#759 = CARTESIAN_POINT ( 'NONE',  ( 66.66932562393139960, 66.46869845559862711, 1.000000000000000222 ) ) ;
#760 = CARTESIAN_POINT ( 'NONE',  ( 119.5811351720326172, 51.88573003736413369, 6.406631075209641146 ) ) ;
#761 = CARTESIAN_POINT ( 'NONE',  ( 69.89347043473313192, 49.31378080677745146, 2.572446885481321388 ) ) ;
#762 = CARTESIAN_POINT ( 'NONE',  ( 96.46027647519778725, 31.02002361806458808, 7.638898688903461576 ) ) ;
#763 = CARTESIAN_POINT ( 'NONE',  ( 93.76458480740453183, 74.00000110268592834, 6.999999999999999112 ) ) ;
#764 = CARTESIAN_POINT ( 'NONE',  ( 95.84088283972776878, 31.02742799340626689, 5.064054967448496036 ) ) ;
#765 = CARTESIAN_POINT ( 'NONE',  ( 79.35417464762238637, 61.63136976965969183, 7.000000000000005329 ) ) ;
#766 = CARTESIAN_POINT ( 'NONE',  ( 81.36637980589264885, 39.18271427076969360, 7.000000000000001776 ) ) ;
#767 = CARTESIAN_POINT ( 'NONE',  ( 73.46390978897176183, 60.34739829585345916, 3.419217890466922594 ) ) ;
#768 = CARTESIAN_POINT ( 'NONE',  ( 121.6423106602464088, 51.31665590435305546, 6.671808370842859937 ) ) ;
#769 = ORIENTED_EDGE ( 'NONE', *, *, #2588, .F. ) ;
#770 = CARTESIAN_POINT ( 'NONE',  ( 108.4151826461748982, 29.37823540297578617, 4.108006371883473840 ) ) ;
#771 = CARTESIAN_POINT ( 'NONE',  ( 123.6655590142908778, 48.79562316759485441, 2.896300863497311529 ) ) ;
#772 = CARTESIAN_POINT ( 'NONE',  ( 82.30781094969920275, 34.86508480474053329, 6.071197736678022316 ) ) ;
#773 = CARTESIAN_POINT ( 'NONE',  ( 92.62009019770496820, 33.04691496376099735, 5.815515553233107759 ) ) ;
#774 = EDGE_CURVE ( 'NONE', #1599, #1091, #2337, .T. ) ;
#775 = CARTESIAN_POINT ( 'NONE',  ( 118.9522934496633439, 61.29529068247443035, 4.328358279918523621 ) ) ;
#776 = CARTESIAN_POINT ( 'NONE',  ( 105.1906402136789467, 25.35840118303384116, 1.905637810879920790 ) ) ;
#777 =( NAMED_UNIT ( * ) SI_UNIT ( $, .STERADIAN. ) SOLID_ANGLE_UNIT ( ) );
#778 = CARTESIAN_POINT ( 'NONE',  ( 122.0000018179416799, 59.00000110268592834, 8.000000000000000000 ) ) ;
#779 = CARTESIAN_POINT ( 'NONE',  ( 90.73155578498385410, 29.60957153372532957, 3.513623607537907034 ) ) ;
#780 = CARTESIAN_POINT ( 'NONE',  ( 103.0968739747234793, 88.19458857303645516, 0.9380826162507959198 ) ) ;
#781 = CARTESIAN_POINT ( 'NONE',  ( 101.1673506737212023, 73.91188896344831960, 7.000000000000005329 ) ) ;
#782 = CARTESIAN_POINT ( 'NONE',  ( 81.83375464492183937, 38.55933421909200831, 7.000000000000000000 ) ) ;
#783 = CARTESIAN_POINT ( 'NONE',  ( 85.57881022118432668, 71.66931870730510923, 4.276612229649871644 ) ) ;
#784 = CARTESIAN_POINT ( 'NONE',  ( 121.7708245602039625, 50.83273995877362950, 6.148178598548993179 ) ) ;
#785 = CARTESIAN_POINT ( 'NONE',  ( 120.7377643243902838, 44.26202338661413194, 5.549782179507031010 ) ) ;
#786 = CARTESIAN_POINT ( 'NONE',  ( 81.03559948053012363, 22.70767325262379543, 0.8970625358940962357 ) ) ;
#787 = CARTESIAN_POINT ( 'NONE',  ( 68.33572788887622096, 39.55787024938756247, 1.000000000000000888 ) ) ;
#788 = CARTESIAN_POINT ( 'NONE',  ( 120.1174159379307866, 60.17485809720467671, 3.472484122316842114 ) ) ;
#789 = CARTESIAN_POINT ( 'NONE',  ( 97.95074610860594078, 24.89082431703840470, 3.103597748115234811 ) ) ;
#790 = EDGE_CURVE ( 'NONE', #1788, #1782, #2624, .T. ) ;
#791 = DIRECTION ( 'NONE',  ( 0.000000000000000000, 0.000000000000000000, 1.000000000000000000 ) ) ;
#792 = PLANE ( 'NONE',  #2178 ) ;
#793 = CARTESIAN_POINT ( 'NONE',  ( 107.0873147048836529, 75.77178547304637846, 5.469136520187371175 ) ) ;
#794 = CARTESIAN_POINT ( 'NONE',  ( 99.76919251413222867, 74.00258433977033690, 7.000000000000003553 ) ) ;
#795 = CARTESIAN_POINT ( 'NONE',  ( 94.57011939823811986, 30.53270360257733174, 7.000000000000000888 ) ) ;
#796 = CARTESIAN_POINT ( 'NONE',  ( 95.53246564492967252, 72.97775426962515155, 5.143232937351270628 ) ) ;
#797 = CARTESIAN_POINT ( 'NONE',  ( 121.6692814608674809, 48.93660486160242584, 6.113699109965613943 ) ) ;
#798 = CARTESIAN_POINT ( 'NONE',  ( 126.0380963915491748, 55.25899434668314569, 0.6985211170315159812 ) ) ;
#799 = CARTESIAN_POINT ( 'NONE',  ( 75.60084038562398234, 34.27178033384071654, 4.023727922635832677 ) ) ;
#800 = CARTESIAN_POINT ( 'NONE',  ( 64.92309745745863836, 60.97756185865489442, 1.000000000000001110 ) ) ;
#801 = CARTESIAN_POINT ( 'NONE',  ( 119.0498370740690177, 56.40222228917391334, 6.266353486560282349 ) ) ;
#802 = CARTESIAN_POINT ( 'NONE',  ( 98.06620815302483152, 29.43228414061625742, 6.492875649593039533 ) ) ;
#803 = CARTESIAN_POINT ( 'NONE',  ( 104.7181880930172042, 73.78610165561686074, 4.543082057217493919 ) ) ;
#804 = MANIFOLD_SOLID_BREP ( 'Cut-Extrude15', #2572 ) ;
#805 = CARTESIAN_POINT ( 'NONE',  ( 92.67792932620189106, 28.82960934353254956, 3.298850284003483679 ) ) ;
#806 = CARTESIAN_POINT ( 'NONE',  ( 103.3372752786638671, 85.19599285988654458, 2.076095857077333573 ) ) ;
#807 = LINE ( 'NONE', #1700, #2376 ) ;
#808 = CARTESIAN_POINT ( 'NONE',  ( 118.6990286845597069, 41.15243987761808597, 6.999999999999956479 ) ) ;
#809 = CARTESIAN_POINT ( 'NONE',  ( 81.13327638024287580, 81.78306573487506625, 0.8713937714391084555 ) ) ;
#810 = EDGE_CURVE ( 'NONE', #994, #2752, #2574, .T. ) ;
#811 = CARTESIAN_POINT ( 'NONE',  ( 120.7350822748163921, 45.18590838308512048, 6.078073265859560870 ) ) ;
#812 = CARTESIAN_POINT ( 'NONE',  ( 114.3567776098573461, 37.27740485961332695, 4.539240616858826627 ) ) ;
#813 = CARTESIAN_POINT ( 'NONE',  ( 108.2539776868135988, 30.81095602448624504, 5.758790480092025099 ) ) ;
#814 = CARTESIAN_POINT ( 'NONE',  ( 70.09147169137625610, 28.45378214301718600, 0.9298876530435177257 ) ) ;
#815 = CARTESIAN_POINT ( 'NONE',  ( 68.84355609858899072, 38.73008187832084559, 1.000000000000000888 ) ) ;
#816 = CARTESIAN_POINT ( 'NONE',  ( 120.0152149575789622, 59.03827690282732021, 3.930607995808848454 ) ) ;
#817 = CARTESIAN_POINT ( 'NONE',  ( 95.18858905933244330, 23.04110756443959218, 1.986599615530785456 ) ) ;
#818 = ORIENTED_EDGE ( 'NONE', *, *, #1438, .F. ) ;
#819 = VECTOR ( 'NONE', #292, 1000.000000000000000 ) ;
#820 = CARTESIAN_POINT ( 'NONE',  ( 111.6149953839930618, 35.11420816729867056, 5.000000000000008882 ) ) ;
#821 = CARTESIAN_POINT ( 'NONE',  ( 93.72328230481754474, 27.34189758041898344, 2.443375669462160893 ) ) ;
#822 = CARTESIAN_POINT ( 'NONE',  ( 110.5532412257862376, 73.99065104716561336, 5.446470616903118511 ) ) ;
#823 = AXIS2_PLACEMENT_3D ( 'NONE', #2793, #1042, #1933 ) ;
#824 = CARTESIAN_POINT ( 'NONE',  ( 98.87924613377087724, 29.97836602728555633, 6.999999999999998224 ) ) ;
#825 = CARTESIAN_POINT ( 'NONE',  ( 82.82362768270824915, 69.65963780546627504, 4.273888610922345954 ) ) ;
#826 = CARTESIAN_POINT ( 'NONE',  ( 67.73469976010886739, 80.78629899579215135, 0.9999999999999997780 ) ) ;
#827 = EDGE_CURVE ( 'NONE', #2693, #2752, #1443, .T. ) ;
#828 = CARTESIAN_POINT ( 'NONE',  ( 119.5584237682548832, 43.53223188017437195, 2.746760512336107407 ) ) ;
#829 = CARTESIAN_POINT ( 'NONE',  ( 109.2515559289717544, 32.48991027386189501, 7.316754369543094327 ) ) ;
#830 = CARTESIAN_POINT ( 'NONE',  ( 70.28714004083569478, 31.77338766371734380, 1.965794178623892385 ) ) ;
#831 = DIRECTION ( 'NONE',  ( -1.000000000000000000, 0.000000000000000000, 0.000000000000000000 ) ) ;
#832 = CARTESIAN_POINT ( 'NONE',  ( 120.4796864601878497, 54.32401030526970942, 4.464463079551785896 ) ) ;
#833 = CARTESIAN_POINT ( 'NONE',  ( 120.3822933126731130, 51.48280031283039904, 5.000000000000007105 ) ) ;
#834 = CARTESIAN_POINT ( 'NONE',  ( 94.25622817701288625, 87.17586904561962058, 2.006713619912112279 ) ) ;
#835 = CARTESIAN_POINT ( 'NONE',  ( 93.65711540891858533, 24.64964449915078504, 0.7167086896073785462 ) ) ;
#836 = CARTESIAN_POINT ( 'NONE',  ( 112.4533434634616782, 70.45097333740086754, 6.550742125707530228 ) ) ;
#837 = CARTESIAN_POINT ( 'NONE',  ( 101.2614491162484711, 75.06496193655196691, 4.310117683069286443 ) ) ;
#838 = FACE_OUTER_BOUND ( 'NONE', #218, .T. ) ;
#839 = CARTESIAN_POINT ( 'NONE',  ( 76.01611228725609237, 74.96405690389961762, 1.717573754888279014 ) ) ;
#840 = CARTESIAN_POINT ( 'NONE',  ( 64.27017730569349396, 77.12115881628521663, 0.9999999999999993339 ) ) ;
#841 = CARTESIAN_POINT ( 'NONE',  ( 117.5402617767286415, 41.69866658832303585, 4.586131172853680660 ) ) ;
#842 = CARTESIAN_POINT ( 'NONE',  ( 105.0601232628817172, 31.10078445052830176, 7.447569934735056130 ) ) ;
#843 = CARTESIAN_POINT ( 'NONE',  ( 74.35694402752028509, 51.15807765565676846, 6.107508098328827906 ) ) ;
#844 = DIRECTION ( 'NONE',  ( 0.000000000000000000, 0.000000000000000000, 1.000000000000000000 ) ) ;
#845 = AXIS2_PLACEMENT_3D ( 'NONE', #1946, #2414, #2846 ) ;
#846 = CARTESIAN_POINT ( 'NONE',  ( 121.4200999611225313, 58.40140219653844866, 2.609720913983573087 ) ) ;
#847 = CARTESIAN_POINT ( 'NONE',  ( 92.69852230549375349, 32.16458157134174911, 7.690932511173249608 ) ) ;
#848 = CARTESIAN_POINT ( 'NONE',  ( 96.34092693191811918, 76.21080218733786182, 6.089873186700215157 ) ) ;
#849 = CARTESIAN_POINT ( 'NONE',  ( 104.6463637777750648, 75.75304207006378476, 3.673918060886920856 ) ) ;
#850 = CARTESIAN_POINT ( 'NONE',  ( 84.44706855216270469, 39.72894559701039441, 6.011726563244622845 ) ) ;
#851 = CARTESIAN_POINT ( 'NONE',  ( 109.9751267024707602, 82.07590428280697381, 2.052625845196896393 ) ) ;
#852 = CARTESIAN_POINT ( 'NONE',  ( 99.07272369749850327, 79.54546470586498685, 2.598561721102265132 ) ) ;
#853 = CARTESIAN_POINT ( 'NONE',  ( 78.72672563378107213, 76.17932358550166327, 4.049557048442792961 ) ) ;
#854 = CARTESIAN_POINT ( 'NONE',  ( 105.4288733335717296, 28.37888725110315136, 1.694125548227793709 ) ) ;
#855 = CARTESIAN_POINT ( 'NONE',  ( 61.76620265954529998, 73.37815244937286252, 1.000000000000000666 ) ) ;
#856 = CARTESIAN_POINT ( 'NONE',  ( 116.5394429172627184, 40.79432008397527909, 5.529429551996916103 ) ) ;
#857 = CARTESIAN_POINT ( 'NONE',  ( 114.1807994587151285, 30.80572700463509506, 1.815050799538252990 ) ) ;
#858 = CARTESIAN_POINT ( 'NONE',  ( 77.82604963912206131, 48.95183490114938962, 7.131815412102670670 ) ) ;
#859 = CARTESIAN_POINT ( 'NONE',  ( 103.7662295154662075, 31.71731529862781329, 5.450592687910329914 ) ) ;
#860 = CARTESIAN_POINT ( 'NONE',  ( 119.5652298800935398, 49.65203433429359592, 5.960550751420194970 ) ) ;
#861 = CARTESIAN_POINT ( 'NONE',  ( 91.63131271281848456, 29.67159112969552126, 5.998325457071311817 ) ) ;
#862 = CARTESIAN_POINT ( 'NONE',  ( 74.58856006679819473, 81.78247953041289975, 1.989530087974565875 ) ) ;
#863 = CARTESIAN_POINT ( 'NONE',  ( 112.5492188272242942, 67.01784890299904873, 5.943942859739220985 ) ) ;
#864 = CARTESIAN_POINT ( 'NONE',  ( 86.41214715372312583, 27.56070547368189949, 1.790270036838215173 ) ) ;
#865 = CARTESIAN_POINT ( 'NONE',  ( 113.6950885733168235, 70.51556843769651550, 5.972591138493859475 ) ) ;
#866 = CARTESIAN_POINT ( 'NONE',  ( 98.05969735092951112, 73.24504287216156229, 5.149812921904732832 ) ) ;
#867 = DIRECTION ( 'NONE',  ( -1.000000000000000000, 0.000000000000000000, 0.000000000000000000 ) ) ;
#868 = CARTESIAN_POINT ( 'NONE',  ( 109.0730368727428612, 34.02668476391655616, 5.806831461373570313 ) ) ;
#869 = CARTESIAN_POINT ( 'NONE',  ( 79.65535499051436830, 88.07582815249807595, 1.000000000000001998 ) ) ;
#870 = CARTESIAN_POINT ( 'NONE',  ( 111.1396353804744734, 35.53554776462654985, 6.359311639294404905 ) ) ;
#871 = CARTESIAN_POINT ( 'NONE',  ( 70.88484745694529465, 35.24474204532906185, 3.000920168077684469 ) ) ;
#872 = CARTESIAN_POINT ( 'NONE',  ( 121.6007661294674733, 56.25843737944275347, 2.638556886820349501 ) ) ;
#873 = CARTESIAN_POINT ( 'NONE',  ( 92.14434706711057288, 21.10919481346750004, 0.8654705508696962646 ) ) ;
#874 = VERTEX_POINT ( 'NONE', #1884 ) ;
#875 = CARTESIAN_POINT ( 'NONE',  ( 88.37293861670063677, 87.06730249169696378, 1.977545627062358813 ) ) ;
#876 = CARTESIAN_POINT ( 'NONE',  ( 101.8076215310974391, 79.63212110913165986, 2.362500409202163087 ) ) ;
#877 = CARTESIAN_POINT ( 'NONE',  ( 90.43632033718506591, 32.85028505840744373, 5.209175440281115677 ) ) ;
#878 = CARTESIAN_POINT ( 'NONE',  ( 116.9344125226221962, 64.24289345835843790, 7.546577879834281077 ) ) ;
#879 = CARTESIAN_POINT ( 'NONE',  ( 95.71313652852542475, 82.05915572264825641, 1.740508926079433305 ) ) ;
#880 = ORIENTED_EDGE ( 'NONE', *, *, #1849, .T. ) ;
#881 = CARTESIAN_POINT ( 'NONE',  ( 109.4375750412203701, 29.62382612471084187, 0.8652900172649796717 ) ) ;
#882 = CARTESIAN_POINT ( 'NONE',  ( 118.9083398447840949, 61.99274414244821685, 7.000000000000020428 ) ) ;
#883 = CARTESIAN_POINT ( 'NONE',  ( 80.77765789160524434, 55.52123460473893601, 5.947142697373598352 ) ) ;
#884 = CARTESIAN_POINT ( 'NONE',  ( 74.72741924273141478, 56.98008214689981088, 6.110936700422913148 ) ) ;
#885 = CARTESIAN_POINT ( 'NONE',  ( 117.9600493656802485, 44.08211957966588557, 6.528860511947709888 ) ) ;
#886 = CARTESIAN_POINT ( 'NONE',  ( 119.8296136980214044, 56.15203256552653244, 4.999999999999992006 ) ) ;
#887 = EDGE_LOOP ( 'NONE', ( #239, #2889 ) ) ;
#888 = CARTESIAN_POINT ( 'NONE',  ( 85.10801810512369059, 86.42104854871955411, 1.981137718762914668 ) ) ;
#889 = CARTESIAN_POINT ( 'NONE',  ( 106.7386266541508348, 77.82154071905364390, 2.381748000011913557 ) ) ;
#890 = CARTESIAN_POINT ( 'NONE',  ( 86.40483997717458919, 31.13117166380583001, 3.484550762954425895 ) ) ;
#891 = CARTESIAN_POINT ( 'NONE',  ( 101.8724020452701353, 71.17926774447829530, 6.024410993277955484 ) ) ;
#892 = ORIENTED_EDGE ( 'NONE', *, *, #2152, .T. ) ;
#893 = CARTESIAN_POINT ( 'NONE',  ( 92.09474394884433934, 25.15868401564272716, 1.000000000000000666 ) ) ;
#894 = CARTESIAN_POINT ( 'NONE',  ( 109.5658440611649951, 32.82699022038159598, 3.979640990996446970 ) ) ;
#895 = CARTESIAN_POINT ( 'NONE',  ( 57.87124270693171724, 47.32982270586723672, 1.000000000000000222 ) ) ;
#896 = ADVANCED_FACE ( 'NONE', ( #334 ), #536, .F. ) ;
#897 = CARTESIAN_POINT ( 'NONE',  ( 119.1270695906638366, 45.79111250838683134, 5.000000000000008882 ) ) ;
#898 = CARTESIAN_POINT ( 'NONE',  ( 64.00255753022666738, 52.30848160204066488, 3.020033051969102544 ) ) ;
#899 = CARTESIAN_POINT ( 'NONE',  ( 116.5116296735544950, 41.17471425804911433, 6.521262233406391218 ) ) ;
#900 = CARTESIAN_POINT ( 'NONE',  ( 80.74345912316844931, 47.66829965705312588, 5.937980765039495346 ) ) ;
#901 = EDGE_LOOP ( 'NONE', ( #1664, #454, #323, #1613, #1156, #2530 ) ) ;
#902 = CARTESIAN_POINT ( 'NONE',  ( 63.88802821210715166, 76.88621867836261004, 0.9626266905579154987 ) ) ;
#903 = CARTESIAN_POINT ( 'NONE',  ( 85.63855592371157854, 76.36163038447637064, 5.074900705512662036 ) ) ;
#904 = CARTESIAN_POINT ( 'NONE',  ( 111.1218124709544099, 69.72624070658636697, 5.032631304529686211 ) ) ;
#905 = CARTESIAN_POINT ( 'NONE',  ( 78.43845460702164019, 37.17177628391370803, 3.446740127598019399 ) ) ;
#906 = CARTESIAN_POINT ( 'NONE',  ( 112.2813891428452564, 28.38418281731530968, 1.000000000000004663 ) ) ;
#907 = VERTEX_POINT ( 'NONE', #974 ) ;
#908 = CARTESIAN_POINT ( 'NONE',  ( 122.0000018179416799, 43.96559952297486262, 6.999999999999999112 ) ) ;
#909 = CARTESIAN_POINT ( 'NONE',  ( 103.5239066986414969, 30.57437865065103466, 4.307366027520402874 ) ) ;
#910 = CARTESIAN_POINT ( 'NONE',  ( 117.8117263193732356, 63.86771298896486115, 6.999999999999996447 ) ) ;
#911 = CARTESIAN_POINT ( 'NONE',  ( 105.3125150214018078, 73.17381106513056466, 7.000000000000020428 ) ) ;
#912 = CARTESIAN_POINT ( 'NONE',  ( 86.60102917594288385, 65.98256392791635960, 5.944875981785607166 ) ) ;
#913 = CARTESIAN_POINT ( 'NONE',  ( 117.1672746726443819, 73.20149703141154873, 3.137113365258779929 ) ) ;
#914 = EDGE_CURVE ( 'NONE', #916, #938, #2780, .T. ) ;
#915 = CARTESIAN_POINT ( 'NONE',  ( 87.14104709457812703, 25.21580211989440556, 2.940610330069889145 ) ) ;
#916 = VERTEX_POINT ( 'NONE', #2764 ) ;
#917 = CARTESIAN_POINT ( 'NONE',  ( 71.73833700733156604, 74.64959737590115196, 3.022652041318168781 ) ) ;
#918 = CARTESIAN_POINT ( 'NONE',  ( 87.07698643832885921, 89.99247642720230544, 0.9470681889025809319 ) ) ;
#919 = CARTESIAN_POINT ( 'NONE',  ( 116.0783885587225797, 65.55911749489651186, 4.683891000944369054 ) ) ;
#920 = CARTESIAN_POINT ( 'NONE',  ( 78.16371492765961193, 48.89645763841139114, 5.131108129882510305 ) ) ;
#921 = CARTESIAN_POINT ( 'NONE',  ( 102.8363270036265362, 88.09928386626842212, 0.9999999999999993339 ) ) ;
#922 = ORIENTED_EDGE ( 'NONE', *, *, #1808, .T. ) ;
#923 = CARTESIAN_POINT ( 'NONE',  ( 98.80656062778913906, 25.52682074787428945, 1.000000000000000222 ) ) ;
#924 = CARTESIAN_POINT ( 'NONE',  ( 99.24421195769481585, 26.51192152204465202, 1.627252266062950925 ) ) ;
#925 = CARTESIAN_POINT ( 'NONE',  ( 88.46387065024127594, 21.45145216560969459, 0.9999999999999991118 ) ) ;
#926 = CARTESIAN_POINT ( 'NONE',  ( 113.2006437877015941, 66.85617994330094405, 5.726652601456104108 ) ) ;
#927 = CARTESIAN_POINT ( 'NONE',  ( 73.02700620596293390, 58.35480121418945032, 3.419775221899775453 ) ) ;
#928 = AXIS2_PLACEMENT_3D ( 'NONE', #240, #1354, #1539 ) ;
#929 = CARTESIAN_POINT ( 'NONE',  ( 120.0455984240689133, 59.67067173315489725, 6.883131188414039592 ) ) ;
#930 = PRODUCT_DEFINITION_SHAPE ( 'NONE', 'NONE',  #1827 ) ;
#931 = CARTESIAN_POINT ( 'NONE',  ( 80.45104772798919157, 49.56773279491302020, 5.941302392823029521 ) ) ;
#932 = ORIENTED_EDGE ( 'NONE', *, *, #2454, .T. ) ;
#933 = CARTESIAN_POINT ( 'NONE',  ( 88.84009965974578904, 70.99108673654316704, 7.130325156185753244 ) ) ;
#934 = CARTESIAN_POINT ( 'NONE',  ( 91.46185349994553349, 84.00516811027495123, 0.9999999999999997780 ) ) ;
#935 = CARTESIAN_POINT ( 'NONE',  ( 112.7980088856860306, 70.09088901620393131, 4.174877703565720743 ) ) ;
#936 = CARTESIAN_POINT ( 'NONE',  ( 80.43785230477359960, 51.63750708219794916, 5.983090416856398086 ) ) ;
#937 = CARTESIAN_POINT ( 'NONE',  ( 106.0426833474964923, 24.53262255027076577, 1.000000000000003331 ) ) ;
#938 = VERTEX_POINT ( 'NONE', #116 ) ;
#939 = CARTESIAN_POINT ( 'NONE',  ( 122.3464059855868982, 48.24767994627405443, 1.000000000000001776 ) ) ;
#940 = CARTESIAN_POINT ( 'NONE',  ( 101.3161721847901333, 29.06560218744249724, 3.392596301636658485 ) ) ;
#941 = CARTESIAN_POINT ( 'NONE',  ( 77.48763939986653781, 55.62834552186520654, 7.000000000000001776 ) ) ;
#942 = CARTESIAN_POINT ( 'NONE',  ( 122.0000018179416799, 43.96559952297486262, 8.000000000000000000 ) ) ;
#943 = CARTESIAN_POINT ( 'NONE',  ( 86.87711973546754507, 66.16520445805257111, 5.982275646341213005 ) ) ;
#944 = CARTESIAN_POINT ( 'NONE',  ( 123.3206271776027023, 69.23866722045521271, 0.8045087305580603809 ) ) ;
#945 = VERTEX_POINT ( 'NONE', #1005 ) ;
#946 = DIRECTION ( 'NONE',  ( 0.000000000000000000, 0.000000000000000000, 1.000000000000000000 ) ) ;
#947 = CARTESIAN_POINT ( 'NONE',  ( 74.89722642768792582, 77.65949793867433470, 3.021093418257148944 ) ) ;
#948 = CARTESIAN_POINT ( 'NONE',  ( 83.93516353397261298, 82.42835551506915692, 0.9999999999999991118 ) ) ;
#949 = CARTESIAN_POINT ( 'NONE',  ( 112.3720778744762328, 69.64244103506072747, 4.609938171547850239 ) ) ;
#950 = CARTESIAN_POINT ( 'NONE',  ( 65.29763203493499191, 45.00994915882999692, 0.8728043285877483681 ) ) ;
#951 = CARTESIAN_POINT ( 'NONE',  ( 118.9562403174440703, 76.16192947548194070, 0.9999999999999961142 ) ) ;
#952 = CARTESIAN_POINT ( 'NONE',  ( 118.6094498556591930, 70.44287212011933264, 0.9999999999999995559 ) ) ;
#953 = CARTESIAN_POINT ( 'NONE',  ( 96.70804238309393952, 32.08291265962086669, 5.949686390791568691 ) ) ;
#954 = CARTESIAN_POINT ( 'NONE',  ( 78.82351944369113994, 60.32837070383009603, 6.999999999999999112 ) ) ;
#955 = DIRECTION ( 'NONE',  ( 0.000000000000000000, 1.000000000000000000, 0.000000000000000000 ) ) ;
#956 = EDGE_CURVE ( 'NONE', #672, #2033, #1622, .T. ) ;
#957 = CARTESIAN_POINT ( 'NONE',  ( 65.38883292425938976, 64.36981146367362783, 0.8641499403647200372 ) ) ;
#958 = CARTESIAN_POINT ( 'NONE',  ( 119.7043739979272061, 69.68863138394226553, 3.103063877565439554 ) ) ;
#959 = VECTOR ( 'NONE', #160, 1000.000000000000000 ) ;
#960 = ORIENTED_EDGE ( 'NONE', *, *, #2386, .T. ) ;
#961 = CARTESIAN_POINT ( 'NONE',  ( 107.0000018179416799, 74.00000110268592834, -55.42914871850910430 ) ) ;
#962 = CIRCLE ( 'NONE', #1062, 31.90705758116726898 ) ;
#963 = CARTESIAN_POINT ( 'NONE',  ( 86.38918493865273263, 27.43694982799238247, 3.978900251927608434 ) ) ;
#964 = CARTESIAN_POINT ( 'NONE',  ( 107.0000018179416799, 74.00000110268592834, 6.999999999999999112 ) ) ;
#965 = CARTESIAN_POINT ( 'NONE',  ( 110.6180740097150448, 75.53916762253429340, 2.404117854443417190 ) ) ;
#966 = CARTESIAN_POINT ( 'NONE',  ( 70.90952003958373950, 35.26909058295001387, 0.8870024682048943676 ) ) ;
#967 = CARTESIAN_POINT ( 'NONE',  ( 125.5387157028492453, 59.61470396233799818, 0.9999999999999674705 ) ) ;
#968 = CARTESIAN_POINT ( 'NONE',  ( 104.9906584558823397, 70.94891006155016555, 5.872528623085235822 ) ) ;
#969 = CARTESIAN_POINT ( 'NONE',  ( 106.4731717274455747, 81.20375527121355219, 1.000000000000000000 ) ) ;
#970 = CARTESIAN_POINT ( 'NONE',  ( 99.74843602896447692, 29.33601056534407547, 3.808375371011303301 ) ) ;
#971 = COLOUR_RGB ( '',0.7921568627450980005, 0.8196078431372548767, 0.9333333333333333481 ) ;
#972 = B_SPLINE_CURVE_WITH_KNOTS ( 'NONE', 3,
 ( #507, #2027, #1398, #1630, #2719, #2303 ),
 .UNSPECIFIED., .F., .F.,
 ( 4, 2, 4 ),
 ( 0.1421072748201325231, 0.6424819011640460209, 1.142856527507959630 ),
 .UNSPECIFIED. ) ;
#973 = CARTESIAN_POINT ( 'NONE',  ( 80.38229331267309874, 51.48280031283039904, 5.000000000000007105 ) ) ;
#974 = CARTESIAN_POINT ( 'NONE',  ( 129.2987054580080439, 55.00000000000542144, 1.000000000000000888 ) ) ;
#975 =( GEOMETRIC_REPRESENTATION_CONTEXT ( 3 ) GLOBAL_UNCERTAINTY_ASSIGNED_CONTEXT ( ( #2491 ) ) GLOBAL_UNIT_ASSIGNED_CONTEXT ( ( #111, #2792, #2805 ) ) REPRESENTATION_CONTEXT ( 'NONE', 'WORKASPACE' ) );
#976 = CARTESIAN_POINT ( 'NONE',  ( 72.70134726538934444, 66.14768943500854448, 2.566698972753472141 ) ) ;
#977 = CARTESIAN_POINT ( 'NONE',  ( 118.4358243352858011, 71.44506420767690713, 3.120088621412109742 ) ) ;
#978 = EDGE_LOOP ( 'NONE', ( #2040, #525, #712, #2456, #226, #1414, #2470, #2324, #1331, #460 ) ) ;
#979 = CARTESIAN_POINT ( 'NONE',  ( 109.5158998087063082, 28.79483739500755846, 2.983299930673378952 ) ) ;
#980 = CARTESIAN_POINT ( 'NONE',  ( 121.8461090622138272, 44.77253342056803831, 3.961163533498289979 ) ) ;
#981 = CARTESIAN_POINT ( 'NONE',  ( 83.55844805205312298, 24.07433275150473762, 1.922624993314991926 ) ) ;
#982 = CARTESIAN_POINT ( 'NONE',  ( 69.10670757912117779, 38.32397285842005630, 1.000000000000000000 ) ) ;
#983 = CARTESIAN_POINT ( 'NONE',  ( 117.8815134035059202, 61.71822694353455319, 5.198895519777249064 ) ) ;
#984 = CARTESIAN_POINT ( 'NONE',  ( 75.19540195481978628, 51.28795872696748148, 4.275460051723626087 ) ) ;
#985 = CARTESIAN_POINT ( 'NONE',  ( 98.55611596149103093, 28.00744384744102788, 5.360823036859729385 ) ) ;
#986 = CARTESIAN_POINT ( 'NONE',  ( 80.38229331267332611, 51.88699077075077781, 5.944029274450748801 ) ) ;
#987 = CARTESIAN_POINT ( 'NONE',  ( 101.7876812770050066, 28.13381835015387367, 2.523872876731763526 ) ) ;
#988 = CARTESIAN_POINT ( 'NONE',  ( 78.82351944369113994, 60.32837070383009603, 6.999999999999999112 ) ) ;
#989 =( LENGTH_UNIT ( ) NAMED_UNIT ( * ) SI_UNIT ( .MILLI., .METRE. ) );
#990 = AXIS2_PLACEMENT_3D ( 'NONE', #2836, #373, #387 ) ;
#991 = CARTESIAN_POINT ( 'NONE',  ( 76.59414115920806410, 60.59116728788050210, 4.271230452356702401 ) ) ;
#992 = CARTESIAN_POINT ( 'NONE',  ( 121.1252041522029401, 48.17142493916287549, 7.091797122724162072 ) ) ;
#993 = ADVANCED_FACE ( 'NONE', ( #1457 ), #2797, .T. ) ;
#994 = VERTEX_POINT ( 'NONE', #942 ) ;
#995 = CARTESIAN_POINT ( 'NONE',  ( 111.6895820592986581, 27.60780635571838459, 0.7188642607851619681 ) ) ;
#996 = CARTESIAN_POINT ( 'NONE',  ( 122.4955168393893530, 46.98978991712717601, 3.970319141584186085 ) ) ;
#997 = CARTESIAN_POINT ( 'NONE',  ( 79.82545075759421138, 27.95473137779020334, 2.972964432074518548 ) ) ;
#998 = DIRECTION ( 'NONE',  ( 0.000000000000000000, 0.000000000000000000, -1.000000000000000000 ) ) ;
#999 = CARTESIAN_POINT ( 'NONE',  ( 117.2895991837007301, 72.94533438457700925, 0.7251344743162080331 ) ) ;
#1000 = CARTESIAN_POINT ( 'NONE',  ( 97.56208192720063721, 30.85703307599816370, 7.619559538665453324 ) ) ;
#1001 = CARTESIAN_POINT ( 'NONE',  ( 115.1811244112907389, 38.55473309263162918, 5.000000000000031974 ) ) ;
#1002 = CARTESIAN_POINT ( 'NONE',  ( 91.92455298572424738, 30.81322015602289000, 4.373182126225778177 ) ) ;
#1003 = CARTESIAN_POINT ( 'NONE',  ( 110.0203181466895899, 76.78535817882283254, 4.318406074934153516 ) ) ;
#1004 = CARTESIAN_POINT ( 'NONE',  ( 78.76458480740453183, 59.00000110268592834, 8.000000000000000000 ) ) ;
#1005 = CARTESIAN_POINT ( 'NONE',  ( 107.0000018179416799, 28.96559952297486618, 6.999999999999999112 ) ) ;
#1006 = CARTESIAN_POINT ( 'NONE',  ( 94.57855645314718629, 70.48167252646597092, 5.996830329611167798 ) ) ;
#1007 = CARTESIAN_POINT ( 'NONE',  ( 124.3557595877948074, 61.25680266132887652, 1.878377200631680344 ) ) ;
#1008 = EDGE_CURVE ( 'NONE', #467, #755, #364, .T. ) ;
#1009 = CARTESIAN_POINT ( 'NONE',  ( 121.7432580816159202, 38.90275031623925628, 0.6454802889637045737 ) ) ;
#1010 = CARTESIAN_POINT ( 'NONE',  ( 78.56225000396396752, 34.92884109069368037, 5.050471259353561670 ) ) ;
#1011 = CARTESIAN_POINT ( 'NONE',  ( 95.76178917165968585, 32.01016141869474296, 5.753587553767955498 ) ) ;
#1012 = CARTESIAN_POINT ( 'NONE',  ( 117.5303910872209059, 64.31236116540073056, 4.269568319582219829 ) ) ;
#1013 = CARTESIAN_POINT ( 'NONE',  ( 101.3002344644939399, 28.22130000866426158, 5.326366675596629463 ) ) ;
#1014 = CARTESIAN_POINT ( 'NONE',  ( 113.7011035602432827, 36.90109663612108193, 5.000000000000007105 ) ) ;
#1015 = CARTESIAN_POINT ( 'NONE',  ( 91.97901015218000964, 31.16697346155184789, 4.588427622950939977 ) ) ;
#1016 = CARTESIAN_POINT ( 'NONE',  ( 97.20781659874369041, 86.69836568000449972, 2.090565154973778039 ) ) ;
#1017 = CARTESIAN_POINT ( 'NONE',  ( 103.9599181520510314, 73.51971144312156525, 6.999999999999995559 ) ) ;
#1018 = DIRECTION ( 'NONE',  ( 1.000000000000000000, 0.000000000000000000, 0.000000000000000000 ) ) ;
#1019 = VECTOR ( 'NONE', #955, 1000.000000000000000 ) ;
#1020 = CARTESIAN_POINT ( 'NONE',  ( 88.41585544686887488, 73.29065064648956707, 4.280015766157543311 ) ) ;
#1021 = CARTESIAN_POINT ( 'NONE',  ( 122.7239790179826571, 54.77020184026402205, 4.600898641366367947 ) ) ;
#1022 = CARTESIAN_POINT ( 'NONE',  ( 120.0485878431859845, 40.62553453139118886, 3.955443906349287442 ) ) ;
#1023 = CARTESIAN_POINT ( 'NONE',  ( 73.57295989162432193, 29.00853138427107325, 1.956999032560372775 ) ) ;
#1024 = CARTESIAN_POINT ( 'NONE',  ( 55.70129454199134500, 55.00000000000541434, 1.000000000000000888 ) ) ;
#1025 = CARTESIAN_POINT ( 'NONE',  ( 116.7830489503155036, 69.51180437302645032, 2.467070790008166536 ) ) ;
#1026 = CARTESIAN_POINT ( 'NONE',  ( 97.03627896937480557, 28.72112317857230934, 5.943465782781625073 ) ) ;
#1027 = ADVANCED_FACE ( 'NONE', ( #142 ), #1688, .T. ) ;
#1028 = CARTESIAN_POINT ( 'NONE',  ( 106.7685980017256639, 71.26655982218115071, 5.425646945136347377 ) ) ;
#1029 = DIRECTION ( 'NONE',  ( 1.000000000000000000, 0.000000000000000000, -0.000000000000000000 ) ) ;
#1030 = CARTESIAN_POINT ( 'NONE',  ( 113.5225627507183077, 67.61429987470629044, 7.637847243375730066 ) ) ;
#1031 = CARTESIAN_POINT ( 'NONE',  ( 88.97564251083973375, 71.50957447872228556, 7.000000000000003553 ) ) ;
#1032 = CYLINDRICAL_SURFACE ( 'NONE', #337, 20.00000000000000355 ) ;
#1033 = CARTESIAN_POINT ( 'NONE',  ( 74.49204363521695882, 73.60121867581085553, 1.716683511304310406 ) ) ;
#1034 = CARTESIAN_POINT ( 'NONE',  ( 125.1011153713833863, 55.96170363576699458, 1.832444394271844468 ) ) ;
#1035 = CARTESIAN_POINT ( 'NONE',  ( 112.8329784708419794, 34.90254366401718045, 3.590273519400438040 ) ) ;
#1036 = CARTESIAN_POINT ( 'NONE',  ( 121.3260337747762065, 45.17818146205690510, 5.036171714080226458 ) ) ;
#1037 = CARTESIAN_POINT ( 'NONE',  ( 71.97446122267552937, 38.80816432690189544, 4.034909090148016908 ) ) ;
#1038 = CARTESIAN_POINT ( 'NONE',  ( 64.76335800576198665, 48.98881829655383768, 1.000000000000000666 ) ) ;
#1039 = CARTESIAN_POINT ( 'NONE',  ( 118.2413422684421249, 62.80382592393757335, 4.298963299750371725 ) ) ;
#1040 = CARTESIAN_POINT ( 'NONE',  ( 94.93363252455522172, 26.44070125248886072, 4.263926980673963918 ) ) ;
#1041 = APPLICATION_CONTEXT ( 'automotive_design' ) ;
#1042 = DIRECTION ( 'NONE',  ( 1.000000000000000000, 0.000000000000000000, 0.000000000000000000 ) ) ;
#1043 = CARTESIAN_POINT ( 'NONE',  ( 91.66648185841683016, 29.02357263588779546, 3.290854561712969417 ) ) ;
#1044 = ADVANCED_FACE ( 'NONE', ( #838 ), #1032, .F. ) ;
#1045 = CARTESIAN_POINT ( 'NONE',  ( 113.4124097004309277, 68.68403760577804462, 7.097380125684957797 ) ) ;
#1046 = CARTESIAN_POINT ( 'NONE',  ( 121.0209004185422117, 47.22235614722579555, 6.999999999999965361 ) ) ;
#1047 = B_SPLINE_CURVE_WITH_KNOTS ( 'NONE', 3,
 ( #1586, #2010, #893, #22, #1759, #2701, #210, #923, #2479, #475, #2659, #415, #430, #255, #1150, #1526, #2199, #1104, #1994, #52, #504, #1178, #1163, #268, #1396, #2055, #2069, #939, #1847, #1614, #299, #705, #734, #1600, #720, #1408, #2288, #283, #2495, #65, #1628, #2745, #95, #1191, #2301, #952, #2510, #490, #2524, #1834, #2538, #2731, #1382, #2082, #519, #2273, #79, #969, #1865, #2761, #749, #1643, #533, #1424, #317, #2316 ),
 .UNSPECIFIED., .F., .F.,
 ( 4, 2, 2, 2, 2, 2, 2, 2, 2, 2, 2, 2, 2, 2, 2, 2, 2, 2, 2, 2, 2, 2, 2, 2, 2, 2, 2, 2, 2, 2, 2, 2, 4 ),
 ( 0.09319781351639455647, 0.09464860836286587142, 0.09609940320933720026, 0.09900099290227983018, 0.1048041722881651039, 0.1106073516740503915, 0.1135089413669930214, 0.1164105310599356652, 0.1222137104458209667, 0.1236645052922923094, 0.1251153001387636521, 0.1280168898317063375, 0.1338200692175916806, 0.1352708640640630233, 0.1367216589105343383, 0.1396232486034769682, 0.1425248382964196536, 0.1439756331428909686, 0.1454264279893623391, 0.1512296073752476822, 0.1541311970681903398, 0.1555819919146617103, 0.1570327867611330808, 0.1628359661470183961, 0.1642867609934897111, 0.1657375558399610260, 0.1686391455329036559, 0.1715407352258462859, 0.1744423249187889158, 0.1773439146117315734, 0.1802455043046742311, 0.1831470939976168610, 0.1860486836905594910 ),
 .UNSPECIFIED. ) ;
#1048 = CARTESIAN_POINT ( 'NONE',  ( 89.83591257090273530, 73.83257653876182758, 4.282196738155832350 ) ) ;
#1049 = CARTESIAN_POINT ( 'NONE',  ( 102.4879110996725160, 78.54157719797767356, 4.921416320581331938 ) ) ;
#1050 = EDGE_CURVE ( 'NONE', #2752, #916, #1499, .T. ) ;
#1051 = CARTESIAN_POINT ( 'NONE',  ( 120.8070238553997768, 43.07989331757642049, 0.9674856628257265667 ) ) ;
#1052 = CARTESIAN_POINT ( 'NONE',  ( 109.4513319314419277, 30.41103110454931269, 4.645148036892194021 ) ) ;
#1053 = CARTESIAN_POINT ( 'NONE',  ( 68.34486371834563556, 38.80316904584610427, 3.007512970310474820 ) ) ;
#1054 = DIRECTION ( 'NONE',  ( 0.000000000000000000, 0.000000000000000000, 1.000000000000000000 ) ) ;
#1055 = CARTESIAN_POINT ( 'NONE',  ( 122.4838820420502117, 53.53215881459785663, 1.789984468693054387 ) ) ;
#1056 = CARTESIAN_POINT ( 'NONE',  ( 93.76458480740453183, 59.00000110268592834, 6.999999999999999112 ) ) ;
#1057 = VECTOR ( 'NONE', #1248, 1000.000000000000000 ) ;
#1058 = CARTESIAN_POINT ( 'NONE',  ( 93.76458480740453183, 74.00000110268592834, -55.42914871850910430 ) ) ;
#1059 = FACE_OUTER_BOUND ( 'NONE', #887, .T. ) ;
#1060 = CARTESIAN_POINT ( 'NONE',  ( 104.7667032022444857, 77.88142824529776931, 4.912470251449619241 ) ) ;
#1061 = CARTESIAN_POINT ( 'NONE',  ( 94.00238445965099743, 77.37080898899559145, 3.439266721757771705 ) ) ;
#1062 = AXIS2_PLACEMENT_3D ( 'NONE', #2596, #1725, #2165 ) ;
#1063 = CARTESIAN_POINT ( 'NONE',  ( 121.4039156977876956, 50.46366465020470571, 7.000000000000012434 ) ) ;
#1064 = CARTESIAN_POINT ( 'NONE',  ( 79.56773053353666114, 70.44486639884810586, 3.420904681969574757 ) ) ;
#1065 = CARTESIAN_POINT ( 'NONE',  ( 81.26099627634975775, 88.60678137883272143, 1.000000000000000888 ) ) ;
#1066 = CARTESIAN_POINT ( 'NONE',  ( 112.8206621610025735, 36.69850881783953156, 5.925839665165657522 ) ) ;
#1067 = CARTESIAN_POINT ( 'NONE',  ( 111.2309006355250744, 29.79942221974825856, 2.962880698287069681 ) ) ;
#1068 = CARTESIAN_POINT ( 'NONE',  ( 69.61485558764546511, 37.02395554558757595, 3.004216569194079423 ) ) ;
#1069 = CARTESIAN_POINT ( 'NONE',  ( 107.9734378496766851, 32.96474771975315576, 5.131113063110227301 ) ) ;
#1070 = CARTESIAN_POINT ( 'NONE',  ( 120.5021878985661203, 48.33175002218453642, 3.638226316670052363 ) ) ;
#1071 = CARTESIAN_POINT ( 'NONE',  ( 92.62574884732519820, 30.31762528934911671, 6.558149396464094671 ) ) ;
#1072 = CARTESIAN_POINT ( 'NONE',  ( 85.02600182754407854, 83.11168320127720222, 3.013217611023867537 ) ) ;
#1073 = CIRCLE ( 'NONE', #2708, 15.00000000000000000 ) ;
#1074 = CARTESIAN_POINT ( 'NONE',  ( 104.8020231210501834, 76.65028852929768277, 3.241828039002824902 ) ) ;
#1075 = CARTESIAN_POINT ( 'NONE',  ( 89.07492421964558105, 31.78174979161099856, 4.349745959531800210 ) ) ;
#1076 = CARTESIAN_POINT ( 'NONE',  ( 110.5057744020973729, 84.50852425925707223, 0.9138406879616153278 ) ) ;
#1077 = CARTESIAN_POINT ( 'NONE',  ( 94.39515094715409305, 82.05130352886148160, 1.738112856372145520 ) ) ;
#1078 = CARTESIAN_POINT ( 'NONE',  ( 104.7877549580720284, 29.10826387978904251, 2.562589319563445489 ) ) ;
#1079 = CARTESIAN_POINT ( 'NONE',  ( 109.2538174243113076, 70.27706271318112385, 7.702741156302659320 ) ) ;
#1080 = CARTESIAN_POINT ( 'NONE',  ( 120.5720529539631798, 44.46415369660868322, 1.849420166799169873 ) ) ;
#1081 = CARTESIAN_POINT ( 'NONE',  ( 110.6565734024467957, 33.13013998721618947, 7.270139527893709541 ) ) ;
#1082 = CARTESIAN_POINT ( 'NONE',  ( 57.69162777867992986, 47.76084252120028850, 0.9568951829995211433 ) ) ;
#1083 = DIRECTION ( 'NONE',  ( -0.000000000000000000, -0.000000000000000000, -1.000000000000000000 ) ) ;
#1084 = CARTESIAN_POINT ( 'NONE',  ( 120.7322670007802259, 53.41056254446576190, 4.027461307255052247 ) ) ;
#1085 = DIRECTION ( 'NONE',  ( -1.000000000000000000, 0.000000000000000000, -0.000000000000000000 ) ) ;
#1086 = CARTESIAN_POINT ( 'NONE',  ( 81.70450958334014047, 85.46167860656987614, 1.984430244044085523 ) ) ;
#1087 = CARTESIAN_POINT ( 'NONE',  ( 107.5945307357699079, 73.60304670669678728, 4.124595730659477155 ) ) ;
#1088 = CARTESIAN_POINT ( 'NONE',  ( 80.66151995506102423, 32.37594172226079792, 2.609956837662103624 ) ) ;
#1089 = CARTESIAN_POINT ( 'NONE',  ( 115.8149333164395500, 70.78557578572707598, 4.828413772117064795 ) ) ;
#1090 = CARTESIAN_POINT ( 'NONE',  ( 106.2384731537603102, 71.93483392066383431, 5.185520614094966341 ) ) ;
#1091 = VERTEX_POINT ( 'NONE', #2615 ) ;
#1092 = CARTESIAN_POINT ( 'NONE',  ( 105.2637429614224942, 30.68782989415904794, 3.895416567354987425 ) ) ;
#1093 = CARTESIAN_POINT ( 'NONE',  ( 62.67193808788458398, 74.80980648690200496, 0.9999999999999997780 ) ) ;
#1094 = CARTESIAN_POINT ( 'NONE',  ( 116.6029173315987180, 39.15173321148088803, 3.650937078062593155 ) ) ;
#1095 = CARTESIAN_POINT ( 'NONE',  ( 67.95361263582361744, 48.69365037814090158, 4.047280031341846218 ) ) ;
#1096 = CARTESIAN_POINT ( 'NONE',  ( 120.0026532558084256, 52.30258417445248398, 5.429572012279391124 ) ) ;
#1097 = DIRECTION ( 'NONE',  ( 0.000000000000000000, 0.000000000000000000, 1.000000000000000000 ) ) ;
#1098 = CARTESIAN_POINT ( 'NONE',  ( 92.81236549338511566, 81.53870283477222358, 4.033410862398862484 ) ) ;
#1099 = CARTESIAN_POINT ( 'NONE',  ( 105.5901320099037690, 74.45859948058031819, 4.112375109597596001 ) ) ;
#1100 = CARTESIAN_POINT ( 'NONE',  ( 78.12206172222187206, 31.65491944263288460, 1.754423187435304898 ) ) ;
#1101 = CARTESIAN_POINT ( 'NONE',  ( 112.3401917401725001, 83.11333207603684059, 0.9046532178093383836 ) ) ;
#1102 = CARTESIAN_POINT ( 'NONE',  ( 98.97516402514263234, 77.39574702642933346, 3.451499071803258545 ) ) ;
#1103 = AXIS2_PLACEMENT_3D ( 'NONE', #26, #1658, #2900 ) ;
#1104 = CARTESIAN_POINT ( 'NONE',  ( 116.8603453064425537, 36.58142042745350153, 0.9999999999999947820 ) ) ;
#1105 = CARTESIAN_POINT ( 'NONE',  ( 108.6477456807141095, 30.11029412106054792, 1.735294699592955681 ) ) ;
#1106 = CARTESIAN_POINT ( 'NONE',  ( 90.66411751977200595, 90.09955525816522481, 1.000000000000000222 ) ) ;
#1107 = CARTESIAN_POINT ( 'NONE',  ( 94.19033417765065508, 70.51731091792855466, 5.929363410312499916 ) ) ;
#1108 = CARTESIAN_POINT ( 'NONE',  ( 56.80637452153001021, 59.11836763723129451, 0.9617696471735674990 ) ) ;
#1109 = CARTESIAN_POINT ( 'NONE',  ( 120.0564081942023051, 49.73761467097997979, 5.014798517278729051 ) ) ;
#1110 = CARTESIAN_POINT ( 'NONE',  ( 78.76458480740453183, 43.96559952297486262, 8.000000000000000000 ) ) ;
#1111 = ORIENTED_EDGE ( 'NONE', *, *, #2549, .F. ) ;
#1112 = CARTESIAN_POINT ( 'NONE',  ( 85.19440477389356658, 79.74088654395575304, 4.043782745818259805 ) ) ;
#1113 = CARTESIAN_POINT ( 'NONE',  ( 110.1295755353175707, 68.77171047984927554, 5.902537352073843557 ) ) ;
#1114 = CARTESIAN_POINT ( 'NONE',  ( 82.34407175974419602, 29.13764127992266495, 1.770894761537895379 ) ) ;
#1115 = CARTESIAN_POINT ( 'NONE',  ( 108.6286583641850285, 85.64897216845361072, 0.9210133005984679766 ) ) ;
#1116 = CARTESIAN_POINT ( 'NONE',  ( 85.60350643882664201, 80.56828867033247832, 1.725509342408574787 ) ) ;
#1117 = EDGE_CURVE ( 'NONE', #1782, #681, #2767, .T. ) ;
#1118 = ORIENTED_EDGE ( 'NONE', *, *, #2675, .F. ) ;
#1119 = CYLINDRICAL_SURFACE ( 'NONE', #2188, 36.79870545800834947 ) ;
#1120 = CARTESIAN_POINT ( 'NONE',  ( 106.6956719838827041, 31.34253876933436445, 3.922664910272759098 ) ) ;
#1121 = CARTESIAN_POINT ( 'NONE',  ( 56.88685482560568119, 55.15259799697567189, 1.000000000000000000 ) ) ;
#1122 = CARTESIAN_POINT ( 'NONE',  ( 120.0386648655429838, 50.09497396416450954, 5.000000000000007994 ) ) ;
#1123 = CARTESIAN_POINT ( 'NONE',  ( 61.07676860106668215, 62.09547073217083124, 1.993017346687188107 ) ) ;
#1124 = CARTESIAN_POINT ( 'NONE',  ( 117.4686618480415490, 42.24296377227490495, 5.541276592071588958 ) ) ;
#1125 = DIRECTION ( 'NONE',  ( 1.000000000000000000, 0.000000000000000000, 0.000000000000000000 ) ) ;
#1126 = ORIENTED_EDGE ( 'NONE', *, *, #1008, .F. ) ;
#1127 = CARTESIAN_POINT ( 'NONE',  ( 71.65179715353245626, 68.48972253283778855, 4.053160726906765099 ) ) ;
#1128 = CARTESIAN_POINT ( 'NONE',  ( 102.9911523731223753, 73.49546089743751054, 7.090020846956580414 ) ) ;
#1129 = CARTESIAN_POINT ( 'NONE',  ( 101.6266618185113373, 77.55543769760355133, 3.228982587778215230 ) ) ;
#1130 = CARTESIAN_POINT ( 'NONE',  ( 85.21677561046674043, 38.83337267839990403, 6.017064115935809809 ) ) ;
#1131 = CARTESIAN_POINT ( 'NONE',  ( 100.1445092725697492, 79.35784901841319083, 2.601555412216745022 ) ) ;
#1132 = ORIENTED_EDGE ( 'NONE', *, *, #774, .F. ) ;
#1133 = EDGE_CURVE ( 'NONE', #2294, #1183, #1574, .T. ) ;
#1134 = FACE_BOUND ( 'NONE', #58, .T. ) ;
#1135 = CARTESIAN_POINT ( 'NONE',  ( 105.6185362076584653, 30.37765125874532757, 3.458381838582401002 ) ) ;
#1136 = CARTESIAN_POINT ( 'NONE',  ( 113.5212018187065866, 68.73420108837899534, 7.000000000000000000 ) ) ;
#1137 = CARTESIAN_POINT ( 'NONE',  ( 116.5082014159283261, 63.34041517158986778, 5.555698789230519630 ) ) ;
#1138 = FACE_OUTER_BOUND ( 'NONE', #248, .T. ) ;
#1139 = CARTESIAN_POINT ( 'NONE',  ( 121.2952801254440658, 53.26956179942371250, 7.208392315810706386 ) ) ;
#1140 = CARTESIAN_POINT ( 'NONE',  ( 60.52127615958690399, 51.40839175996102739, 1.989369885233373880 ) ) ;
#1141 = CARTESIAN_POINT ( 'NONE',  ( 60.58893379066667961, 55.15951471132751749, 1.000000000000000000 ) ) ;
#1142 = EDGE_LOOP ( 'NONE', ( #2090, #1888, #1988, #1553 ) ) ;
#1143 = B_SPLINE_SURFACE_WITH_KNOTS ( 'NONE', 3, 3, ( 
 ( #260, #2518, #665, #1155, #1577, #453, #2032 ),
 ( #513, #1345, #2046, #2016, #1561, #2503, #2455 ),
 ( #497, #2282, #466, #2235, #232, #13, #2692 ),
 ( #1359, #247, #29, #277, #915, #1903, #2121 ),
 ( #1638, #1667, #2327, #963, #528, #1475, #1653 ),
 ( #582, #1462, #2801, #570, #1891, #981, #1219 ),
 ( #1233, #2371, #2076, #326, #2109, #1417, #786 ),
 ( #2563, #1692, #2591, #1185, #2547, #1680, #107 ),
 ( #352, #1434, #2343, #2578, #997, #2787, #307 ),
 ( #120, #772, #1202, #2755, #72, #2356, #1858 ),
 ( #558, #542, #1449, #743, #1247, #2134, #2533 ),
 ( #339, #2093, #1010, #2310, #133, #1023, #1915 ),
 ( #2815, #758, #89, #799, #1875, #2772, #814 ),
 ( #1300, #2426, #609, #597, #2829, #830, #1972 ),
 ( #1489, #2872, #1707, #2411, #871, #1957, #2161 ),
 ( #1721, #2607, #2204, #1037, #1068, #2385, #1544 ),
 ( #636, #366, #2857, #1286, #1053, #378, #1928 ),
 ( #1273, #1749, #159, #2843, #1985, #1943, #2620 ),
 ( #858, #2649, #2190, #1502, #188, #1531, #2398 ),
 ( #422, #392, #1315, #2175, #1260, #174, #201 ),
 ( #2886, #843, #1735, #1095, #1764, #2635, #2663 ),
 ( #2148, #147, #649, #623, #1516, #406, #1082 ),
 ( #2031, #1576, #11, #465, #898, #1140, #246 ),
 ( #1343, #884, #2691, #28, #2014, #1792, #678 ),
 ( #2468, #2438, #1358, #2452, #2216, #1779, #663 ),
 ( #2901, #434, #2249, #2677, #1327, #215, #1108 ),
 ( #1999, #1559, #451, #2233, #230, #1123, #1361 ),
 ( #2457, #2473, #46, #1172, #2252, #2237, #1563 ),
 ( #262, #2034, #234, #1608, #455, #1157, #291 ),
 ( #667, #249, #1348, #1127, #2063, #498, #2283 ),
 ( #1811, #1594, #1579, #714, #1403, #2018, #15 ),
 ( #483, #2519, #514, #2296, #468, #2504, #31 ),
 ( #60, #1144, #2048, #1391, #917, #2710, #902 ),
 ( #933, #699, #1795, #2694, #1966, #278, #2867 ),
 ( #2488, #1376, #2267, #853, #947, #1842, #1744 ),
 ( #2739, #682, #2644, #1828, #729, #1623, #2724 ),
 ( #2442, #2681, #903, #2221, #1976, #862, #178 ),
 ( #653, #1783, #2877, #2861, #2180, #192, #1332 ),
 ( #396, #2639, #219, #1112, #1507, #2402, #1318 ),
 ( #438, #614, #1564, #1290, #2194, #2625, #2003 ),
 ( #668, #235, #2207, #1520, #1072, #1086, #1961 ),
 ( #425, #848, #1739, #640, #1, #627, #205 ),
 ( #410, #2415, #1304, #456, #1753, #888, #2653 ),
 ( #1349, #1534, #2429, #1098, #2458, #2238, #1548 ),
 ( #1128, #2019, #1989, #16, #2890, #875, #1768 ),
 ( #2667, #47, #1186, #1203, #529, #700, #918 ),
 ( #2077, #683, #1580, #499, #484, #1624, #2695 ),
 ( #2474, #1377, #90, #515, #2284, #1859, #2311 ),
 ( #1595, #469, #263, #2253, #744, #1362, #2505 ) ),
 .UNSPECIFIED., .F., .F., .F.,
 ( 4, 3, 3, 3, 3, 3, 3, 3, 3, 3, 3, 3, 3, 3, 3, 3, 4 ),
 ( 4, 3, 4 ),
 ( 0.5000000000000000000, 0.5312500000000000000, 0.5625000000000001110, 0.5937500000000002220, 0.6250000000000002220, 0.6562500000000002220, 0.6875000000000003331, 0.7187500000000004441, 0.7500000000000004441, 0.7812500000000004441, 0.8125000000000005551, 0.8437500000000006661, 0.8750000000000006661, 0.9062500000000006661, 0.9375000000000007772, 0.9687500000000008882, 1.000000000000000888 ),
 ( 0.1359942743049422920, 0.6515239844193191354, 1.167053694533696007 ),
 .UNSPECIFIED. ) ;
#1144 = CARTESIAN_POINT ( 'NONE',  ( 83.52091011005559551, 71.31577691283979448, 6.108623295898381045 ) ) ;
#1145 = DIRECTION ( 'NONE',  ( -1.000000000000000000, 0.000000000000000000, 0.000000000000000000 ) ) ;
#1146 = CARTESIAN_POINT ( 'NONE',  ( 112.7072795114470836, 67.69738582426273865, 5.496083733814917771 ) ) ;
#1147 = CARTESIAN_POINT ( 'NONE',  ( 69.40881662996726220, 42.03438331422550789, 1.728066018370370882 ) ) ;
#1148 = CARTESIAN_POINT ( 'NONE',  ( 114.4383711270157136, 81.21952676723716991, 1.000000000000006883 ) ) ;
#1149 = ORIENTED_EDGE ( 'NONE', *, *, #1719, .F. ) ;
#1150 = CARTESIAN_POINT ( 'NONE',  ( 111.8247874446856684, 31.46478966443878988, 1.000000000000003331 ) ) ;
#1151 = CARTESIAN_POINT ( 'NONE',  ( 100.3284292660090813, 27.80799627289604103, 2.506908007623569024 ) ) ;
#1152 = CARTESIAN_POINT ( 'NONE',  ( 76.57911605056347071, 24.65393680283684574, 1.000000000000001110 ) ) ;
#1153 = CARTESIAN_POINT ( 'NONE',  ( 109.2139249253302182, 69.49969413711924915, 5.822837470593425380 ) ) ;
#1154 = CARTESIAN_POINT ( 'NONE',  ( 118.7687264419446223, 64.61007938459431443, 5.873045960891512429 ) ) ;
#1155 = CARTESIAN_POINT ( 'NONE',  ( 91.27164134172284093, 26.25577530820689987, 3.949205950126285725 ) ) ;
#1156 = ORIENTED_EDGE ( 'NONE', *, *, #2242, .T. ) ;
#1157 = CARTESIAN_POINT ( 'NONE',  ( 62.63309269726620698, 67.12981779924687942, 1.993591034148152419 ) ) ;
#1158 = CARTESIAN_POINT ( 'NONE',  ( 92.91844237932822637, 84.08156071686234156, 1.000000000000000000 ) ) ;
#1159 = CARTESIAN_POINT ( 'NONE',  ( 113.0302361477021691, 77.60669265503229042, 0.6855354546232705903 ) ) ;
#1160 = CARTESIAN_POINT ( 'NONE',  ( 71.65903079804121489, 43.34161311059865795, 2.578763572019830086 ) ) ;
#1161 = CARTESIAN_POINT ( 'NONE',  ( 125.7716500952212613, 56.22149376453207736, 1.000000000000055955 ) ) ;
#1162 = ORIENTED_EDGE ( 'NONE', *, *, #810, .T. ) ;
#1163 = CARTESIAN_POINT ( 'NONE',  ( 119.2673719664676213, 40.19645928326882967, 0.9999999999999856781 ) ) ;
#1164 = CARTESIAN_POINT ( 'NONE',  ( 97.11439062874575257, 29.74347141274272843, 4.209908204420073297 ) ) ;
#1165 = LINE ( 'NONE', #1805, #1446 ) ;
#1166 = DIRECTION ( 'NONE',  ( 0.000000000000000000, 0.000000000000000000, 1.000000000000000000 ) ) ;
#1167 = CARTESIAN_POINT ( 'NONE',  ( 85.72784744208846064, 65.03611834723560037, 5.981123439923024421 ) ) ;
#1168 = CIRCLE ( 'NONE', #1584, 15.00000000000000000 ) ;
#1169 = CARTESIAN_POINT ( 'NONE',  ( 120.0748104244826635, 64.76691534047442644, 4.746555417394572984 ) ) ;
#1170 = VERTEX_POINT ( 'NONE', #620 ) ;
#1171 = CARTESIAN_POINT ( 'NONE',  ( 80.95094607138116771, 46.72286670361707195, 5.936148117551458547 ) ) ;
#1172 = CARTESIAN_POINT ( 'NONE',  ( 69.67250407173219173, 64.43587087548317527, 4.053220284645714599 ) ) ;
#1173 = CARTESIAN_POINT ( 'NONE',  ( 76.25125140917481303, 78.42200822471933463, 1.000000000000000444 ) ) ;
#1174 = CARTESIAN_POINT ( 'NONE',  ( 114.4251350433436443, 69.46702715534554784, 3.757126743504655586 ) ) ;
#1175 = CARTESIAN_POINT ( 'NONE',  ( 75.38639056514070091, 49.44086383295899623, 4.277174808639853332 ) ) ;
#1176 = CARTESIAN_POINT ( 'NONE',  ( 108.4928306645548872, 85.46717753260496409, 1.000000000000001998 ) ) ;
#1177 = EDGE_CURVE ( 'NONE', #2227, #1788, #707, .T. ) ;
#1178 = CARTESIAN_POINT ( 'NONE',  ( 118.7833396758663156, 39.36481221415242260, 1.000000000000004885 ) ) ;
#1179 = CARTESIAN_POINT ( 'NONE',  ( 100.8466261175125851, 29.99782980845064273, 4.261966022362543072 ) ) ;
#1180 = CARTESIAN_POINT ( 'NONE',  ( 77.23690357547499730, 50.73254463068639808, 7.000000000000000000 ) ) ;
#1181 = CARTESIAN_POINT ( 'NONE',  ( 80.77181267733068637, 54.84905025677838353, 5.980642256675753110 ) ) ;
#1182 = CARTESIAN_POINT ( 'NONE',  ( 121.0360670027468046, 58.15404792181268334, 6.299558321461134369 ) ) ;
#1183 = VERTEX_POINT ( 'NONE', #1996 ) ;
#1184 = CARTESIAN_POINT ( 'NONE',  ( 81.07249281294208743, 46.25172943149007665, 5.935186248404205500 ) ) ;
#1185 = CARTESIAN_POINT ( 'NONE',  ( 82.38353547568890178, 29.17140442249527510, 3.998286228933764619 ) ) ;
#1186 = CARTESIAN_POINT ( 'NONE',  ( 98.33053466244585650, 78.83188555774486872, 5.053163420654675164 ) ) ;
#1187 = CARTESIAN_POINT ( 'NONE',  ( 106.6519973496637732, 79.92088309181713157, 1.515856685981457064 ) ) ;
#1188 = CARTESIAN_POINT ( 'NONE',  ( 80.97353139747731632, 47.05780366177490492, 5.989354205641674866 ) ) ;
#1189 = CARTESIAN_POINT ( 'NONE',  ( 124.2998479519492605, 45.67191480535688441, 1.000000000000012879 ) ) ;
#1190 = CARTESIAN_POINT ( 'NONE',  ( 86.02128346818469140, 65.40859588601776409, 5.945595115822029264 ) ) ;
#1191 = CARTESIAN_POINT ( 'NONE',  ( 119.9743214811042265, 67.89996974702397381, 1.000000000000001110 ) ) ;
#1192 = APPLICATION_CONTEXT ( 'automotive_design' ) ;
#1193 = CARTESIAN_POINT ( 'NONE',  ( 94.92680005232992357, 28.62292534143838552, 3.319286707126998692 ) ) ;
#1194 = CARTESIAN_POINT ( 'NONE',  ( 118.9007288505117543, 59.20190379630148669, 5.274007384172582746 ) ) ;
#1195 = CARTESIAN_POINT ( 'NONE',  ( 83.61009480268415928, 66.62827429713502170, 5.125343078769588168 ) ) ;
#1196 = CARTESIAN_POINT ( 'NONE',  ( 116.5619623813403507, 76.63398368766455349, 2.012528465359890273 ) ) ;
#1197 = CIRCLE ( 'NONE', #1568, 20.00000000000000355 ) ;
#1198 = ORIENTED_EDGE ( 'NONE', *, *, #1506, .T. ) ;
#1199 = CARTESIAN_POINT ( 'NONE',  ( 107.8774608734340603, 25.16402146835027764, 0.7528535260721904709 ) ) ;
#1200 = AXIS2_PLACEMENT_3D ( 'NONE', #2126, #2115, #2166 ) ;
#1201 = CARTESIAN_POINT ( 'NONE',  ( 116.8025500704916197, 37.36836418981361874, 5.580960337698778417 ) ) ;
#1202 = CARTESIAN_POINT ( 'NONE',  ( 80.97338502294260820, 32.87480737227363647, 5.040508044953297073 ) ) ;
#1203 = CARTESIAN_POINT ( 'NONE',  ( 95.51325843387500925, 81.61875661622003975, 4.028286743697123917 ) ) ;
#1204 = CARTESIAN_POINT ( 'NONE',  ( 110.0435536816253119, 73.13816758358137804, 3.708025345626165592 ) ) ;
#1205 = CARTESIAN_POINT ( 'NONE',  ( 81.40805974960484548, 45.68086427144342565, 5.992295051076226287 ) ) ;
#1206 = CARTESIAN_POINT ( 'NONE',  ( 99.88846102054590403, 28.05981493880998912, 5.344902095832098965 ) ) ;
#1207 = CARTESIAN_POINT ( 'NONE',  ( 80.39453416467340219, 52.29203685120175749, 5.944439037667178738 ) ) ;
#1208 = CARTESIAN_POINT ( 'NONE',  ( 107.0000018179416799, 43.96559952297486262, 6.999999999999999112 ) ) ;
#1209 = CARTESIAN_POINT ( 'NONE',  ( 101.0804176386826896, 29.53149410608681080, 3.826958014089106186 ) ) ;
#1210 = ADVANCED_FACE ( 'NONE', ( #606 ), #20, .T. ) ;
#1211 = CARTESIAN_POINT ( 'NONE',  ( 99.07143549386648829, 74.01047686442495888, 6.999999999999993783 ) ) ;
#1212 = CARTESIAN_POINT ( 'NONE',  ( 86.27340735390544069, 34.21123343193674060, 6.999999999999999112 ) ) ;
#1213 = CARTESIAN_POINT ( 'NONE',  ( 78.16246029213739632, 55.74528601553573282, 5.125254117374979046 ) ) ;
#1214 = CARTESIAN_POINT ( 'NONE',  ( 121.2648450158892786, 46.20887897457748039, 5.566550269830909059 ) ) ;
#1215 = CIRCLE ( 'NONE', #2424, 20.00000000000000355 ) ;
#1216 = ORIENTED_EDGE ( 'NONE', *, *, #2065, .F. ) ;
#1217 = CARTESIAN_POINT ( 'NONE',  ( 102.7697978641804610, 28.53277524267044996, 5.304665579442069401 ) ) ;
#1218 = CARTESIAN_POINT ( 'NONE',  ( 116.9674754984416580, 38.59016164615737665, 7.074419942920883386 ) ) ;
#1219 = CARTESIAN_POINT ( 'NONE',  ( 82.79520399091950367, 22.15415314822607584, 0.8906663514406168991 ) ) ;
#1220 = CARTESIAN_POINT ( 'NONE',  ( 78.38064566075384221, 29.31728994639133390, 1.000000000000000666 ) ) ;
#1221 = CARTESIAN_POINT ( 'NONE',  ( 119.7548081000623341, 52.94571147207897610, 5.888817836815301909 ) ) ;
#1222 = CARTESIAN_POINT ( 'NONE',  ( 98.30302646569469971, 23.35815993613716302, 1.964671030697484833 ) ) ;
#1223 = CYLINDRICAL_SURFACE ( 'NONE', #2696, 15.00000000000000000 ) ;
#1224 = CARTESIAN_POINT ( 'NONE',  ( 91.87310045832607841, 30.45298200868236549, 4.155471749488494737 ) ) ;
#1225 = CARTESIAN_POINT ( 'NONE',  ( 113.4793891003908897, 69.66482687955453912, 6.537333758148521135 ) ) ;
#1226 = DIRECTION ( 'NONE',  ( 1.000000000000000000, 0.000000000000000000, 0.000000000000000000 ) ) ;
#1227 = CARTESIAN_POINT ( 'NONE',  ( 107.0000018179416799, 74.00000110268592834, 8.000000000000000000 ) ) ;
#1228 = CIRCLE ( 'NONE', #2113, 15.00000000000000000 ) ;
#1229 = CARTESIAN_POINT ( 'NONE',  ( 75.28469244840137264, 55.03142117216509632, 4.273034004606873992 ) ) ;
#1230 = CARTESIAN_POINT ( 'NONE',  ( 124.9694120076063513, 53.27066775045113189, 1.811918960033337633 ) ) ;
#1231 = B_SPLINE_CURVE_WITH_KNOTS ( 'NONE', 3,
 ( #344, #357, #125, #588, #834, #2377 ),
 .UNSPECIFIED., .F., .F.,
 ( 4, 2, 4 ),
 ( 0.1474896051328413171, 0.6523702859393949449, 1.157250966745948739 ),
 .UNSPECIFIED. ) ;
#1232 = CARTESIAN_POINT ( 'NONE',  ( 121.4164797958944462, 41.74057154360483679, 2.869535637130000705 ) ) ;
#1233 = CARTESIAN_POINT ( 'NONE',  ( 86.39274125558674200, 34.39982601937582984, 7.081977907748897572 ) ) ;
#1234 = CARTESIAN_POINT ( 'NONE',  ( 124.4030489530012176, 55.15951471132752459, 1.000000000000000000 ) ) ;
#1235 = CARTESIAN_POINT ( 'NONE',  ( 115.0884201696399458, 73.62421656375263979, 1.572118923397805679 ) ) ;
#1236 = CARTESIAN_POINT ( 'NONE',  ( 96.21807752261165092, 26.38859207044141542, 4.253053597904513872 ) ) ;
#1237 = PRODUCT_CONTEXT ( 'NONE', #1041, 'mechanical' ) ;
#1238 = CARTESIAN_POINT ( 'NONE',  ( 107.0000018179416799, 59.00000110268592834, 6.999999999999999112 ) ) ;
#1239 = CARTESIAN_POINT ( 'NONE',  ( 91.26157499268317963, 26.16273816138967234, 1.563246888017594038 ) ) ;
#1240 = CARTESIAN_POINT ( 'NONE',  ( 115.2621350799291235, 66.11433815958704940, 7.599186867866320583 ) ) ;
#1241 = CARTESIAN_POINT ( 'NONE',  ( 92.28578470073534845, 33.19492049321165439, 5.820920220584207883 ) ) ;
#1242 = CARTESIAN_POINT ( 'NONE',  ( 109.3720579932491290, 32.34193190545287422, 7.000000000000007105 ) ) ;
#1243 = CARTESIAN_POINT ( 'NONE',  ( 91.25596969493658150, 74.37450243103407388, 4.284377710154121388 ) ) ;
#1244 = CARTESIAN_POINT ( 'NONE',  ( 122.8262803825482052, 58.31464826369667520, 4.092399272605583782 ) ) ;
#1245 = EDGE_CURVE ( 'NONE', #1091, #1635, #2864, .T. ) ;
#1246 = CARTESIAN_POINT ( 'NONE',  ( 121.9104957519385692, 46.08687329189334037, 4.507328280627623585 ) ) ;
#1247 = CARTESIAN_POINT ( 'NONE',  ( 76.76886562445871220, 29.84474513069222468, 2.983662560662732055 ) ) ;
#1248 = DIRECTION ( 'NONE',  ( 0.000000000000000000, 0.000000000000000000, 1.000000000000000000 ) ) ;
#1249 = CARTESIAN_POINT ( 'NONE',  ( 115.6331590469869610, 70.97596947599046757, 2.451355577371964412 ) ) ;
#1250 = CARTESIAN_POINT ( 'NONE',  ( 101.6549211214719435, 27.62344429471907858, 4.760265002654034738 ) ) ;
#1251 = DIRECTION ( 'NONE',  ( -0.000000000000000000, -0.000000000000000000, -1.000000000000000000 ) ) ;
#1252 = CARTESIAN_POINT ( 'NONE',  ( 91.51827334921070189, 27.99736748169915401, 2.670155396726952013 ) ) ;
#1253 = CARTESIAN_POINT ( 'NONE',  ( 109.4187500165140108, 72.32476177685808238, 6.582040379113871964 ) ) ;
#1254 = CARTESIAN_POINT ( 'NONE',  ( 106.6260919603301573, 72.70328707341545282, 6.999999999999973355 ) ) ;
#1255 = DIRECTION ( 'NONE',  ( 1.000000000000000000, 0.000000000000000000, 0.000000000000000000 ) ) ;
#1256 = MECHANICAL_DESIGN_GEOMETRIC_PRESENTATION_REPRESENTATION (  '', ( #223 ), #1483 ) ;
#1257 = CARTESIAN_POINT ( 'NONE',  ( 82.38855892198567688, 79.31348056588861084, 1.722224610939810274 ) ) ;
#1258 = CARTESIAN_POINT ( 'NONE',  ( 123.2045892542941630, 51.52206808574593566, 4.010585784039995438 ) ) ;
#1259 = CARTESIAN_POINT ( 'NONE',  ( 124.1434855775430890, 43.92321613250435774, 0.6439630637348576769 ) ) ;
#1260 = CARTESIAN_POINT ( 'NONE',  ( 65.41985136717485716, 45.12709449012120189, 3.015036348865927529 ) ) ;
#1261 = ADVANCED_FACE ( 'NONE', ( #2665, #1505 ), #1492, .T. ) ;
#1262 = CARTESIAN_POINT ( 'NONE',  ( 72.39138183310259933, 34.18546836152471258, 0.9999999999999997780 ) ) ;
#1263 = CARTESIAN_POINT ( 'NONE',  ( 119.5731934687823639, 54.52427615753561696, 5.843437744569428105 ) ) ;
#1264 = CARTESIAN_POINT ( 'NONE',  ( 95.57799424420693413, 30.44657696485824872, 7.090466834519396855 ) ) ;
#1265 = DIRECTION ( 'NONE',  ( -0.000000000000000000, -0.000000000000000000, -1.000000000000000000 ) ) ;
#1266 = CARTESIAN_POINT ( 'NONE',  ( 95.07535404185867378, 24.75217337902299519, 0.7270347718844010210 ) ) ;
#1267 = CARTESIAN_POINT ( 'NONE',  ( 107.1392039054023257, 77.01079179666757568, 4.901753872228739262 ) ) ;
#1268 = DIRECTION ( 'NONE',  ( 0.000000000000000000, 0.000000000000000000, 1.000000000000000000 ) ) ;
#1269 = CARTESIAN_POINT ( 'NONE',  ( 86.07832225652623492, 68.87018017246818147, 5.127682941645815617 ) ) ;
#1270 = CARTESIAN_POINT ( 'NONE',  ( 95.79998789690166916, 86.85213921353337696, 2.093204350297068306 ) ) ;
#1271 = CARTESIAN_POINT ( 'NONE',  ( 115.8344167330555052, 35.13453592570572681, 0.9376435384358421388 ) ) ;
#1272 = CARTESIAN_POINT ( 'NONE',  ( 117.4987808122915283, 34.16915750101285454, 1.784310844712183597 ) ) ;
#1273 = CARTESIAN_POINT ( 'NONE',  ( 78.05801239664110369, 47.26566923220592287, 7.129841106241546100 ) ) ;
#1274 = CARTESIAN_POINT ( 'NONE',  ( 92.49599137183395214, 55.15951471132751749, 1.000000000000000000 ) ) ;
#1275 = CARTESIAN_POINT ( 'NONE',  ( 120.5100208468476950, 64.73178140197329355, 1.665426083504710331 ) ) ;
#1276 = CARTESIAN_POINT ( 'NONE',  ( 78.76458480740453183, 43.96559952297486262, -55.42914871850910430 ) ) ;
#1277 = CARTESIAN_POINT ( 'NONE',  ( 117.6425158677921985, 42.21133481077077221, 4.999999999999968914 ) ) ;
#1278 = CARTESIAN_POINT ( 'NONE',  ( 92.93494849551790082, 31.60998457202004275, 5.029861081134316514 ) ) ;
#1279 = CARTESIAN_POINT ( 'NONE',  ( 108.6761547429636039, 77.53709046347111666, 4.326158194983513283 ) ) ;
#1280 = CARTESIAN_POINT ( 'NONE',  ( 100.1218270381469466, 77.29139263651448744, 3.454800059849193694 ) ) ;
#1281 = CARTESIAN_POINT ( 'NONE',  ( 119.6674796378200085, 43.09775970161884118, 6.999999999999987566 ) ) ;
#1282 = CARTESIAN_POINT ( 'NONE',  ( 76.31183338436507313, 71.23009499222993668, 2.567920753016804003 ) ) ;
#1283 = CARTESIAN_POINT ( 'NONE',  ( 104.2250129967420662, 75.48035356318847278, 6.048339278559209831 ) ) ;
#1284 = CARTESIAN_POINT ( 'NONE',  ( 118.5150943379178301, 38.90174797857871880, 0.9588127565132302799 ) ) ;
#1285 = CARTESIAN_POINT ( 'NONE',  ( 106.4317447769973484, 31.39735420553101264, 7.408380656251468466 ) ) ;
#1286 = CARTESIAN_POINT ( 'NONE',  ( 70.88103796348947583, 40.51344774203759869, 4.038124164244436543 ) ) ;
#1287 = CARTESIAN_POINT ( 'NONE',  ( 106.5891745440093530, 32.45601990726149921, 5.249764121528762928 ) ) ;
#1288 = CARTESIAN_POINT ( 'NONE',  ( 122.8660714957802327, 50.18697491738081595, 0.9388985425045958122 ) ) ;
#1289 = CARTESIAN_POINT ( 'NONE',  ( 93.68089302856961353, 21.16270829251333652, 0.8568289842513144849 ) ) ;
#1290 = CARTESIAN_POINT ( 'NONE',  ( 86.77315718291112034, 80.25396713247830860, 4.041915407465374699 ) ) ;
#1291 = CARTESIAN_POINT ( 'NONE',  ( 105.4605787518935642, 78.43270028277973438, 2.375705678549490774 ) ) ;
#1292 = CARTESIAN_POINT ( 'NONE',  ( 86.81546014932872879, 34.91670488897844393, 5.180743163329156964 ) ) ;
#1293 = CARTESIAN_POINT ( 'NONE',  ( 108.2942545551861002, 82.99783484210209394, 2.059388851148105548 ) ) ;
#1294 = CARTESIAN_POINT ( 'NONE',  ( 107.4929109224294592, 69.78333611269678727, 6.065902924428376863 ) ) ;
#1295 = CARTESIAN_POINT ( 'NONE',  ( 109.3957139504711051, 31.44293898651982033, 2.630146867749745265 ) ) ;
#1296 = ADVANCED_FACE ( 'NONE', ( #1519 ), #2389, .T. ) ;
#1297 = CARTESIAN_POINT ( 'NONE',  ( 105.6268414015050610, 73.85171220977413498, 6.608325654337407151 ) ) ;
#1298 = CARTESIAN_POINT ( 'NONE',  ( 118.7041808104368670, 40.29999242873161336, 1.851482251012796176 ) ) ;
#1299 = CARTESIAN_POINT ( 'NONE',  ( 113.4263368729116479, 33.57710271763131971, 5.117989288722064600 ) ) ;
#1300 = CARTESIAN_POINT ( 'NONE',  ( 80.30733509919805613, 41.33142917900158864, 7.117752694696994453 ) ) ;
#1301 = CARTESIAN_POINT ( 'NONE',  ( 108.6493451453712140, 33.25647989336354016, 5.067342279859145648 ) ) ;
#1302 = CARTESIAN_POINT ( 'NONE',  ( 120.0829884313711631, 46.34611520862524969, 3.657521130725288838 ) ) ;
#1303 = CARTESIAN_POINT ( 'NONE',  ( 80.38229331267312716, 51.48280031284165403, 5.943602472570069573 ) ) ;
#1304 = CARTESIAN_POINT ( 'NONE',  ( 94.47297627617413696, 78.77906098193817286, 5.061768750769264358 ) ) ;
#1305 = CARTESIAN_POINT ( 'NONE',  ( 97.48495853248593335, 82.56847405015453489, 1.487708227462194888 ) ) ;
#1306 = CARTESIAN_POINT ( 'NONE',  ( 81.79702608656138807, 33.99302276579942372, 3.460864365361255857 ) ) ;
#1307 = CARTESIAN_POINT ( 'NONE',  ( 106.7763985825926483, 86.57022568107716154, 0.9271060460501321376 ) ) ;
#1308 = CARTESIAN_POINT ( 'NONE',  ( 94.82111939460249062, 84.39810370960974240, 0.8888879722107370096 ) ) ;
#1309 = DIRECTION ( 'NONE',  ( -0.000000000000000000, -0.000000000000000000, -1.000000000000000000 ) ) ;
#1310 = CARTESIAN_POINT ( 'NONE',  ( 101.1101011934225653, 31.95750979955163373, 6.038595813260087652 ) ) ;
#1311 = CARTESIAN_POINT ( 'NONE',  ( 106.5289873437855448, 73.57260871372209010, 6.603206771708405753 ) ) ;
#1312 = EDGE_CURVE ( 'NONE', #1801, #14, #1228, .T. ) ;
#1313 = CARTESIAN_POINT ( 'NONE',  ( 114.8732138551986850, 37.47442463597563034, 4.084484988972548969 ) ) ;
#1314 = CARTESIAN_POINT ( 'NONE',  ( 107.6527775099225437, 31.00941713234679042, 6.313684186386668173 ) ) ;
#1315 = CARTESIAN_POINT ( 'NONE',  ( 71.50994712732526182, 47.87478862598490537, 5.075777542025420530 ) ) ;
#1316 = CARTESIAN_POINT ( 'NONE',  ( 117.7773499362032510, 43.20952713257594979, 6.034185386017302477 ) ) ;
#1317 = CARTESIAN_POINT ( 'NONE',  ( 92.54179035286576038, 28.47355457541996770, 5.422018787699249387 ) ) ;
#1318 = CARTESIAN_POINT ( 'NONE',  ( 74.65414727906699000, 86.04916273001325067, 0.9576716772775247799 ) ) ;
#1319 = CARTESIAN_POINT ( 'NONE',  ( 110.1057297782196827, 69.61504468862432304, 5.457697112237021919 ) ) ;
#1320 = CARTESIAN_POINT ( 'NONE',  ( 85.74104180890303439, 29.56148805783121603, 2.633605676810578444 ) ) ;
#1321 = CARTESIAN_POINT ( 'NONE',  ( 117.0892099147682472, 64.95681709025699035, 7.017729318273769223 ) ) ;
#1322 = CARTESIAN_POINT ( 'NONE',  ( 105.7971969203397293, 70.37519085529280005, 6.050623185268551474 ) ) ;
#1323 = ORIENTED_EDGE ( 'NONE', *, *, #1869, .T. ) ;
#1324 = CARTESIAN_POINT ( 'NONE',  ( 107.7070362154145755, 32.18355976716532751, 4.391361333516995202 ) ) ;
#1325 = CARTESIAN_POINT ( 'NONE',  ( 101.1480175911812580, 80.20222848326579879, 4.356875055656791673 ) ) ;
#1326 = CARTESIAN_POINT ( 'NONE',  ( 85.73929171608531874, 65.11172606092893034, 5.945951312326690719 ) ) ;
#1327 = CARTESIAN_POINT ( 'NONE',  ( 64.39356229220612704, 59.76902414525410023, 3.022857327270608074 ) ) ;
#1328 = CARTESIAN_POINT ( 'NONE',  ( 121.8769095569196566, 60.45596006373400400, 1.713741458857919175 ) ) ;
#1329 = ADVANCED_FACE ( 'NONE', ( #162 ), #651, .T. ) ;
#1330 = CARTESIAN_POINT ( 'NONE',  ( 92.25155147834655622, 22.94913309775732912, 2.005547820441870410 ) ) ;
#1331 = ORIENTED_EDGE ( 'NONE', *, *, #2675, .T. ) ;
#1332 = CARTESIAN_POINT ( 'NONE',  ( 72.76105886811757273, 84.94891388553872957, 0.9588068306919831363 ) ) ;
#1333 = CARTESIAN_POINT ( 'NONE',  ( 101.2057881925048122, 81.88110916861879218, 1.497042500935540144 ) ) ;
#1334 = CARTESIAN_POINT ( 'NONE',  ( 85.08167602919152728, 27.98953346185002289, 1.783498797264172708 ) ) ;
#1335 = CARTESIAN_POINT ( 'NONE',  ( 115.4846077160678135, 67.80572898002688476, 6.503694263685024346 ) ) ;
#1336 = CARTESIAN_POINT ( 'NONE',  ( 103.9494886586690541, 70.87496571541333878, 6.036529531988575670 ) ) ;
#1337 = CIRCLE ( 'NONE', #214, 20.00000000000000355 ) ;
#1338 = ORIENTED_EDGE ( 'NONE', *, *, #2806, .T. ) ;
#1339 = DIRECTION ( 'NONE',  ( 1.000000000000000000, 0.000000000000000000, -0.000000000000000000 ) ) ;
#1340 = CARTESIAN_POINT ( 'NONE',  ( 110.9226670049693553, 32.48058779118866823, 2.654357561496058615 ) ) ;
#1341 = CARTESIAN_POINT ( 'NONE',  ( 57.06499327388250720, 52.34988379345964660, 1.000000000000000222 ) ) ;
#1342 = CARTESIAN_POINT ( 'NONE',  ( 120.0212764174054456, 55.06841145810076910, 5.000000000000046185 ) ) ;
#1343 = CARTESIAN_POINT ( 'NONE',  ( 78.32682857927113673, 57.71429006208072110, 7.138312910765110431 ) ) ;
#1344 = CARTESIAN_POINT ( 'NONE',  ( 118.6950490606221535, 44.45654462816445829, 5.067281092473020720 ) ) ;
#1345 = CARTESIAN_POINT ( 'NONE',  ( 90.68551962862115090, 29.96451546521122822, 6.018321965485110780 ) ) ;
#1346 = ORIENTED_EDGE ( 'NONE', *, *, #1558, .F. ) ;
#1347 = EDGE_CURVE ( 'NONE', #1818, #755, #2903, .T. ) ;
#1348 = CARTESIAN_POINT ( 'NONE',  ( 75.62262697295210501, 67.98271244822211656, 5.082513121748444718 ) ) ;
#1349 = CARTESIAN_POINT ( 'NONE',  ( 101.9059130804474620, 73.64841385234552718, 7.095258167702476193 ) ) ;
#1350 = CARTESIAN_POINT ( 'NONE',  ( 104.2105048190289267, 78.90462833327231351, 2.370723290556281615 ) ) ;
#1351 = CARTESIAN_POINT ( 'NONE',  ( 81.94105104541016260, 31.47762249012907176, 2.615227547013945664 ) ) ;
#1352 = CARTESIAN_POINT ( 'NONE',  ( 116.0745372198876595, 31.72036265603104965, 1.000000000000002665 ) ) ;
#1353 = VERTEX_POINT ( 'NONE', #1110 ) ;
#1354 = DIRECTION ( 'NONE',  ( -0.000000000000000000, -0.000000000000000000, -1.000000000000000000 ) ) ;
#1355 = CARTESIAN_POINT ( 'NONE',  ( 102.2883978901137851, 32.04907237797283415, 6.066541807035068956 ) ) ;
#1356 = CARTESIAN_POINT ( 'NONE',  ( 90.72619829581438466, 21.35348506990139583, 1.000000000000000888 ) ) ;
#1357 = CARTESIAN_POINT ( 'NONE',  ( 81.98570493761904743, 59.37089234094961654, 5.948503288648894660 ) ) ;
#1358 = CARTESIAN_POINT ( 'NONE',  ( 71.55352349851816030, 58.34269671764477749, 5.081909005455829131 ) ) ;
#1359 = CARTESIAN_POINT ( 'NONE',  ( 89.15915956059849634, 32.62424393101746034, 7.060855886614797683 ) ) ;
#1360 = ORIENTED_EDGE ( 'NONE', *, *, #1558, .T. ) ;
#1361 = CARTESIAN_POINT ( 'NONE',  ( 57.21224099739176694, 61.97842052349345465, 0.9624400655015924455 ) ) ;
#1362 = CARTESIAN_POINT ( 'NONE',  ( 94.16480517872669509, 87.28374686957600659, 1.969352415783237831 ) ) ;
#1363 = CARTESIAN_POINT ( 'NONE',  ( 115.7548688607434428, 66.89726286295746149, 4.225473740731845673 ) ) ;
#1364 = CARTESIAN_POINT ( 'NONE',  ( 83.71395482955057332, 40.74722791387750220, 6.006997352144419544 ) ) ;
#1365 = CARTESIAN_POINT ( 'NONE',  ( 125.7243220882926806, 52.83568980141895821, 1.000000000000055511 ) ) ;
#1366 = ORIENTED_EDGE ( 'NONE', *, *, #2335, .T. ) ;
#1367 = VERTEX_POINT ( 'NONE', #1546 ) ;
#1368 = CARTESIAN_POINT ( 'NONE',  ( 96.21862940463054770, 27.32424407066719496, 2.464930422210309224 ) ) ;
#1369 = B_SPLINE_CURVE_WITH_KNOTS ( 'NONE', 3,
 ( #1557, #1342, #2232, #2013, #229, #2467, #1122, #2247, #10, #897, #244, #2347, #2569, #1277, #2833, #2153, #2847, #1001, #1671, #1014, #2582, #820, #1919, #2390, #1467, #574 ),
 .UNSPECIFIED., .F., .F.,
 ( 4, 2, 2, 2, 2, 2, 2, 2, 2, 2, 2, 2, 4 ),
 ( 0.02040599665800621465, 0.02370456740136519039, 0.02535385277304467999, 0.02700313814472416613, 0.03030170888808312799, 0.03195099425976261759, 0.03360027963144211066, 0.03689885037480108987, 0.03854813574648058294, 0.04019742111816007601, 0.04349599186151905522, 0.04514527723319854136, 0.04679456260487802055 ),
 .UNSPECIFIED. ) ;
#1370 = CARTESIAN_POINT ( 'NONE',  ( 75.56726989987328125, 25.15410905966957955, 0.9999999999999985567 ) ) ;
#1371 = CARTESIAN_POINT ( 'NONE',  ( 93.76458480740453183, 43.96559952297486262, 6.999999999999999112 ) ) ;
#1372 = CARTESIAN_POINT ( 'NONE',  ( 87.81193193585563961, 67.05976181629807797, 5.943333261482474761 ) ) ;
#1373 = CARTESIAN_POINT ( 'NONE',  ( 118.4348891883756778, 66.33105145777497569, 5.340764364723144197 ) ) ;
#1374 = PLANE ( 'NONE',  #2838 ) ;
#1375 = ORIENTED_EDGE ( 'NONE', *, *, #2258, .T. ) ;
#1376 = CARTESIAN_POINT ( 'NONE',  ( 86.38752359256835689, 73.22310217546099409, 6.105781920934308715 ) ) ;
#1377 = CARTESIAN_POINT ( 'NONE',  ( 103.2884203581025560, 75.69726571683339955, 6.069498327911228230 ) ) ;
#1378 = CARTESIAN_POINT ( 'NONE',  ( 111.7100190401076247, 72.81543790239862801, 3.288185879789899069 ) ) ;
#1379 = CARTESIAN_POINT ( 'NONE',  ( 68.61369607982076957, 44.07760595896809264, 1.725760432717376558 ) ) ;
#1380 = CARTESIAN_POINT ( 'NONE',  ( 122.4736482674762215, 70.42656769385409632, 0.9999999999999952260 ) ) ;
#1381 = ORIENTED_EDGE ( 'NONE', *, *, #827, .T. ) ;
#1382 = CARTESIAN_POINT ( 'NONE',  ( 112.9378917423505868, 76.96643178623192227, 0.9999999999999981126 ) ) ;
#1383 = CARTESIAN_POINT ( 'NONE',  ( 98.48441102486799537, 29.24720549170191575, 3.792417965101013255 ) ) ;
#1384 = CARTESIAN_POINT ( 'NONE',  ( 59.73027974767526871, 42.05170994037266041, 0.9999999999999995559 ) ) ;
#1385 = DIRECTION ( 'NONE',  ( 0.000000000000000000, 0.000000000000000000, 1.000000000000000000 ) ) ;
#1386 = CARTESIAN_POINT ( 'NONE',  ( 84.72199852838622292, 63.76062534259764902, 5.980228679094864219 ) ) ;
#1387 = CARTESIAN_POINT ( 'NONE',  ( 122.0223326624599025, 57.55560803629410316, 5.193291675367984972 ) ) ;
#1388 = VERTEX_POINT ( 'NONE', #886 ) ;
#1389 = CARTESIAN_POINT ( 'NONE',  ( 88.16423060542580004, 35.64130461444282361, 5.875539493362730958 ) ) ;
#1390 = VECTOR ( 'NONE', #1868, 1000.000000000000000 ) ;
#1391 = CARTESIAN_POINT ( 'NONE',  ( 75.66542177660710422, 73.53698101264915010, 4.051518288461202211 ) ) ;
#1392 = CARTESIAN_POINT ( 'NONE',  ( 92.43295016132246644, 84.06409843461119635, 0.9999999999999997780 ) ) ;
#1393 = CARTESIAN_POINT ( 'NONE',  ( 115.0878457904914001, 69.57495513289295275, 3.329698939445734140 ) ) ;
#1394 = CARTESIAN_POINT ( 'NONE',  ( 77.91076853081813169, 50.54300997133677953, 5.129110549263312002 ) ) ;
#1395 = CARTESIAN_POINT ( 'NONE',  ( 100.1954967357261665, 22.48666043969952710, 1.000000000000000222 ) ) ;
#1396 = CARTESIAN_POINT ( 'NONE',  ( 121.3118825578088575, 44.52232991724934408, 0.9999999999999878986 ) ) ;
#1397 = CARTESIAN_POINT ( 'NONE',  ( 100.6155828892829902, 30.46458642336191502, 4.698093151203990736 ) ) ;
#1398 = CARTESIAN_POINT ( 'NONE',  ( 91.46146605882175606, 28.01125560780844026, 5.003935435146165567 ) ) ;
#1399 = CARTESIAN_POINT ( 'NONE',  ( 70.96723738945853199, 62.21196937863574306, 2.566781106279854008 ) ) ;
#1400 = CARTESIAN_POINT ( 'NONE',  ( 119.2705125834489337, 76.23559862543064014, 0.8575973732177262221 ) ) ;
#1401 = VERTEX_POINT ( 'NONE', #600 ) ;
#1402 = CARTESIAN_POINT ( 'NONE',  ( 84.73264982108881327, 38.99255945960975822, 5.907523565555696798 ) ) ;
#1403 = CARTESIAN_POINT ( 'NONE',  ( 68.96962733371803722, 70.95194776942012993, 3.023490010813656870 ) ) ;
#1404 = PLANE ( 'NONE',  #312 ) ;
#1405 = CARTESIAN_POINT ( 'NONE',  ( 116.0113192577386911, 64.04907412468473638, 5.578251448529853107 ) ) ;
#1406 = CARTESIAN_POINT ( 'NONE',  ( 72.34340924183258892, 33.74158979728876062, 0.8908125719333506165 ) ) ;
#1407 = CARTESIAN_POINT ( 'NONE',  ( 108.9828640788835656, 85.17865474792931479, 1.000000000000001998 ) ) ;
#1408 = CARTESIAN_POINT ( 'NONE',  ( 122.9977352118248035, 56.83287026196522618, 0.9999999999999988898 ) ) ;
#1409 = CARTESIAN_POINT ( 'NONE',  ( 98.04327196603057359, 30.88939393613973650, 5.095920792675996402 ) ) ;
#1410 = CARTESIAN_POINT ( 'NONE',  ( 80.38229331267309874, 51.48280031283039904, 8.000000000000000000 ) ) ;
#1411 = CARTESIAN_POINT ( 'NONE',  ( 87.93383334981078292, 33.17702620493638932, 6.999999999999997335 ) ) ;
#1412 = CARTESIAN_POINT ( 'NONE',  ( 70.33367841873544535, 60.10362930382640911, 2.567205328577142787 ) ) ;
#1413 = CARTESIAN_POINT ( 'NONE',  ( 117.7977578778271237, 69.76655060914163187, 4.241468805953412691 ) ) ;
#1414 = ORIENTED_EDGE ( 'NONE', *, *, #2369, .T. ) ;
#1415 = CARTESIAN_POINT ( 'NONE',  ( 104.2167106232989227, 30.43221748652479874, 6.935050477909448396 ) ) ;
#1416 = CARTESIAN_POINT ( 'NONE',  ( 118.9734730788712085, 40.66214844038471909, 5.554798522450895781 ) ) ;
#1417 = CARTESIAN_POINT ( 'NONE',  ( 81.93665683034717517, 24.65191241242695597, 1.928975632984143207 ) ) ;
#1418 = LINE ( 'NONE', #308, #76 ) ;
#1419 = EDGE_CURVE ( 'NONE', #1599, #1606, #2628, .T. ) ;
#1420 = CARTESIAN_POINT ( 'NONE',  ( 110.5479909846328752, 73.73388419163018170, 3.276926435173742824 ) ) ;
#1421 = CARTESIAN_POINT ( 'NONE',  ( 82.30709838313393334, 39.15162283351489236, 5.153357976623992087 ) ) ;
#1422 = CARTESIAN_POINT ( 'NONE',  ( 96.84878703631346752, 29.48717360107255914, 6.510187587675890342 ) ) ;
#1423 = CARTESIAN_POINT ( 'NONE',  ( 96.31581941169713446, 83.97523871553929098, 1.000000000000000000 ) ) ;
#1424 = CARTESIAN_POINT ( 'NONE',  ( 98.24622294085044416, 83.75676542379585499, 1.000000000000000888 ) ) ;
#1425 = CARTESIAN_POINT ( 'NONE',  ( 104.4121790901196647, 26.96348198804545859, 0.8096173451987986880 ) ) ;
#1426 = CARTESIAN_POINT ( 'NONE',  ( 78.50405546171940330, 44.59961182052137474, 7.000000000000000000 ) ) ;
#1427 = DIRECTION ( 'NONE',  ( -1.000000000000000000, 0.000000000000000000, 0.000000000000000000 ) ) ;
#1428 = CARTESIAN_POINT ( 'NONE',  ( 66.64061985305181679, 55.22585536798641925, 1.717454376050460807 ) ) ;
#1429 = CARTESIAN_POINT ( 'NONE',  ( 119.6535590437705423, 43.11757295879132812, 7.041493087344855795 ) ) ;
#1430 = ORIENTED_EDGE ( 'NONE', *, *, #1312, .T. ) ;
#1431 = CARTESIAN_POINT ( 'NONE',  ( 110.6050293026192861, 28.20350347256569989, 1.852043205836958029 ) ) ;
#1432 = AXIS2_PLACEMENT_3D ( 'NONE', #1908, #602, #2391 ) ;
#1433 = CARTESIAN_POINT ( 'NONE',  ( 118.2041680828397574, 38.26309629171071691, 4.510006459657621924 ) ) ;
#1434 = CARTESIAN_POINT ( 'NONE',  ( 83.36350867305012002, 33.91827987954237500, 6.065982817638865043 ) ) ;
#1435 = CARTESIAN_POINT ( 'NONE',  ( 73.42491052623604730, 33.17284458179570095, 0.9999999999999997780 ) ) ;
#1436 = CARTESIAN_POINT ( 'NONE',  ( 116.4222463630352422, 67.00525677395550872, 3.794345389045323369 ) ) ;
#1437 = CARTESIAN_POINT ( 'NONE',  ( 100.5820713744400479, 29.41548349274097163, 6.455185629998253738 ) ) ;
#1438 = EDGE_CURVE ( 'NONE', #1367, #1547, #97, .T. ) ;
#1439 = PLANE ( 'NONE',  #1710 ) ;
#1440 = CARTESIAN_POINT ( 'NONE',  ( 92.35226294110154299, 33.62295464528664724, 6.081942218171248804 ) ) ;
#1441 = CARTESIAN_POINT ( 'NONE',  ( 102.4657453038863366, 82.68462301375818413, 3.217892473428650035 ) ) ;
#1442 = CARTESIAN_POINT ( 'NONE',  ( 81.55566736863724486, 65.19088545668046208, 7.000000000000001776 ) ) ;
#1443 = LINE ( 'NONE', #2086, #1857 ) ;
#1444 = CARTESIAN_POINT ( 'NONE',  ( 63.87002533371421720, 57.12992059790006749, 0.8657447821982082736 ) ) ;
#1445 = CARTESIAN_POINT ( 'NONE',  ( 123.3147707028393256, 61.09128282444097380, 3.014100333163990175 ) ) ;
#1446 = VECTOR ( 'NONE', #709, 1000.000000000000000 ) ;
#1447 = CARTESIAN_POINT ( 'NONE',  ( 109.8028097526585185, 26.25547415777622717, 0.7357135055720579464 ) ) ;
#1448 = CARTESIAN_POINT ( 'NONE',  ( 118.9008806263362032, 38.70293647273759774, 3.964227915280974290 ) ) ;
#1449 = CARTESIAN_POINT ( 'NONE',  ( 79.75998680185796275, 33.82093976597813878, 5.045757357417927302 ) ) ;
#1450 = DIRECTION ( 'NONE',  ( -1.000000000000000000, 0.000000000000000000, 0.000000000000000000 ) ) ;
#1451 = CARTESIAN_POINT ( 'NONE',  ( 118.4453029648117877, 60.27929968062308319, 5.235561260623385671 ) ) ;
#1452 = CARTESIAN_POINT ( 'NONE',  ( 95.71088234645803539, 29.63465883592512284, 6.524307005991225594 ) ) ;
#1453 = DIRECTION ( 'NONE',  ( 0.000000000000000000, -0.000000000000000000, -1.000000000000000000 ) ) ;
#1454 = FACE_BOUND ( 'NONE', #2257, .T. ) ;
#1455 = CARTESIAN_POINT ( 'NONE',  ( 108.2284886841006397, 75.26535561122634022, 5.462533640787462730 ) ) ;
#1456 = CARTESIAN_POINT ( 'NONE',  ( 82.43602501323145759, 66.29337738291278015, 6.999999999999999112 ) ) ;
#1457 = FACE_OUTER_BOUND ( 'NONE', #503, .T. ) ;
#1458 = AXIS2_PLACEMENT_3D ( 'NONE', #59, #946, #1125 ) ;
#1459 = CARTESIAN_POINT ( 'NONE',  ( 92.85449661236106067, 72.30752746927754515, 5.137662672706906797 ) ) ;
#1460 = CARTESIAN_POINT ( 'NONE',  ( 124.8888979354464794, 58.66347521981749935, 1.854199650197803084 ) ) ;
#1461 = CARTESIAN_POINT ( 'NONE',  ( 114.0792315352708357, 35.32437596908064847, 6.666962852902392989 ) ) ;
#1462 = CARTESIAN_POINT ( 'NONE',  ( 86.58145458489059365, 31.76890568410237847, 6.047581081013225557 ) ) ;
#1463 = CARTESIAN_POINT ( 'NONE',  ( 64.67503877122628353, 49.46810077898184943, 1.000000000000000000 ) ) ;
#1464 = CARTESIAN_POINT ( 'NONE',  ( 115.9848590255068785, 74.71742304266584256, 0.7089938248644003238 ) ) ;
#1465 = CARTESIAN_POINT ( 'NONE',  ( 99.84827442818364318, 30.60769500223990747, 7.577183292215551091 ) ) ;
#1466 = CARTESIAN_POINT ( 'NONE',  ( 0.000000000000000000, 0.000000000000000000, 0.000000000000000000 ) ) ;
#1467 = CARTESIAN_POINT ( 'NONE',  ( 109.7908165269168563, 33.86326581531499613, 5.000000000000000000 ) ) ;
#1468 = CARTESIAN_POINT ( 'NONE',  ( 91.72141316746747464, 29.40529381886102200, 3.521668761476365095 ) ) ;
#1469 = CARTESIAN_POINT ( 'NONE',  ( 109.3259629136267108, 73.52311230784924589, 6.017737011735415642 ) ) ;
#1470 = LINE ( 'NONE', #347, #1997 ) ;
#1471 = CARTESIAN_POINT ( 'NONE',  ( 114.7202875126999828, 36.01346314991962316, 6.999999999999968914 ) ) ;
#1472 = CARTESIAN_POINT ( 'NONE',  ( 76.05814950912234451, 78.84859081804292202, 0.8676167049430341116 ) ) ;
#1473 = CARTESIAN_POINT ( 'NONE',  ( 125.7139972358857563, 61.06399395703643762, 0.7395495413441938171 ) ) ;
#1474 = CARTESIAN_POINT ( 'NONE',  ( 118.0375469918064795, 39.96462246883042013, 7.051602111544266194 ) ) ;
#1475 = CARTESIAN_POINT ( 'NONE',  ( 85.12858304844347401, 23.65959043849347410, 1.915832172654224230 ) ) ;
#1476 = CARTESIAN_POINT ( 'NONE',  ( 80.94008682305687330, 27.98628758659658544, 1.000000000000000888 ) ) ;
#1477 = CARTESIAN_POINT ( 'NONE',  ( 119.3430361034381946, 54.93402614234280179, 6.311480113816472226 ) ) ;
#1478 = CARTESIAN_POINT ( 'NONE',  ( 97.40742221981643922, 27.18909848030074983, 4.808863457052493295 ) ) ;
#1479 = DIRECTION ( 'NONE',  ( 1.000000000000000000, 0.000000000000000000, 0.000000000000000000 ) ) ;
#1480 = CARTESIAN_POINT ( 'NONE',  ( 93.80638711934000185, 30.03189167457187736, 4.173193600319859087 ) ) ;
#1481 = CARTESIAN_POINT ( 'NONE',  ( 108.4454673989454108, 72.77279135649578734, 6.589477823524189759 ) ) ;
#1482 = DIRECTION ( 'NONE',  ( 0.000000000000000000, 1.000000000000000000, -0.000000000000000000 ) ) ;
#1483 =( GEOMETRIC_REPRESENTATION_CONTEXT ( 3 ) GLOBAL_UNCERTAINTY_ASSIGNED_CONTEXT ( ( #2790 ) ) GLOBAL_UNIT_ASSIGNED_CONTEXT ( ( #989, #508, #2304 ) ) REPRESENTATION_CONTEXT ( 'NONE', 'WORKASPACE' ) );
#1484 = CARTESIAN_POINT ( 'NONE',  ( 96.79608149792959182, 73.11139857089335692, 5.146522929628002174 ) ) ;
#1485 = DIRECTION ( 'NONE',  ( -0.000000000000000000, -0.000000000000000000, -1.000000000000000000 ) ) ;
#1486 = AXIS2_PLACEMENT_3D ( 'NONE', #1466, #1932, #137 ) ;
#1487 = CARTESIAN_POINT ( 'NONE',  ( 117.6781732857864711, 40.81636808872761435, 3.663705004906677054 ) ) ;
#1488 = CARTESIAN_POINT ( 'NONE',  ( 114.8780451286844624, 34.85260742326311600, 5.090339861169474567 ) ) ;
#1489 = CARTESIAN_POINT ( 'NONE',  ( 79.60665719605111690, 42.69117727138338125, 7.121323010610934645 ) ) ;
#1490 = CARTESIAN_POINT ( 'NONE',  ( 65.06308988192829190, 47.56181113884007061, 1.000000000000000888 ) ) ;
#1491 = CARTESIAN_POINT ( 'NONE',  ( 117.7059522453634060, 63.01529405446763832, 4.734231919679734446 ) ) ;
#1492 = PLANE ( 'NONE',  #1732 ) ;
#1493 = LINE ( 'NONE', #2807, #1803 ) ;
#1494 = CARTESIAN_POINT ( 'NONE',  ( 91.06503351206282559, 24.73108720804865612, 0.7002706759383000579 ) ) ;
#1495 = CARTESIAN_POINT ( 'NONE',  ( 103.8828070409262523, 82.25224558311430201, 3.213696400995485813 ) ) ;
#1496 = CARTESIAN_POINT ( 'NONE',  ( 119.0427318398207035, 41.78731781114252897, 6.999999999999989342 ) ) ;
#1497 = CARTESIAN_POINT ( 'NONE',  ( 77.72269851420082887, 72.65802461560166137, 2.568655431707931314 ) ) ;
#1498 = CARTESIAN_POINT ( 'NONE',  ( 110.0837767010440587, 69.87527629710638166, 7.692933721436244099 ) ) ;
#1499 = CIRCLE ( 'NONE', #990, 15.00000000000000000 ) ;
#1500 = CARTESIAN_POINT ( 'NONE',  ( 121.5846919360666192, 45.40385070703692350, 0.9596920405335516158 ) ) ;
#1501 = CARTESIAN_POINT ( 'NONE',  ( 111.0460908606089276, 31.35252091799597807, 4.618017457829295402 ) ) ;
#1502 = CARTESIAN_POINT ( 'NONE',  ( 69.19740683160512162, 44.45533383906393965, 4.043136971264050139 ) ) ;
#1503 = FACE_OUTER_BOUND ( 'NONE', #474, .T. ) ;
#1504 = CARTESIAN_POINT ( 'NONE',  ( 118.9692002764299588, 46.35551341915376611, 6.012836487942920805 ) ) ;
#1505 = FACE_BOUND ( 'NONE', #482, .T. ) ;
#1506 = EDGE_CURVE ( 'NONE', #938, #539, #2485, .T. ) ;
#1507 = CARTESIAN_POINT ( 'NONE',  ( 81.67810576022009172, 81.83946597888774477, 3.016330648148822569 ) ) ;
#1508 = CARTESIAN_POINT ( 'NONE',  ( 102.5060986032736992, 81.54954518456659684, 1.500701124669946873 ) ) ;
#1509 = CARTESIAN_POINT ( 'NONE',  ( 85.89414570465423537, 35.56503670937933492, 5.174331129268603391 ) ) ;
#1510 = CARTESIAN_POINT ( 'NONE',  ( 114.4819984082293587, 68.73527792979071194, 6.520514010916772740 ) ) ;
#1511 = CARTESIAN_POINT ( 'NONE',  ( 94.14265900461771253, 79.73896004325149534, 2.587555062399343964 ) ) ;
#1512 = CARTESIAN_POINT ( 'NONE',  ( 90.11983595258917035, 71.32044342914899460, 5.132873136734242614 ) ) ;
#1513 = CARTESIAN_POINT ( 'NONE',  ( 107.0341709224598219, 72.22667880547021468, 7.165399770980329208 ) ) ;
#1514 = CARTESIAN_POINT ( 'NONE',  ( 117.2714856586423906, 36.91625045323796428, 0.9518646654152076447 ) ) ;
#1515 = CARTESIAN_POINT ( 'NONE',  ( 114.5411767228916631, 32.50666881315180490, 2.923656960727945453 ) ) ;
#1516 = CARTESIAN_POINT ( 'NONE',  ( 64.37695571520757198, 49.88582471881323954, 3.018506430913527883 ) ) ;
#1517 = CARTESIAN_POINT ( 'NONE',  ( 92.49999999999968736, 55.00000000000541434, 105.0824566729764769 ) ) ;
#1518 = CARTESIAN_POINT ( 'NONE',  ( 120.1487890261002320, 51.52545595542054002, 4.980908031597159003 ) ) ;
#1519 = FACE_OUTER_BOUND ( 'NONE', #2047, .T. ) ;
#1520 = CARTESIAN_POINT ( 'NONE',  ( 88.35190959192868831, 80.76704772100087837, 4.040048069112490481 ) ) ;
#1521 = CARTESIAN_POINT ( 'NONE',  ( 96.66688925046858571, 84.97297046251253505, 0.6227280062839708474 ) ) ;
#1522 = CARTESIAN_POINT ( 'NONE',  ( 88.08839717124909896, 32.19307932332795730, 4.342373241349789303 ) ) ;
#1523 = EDGE_CURVE ( 'NONE', #1401, #916, #481, .T. ) ;
#1524 = CARTESIAN_POINT ( 'NONE',  ( 118.4559123823755868, 61.97353924879392650, 7.477933307723320766 ) ) ;
#1525 = CARTESIAN_POINT ( 'NONE',  ( 104.5162313832461507, 72.51237359683393890, 5.175196650928300279 ) ) ;
#1526 = CARTESIAN_POINT ( 'NONE',  ( 114.0296818948796727, 33.33215198884182939, 1.000000000000003331 ) ) ;
#1527 = CARTESIAN_POINT ( 'NONE',  ( 113.3324689480821661, 33.65357708300355455, 1.796890549530206105 ) ) ;
#1528 = CARTESIAN_POINT ( 'NONE',  ( 87.28332268711190522, 89.87443677795513963, 1.000000000000000444 ) ) ;
#1529 = CARTESIAN_POINT ( 'NONE',  ( 114.5189412561587261, 38.03078417279127876, 5.490732774006184869 ) ) ;
#1530 = CARTESIAN_POINT ( 'NONE',  ( 109.9281733707281319, 32.50128026114219892, 6.784548349973186454 ) ) ;
#1531 = CARTESIAN_POINT ( 'NONE',  ( 63.43874705039759476, 41.47141760687245693, 1.981732219879136947 ) ) ;
#1532 = CARTESIAN_POINT ( 'NONE',  ( 120.4012260027525087, 50.60631637557469986, 4.531033193628116074 ) ) ;
#1533 = CARTESIAN_POINT ( 'NONE',  ( 93.62909570698275274, 28.27059470991189016, 5.412642684261019355 ) ) ;
#1534 = CARTESIAN_POINT ( 'NONE',  ( 98.85978066789830621, 76.26509320241787293, 6.083796339542767662 ) ) ;
#1535 = CARTESIAN_POINT ( 'NONE',  ( 107.5713023445792942, 70.95147855685200966, 5.431864543922656274 ) ) ;
#1536 = CARTESIAN_POINT ( 'NONE',  ( 81.90834092857795667, 36.50724275378681938, 4.306538442290782420 ) ) ;
#1537 = CARTESIAN_POINT ( 'NONE',  ( 114.3030750555965227, 76.06761414725762904, 3.161800394957069216 ) ) ;
#1538 = CARTESIAN_POINT ( 'NONE',  ( 93.50186736759611961, 84.43764495067786413, 0.8864946670400613016 ) ) ;
#1539 = DIRECTION ( 'NONE',  ( -1.000000000000000000, 0.000000000000000000, 0.000000000000000000 ) ) ;
#1540 = CARTESIAN_POINT ( 'NONE',  ( 106.8723332833747008, 32.55969546385582447, 5.279294030809140281 ) ) ;
#1541 = CARTESIAN_POINT ( 'NONE',  ( 58.82896737183070002, 67.31185109173000569, 0.9999999999999995559 ) ) ;
#1542 = ADVANCED_FACE ( 'NONE', ( #2250 ), #1374, .T. ) ;
#1543 = CARTESIAN_POINT ( 'NONE',  ( 110.8565801886570057, 34.77604518761815910, 5.390742925728552848 ) ) ;
#1544 = CARTESIAN_POINT ( 'NONE',  ( 64.88967726521057955, 33.46415186847014667, 0.9417606874936867989 ) ) ;
#1545 = CARTESIAN_POINT ( 'NONE',  ( 122.1707854953988601, 58.17187385231535046, 1.740449078744989553 ) ) ;
#1546 = CARTESIAN_POINT ( 'NONE',  ( 80.38229331267312716, 51.48280031284165403, 5.943602472570069573 ) ) ;
#1547 = VERTEX_POINT ( 'NONE', #696 ) ;
#1548 = CARTESIAN_POINT ( 'NONE',  ( 83.76108501831726016, 89.46881469057825598, 0.9505812927007950552 ) ) ;
#1549 = CARTESIAN_POINT ( 'NONE',  ( 97.99982982704572976, 84.79102669775487300, 0.6255424991671058033 ) ) ;
#1550 = CARTESIAN_POINT ( 'NONE',  ( 81.46276080476256709, 27.52694823207301056, 0.9209603772217586082 ) ) ;
#1551 = CARTESIAN_POINT ( 'NONE',  ( 116.9971452871713637, 69.50996810015844574, 4.812164195450357340 ) ) ;
#1552 = CARTESIAN_POINT ( 'NONE',  ( 82.79941662181551010, 82.42469566882617471, 0.8729504888121883965 ) ) ;
#1553 = ORIENTED_EDGE ( 'NONE', *, *, #2454, .F. ) ;
#1554 = CARTESIAN_POINT ( 'NONE',  ( 121.3113032314944775, 54.43766525015350766, 7.000000000000002665 ) ) ;
#1555 = CARTESIAN_POINT ( 'NONE',  ( 106.4581877321129042, 32.74955630940146278, 5.725755529612600370 ) ) ;
#1556 = CARTESIAN_POINT ( 'NONE',  ( 57.27443808552887816, 50.66567952348540160, 1.000000000000000222 ) ) ;
#1557 = CARTESIAN_POINT ( 'NONE',  ( 119.8296136980214044, 56.15203256552653244, 4.999999999999992006 ) ) ;
#1558 = EDGE_CURVE ( 'NONE', #755, #467, #1197, .T. ) ;
#1559 = CARTESIAN_POINT ( 'NONE',  ( 76.53505715038845381, 62.58750361867789991, 6.112146719701697428 ) ) ;
#1560 = CARTESIAN_POINT ( 'NONE',  ( 118.5909188998553248, 45.57389183747787342, 6.522405531890411723 ) ) ;
#1561 = CARTESIAN_POINT ( 'NONE',  ( 89.83845610747192723, 24.66976959689151272, 2.926043025451867230 ) ) ;
#1562 = EDGE_LOOP ( 'NONE', ( #1198, #2212, #1570, #740, #2228, #1162, #719, #2487 ) ) ;
#1563 = CARTESIAN_POINT ( 'NONE',  ( 57.94639497177038123, 64.70507517481105708, 0.9627933403277961766 ) ) ;
#1564 = CARTESIAN_POINT ( 'NONE',  ( 90.19426057194016266, 78.03235967487415792, 5.069056685344405011 ) ) ;
#1565 = CARTESIAN_POINT ( 'NONE',  ( 103.6910576873443119, 75.04466166050470122, 4.102968752245653050 ) ) ;
#1566 = CARTESIAN_POINT ( 'NONE',  ( 84.11520430946704607, 32.35381733400267734, 3.471916383790504490 ) ) ;
#1567 = CARTESIAN_POINT ( 'NONE',  ( 106.6832847571027116, 70.10252391958161411, 6.057792691579349409 ) ) ;
#1568 = AXIS2_PLACEMENT_3D ( 'NONE', #2265, #728, #1621 ) ;
#1569 = ORIENTED_EDGE ( 'NONE', *, *, #1938, .T. ) ;
#1570 = ORIENTED_EDGE ( 'NONE', *, *, #1778, .T. ) ;
#1571 = CARTESIAN_POINT ( 'NONE',  ( 112.7518413358967138, 32.03752442322579697, 0.9043089489906867007 ) ) ;
#1572 =( GEOMETRIC_REPRESENTATION_CONTEXT ( 3 ) GLOBAL_UNCERTAINTY_ASSIGNED_CONTEXT ( ( #2374 ) ) GLOBAL_UNIT_ASSIGNED_CONTEXT ( ( #586, #546, #777 ) ) REPRESENTATION_CONTEXT ( 'NONE', 'WORKASPACE' ) );
#1573 = CARTESIAN_POINT ( 'NONE',  ( 117.4013175313203163, 64.47537418430655975, 7.000000000000023093 ) ) ;
#1574 = B_SPLINE_CURVE_WITH_KNOTS ( 'NONE', 3,
 ( #1356, #1588, #925, #243, #2026, #24, #2703, #1152, #1370, #2012, #2261, #1602, #2481, #1821, #2718, #708, #2497, #2674, #492, #228, #1384, #661, #895, #9, #1556, #446, #1341, #2230, #1121, #1731, #1968, #389, #171, #2869, #2158, #2884, #1541, #647, #212, #199, #855, #1746, #1093, #840, #1953, #826, #2436, #2646, #2408, #1717, #375, #1703, #2201, #2214, #869, #2186, #1065, #633, #2853, #2632, #1528, #2839, #1106, #2422 ),
 .UNSPECIFIED., .F., .F.,
 ( 4, 2, 2, 2, 2, 2, 2, 2, 2, 2, 2, 2, 2, 2, 2, 2, 2, 2, 2, 2, 2, 2, 2, 2, 2, 2, 2, 2, 2, 2, 2, 4 ),
 ( 0.1076515807653157519, 0.1110081271670994296, 0.1143646735688831073, 0.1210777663724504766, 0.1244343127742341681, 0.1277908591760178458, 0.1311474055778015235, 0.1345039519795852012, 0.1412170447831525844, 0.1445735911849362620, 0.1479301375867199675, 0.1546432303902872951, 0.1563215035911791340, 0.1579997767920710006, 0.1613563231938546783, 0.1647128695956383837, 0.1663911427965302503, 0.1680694159974220891, 0.1747825088009894445, 0.1781390552027731222, 0.1798173284036649888, 0.1814956016045568554, 0.1882086944081242663, 0.1898869676090161329, 0.1915652408099079440, 0.1949217872116916217, 0.2016348800152588383, 0.2033131532161506216, 0.2049914264170424050, 0.2083479728188259716, 0.2117045192206095106, 0.2150610656223930772 ),
 .UNSPECIFIED. ) ;
#1575 = CARTESIAN_POINT ( 'NONE',  ( 83.46443762976046798, 62.27279942099996646, 5.947909059156922140 ) ) ;
#1576 = CARTESIAN_POINT ( 'NONE',  ( 74.44314316970137213, 55.02396848077682989, 6.109986658948802329 ) ) ;
#1577 = CARTESIAN_POINT ( 'NONE',  ( 91.08590433491603733, 24.54018279491655719, 2.918377205624609783 ) ) ;
#1578 = ORIENTED_EDGE ( 'NONE', *, *, #1773, .F. ) ;
#1579 = CARTESIAN_POINT ( 'NONE',  ( 76.89811964769013741, 69.52941641366136594, 5.081876894965218661 ) ) ;
#1580 = CARTESIAN_POINT ( 'NONE',  ( 99.53843771232743620, 78.75795156649736839, 5.050136875863864283 ) ) ;
#1581 = CARTESIAN_POINT ( 'NONE',  ( 113.3555121831089707, 66.33365349633122321, 5.960602751857985382 ) ) ;
#1582 = CARTESIAN_POINT ( 'NONE',  ( 78.85887795603548511, 45.68415059474174456, 5.135655481338782025 ) ) ;
#1583 = CARTESIAN_POINT ( 'NONE',  ( 98.54117853353247369, 22.09341015558668175, 1.000000000000000444 ) ) ;
#1584 = AXIS2_PLACEMENT_3D ( 'NONE', #1371, #692, #1603 ) ;
#1585 = ORIENTED_EDGE ( 'NONE', *, *, #2369, .F. ) ;
#1586 = CARTESIAN_POINT ( 'NONE',  ( 91.13342727605426319, 25.22827816554623581, 0.9999999999999993339 ) ) ;
#1587 = CARTESIAN_POINT ( 'NONE',  ( 103.8383079556716950, 30.20723233129803376, 3.870499678882080463 ) ) ;
#1588 = CARTESIAN_POINT ( 'NONE',  ( 89.60051421326558341, 21.37457433425905506, 1.000000000000000888 ) ) ;
#1589 = CARTESIAN_POINT ( 'NONE',  ( 77.88611625256842785, 46.60572066122497148, 7.000000000000000888 ) ) ;
#1590 = CARTESIAN_POINT ( 'NONE',  ( 103.9443551075618331, 74.73878114710230136, 4.209151852103612867 ) ) ;
#1591 = CARTESIAN_POINT ( 'NONE',  ( 121.4350960783653335, 57.91611454026853778, 5.742717377713614901 ) ) ;
#1592 = CARTESIAN_POINT ( 'NONE',  ( 86.68087825411312508, 36.88137234615057736, 5.890614221344918633 ) ) ;
#1593 = ORIENTED_EDGE ( 'NONE', *, *, #2132, .F. ) ;
#1594 = CARTESIAN_POINT ( 'NONE',  ( 80.86323360778187919, 68.82208017487648988, 6.110507032240756864 ) ) ;
#1595 = CARTESIAN_POINT ( 'NONE',  ( 106.7969760461070194, 72.50675905782405550, 7.067027226217405200 ) ) ;
#1596 = CARTESIAN_POINT ( 'NONE',  ( 109.9583389300493224, 80.05699036611696329, 0.6660902898635657765 ) ) ;
#1597 = CARTESIAN_POINT ( 'NONE',  ( 76.71414047299805361, 32.73385585504129125, 1.749625761580943184 ) ) ;
#1598 = CARTESIAN_POINT ( 'NONE',  ( 124.7511116097523001, 47.31003151971254539, 0.9999999999999913403 ) ) ;
#1599 = VERTEX_POINT ( 'NONE', #1141 ) ;
#1600 = CARTESIAN_POINT ( 'NONE',  ( 123.0640052397482265, 55.38752174889624058, 0.9999999999999811262 ) ) ;
#1601 = CARTESIAN_POINT ( 'NONE',  ( 96.49359267479876223, 24.85470225889520535, 0.7373608541614236067 ) ) ;
#1602 = CARTESIAN_POINT ( 'NONE',  ( 70.81517249953517990, 28.10882660705252789, 0.9999999999999991118 ) ) ;
#1603 = DIRECTION ( 'NONE',  ( 1.000000000000000000, 1.024180740216706909E-12, 0.000000000000000000 ) ) ;
#1604 = CARTESIAN_POINT ( 'NONE',  ( 82.85498117486919512, 61.06165958050271314, 5.979096157979040704 ) ) ;
#1605 = CARTESIAN_POINT ( 'NONE',  ( 121.4466896199268149, 51.61443156896580575, 7.160280327152577229 ) ) ;
#1606 = VERTEX_POINT ( 'NONE', #680 ) ;
#1607 = CARTESIAN_POINT ( 'NONE',  ( 90.56251616635771029, 34.03305571434017907, 5.846840544435927711 ) ) ;
#1608 = CARTESIAN_POINT ( 'NONE',  ( 70.53913290450296358, 66.53420143220868965, 4.053299998628883571 ) ) ;
#1609 = CARTESIAN_POINT ( 'NONE',  ( 77.83598230116599836, 79.50772366748391562, 0.9999999999999991118 ) ) ;
#1610 = CARTESIAN_POINT ( 'NONE',  ( 113.3330397437247257, 68.72726380842570393, 4.625759263350602168 ) ) ;
#1611 = CARTESIAN_POINT ( 'NONE',  ( 71.57533082660148693, 38.46470669389913155, 1.734084835237289068 ) ) ;
#1612 = CARTESIAN_POINT ( 'NONE',  ( 107.0028976102536262, 86.29543137980705581, 1.000000000000001998 ) ) ;
#1613 = ORIENTED_EDGE ( 'NONE', *, *, #511, .T. ) ;
#1614 = CARTESIAN_POINT ( 'NONE',  ( 122.7196106341726676, 50.13657272853624391, 1.000000000000020206 ) ) ;
#1615 = CARTESIAN_POINT ( 'NONE',  ( 97.75934408198541803, 31.98422187077132151, 5.968798176857116999 ) ) ;
#1616 = DIRECTION ( 'NONE',  ( 1.000000000000000000, 0.000000000000000000, 0.000000000000000000 ) ) ;
#1617 = FILL_AREA_STYLE_COLOUR ( '', #971 ) ;
#1618 = CARTESIAN_POINT ( 'NONE',  ( 69.53064278609237192, 53.59661378621426309, 2.569644647962250339 ) ) ;
#1619 = CARTESIAN_POINT ( 'NONE',  ( 120.9489572550723437, 61.35308789295083898, 5.259881174114758196 ) ) ;
#1620 = ORIENTED_EDGE ( 'NONE', *, *, #293, .F. ) ;
#1621 = DIRECTION ( 'NONE',  ( 1.000000000000000000, 0.000000000000000000, 0.000000000000000000 ) ) ;
#1622 = CIRCLE ( 'NONE', #595, 36.79870545800834236 ) ;
#1623 = CARTESIAN_POINT ( 'NONE',  ( 72.81458682805923388, 80.58310682559290683, 1.990585265729309716 ) ) ;
#1624 = CARTESIAN_POINT ( 'NONE',  ( 91.39767873668768061, 87.32871988398284202, 1.973654524476451844 ) ) ;
#1625 = CARTESIAN_POINT ( 'NONE',  ( 112.8720470955823600, 71.89699161316706011, 3.299445324406055757 ) ) ;
#1626 = CARTESIAN_POINT ( 'NONE',  ( 80.50189898218118856, 53.24744828511024508, 5.981551519117163984 ) ) ;
#1627 = CARTESIAN_POINT ( 'NONE',  ( 117.5497740814948600, 77.93140992234269504, 0.9999999999999963363 ) ) ;
#1628 = CARTESIAN_POINT ( 'NONE',  ( 121.1528349863576750, 65.24820080385862298, 1.000000000000005551 ) ) ;
#1629 = CARTESIAN_POINT ( 'NONE',  ( 94.97095585472405332, 27.33307082554308920, 2.454153045836235059 ) ) ;
#1630 = CARTESIAN_POINT ( 'NONE',  ( 91.10135105222572349, 24.68084044115881781, 3.002955283727717806 ) ) ;
#1631 = CARTESIAN_POINT ( 'NONE',  ( 85.05136790564695559, 35.16542432109600469, 7.000000000000000000 ) ) ;
#1632 = CARTESIAN_POINT ( 'NONE',  ( 70.52941437151268644, 68.41879389985635385, 1.715258271061435025 ) ) ;
#1633 = CARTESIAN_POINT ( 'NONE',  ( 119.8101566462713521, 59.42996434365803538, 7.398707449746488862 ) ) ;
#1634 = ADVANCED_FACE ( 'NONE', ( #1793 ), #1143, .T. ) ;
#1635 = VERTEX_POINT ( 'NONE', #1639 ) ;
#1636 = CARTESIAN_POINT ( 'NONE',  ( 105.1581226197073420, 27.92852835264898914, 4.153852634676283628 ) ) ;
#1637 = CARTESIAN_POINT ( 'NONE',  ( 116.6047695442852614, 37.79336370708681869, 6.600794858483507888 ) ) ;
#1638 = CARTESIAN_POINT ( 'NONE',  ( 88.25203868687444242, 33.11556331510323048, 7.068466811751370038 ) ) ;
#1639 = CARTESIAN_POINT ( 'NONE',  ( 124.4030489530012176, 55.15951471132752459, 0.000000000000000000 ) ) ;
#1640 = CARTESIAN_POINT ( 'NONE',  ( 115.6702263711038796, 63.72522516271401827, 6.031001784593896353 ) ) ;
#1641 = CARTESIAN_POINT ( 'NONE',  ( 74.54676694668749803, 38.29027951022973042, 2.587835420293198130 ) ) ;
#1642 = CARTESIAN_POINT ( 'NONE',  ( 101.3841344550113064, 71.52316782285483043, 5.899979729021796793 ) ) ;
#1643 = CARTESIAN_POINT ( 'NONE',  ( 101.0723343700775274, 83.17485080785948526, 1.000000000000001110 ) ) ;
#1644 = CARTESIAN_POINT ( 'NONE',  ( 102.7354812372976482, 29.45325585078543540, 3.413562930372930460 ) ) ;
#1645 = CARTESIAN_POINT ( 'NONE',  ( 112.5722240821927329, 67.35862801121935206, 5.746399361421333118 ) ) ;
#1646 = CARTESIAN_POINT ( 'NONE',  ( 92.49999999999968736, 55.00000000000541434, 0.000000000000000000 ) ) ;
#1647 = CARTESIAN_POINT ( 'NONE',  ( 69.71205661041275903, 51.45519729649585372, 2.571045766721785863 ) ) ;
#1648 = CARTESIAN_POINT ( 'NONE',  ( 118.0225749402304558, 74.79826121840294206, 1.997407994922057117 ) ) ;
#1649 = PRODUCT_RELATED_PRODUCT_CATEGORY ( 'part', '', ( #2501 ) ) ;
#1650 = ORIENTED_EDGE ( 'NONE', *, *, #203, .F. ) ;
#1651 = CARTESIAN_POINT ( 'NONE',  ( 105.7677818229105071, 29.30670820929212539, 5.258139449675446109 ) ) ;
#1652 = CARTESIAN_POINT ( 'NONE',  ( 126.0149446746419954, 52.35485605516298335, 0.6783661007962833445 ) ) ;
#1653 = CARTESIAN_POINT ( 'NONE',  ( 84.49291842822302101, 21.77303795274935538, 0.8838408981910507167 ) ) ;
#1654 = CARTESIAN_POINT ( 'NONE',  ( 64.17862644862209720, 55.21841118490930000, 0.9999999999999995559 ) ) ;
#1655 = CARTESIAN_POINT ( 'NONE',  ( 117.5442172860384886, 70.40683805812582818, 1.603907506636318425 ) ) ;
#1656 = CARTESIAN_POINT ( 'NONE',  ( 67.24367102396210782, 48.32308368979001756, 1.721552418400367879 ) ) ;
#1657 = CARTESIAN_POINT ( 'NONE',  ( 98.65061683449667385, 21.82483705176056432, 0.8253393241131725677 ) ) ;
#1658 = DIRECTION ( 'NONE',  ( 0.000000000000000000, 0.000000000000000000, 1.000000000000000000 ) ) ;
#1659 = CARTESIAN_POINT ( 'NONE',  ( 99.94176710797934504, 28.82667246786139614, 3.374552916548725356 ) ) ;
#1660 = CARTESIAN_POINT ( 'NONE',  ( 120.3822933126731130, 51.48280031283039904, 8.000000000000000000 ) ) ;
#1661 = CARTESIAN_POINT ( 'NONE',  ( 91.79838064145933174, 31.34751662663726890, 6.999999999999997335 ) ) ;
#1662 = CARTESIAN_POINT ( 'NONE',  ( 72.47605190601166214, 52.30744362303107664, 3.422646397443517952 ) ) ;
#1663 = CARTESIAN_POINT ( 'NONE',  ( 122.4672877867396181, 51.39431137893007673, 5.097390548807269717 ) ) ;
#1664 = ORIENTED_EDGE ( 'NONE', *, *, #698, .F. ) ;
#1665 = CARTESIAN_POINT ( 'NONE',  ( 104.7369648267385429, 30.05843508564397126, 6.377839750472952929 ) ) ;
#1666 = CARTESIAN_POINT ( 'NONE',  ( 119.3252204424934320, 41.58581236840664985, 6.066204512238468460 ) ) ;
#1667 = CARTESIAN_POINT ( 'NONE',  ( 87.63964389637511943, 31.21853068558631250, 6.040741989137908163 ) ) ;
#1668 = CARTESIAN_POINT ( 'NONE',  ( 74.87739096932720884, 31.88413504558269906, 0.9999999999999991118 ) ) ;
#1669 = CARTESIAN_POINT ( 'NONE',  ( 119.5667864833648935, 60.83414540427089889, 3.897183364374501302 ) ) ;
#1670 = CARTESIAN_POINT ( 'NONE',  ( 102.7104763344950840, 25.82764862787473348, 3.059485224413915461 ) ) ;
#1671 = CARTESIAN_POINT ( 'NONE',  ( 114.8204519158422556, 38.12773269830516654, 5.000000000000007994 ) ) ;
#1672 = CARTESIAN_POINT ( 'NONE',  ( 90.44879836848001275, 28.16361686086084148, 2.662300137861093763 ) ) ;
#1673 = CARTESIAN_POINT ( 'NONE',  ( 106.1806083612590896, 74.90074014831462534, 6.038450044730488742 ) ) ;
#1674 = CARTESIAN_POINT ( 'NONE',  ( 96.98282840601112298, 73.90201979139156663, 7.000000000000000000 ) ) ;
#1675 = CARTESIAN_POINT ( 'NONE',  ( 89.30518168004701351, 32.42069618050718560, 6.999999999999997335 ) ) ;
#1676 = CARTESIAN_POINT ( 'NONE',  ( 83.83220486063031274, 73.82846286619776777, 3.424448185156929281 ) ) ;
#1677 = CARTESIAN_POINT ( 'NONE',  ( 122.0682846238035495, 50.16545812026625129, 5.605544829386442274 ) ) ;
#1678 = CIRCLE ( 'NONE', #417, 15.00000000000000000 ) ;
#1679 = CARTESIAN_POINT ( 'NONE',  ( 112.7669900936375456, 34.18690085532395528, 6.701854483562049936 ) ) ;
#1680 = CARTESIAN_POINT ( 'NONE',  ( 80.31486560864122737, 25.22949207334917432, 1.935326272653294710 ) ) ;
#1681 = CARTESIAN_POINT ( 'NONE',  ( 87.31971700350061383, 25.74144568054048321, 0.9999999999999997780 ) ) ;
#1682 = CARTESIAN_POINT ( 'NONE',  ( 120.4636434317930167, 57.24240840138374153, 3.964032627243195162 ) ) ;
#1683 = CARTESIAN_POINT ( 'NONE',  ( 96.70107932913062143, 23.14330960064948073, 1.976386586865336747 ) ) ;
#1684 = FACE_OUTER_BOUND ( 'NONE', #496, .T. ) ;
#1685 = CARTESIAN_POINT ( 'NONE',  ( 92.19272406100742501, 32.59442002779031355, 5.454838696786194596 ) ) ;
#1686 = CARTESIAN_POINT ( 'NONE',  ( 100.1707018082587979, 86.14878957961416006, 2.084365750038078779 ) ) ;
#1687 = CARTESIAN_POINT ( 'NONE',  ( 89.60126078042117115, 71.82358375611168810, 7.000000000000001776 ) ) ;
#1688 = PLANE ( 'NONE',  #506 ) ;
#1689 = CARTESIAN_POINT ( 'NONE',  ( 89.77854435471824956, 76.50815223412584487, 3.431831637984871897 ) ) ;
#1690 = CARTESIAN_POINT ( 'NONE',  ( 123.2680038757933829, 53.82818581896274424, 4.033951633425766126 ) ) ;
#1691 = CARTESIAN_POINT ( 'NONE',  ( 122.7794211187732429, 42.83640336183587038, 1.760210741708620796 ) ) ;
#1692 = CARTESIAN_POINT ( 'NONE',  ( 84.44364703014599627, 33.11849225488715831, 6.060208669495756872 ) ) ;
#1693 = CARTESIAN_POINT ( 'NONE',  ( 84.54399288970041937, 26.55671532426602255, 1.000000000000000888 ) ) ;
#1694 = CARTESIAN_POINT ( 'NONE',  ( 118.9806929878905066, 60.06783155009301822, 4.800292640694022062 ) ) ;
#1695 = CARTESIAN_POINT ( 'NONE',  ( 98.31116205725793122, 28.71986399402864265, 5.926849343226384903 ) ) ;
#1696 = APPLICATION_PROTOCOL_DEFINITION ( 'draft international standard', 'automotive_design', 1998, #1192 ) ;
#1697 = LINE ( 'NONE', #370, #547 ) ;
#1698 = CARTESIAN_POINT ( 'NONE',  ( 91.01431320148770965, 31.05552620658981766, 4.364947077214720750 ) ) ;
#1699 = CARTESIAN_POINT ( 'NONE',  ( 112.4705435830545213, 69.36298331380258730, 7.110535879814936067 ) ) ;
#1700 = CARTESIAN_POINT ( 'NONE',  ( 122.0000018179416799, 43.96559952297486262, -55.42914871850910430 ) ) ;
#1701 = CARTESIAN_POINT ( 'NONE',  ( 121.3151329022881413, 49.37352344878061672, 7.000000000000051514 ) ) ;
#1702 = CARTESIAN_POINT ( 'NONE',  ( 99.57640847333864542, 71.22558472954035835, 6.013816560728409755 ) ) ;
#1703 = CARTESIAN_POINT ( 'NONE',  ( 74.49761977210950192, 85.80985365719988067, 0.9999999999999983347 ) ) ;
#1704 = CARTESIAN_POINT ( 'NONE',  ( 116.0423060246179290, 40.34596449226959436, 6.009182732289160889 ) ) ;
#1705 = VECTOR ( 'NONE', #2650, 1000.000000000000000 ) ;
#1706 = CARTESIAN_POINT ( 'NONE',  ( 107.8465384554967272, 31.84968056050760410, 7.363369211192478225 ) ) ;
#1707 = CARTESIAN_POINT ( 'NONE',  ( 75.25092150677789959, 38.96101977820332962, 5.062467864025512299 ) ) ;
#1708 = CARTESIAN_POINT ( 'NONE',  ( 91.13342727605426319, 25.22827816554623581, 0.9999999999999993339 ) ) ;
#1709 = CARTESIAN_POINT ( 'NONE',  ( 117.3473155626128062, 65.61170568223353428, 3.815482445539806200 ) ) ;
#1710 = AXIS2_PLACEMENT_3D ( 'NONE', #163, #2125, #1453 ) ;
#1711 = CARTESIAN_POINT ( 'NONE',  ( 95.30707447965262702, 21.34155207618664818, 0.8468072022766520712 ) ) ;
#1712 = CARTESIAN_POINT ( 'NONE',  ( 122.0000018179416799, 59.00000110268592834, 6.999999999999999112 ) ) ;
#1713 = CARTESIAN_POINT ( 'NONE',  ( 93.78446605864733954, 29.35956371714806679, 3.740498344223112337 ) ) ;
#1714 = CARTESIAN_POINT ( 'NONE',  ( 109.6125124885400339, 75.76311055961016905, 4.887468973755644264 ) ) ;
#1715 = CARTESIAN_POINT ( 'NONE',  ( 103.9242329033185968, 30.46788637014481438, 7.000000000000004441 ) ) ;
#1716 = CARTESIAN_POINT ( 'NONE',  ( 91.50132433321275016, 71.89342354241304633, 5.135074648448163970 ) ) ;
#1717 = CARTESIAN_POINT ( 'NONE',  ( 70.76207203133255064, 83.33411424004721368, 1.000000000000001332 ) ) ;
#1718 = CARTESIAN_POINT ( 'NONE',  ( 113.8436448616887162, 37.08339740205612145, 4.999570725937456217 ) ) ;
#1719 = EDGE_CURVE ( 'NONE', #1833, #672, #1418, .T. ) ;
#1720 = CARTESIAN_POINT ( 'NONE',  ( 111.9201852655563272, 32.51699069291762356, 5.146161004118545712 ) ) ;
#1721 = CARTESIAN_POINT ( 'NONE',  ( 79.04382885968261974, 44.17500298253287383, 7.124309674571526863 ) ) ;
#1722 = CARTESIAN_POINT ( 'NONE',  ( 107.0000018179416799, 28.96559952297486618, 8.000000000000000000 ) ) ;
#1723 = CARTESIAN_POINT ( 'NONE',  ( 119.0343668346911841, 47.14778751016613256, 6.508644901337180322 ) ) ;
#1724 = CARTESIAN_POINT ( 'NONE',  ( 90.70219364536426099, 21.14257206829612912, 0.8730041759744766594 ) ) ;
#1725 = DIRECTION ( 'NONE',  ( 0.000000000000000000, 0.000000000000000000, -1.000000000000000000 ) ) ;
#1726 = CARTESIAN_POINT ( 'NONE',  ( 88.41301264401325000, 35.83106813708414506, 6.041596839023206655 ) ) ;
#1727 = CARTESIAN_POINT ( 'NONE',  ( 106.8034392518107438, 81.08505027119298347, 3.203536637439249990 ) ) ;
#1728 = CARTESIAN_POINT ( 'NONE',  ( 87.18961034044552605, 81.10840543292371763, 1.727236245176465346 ) ) ;
#1729 = CARTESIAN_POINT ( 'NONE',  ( 101.0427763740470937, 30.06761057300296258, 6.999999999999997335 ) ) ;
#1730 = CARTESIAN_POINT ( 'NONE',  ( 86.97702620521508265, 72.57669486614392440, 4.278170605027365347 ) ) ;
#1731 = CARTESIAN_POINT ( 'NONE',  ( 56.92087017457307496, 57.39033606202289661, 0.9999999999999995559 ) ) ;
#1732 = AXIS2_PLACEMENT_3D ( 'NONE', #395, #2638, #1085 ) ;
#1733 = CARTESIAN_POINT ( 'NONE',  ( 116.2369802871148039, 36.66887451186320845, 1.832698041115344623 ) ) ;
#1734 = CARTESIAN_POINT ( 'NONE',  ( 105.6316387585992942, 30.81848638781346850, 6.899929843880811653 ) ) ;
#1735 = CARTESIAN_POINT ( 'NONE',  ( 71.15587137145874408, 49.92413292069598896, 5.077580252825739215 ) ) ;
#1736 = DIRECTION ( 'NONE',  ( 1.000000000000000000, 0.000000000000000000, 0.000000000000000000 ) ) ;
#1737 = CARTESIAN_POINT ( 'NONE',  ( 119.3679167363277713, 48.00603214697213872, 5.995129246548546398 ) ) ;
#1738 = DIRECTION ( 'NONE',  ( 1.000000000000000000, 0.000000000000000000, 0.000000000000000000 ) ) ;
#1739 = CARTESIAN_POINT ( 'NONE',  ( 93.11201043028039237, 78.65843165127506609, 5.064393811088084618 ) ) ;
#1740 = CARTESIAN_POINT ( 'NONE',  ( 99.90547778173592519, 82.21267315267098752, 1.493383877201133414 ) ) ;
#1741 = CARTESIAN_POINT ( 'NONE',  ( 90.82062852047187107, 34.32604324124184103, 6.064536931369874928 ) ) ;
#1742 = CARTESIAN_POINT ( 'NONE',  ( 115.2351576207536255, 70.28461237134060013, 5.398229145602618573 ) ) ;
#1743 = CARTESIAN_POINT ( 'NONE',  ( 91.37036654763619481, 79.42554862626259649, 2.582870482596603789 ) ) ;
#1744 = CARTESIAN_POINT ( 'NONE',  ( 67.24355539440327334, 80.63164793258243890, 0.9614696146771746221 ) ) ;
#1745 = CARTESIAN_POINT ( 'NONE',  ( 106.0741547268074214, 27.65178452884502036, 0.8269372158767949177 ) ) ;
#1746 = CARTESIAN_POINT ( 'NONE',  ( 62.36283788171199660, 74.33864669995632823, 1.000000000000001110 ) ) ;
#1747 = CARTESIAN_POINT ( 'NONE',  ( 114.0032852488988624, 37.75625113447873815, 5.961220051761970673 ) ) ;
#1748 = CARTESIAN_POINT ( 'NONE',  ( 115.5751304058744751, 35.06787821766175739, 4.543180138433322135 ) ) ;
#1749 = CARTESIAN_POINT ( 'NONE',  ( 75.35195446829384025, 45.64046045087833647, 6.101593684521604111 ) ) ;
#1750 = CYLINDRICAL_SURFACE ( 'NONE', #1850, 36.79870545800834947 ) ;
#1751 = CARTESIAN_POINT ( 'NONE',  ( 121.3576275973349823, 49.76535559969068601, 2.711768315452252498 ) ) ;
#1752 = CARTESIAN_POINT ( 'NONE',  ( 91.33313042343885968, 26.82601713765660989, 4.291768594944978865 ) ) ;
#1753 = CARTESIAN_POINT ( 'NONE',  ( 88.22616119342565355, 83.87008297804436552, 3.009558169633271607 ) ) ;
#1754 = CARTESIAN_POINT ( 'NONE',  ( 106.5902093306954583, 72.23222768041146935, 4.988628498839840830 ) ) ;
#1755 = CARTESIAN_POINT ( 'NONE',  ( 84.42487080517925335, 26.41640795482035031, 0.9336140522966528410 ) ) ;
#1756 = CARTESIAN_POINT ( 'NONE',  ( 116.4631583790570772, 66.73205892326770083, 6.483879816906110705 ) ) ;
#1757 = CARTESIAN_POINT ( 'NONE',  ( 100.7574182671282017, 71.25711562002436494, 6.018741455081833003 ) ) ;
#1758 = ADVANCED_FACE ( 'NONE', ( #2094 ), #1404, .F. ) ;
#1759 = CARTESIAN_POINT ( 'NONE',  ( 93.54833194201182778, 25.11985386442633583, 1.000000000000000000 ) ) ;
#1760 = CARTESIAN_POINT ( 'NONE',  ( 108.6687709326384521, 33.06360548239872799, 4.869811172221588436 ) ) ;
#1761 = CARTESIAN_POINT ( 'NONE',  ( 105.1798709093478692, 75.22770700115884779, 6.043897210527077846 ) ) ;
#1762 = AXIS2_PLACEMENT_3D ( 'NONE', #724, #1268, #1018 ) ;
#1763 = CARTESIAN_POINT ( 'NONE',  ( 112.3168526378922252, 36.50955123576349592, 6.400105587462911139 ) ) ;
#1764 = CARTESIAN_POINT ( 'NONE',  ( 64.75135390018847659, 47.46316783558580710, 3.016979809857952777 ) ) ;
#1765 = CARTESIAN_POINT ( 'NONE',  ( 122.4646614338780779, 55.88778764089669693, 1.767156698632059708 ) ) ;
#1766 = CARTESIAN_POINT ( 'NONE',  ( 92.49661610212292828, 27.55225334111701585, 4.853142942548720029 ) ) ;
#1767 = EDGE_LOOP ( 'NONE', ( #2897, #1569, #960, #1132 ) ) ;
#1768 = CARTESIAN_POINT ( 'NONE',  ( 85.46268238198510403, 89.79356708922288988, 0.9488465400692701612 ) ) ;
#1769 = CARTESIAN_POINT ( 'NONE',  ( 100.7977449519316195, 84.19235377314471691, 0.6321554891236037532 ) ) ;
#1770 = CARTESIAN_POINT ( 'NONE',  ( 88.95720267608301413, 26.92398479593904170, 1.804542882231644940 ) ) ;
#1771 = CARTESIAN_POINT ( 'NONE',  ( 117.8442611874862109, 66.01997627051218842, 5.897601536619767160 ) ) ;
#1772 = CARTESIAN_POINT ( 'NONE',  ( 100.2007159381634835, 75.22542174772944179, 4.306209704125214977 ) ) ;
#1773 = EDGE_CURVE ( 'NONE', #2259, #1401, #2049, .T. ) ;
#1774 = CARTESIAN_POINT ( 'NONE',  ( 78.76458480740453183, 43.96559952297486262, 7.000000000000000000 ) ) ;
#1775 = CARTESIAN_POINT ( 'NONE',  ( 105.9255813744547794, 31.84153961010401090, 4.804360752840184823 ) ) ;
#1776 = CARTESIAN_POINT ( 'NONE',  ( 119.8152854577772075, 60.03124640559140346, 6.999999999999987566 ) ) ;
#1777 = CARTESIAN_POINT ( 'NONE',  ( 96.31581941169713446, 83.97523871553929098, 1.000000000000000000 ) ) ;
#1778 = EDGE_CURVE ( 'NONE', #1353, #874, #2219, .T. ) ;
#1779 = CARTESIAN_POINT ( 'NONE',  ( 60.46118229996846338, 56.76986040111840737, 1.991513198559070608 ) ) ;
#1780 = CARTESIAN_POINT ( 'NONE',  ( 118.7960055316366095, 45.48577209381684128, 5.532181161310882445 ) ) ;
#1781 = CARTESIAN_POINT ( 'NONE',  ( 92.66455022940115782, 31.24037307129821883, 7.125437268406073166 ) ) ;
#1782 = VERTEX_POINT ( 'NONE', #2035 ) ;
#1783 = CARTESIAN_POINT ( 'NONE',  ( 90.78576312703242479, 75.14157577345888228, 6.100116729037001306 ) ) ;
#1784 = CARTESIAN_POINT ( 'NONE',  ( 111.7429254713396318, 67.70204430966688847, 5.927282967620455700 ) ) ;
#1785 = CARTESIAN_POINT ( 'NONE',  ( 82.94381580497091022, 26.97167809344668044, 0.9272872147592057246 ) ) ;
#1786 = CARTESIAN_POINT ( 'NONE',  ( 97.82850101213831806, 77.50010141634416527, 3.448198083757322951 ) ) ;
#1787 = ORIENTED_EDGE ( 'NONE', *, *, #2352, .T. ) ;
#1788 = VERTEX_POINT ( 'NONE', #2711 ) ;
#1789 = CARTESIAN_POINT ( 'NONE',  ( 104.9110732855424999, 30.99905732560530680, 4.333512812708025130 ) ) ;
#1790 = CARTESIAN_POINT ( 'NONE',  ( 119.5338924306291517, 60.69462394527036508, 7.000000000000019540 ) ) ;
#1791 = CARTESIAN_POINT ( 'NONE',  ( 92.67844877486390942, 69.94400021994621852, 5.933452983398946223 ) ) ;
#1792 = CARTESIAN_POINT ( 'NONE',  ( 60.32234251767585675, 54.09697054898984447, 1.990624927735808569 ) ) ;
#1793 = FACE_OUTER_BOUND ( 'NONE', #2680, .T. ) ;
#1794 = ORIENTED_EDGE ( 'NONE', *, *, #1808, .F. ) ;
#1795 = CARTESIAN_POINT ( 'NONE',  ( 81.07436569287843042, 73.56175694086307715, 5.079202607116336310 ) ) ;
#1796 = CARTESIAN_POINT ( 'NONE',  ( 100.3822933126731130, 51.48280031283039904, 7.000000000000000000 ) ) ;
#1797 = CARTESIAN_POINT ( 'NONE',  ( 114.7617007256038590, 66.44989002056716743, 5.094548689338167513 ) ) ;
#1798 = CARTESIAN_POINT ( 'NONE',  ( 73.83202203951762499, 32.43325603033618165, 0.8951486839193970591 ) ) ;
#1799 = CARTESIAN_POINT ( 'NONE',  ( 111.8290824297175590, 28.04571021022255195, 1.000000000000008660 ) ) ;
#1800 = ORIENTED_EDGE ( 'NONE', *, *, #2826, .T. ) ;
#1801 = VERTEX_POINT ( 'NONE', #2534 ) ;
#1802 = CARTESIAN_POINT ( 'NONE',  ( 109.1156821995018618, 32.94426679348240583, 4.423230016772353501 ) ) ;
#1803 = VECTOR ( 'NONE', #2114, 1000.000000000000000 ) ;
#1804 = CARTESIAN_POINT ( 'NONE',  ( 107.3044727238662546, 72.46029070578565268, 7.000000000000019540 ) ) ;
#1805 = CARTESIAN_POINT ( 'NONE',  ( 78.76458480740453183, 43.96559952297486262, 8.000000000000000000 ) ) ;
#1806 = CARTESIAN_POINT ( 'NONE',  ( 90.72619829581438466, 21.35348506990139583, 1.000000000000000888 ) ) ;
#1807 = CARTESIAN_POINT ( 'NONE',  ( 121.5436714803509517, 60.98477460289589658, 4.690960726494409094 ) ) ;
#1808 = EDGE_CURVE ( 'NONE', #2281, #1855, #2368, .T. ) ;
#1809 = DIRECTION ( 'NONE',  ( 0.000000000000000000, 0.000000000000000000, 1.000000000000000000 ) ) ;
#1810 = ORIENTED_EDGE ( 'NONE', *, *, #382, .T. ) ;
#1811 = CARTESIAN_POINT ( 'NONE',  ( 84.83160803080090773, 68.12726991498927021, 7.135443222011868869 ) ) ;
#1812 = DIRECTION ( 'NONE',  ( 0.000000000000000000, 0.000000000000000000, 1.000000000000000000 ) ) ;
#1813 = CARTESIAN_POINT ( 'NONE',  ( 115.4236907031894503, 68.23614196465052828, 3.775736066274989255 ) ) ;
#1814 = CARTESIAN_POINT ( 'NONE',  ( 75.77468662151643741, 47.69507758872606473, 4.279254493192463649 ) ) ;
#1815 = CARTESIAN_POINT ( 'NONE',  ( 124.8824811559038466, 47.85812972172065827, 0.9999999999999751310 ) ) ;
#1816 = AXIS2_PLACEMENT_3D ( 'NONE', #197, #2672, #1981 ) ;
#1817 = B_SPLINE_SURFACE_WITH_KNOTS ( 'NONE', 3, 3, ( 
 ( #1440, #2333, #1002, #1468, #1252, #1896, #2140 ),
 ( #2794, #2820, #1698, #779, #1672, #2597, #18 ),
 ( #1741, #877, #2892, #2879, #616, #1770, #629 ),
 ( #2641, #2669, #1075, #2182, #2224, #440, #2209 ),
 ( #2240, #427, #1522, #2404, #194, #864, #2417 ),
 ( #1726, #655, #2461, #890, #1320, #1334, #1755 ),
 ( #2683, #1292, #398, #458, #180, #207, #1785 ),
 ( #670, #1509, #221, #1566, #1963, #1114, #1550 ),
 ( #2444, #2006, #2863, #3, #1351, #412, #237 ),
 ( #1130, #2021, #2431, #1306, #1088, #2627, #2655 ),
 ( #850, #2196, #1536, #1978, #642, #1100, #1991 ),
 ( #1364, #1421, #685, #2492, #2758, #1597, #2313 ),
 ( #2713, #2536, #2079, #905, #2728, #49, #1798 ),
 ( #1845, #295, #702, #746, #486, #2286, #1406 ),
 ( #717, #311, #281, #265, #1641, #531, #966 ),
 ( #1205, #2299, #2742, #252, #2255, #1611, #501 ),
 ( #1188, #1582, #1831, #2096, #1861, #2507, #75 ),
 ( #2698, #2476, #2051, #471, #1160, #1147, #2037 ),
 ( #34, #920, #1814, #2522, #517, #1379, #2270 ),
 ( #936, #1394, #1175, #2067, #732, #63, #950 ),
 ( #1626, #92, #984, #1878, #761, #1656, #2775 ),
 ( #1181, #2321, #2339, #1662, #1647, #2305, #2749 ),
 ( #1885, #1213, #1229, #2720, #1618, #710, #321 ),
 ( #2781, #2104, #68, #2087, #2514, #1428, #101 ),
 ( #509, #2735, #2558, #927, #2072, #553, #1444 ),
 ( #1604, #84, #991, #767, #1412, #335, #2542 ),
 ( #41, #302, #522, #2292, #1399, #287, #1823 ),
 ( #1386, #2499, #494, #273, #537, #2278, #957 ),
 ( #1167, #1853, #2059, #56, #976, #1870, #2765 ),
 ( #943, #1195, #753, #738, #1838, #1632, #725 ),
 ( #2528, #2631, #2144, #2852, #388, #2381, #592 ),
 ( #143, #1269, #825, #1064, #1282, #402, #1900 ),
 ( #2798, #2394, #605, #1952, #1497, #1033, #2157 ),
 ( #2171, #168, #783, #2587, #1912, #839, #117 ),
 ( #619, #1512, #1730, #1676, #155, #2407, #2118 ),
 ( #1006, #1716, #1020, #2575, #374, #2601, #1472 ),
 ( #567, #1459, #1048, #2353, #2616, #2365, #130 ),
 ( #349, #1937, #1243, #2130, #362, #1257, #2812 ),
 ( #2837, #796, #579, #1689, #1924, #2824, #809 ),
 ( #1702, #1484, #2630, #2446, #2406, #1116, #1552 ),
 ( #1757, #866, #1980, #2211, #618, #1728, #196 ),
 ( #891, #2881, #2184, #1061, #1743, #2419, #182 ),
 ( #386, #2433, #2008, #442, #2658, #2895, #414 ),
 ( #1336, #2850, #1950, #4, #1511, #644, #2226 ),
 ( #224, #2169, #1772, #1786, #401, #1993, #209 ),
 ( #1322, #657, #837, #1102, #2684, #1077, #671 ),
 ( #1567, #1525, #2671, #1280, #166, #879, #1538 ),
 ( #1294, #2643, #1965, #2866, #852, #631, #1308 ),
 ( #2198, #1090, #429, #2493, #1131, #2038, #502 ) ),
 .UNSPECIFIED., .F., .F., .F.,
 ( 4, 3, 3, 3, 3, 3, 3, 3, 3, 3, 3, 3, 3, 3, 3, 3, 4 ),
 ( 4, 3, 4 ),
 ( 0.4999999999999994449, 0.5312499999999997780, 0.5625000000000000000, 0.5937500000000002220, 0.6250000000000004441, 0.6562500000000006661, 0.6875000000000008882, 0.7187500000000011102, 0.7500000000000013323, 0.7812500000000015543, 0.8125000000000017764, 0.8437500000000019984, 0.8750000000000022204, 0.9062500000000024425, 0.9375000000000026645, 0.9687500000000028866, 1.000000000000003109 ),
 ( 0.01163505482810058347, 0.4368203057562652925, 0.8620055566844300188 ),
 .UNSPECIFIED. ) ;
#1818 = VERTEX_POINT ( 'NONE', #2149 ) ;
#1819 = ORIENTED_EDGE ( 'NONE', *, *, #2826, .F. ) ;
#1820 = CARTESIAN_POINT ( 'NONE',  ( 103.8478841599832236, 27.79134728832764267, 1.675889461217922927 ) ) ;
#1821 = CARTESIAN_POINT ( 'NONE',  ( 68.20491809983205655, 30.24765024985674700, 1.000000000000000222 ) ) ;
#1822 = CARTESIAN_POINT ( 'NONE',  ( 117.4089760824166433, 62.00610854512235193, 5.473804927285559785 ) ) ;
#1823 = CARTESIAN_POINT ( 'NONE',  ( 64.59230159306716246, 62.05633990999378824, 0.8643632179660644121 ) ) ;
#1824 = CARTESIAN_POINT ( 'NONE',  ( 121.7330273931822830, 54.60171431001651854, 6.218138339910583845 ) ) ;
#1825 = CARTESIAN_POINT ( 'NONE',  ( 81.82295486167180343, 43.96824511311012884, 5.929360331457202982 ) ) ;
#1826 = ORIENTED_EDGE ( 'NONE', *, *, #1869, .F. ) ;
#1827 = PRODUCT_DEFINITION ( 'UNKNOWN', '', #1863, #2727 ) ;
#1828 = CARTESIAN_POINT ( 'NONE',  ( 80.33727499765343794, 77.27677219069539660, 4.048354111795855914 ) ) ;
#1829 = CARTESIAN_POINT ( 'NONE',  ( 90.97610058182713999, 83.96357570805965054, 0.9999999999999981126 ) ) ;
#1830 = CARTESIAN_POINT ( 'NONE',  ( 113.8263025003426065, 69.17428314301416492, 4.188612020968538019 ) ) ;
#1831 = CARTESIAN_POINT ( 'NONE',  ( 76.74803837417776720, 44.30354128997052499, 4.283935732320382606 ) ) ;
#1832 = CARTESIAN_POINT ( 'NONE',  ( 101.8343800553294329, 22.94784825946861062, 0.9999999999999997780 ) ) ;
#1833 = VERTEX_POINT ( 'NONE', #1024 ) ;
#1834 = CARTESIAN_POINT ( 'NONE',  ( 115.0313137000107560, 74.95169161698559890, 0.9999999999999917843 ) ) ;
#1835 = CARTESIAN_POINT ( 'NONE',  ( 102.4593627971771923, 29.86936321869242406, 3.848728846485593547 ) ) ;
#1836 = CARTESIAN_POINT ( 'NONE',  ( 77.72366549932363000, 47.28253853365377068, 6.999999999999998224 ) ) ;
#1837 = CARTESIAN_POINT ( 'NONE',  ( 79.34494481260060184, 42.48740946557757781, 6.999999999999998224 ) ) ;
#1838 = CARTESIAN_POINT ( 'NONE',  ( 73.80038837714616307, 67.97553442384266020, 2.566875449908192053 ) ) ;
#1839 = CARTESIAN_POINT ( 'NONE',  ( 121.6081387807351462, 62.51190459480654482, 4.147661279466880124 ) ) ;
#1840 = ORIENTED_EDGE ( 'NONE', *, *, #1133, .F. ) ;
#1841 = CARTESIAN_POINT ( 'NONE',  ( 82.62608486349425618, 42.22890139952000510, 5.923516867714258893 ) ) ;
#1842 = CARTESIAN_POINT ( 'NONE',  ( 71.06995082613147474, 79.14455897559220432, 1.991445869694662418 ) ) ;
#1843 = CARTESIAN_POINT ( 'NONE',  ( 83.02940351520045681, 82.09274550681334404, 1.000000000000000444 ) ) ;
#1844 = CARTESIAN_POINT ( 'NONE',  ( 112.2559915553038934, 71.45357304233080242, 3.730219892463140230 ) ) ;
#1845 = CARTESIAN_POINT ( 'NONE',  ( 82.41171826678144896, 43.03408956100091842, 5.998800126944930255 ) ) ;
#1846 = CARTESIAN_POINT ( 'NONE',  ( 96.30694720941643538, 89.78694796212268159, 1.000000000000002442 ) ) ;
#1847 = CARTESIAN_POINT ( 'NONE',  ( 122.4484111028730524, 48.71918205811066116, 1.000000000000019762 ) ) ;
#1848 = CARTESIAN_POINT ( 'NONE',  ( 94.86593490214386293, 30.55710889213192161, 4.618339202237926600 ) ) ;
#1849 = EDGE_CURVE ( 'NONE', #1606, #1599, #2318, .T. ) ;
#1850 = AXIS2_PLACEMENT_3D ( 'NONE', #1517, #1083, #831 ) ;
#1851 = FACE_OUTER_BOUND ( 'NONE', #2666, .T. ) ;
#1852 = DIRECTION ( 'NONE',  ( 0.000000000000000000, 0.000000000000000000, 1.000000000000000000 ) ) ;
#1853 = CARTESIAN_POINT ( 'NONE',  ( 82.47274907098673680, 65.32412831003949805, 5.124664554295703667 ) ) ;
#1854 = CARTESIAN_POINT ( 'NONE',  ( 121.7370733815035493, 65.56616457862783420, 3.061062385411821740 ) ) ;
#1855 = VERTEX_POINT ( 'NONE', #1708 ) ;
#1856 = CARTESIAN_POINT ( 'NONE',  ( 107.8008989818875563, 27.79025257026685480, 3.003719163059688224 ) ) ;
#1857 = VECTOR ( 'NONE', #1852, 1000.000000000000000 ) ;
#1858 = CARTESIAN_POINT ( 'NONE',  ( 75.61119555499736578, 24.93196760298915393, 0.9149342696837121647 ) ) ;
#1859 = CARTESIAN_POINT ( 'NONE',  ( 92.82539343801873599, 87.34572898324309165, 1.971506061478307315 ) ) ;
#1860 = CARTESIAN_POINT ( 'NONE',  ( 113.5701895632348908, 66.91083394206884805, 5.512572047991914026 ) ) ;
#1861 = CARTESIAN_POINT ( 'NONE',  ( 72.53016207957190886, 41.53598249808162990, 2.581476370052422808 ) ) ;
#1862 = CARTESIAN_POINT ( 'NONE',  ( 125.7305957846745770, 57.36292528024997495, 0.9999999999999681366 ) ) ;
#1863 = PRODUCT_DEFINITION_FORMATION_WITH_SPECIFIED_SOURCE ( 'ANY', '', #2501, .NOT_KNOWN. ) ;
#1864 = CARTESIAN_POINT ( 'NONE',  ( 94.96206832221190552, 70.75126149811447362, 5.927112202341137781 ) ) ;
#1865 = CARTESIAN_POINT ( 'NONE',  ( 105.5950767852162073, 81.60770048091455919, 1.000000000000000888 ) ) ;
#1866 = CARTESIAN_POINT ( 'NONE',  ( 99.55630526402143232, 25.41889778328904015, 0.7629656161713354035 ) ) ;
#1867 = CARTESIAN_POINT ( 'NONE',  ( 117.8142909845297481, 61.31919754493672770, 5.428006734172488912 ) ) ;
#1868 = DIRECTION ( 'NONE',  ( -1.000000000000000000, 0.000000000000000000, 0.000000000000000000 ) ) ;
#1869 = EDGE_CURVE ( 'NONE', #1801, #539, #1892, .T. ) ;
#1870 = CARTESIAN_POINT ( 'NONE',  ( 69.44347373443144988, 66.41651312298303367, 1.715175016095223270 ) ) ;
#1871 = CARTESIAN_POINT ( 'NONE',  ( 120.3461844206549358, 61.47656490637196214, 5.811771841129816707 ) ) ;
#1872 = ORIENTED_EDGE ( 'NONE', *, *, #1419, .T. ) ;
#1873 = CARTESIAN_POINT ( 'NONE',  ( 103.6885017487661003, 30.80421469552558733, 7.486759213218643794 ) ) ;
#1874 = CARTESIAN_POINT ( 'NONE',  ( 125.6168242865215774, 49.45557292144714978, 0.6639408682200028666 ) ) ;
#1875 = CARTESIAN_POINT ( 'NONE',  ( 73.76698263329680572, 32.32976281613171921, 2.992813235694441687 ) ) ;
#1876 = CARTESIAN_POINT ( 'NONE',  ( 64.56489129114252989, 59.07486827432472865, 1.000000000000000888 ) ) ;
#1877 = CARTESIAN_POINT ( 'NONE',  ( 119.4620856377353988, 53.40987808985346419, 6.359055594513056242 ) ) ;
#1878 = CARTESIAN_POINT ( 'NONE',  ( 72.54443619477646621, 50.30086976687246647, 3.423953468602473738 ) ) ;
#1879 = CARTESIAN_POINT ( 'NONE',  ( 98.79704579441701640, 27.29484019657612492, 4.793475820536555965 ) ) ;
#1880 = AXIS2_PLACEMENT_3D ( 'NONE', #424, #204, #1975 ) ;
#1881 = CARTESIAN_POINT ( 'NONE',  ( 103.7908259056942484, 71.19442068148056535, 5.882703013048258711 ) ) ;
#1882 = CARTESIAN_POINT ( 'NONE',  ( 99.55699480321391093, 29.84563628395237700, 4.242760300668793505 ) ) ;
#1883 = CARTESIAN_POINT ( 'NONE',  ( 92.49999999999968736, 55.00000000000541434, 1.000000000000000888 ) ) ;
#1884 = CARTESIAN_POINT ( 'NONE',  ( 93.76458480740453183, 28.96559952297486618, 8.000000000000000000 ) ) ;
#1885 = CARTESIAN_POINT ( 'NONE',  ( 81.04172637248019839, 56.45065222844652908, 5.979732994234342236 ) ) ;
#1886 = CARTESIAN_POINT ( 'NONE',  ( 122.8500530468417509, 49.25592900143655584, 3.990452462812090761 ) ) ;
#1887 = VECTOR ( 'NONE', #1809, 1000.000000000000000 ) ;
#1888 = ORIENTED_EDGE ( 'NONE', *, *, #489, .T. ) ;
#1889 = CARTESIAN_POINT ( 'NONE',  ( 108.8042676044546795, 27.02470629667674729, 1.870474250046960663 ) ) ;
#1890 = CARTESIAN_POINT ( 'NONE',  ( 124.3576330976567164, 47.90762311501188719, 1.777698841568333243 ) ) ;
#1891 = CARTESIAN_POINT ( 'NONE',  ( 84.31904987795321915, 25.99565084864768139, 2.954483907323515179 ) ) ;
#1892 = LINE ( 'NONE', #2135, #1057 ) ;
#1893 = CARTESIAN_POINT ( 'NONE',  ( 118.8780312473743521, 63.75989654844238430, 3.415028900007563095 ) ) ;
#1894 = CARTESIAN_POINT ( 'NONE',  ( 99.51190812042270295, 25.15609560314247872, 3.089552603907542938 ) ) ;
#1895 = DIRECTION ( 'NONE',  ( -0.000000000000000000, -0.000000000000000000, -1.000000000000000000 ) ) ;
#1896 = CARTESIAN_POINT ( 'NONE',  ( 91.32078136315985262, 26.58804329986730863, 1.819796738631493049 ) ) ;
#1897 = CARTESIAN_POINT ( 'NONE',  ( 111.7825106656710830, 68.89067886860020451, 7.669660271452548805 ) ) ;
#1898 = CARTESIAN_POINT ( 'NONE',  ( 55.70129454199134500, 55.00000000000541434, 0.000000000000000000 ) ) ;
#1899 = DIRECTION ( 'NONE',  ( 1.000000000000000000, 0.000000000000000000, 0.000000000000000000 ) ) ;
#1900 = CARTESIAN_POINT ( 'NONE',  ( 69.79664077764195440, 72.78895739842916157, 0.8645709910158787537 ) ) ;
#1901 = CARTESIAN_POINT ( 'NONE',  ( 122.0880104600545906, 52.14827179963338466, 5.638929077581272153 ) ) ;
#1902 = CARTESIAN_POINT ( 'NONE',  ( 119.5577508099881925, 42.42149726892922956, 6.561012570192613858 ) ) ;
#1903 = CARTESIAN_POINT ( 'NONE',  ( 86.62574988040522328, 23.36782790062643045, 1.908735039796392252 ) ) ;
#1904 = CARTESIAN_POINT ( 'NONE',  ( 71.73865593656582007, 34.89113844583006596, 0.9999999999999997780 ) ) ;
#1905 = CARTESIAN_POINT ( 'NONE',  ( 118.9176448599929188, 62.52674223162743772, 3.868836696425745902 ) ) ;
#1906 = CARTESIAN_POINT ( 'NONE',  ( 99.03533323641892139, 26.58192533209824404, 4.225501414993551030 ) ) ;
#1907 = CARTESIAN_POINT ( 'NONE',  ( 93.76458480740453183, 59.00000110268592834, 6.999999999999999112 ) ) ;
#1908 = CARTESIAN_POINT ( 'NONE',  ( 93.76458480740453183, 59.00000110268592834, 8.000000000000000000 ) ) ;
#1909 = CARTESIAN_POINT ( 'NONE',  ( 94.66023719382914692, 90.07869578013398382, 0.9552399606905809248 ) ) ;
#1910 = CARTESIAN_POINT ( 'NONE',  ( 95.94145971382737059, 73.76464420321140381, 7.000000000000000888 ) ) ;
#1911 = CARTESIAN_POINT ( 'NONE',  ( 91.79838064145933174, 31.34751662663726890, 6.999999999999997335 ) ) ;
#1912 = CARTESIAN_POINT ( 'NONE',  ( 79.20504101512318584, 73.86912774092662914, 2.569690598497212264 ) ) ;
#1913 = CARTESIAN_POINT ( 'NONE',  ( 122.8659228135626478, 52.61407269720352531, 4.570248540406355531 ) ) ;
#1914 = CARTESIAN_POINT ( 'NONE',  ( 114.7866408320370510, 35.66521876616253195, 6.140594542924131538 ) ) ;
#1915 = CARTESIAN_POINT ( 'NONE',  ( 71.90586662886026659, 27.03876268898244462, 0.9254109142844304525 ) ) ;
#1916 = CARTESIAN_POINT ( 'NONE',  ( 93.64672647633334179, 32.64753350968388190, 5.797432467009694612 ) ) ;
#1917 = CARTESIAN_POINT ( 'NONE',  ( 116.9308411478792067, 64.36008889828033830, 4.707562857836174786 ) ) ;
#1918 = CARTESIAN_POINT ( 'NONE',  ( 98.97702741137766225, 30.03570518764653130, 7.039464446607303749 ) ) ;
#1919 = CARTESIAN_POINT ( 'NONE',  ( 111.1733222790194873, 34.78538189023243632, 4.999999999999997335 ) ) ;
#1920 = CARTESIAN_POINT ( 'NONE',  ( 92.80372603795643727, 30.22042196091075184, 4.163664752709720140 ) ) ;
#1921 = CARTESIAN_POINT ( 'NONE',  ( 110.4146276291253344, 72.87196225006624672, 6.008171691520369784 ) ) ;
#1922 = CARTESIAN_POINT ( 'NONE',  ( 91.50005713151190889, 27.88803645858571656, 2.603593251249365803 ) ) ;
#1923 = CARTESIAN_POINT ( 'NONE',  ( 93.16547610024254311, 30.89055950940123907, 7.000000000000001776 ) ) ;
#1924 = CARTESIAN_POINT ( 'NONE',  ( 86.89995576610373007, 78.27095116475172176, 2.576762313820629036 ) ) ;
#1925 = CARTESIAN_POINT ( 'NONE',  ( 123.0471421291707941, 56.07141704132970972, 4.063175453015674954 ) ) ;
#1926 = CARTESIAN_POINT ( 'NONE',  ( 117.1584509652697506, 40.44459314193354516, 4.120163070307533815 ) ) ;
#1927 = CARTESIAN_POINT ( 'NONE',  ( 118.3122957116635803, 39.97711305236213519, 6.076379426761245206 ) ) ;
#1928 = CARTESIAN_POINT ( 'NONE',  ( 63.26713606565963488, 35.39139292238832724, 0.9452159941342092031 ) ) ;
#1929 = CARTESIAN_POINT ( 'NONE',  ( 83.62727828355458826, 26.87187217703441533, 1.000000000000000666 ) ) ;
#1930 = CARTESIAN_POINT ( 'NONE',  ( 119.4411983111047846, 57.28085944107779426, 5.309706522701814535 ) ) ;
#1931 = CARTESIAN_POINT ( 'NONE',  ( 97.58853018274626834, 26.42300709254663360, 4.240441554073407282 ) ) ;
#1932 = DIRECTION ( 'NONE',  ( 0.000000000000000000, 0.000000000000000000, 1.000000000000000000 ) ) ;
#1933 = DIRECTION ( 'NONE',  ( 0.000000000000000000, 0.000000000000000000, -1.000000000000000000 ) ) ;
#1934 = CARTESIAN_POINT ( 'NONE',  ( 93.07283898748045203, 32.99778864268326828, 5.898114914044097823 ) ) ;
#1935 = CARTESIAN_POINT ( 'NONE',  ( 111.4383903033072443, 71.11592117093651666, 6.561841254195449835 ) ) ;
#1936 = CARTESIAN_POINT ( 'NONE',  ( 111.8833482263914618, 33.79910996293331493, 6.999999999999978684 ) ) ;
#1937 = CARTESIAN_POINT ( 'NONE',  ( 94.20766889150937118, 72.72163139614204397, 5.140250696965649624 ) ) ;
#1938 = EDGE_CURVE ( 'NONE', #1606, #1635, #340, .T. ) ;
#1939 = CARTESIAN_POINT ( 'NONE',  ( 93.13513730048286732, 90.18310716129222726, 0.9576260761785905240 ) ) ;
#1940 = CARTESIAN_POINT ( 'NONE',  ( 115.5568307465005944, 38.58653978262100992, 4.562504328715337287 ) ) ;
#1941 = AXIS2_PLACEMENT_3D ( 'NONE', #2756, #1812, #1145 ) ;
#1942 = CARTESIAN_POINT ( 'NONE',  ( 110.0445214994696386, 30.20716147628229464, 4.084392257357152722 ) ) ;
#1943 = CARTESIAN_POINT ( 'NONE',  ( 64.50415940029236594, 39.18588911473435843, 1.979299559758323834 ) ) ;
#1944 = LINE ( 'NONE', #1722, #2367 ) ;
#1945 = CARTESIAN_POINT ( 'NONE',  ( 119.1554505248099360, 45.08228734214065980, 4.588812430637975837 ) ) ;
#1946 = CARTESIAN_POINT ( 'NONE',  ( 92.49599137183395214, 55.15951471132751749, 1.000000000000000000 ) ) ;
#1947 = DIRECTION ( 'NONE',  ( 0.000000000000000000, 0.000000000000000000, 1.000000000000000000 ) ) ;
#1948 = CARTESIAN_POINT ( 'NONE',  ( 93.00253713761966878, 32.30429229626908949, 5.463491934647132453 ) ) ;
#1949 = CARTESIAN_POINT ( 'NONE',  ( 101.1123615464854737, 83.00249446367796224, 3.221364303000324281 ) ) ;
#1950 = CARTESIAN_POINT ( 'NONE',  ( 99.06168696139086194, 75.32094468201903226, 4.302403782603675175 ) ) ;
#1951 = CARTESIAN_POINT ( 'NONE',  ( 121.4470647221271662, 51.55426505070721532, 7.000000000000012434 ) ) ;
#1952 = CARTESIAN_POINT ( 'NONE',  ( 80.95164637567719979, 71.70998358203398482, 3.421854642990154627 ) ) ;
#1953 = CARTESIAN_POINT ( 'NONE',  ( 65.71613394519707185, 78.82918884763444112, 1.000000000000000222 ) ) ;
#1954 = EDGE_CURVE ( 'NONE', #1547, #1170, #2754, .T. ) ;
#1955 = CARTESIAN_POINT ( 'NONE',  ( 117.4705805487758283, 38.48443347029741091, 1.842090146064070399 ) ) ;
#1956 = CARTESIAN_POINT ( 'NONE',  ( 112.4057910007838927, 29.38230064845465250, 1.833612161626955395 ) ) ;
#1957 = CARTESIAN_POINT ( 'NONE',  ( 68.69922023804969058, 33.38997556065266537, 1.969661845044776927 ) ) ;
#1958 = CARTESIAN_POINT ( 'NONE',  ( 122.0000018179416799, 43.96559952297486262, 6.999999999999999112 ) ) ;
#1959 = CARTESIAN_POINT ( 'NONE',  ( 119.2212759112805855, 46.19394095714893922, 5.051747438548856550 ) ) ;
#1960 = CARTESIAN_POINT ( 'NONE',  ( 93.55935428643024920, 31.83162887871979763, 7.680454515280610295 ) ) ;
#1961 = CARTESIAN_POINT ( 'NONE',  ( 78.38466405736359377, 87.81376700829272863, 0.9551318741340971696 ) ) ;
#1962 = CARTESIAN_POINT ( 'NONE',  ( 102.2624725511004158, 83.77501107573560546, 0.6361512355841043576 ) ) ;
#1963 = CARTESIAN_POINT ( 'NONE',  ( 83.22766363214132923, 30.74699535886815127, 2.621028884217584398 ) ) ;
#1964 = CARTESIAN_POINT ( 'NONE',  ( 112.7004289359960438, 74.93647037944514011, 4.298983533390153156 ) ) ;
#1965 = CARTESIAN_POINT ( 'NONE',  ( 103.3041054629986490, 74.67843751539892594, 4.318389560320428977 ) ) ;
#1966 = CARTESIAN_POINT ( 'NONE',  ( 73.31778171750974593, 76.15454765728775044, 3.021872729787658862 ) ) ;
#1967 = CARTESIAN_POINT ( 'NONE',  ( 104.2118827134873271, 31.62384588378958838, 5.213274834326578677 ) ) ;
#1968 = CARTESIAN_POINT ( 'NONE',  ( 56.99312225646474417, 58.50781767989563065, 0.9999999999999988898 ) ) ;
#1969 = AXIS2_PLACEMENT_3D ( 'NONE', #593, #1485, #403 ) ;
#1970 = CARTESIAN_POINT ( 'NONE',  ( 114.5940593341765208, 38.62400649498439265, 6.478389626470053564 ) ) ;
#1971 = CARTESIAN_POINT ( 'NONE',  ( 118.8460612872840159, 34.34888617536926603, 0.6590608970142519674 ) ) ;
#1972 = CARTESIAN_POINT ( 'NONE',  ( 68.27707675389223141, 29.86880159705192739, 0.9343643918026048878 ) ) ;
#1973 = LINE ( 'NONE', #1958, #1705 ) ;
#1974 = CARTESIAN_POINT ( 'NONE',  ( 121.0920962190643024, 52.35884406434467309, 3.595543406724275748 ) ) ;
#1975 = DIRECTION ( 'NONE',  ( -1.000000000000000000, 0.000000000000000000, 0.000000000000000000 ) ) ;
#1976 = CARTESIAN_POINT ( 'NONE',  ( 78.26995692969978791, 79.97215485119453149, 3.018922326940983503 ) ) ;
#1977 = CARTESIAN_POINT ( 'NONE',  ( 105.9039298798845010, 76.25450864217563662, 3.246877234346980945 ) ) ;
#1978 = CARTESIAN_POINT ( 'NONE',  ( 80.64516489664492838, 34.89075185408967172, 3.455612285300522224 ) ) ;
#1979 = CARTESIAN_POINT ( 'NONE',  ( 111.3274282845589909, 78.50437879728687562, 3.182248513380923960 ) ) ;
#1980 = CARTESIAN_POINT ( 'NONE',  ( 95.34635299923490948, 75.21602546350342777, 4.292478702323761830 ) ) ;
#1981 = DIRECTION ( 'NONE',  ( 1.000000000000000000, 0.000000000000000000, 0.000000000000000000 ) ) ;
#1982 = CARTESIAN_POINT ( 'NONE',  ( 101.6427962923116297, 31.12089604975917467, 5.159180123708300592 ) ) ;
#1983 = CARTESIAN_POINT ( 'NONE',  ( 102.8231845919790715, 77.10899491660281058, 5.488352902781013398 ) ) ;
#1984 = CARTESIAN_POINT ( 'NONE',  ( 115.5528445038655008, 39.89936037651675349, 6.499825929938222835 ) ) ;
#1985 = CARTESIAN_POINT ( 'NONE',  ( 67.21798934532725411, 40.79602271867167929, 3.010324992958982815 ) ) ;
#1986 = CARTESIAN_POINT ( 'NONE',  ( 119.5306281886877287, 50.30058834345491903, 6.443071246855509138 ) ) ;
#1987 = DIRECTION ( 'NONE',  ( -0.000000000000000000, -0.000000000000000000, 1.000000000000000000 ) ) ;
#1988 = ORIENTED_EDGE ( 'NONE', *, *, #2896, .F. ) ;
#1989 = CARTESIAN_POINT ( 'NONE',  ( 97.12263161256429100, 78.90581954899236905, 5.056189965445486934 ) ) ;
#1990 = CARTESIAN_POINT ( 'NONE',  ( 109.6718347589156082, 72.42835277557595930, 4.141125050063828361 ) ) ;
#1991 = CARTESIAN_POINT ( 'NONE',  ( 76.86400033997909986, 30.03404514696336847, 0.9043406310825616856 ) ) ;
#1992 = CARTESIAN_POINT ( 'NONE',  ( 118.7167152850416869, 62.52735803713343898, 6.957779588318602215 ) ) ;
#1993 = CARTESIAN_POINT ( 'NONE',  ( 93.07716536578276134, 82.04345133507472099, 1.735716786664857514 ) ) ;
#1994 = CARTESIAN_POINT ( 'NONE',  ( 117.1514825540630795, 36.96443553777343283, 1.000000000000006883 ) ) ;
#1995 = CARTESIAN_POINT ( 'NONE',  ( 107.7781906322081653, 33.30439276280765171, 5.765943350164913106 ) ) ;
#1996 = CARTESIAN_POINT ( 'NONE',  ( 91.79895493217833291, 90.08160968987611739, 0.9999999999999995559 ) ) ;
#1997 = VECTOR ( 'NONE', #360, 1000.000000000000000 ) ;
#1998 = CYLINDRICAL_SURFACE ( 'NONE', #1103, 15.00000000000000000 ) ;
#1999 = CARTESIAN_POINT ( 'NONE',  ( 80.40005513069448284, 62.72514850144474252, 7.138740729567207843 ) ) ;
#2000 = CARTESIAN_POINT ( 'NONE',  ( 120.7474281796902318, 51.48052981534348049, 4.059618680257851331 ) ) ;
#2001 = CARTESIAN_POINT ( 'NONE',  ( 91.82159304310701486, 31.57088280127502600, 7.134063700952578913 ) ) ;
#2002 = EDGE_LOOP ( 'NONE', ( #1578, #1787, #37, #2272 ) ) ;
#2003 = CARTESIAN_POINT ( 'NONE',  ( 76.51940566821528478, 86.93146486915298965, 0.9564017757058109748 ) ) ;
#2004 = CARTESIAN_POINT ( 'NONE',  ( 102.6386868647365702, 77.33935556331228156, 3.232492303506149245 ) ) ;
#2005 = B_SPLINE_CURVE_WITH_KNOTS ( 'NONE', 3,
 ( #2744, #282, #1846, #266, #2256, #921, #2523, #487, #1612, #1176, #1407, #733, #747, #2241, #1148, #238, #1627, #951, #2300, #518, #1380, #35, #296, #253, #967, #1862, #1161, #1365, #2022, #1815, #1598, #2714, #1189, #2462, #2508, #2080, #77, #2052, #2068, #2271, #2759, #459, #1352, #19, #64, #906, #1799, #2699, #703, #50, #937, #686, #1832, #1395, #2477, #1583, #2729, #718, #472, #2287 ),
 .UNSPECIFIED., .F., .F.,
 ( 4, 2, 2, 2, 2, 2, 2, 2, 2, 2, 2, 2, 2, 2, 2, 2, 2, 2, 2, 2, 2, 2, 2, 2, 2, 2, 2, 2, 2, 4 ),
 ( 0.000000000000000000, 0.006728223797832253578, 0.01009233569674840639, 0.01345644759566455573, 0.01682055949458070507, 0.01850261544403877453, 0.02018467139349684053, 0.02691289519132914615, 0.03027700709024528855, 0.03364111898916142401, 0.04036934278699366718, 0.04709756658482591035, 0.05046167848374202847, 0.05382579038265815352, 0.06055401418049037587, 0.06223607012994841758, 0.06391812607940647317, 0.06728223797832255659, 0.07401046177615476507, 0.07569251772561282066, 0.07737457367507089012, 0.08073868557398697354, 0.08410279747290307084, 0.08578485342236112643, 0.08746690937181918202, 0.09419513316965139049, 0.09755924506856747391, 0.09924130101802550175, 0.1009233569674835435, 0.1076515807653157519 ),
 .UNSPECIFIED. ) ;
#2006 = CARTESIAN_POINT ( 'NONE',  ( 84.96818468332514840, 36.32809930713721513, 5.168503812718868495 ) ) ;
#2007 = CARTESIAN_POINT ( 'NONE',  ( 108.3077425641888141, 80.34993054007887281, 3.197454793123367001 ) ) ;
#2008 = CARTESIAN_POINT ( 'NONE',  ( 97.84804466652832389, 75.31850701687380933, 4.299033371761307620 ) ) ;
#2009 = ORIENTED_EDGE ( 'NONE', *, *, #2028, .F. ) ;
#2010 = CARTESIAN_POINT ( 'NONE',  ( 91.61294271759284413, 25.18766388037595760, 0.9999999999999997780 ) ) ;
#2011 = CARTESIAN_POINT ( 'NONE',  ( 103.5232843595158556, 32.25205099902421324, 6.099617339762121837 ) ) ;
#2012 = CARTESIAN_POINT ( 'NONE',  ( 73.60636337052838485, 26.24477637673581754, 0.9999999999999983347 ) ) ;
#2013 = CARTESIAN_POINT ( 'NONE',  ( 120.1639592948351662, 52.31183283402359763, 5.000000000000012434 ) ) ;
#2014 = CARTESIAN_POINT ( 'NONE',  ( 63.92421471127786248, 54.81389220557694131, 3.021228144861821008 ) ) ;
#2015 = CARTESIAN_POINT ( 'NONE',  ( 117.9545304459801116, 42.78212853653359105, 5.066158385092784044 ) ) ;
#2016 = CARTESIAN_POINT ( 'NONE',  ( 90.12272566842459298, 26.43421322683878216, 3.957019393955303332 ) ) ;
#2017 = ORIENTED_EDGE ( 'NONE', *, *, #722, .F. ) ;
#2018 = CARTESIAN_POINT ( 'NONE',  ( 65.00643523035624582, 71.66772713245235593, 1.993429688015190493 ) ) ;
#2019 = CARTESIAN_POINT ( 'NONE',  ( 100.0458139192841429, 76.19159832639071794, 6.080379868641794694 ) ) ;
#2020 = CARTESIAN_POINT ( 'NONE',  ( 106.5293849747203581, 73.16178343698139486, 4.553844334651228287 ) ) ;
#2021 = CARTESIAN_POINT ( 'NONE',  ( 84.07143453518729359, 37.22454935983282098, 5.163264233967006511 ) ) ;
#2022 = CARTESIAN_POINT ( 'NONE',  ( 125.4704963481787843, 50.60765249718798486, 0.9999999999999753530 ) ) ;
#2023 = ORIENTED_EDGE ( 'NONE', *, *, #1177, .F. ) ;
#2024 = ORIENTED_EDGE ( 'NONE', *, *, #2258, .F. ) ;
#2025 = CARTESIAN_POINT ( 'NONE',  ( 108.2218596657750425, 33.18294417131505014, 5.316392327670823370 ) ) ;
#2026 = CARTESIAN_POINT ( 'NONE',  ( 85.11659755739344746, 21.89986209642449211, 0.9999999999999988898 ) ) ;
#2027 = CARTESIAN_POINT ( 'NONE',  ( 91.63579304551042526, 29.67760103919846060, 6.003719603901600088 ) ) ;
#2028 = EDGE_CURVE ( 'NONE', #1170, #1818, #1337, .T. ) ;
#2029 = CARTESIAN_POINT ( 'NONE',  ( 91.93493989922785659, 69.61584591972113856, 5.935296132907009969 ) ) ;
#2030 = CARTESIAN_POINT ( 'NONE',  ( 121.3845471979645367, 56.37788111591460449, 6.258848330685858663 ) ) ;
#2031 = CARTESIAN_POINT ( 'NONE',  ( 77.92104563839257025, 55.94098218725715554, 7.137530259113030517 ) ) ;
#2032 = CARTESIAN_POINT ( 'NONE',  ( 90.69873035928445404, 21.11216858052168632, 0.8546970036293929374 ) ) ;
#2033 = VERTEX_POINT ( 'NONE', #175 ) ;
#2034 = CARTESIAN_POINT ( 'NONE',  ( 78.44614258997027889, 65.94675774531229706, 6.111749982949581828 ) ) ;
#2035 = CARTESIAN_POINT ( 'NONE',  ( 91.79838064145933174, 31.34751662663726890, 6.999999999999997335 ) ) ;
#2036 = CARTESIAN_POINT ( 'NONE',  ( 115.2219666062394055, 65.08695909633846099, 5.553913273239829529 ) ) ;
#2037 = CARTESIAN_POINT ( 'NONE',  ( 67.15958134579946659, 40.72536413958371782, 0.8775457072504702083 ) ) ;
#2038 = CARTESIAN_POINT ( 'NONE',  ( 98.10168190978903624, 81.82446653915587831, 1.745821300637574458 ) ) ;
#2039 = ORIENTED_EDGE ( 'NONE', *, *, #382, .F. ) ;
#2040 = ORIENTED_EDGE ( 'NONE', *, *, #790, .T. ) ;
#2041 = CARTESIAN_POINT ( 'NONE',  ( 97.22038602077149960, 29.15840041805975957, 3.776460559190722766 ) ) ;
#2042 = CARTESIAN_POINT ( 'NONE',  ( 120.3143643762041961, 58.67542732851634213, 6.999999999999985789 ) ) ;
#2043 = CARTESIAN_POINT ( 'NONE',  ( 107.0000018179416799, 28.96559952297486618, 8.000000000000000000 ) ) ;
#2044 = CARTESIAN_POINT ( 'NONE',  ( 119.9513316156308491, 66.40748735496370614, 4.198724904118194878 ) ) ;
#2045 = ADVANCED_FACE ( 'NONE', ( #2874 ), #1750, .T. ) ;
#2046 = CARTESIAN_POINT ( 'NONE',  ( 90.40699522937725874, 28.19865685678605161, 4.987995762458739435 ) ) ;
#2047 = EDGE_LOOP ( 'NONE', ( #2447, #892, #2441, #1826 ) ) ;
#2048 = CARTESIAN_POINT ( 'NONE',  ( 79.59250654588265661, 72.42436464939713403, 5.080384535604236085 ) ) ;
#2049 = LINE ( 'NONE', #964, #819 ) ;
#2050 = CARTESIAN_POINT ( 'NONE',  ( 117.6564812965216333, 60.40236016499100913, 6.133110701831379075 ) ) ;
#2051 = CARTESIAN_POINT ( 'NONE',  ( 76.16298267789218812, 45.94929134449313324, 4.281334177745075742 ) ) ;
#2052 = CARTESIAN_POINT ( 'NONE',  ( 119.3302244531737699, 35.61832785050883388, 1.000000000000016653 ) ) ;
#2053 = CIRCLE ( 'NONE', #1816, 36.79870545800834236 ) ;
#2054 = ORIENTED_EDGE ( 'NONE', *, *, #2242, .F. ) ;
#2055 = CARTESIAN_POINT ( 'NONE',  ( 121.9930373257080589, 46.83748233575865072, 0.9999999999999878986 ) ) ;
#2056 = CARTESIAN_POINT ( 'NONE',  ( 97.76591026079836411, 26.23336643764357135, 1.613063724478743799 ) ) ;
#2057 = CARTESIAN_POINT ( 'NONE',  ( 77.92407849002188414, 57.66976355511763330, 7.000000000000001776 ) ) ;
#2058 = SURFACE_STYLE_FILL_AREA ( #2291 ) ;
#2059 = CARTESIAN_POINT ( 'NONE',  ( 79.21594080262708815, 65.60130103874506347, 4.271556364661421412 ) ) ;
#2060 = CARTESIAN_POINT ( 'NONE',  ( 122.6416940961612880, 63.41624967320158390, 3.037811055684529471 ) ) ;
#2061 = ORIENTED_EDGE ( 'NONE', *, *, #827, .F. ) ;
#2062 = CARTESIAN_POINT ( 'NONE',  ( 81.48427257987312089, 44.86503603758357883, 5.931958231873343479 ) ) ;
#2063 = CARTESIAN_POINT ( 'NONE',  ( 67.68096733411280752, 68.99673261745347475, 3.023808332065084592 ) ) ;
#2064 = CARTESIAN_POINT ( 'NONE',  ( 94.37475080743180911, 84.09796291009283209, 1.000000000000000666 ) ) ;
#2065 = EDGE_CURVE ( 'NONE', #2693, #30, #1973, .T. ) ;
#2066 = CARTESIAN_POINT ( 'NONE',  ( 114.8293372965516568, 68.11257257302320056, 4.204802838922752528 ) ) ;
#2067 = CARTESIAN_POINT ( 'NONE',  ( 72.86333022434861562, 48.33536627916180350, 3.425733517244989645 ) ) ;
#2068 = CARTESIAN_POINT ( 'NONE',  ( 118.9933645604868673, 35.15880316140138717, 0.9999999999999900080 ) ) ;
#2069 = CARTESIAN_POINT ( 'NONE',  ( 122.1187138430149162, 47.30663766269076120, 1.000000000000002220 ) ) ;
#2070 = CARTESIAN_POINT ( 'NONE',  ( 97.01078498740503164, 30.32845799181392010, 4.644126929510761670 ) ) ;
#2071 = CARTESIAN_POINT ( 'NONE',  ( 78.27593486867760930, 45.26523155584466451, 7.000000000000001776 ) ) ;
#2072 = CARTESIAN_POINT ( 'NONE',  ( 69.97437960336446849, 57.94979282351116723, 2.567880375620714251 ) ) ;
#2073 = CARTESIAN_POINT ( 'NONE',  ( 120.7821976887945254, 74.05506992769009855, 0.8424464169153024207 ) ) ;
#2074 = ORIENTED_EDGE ( 'NONE', *, *, #790, .F. ) ;
#2075 = CARTESIAN_POINT ( 'NONE',  ( 92.28578470073534845, 33.19492049321165439, 5.820920220584207883 ) ) ;
#2076 = CARTESIAN_POINT ( 'NONE',  ( 84.62307896411583386, 30.49335674598927781, 5.023173631993067545 ) ) ;
#2077 = CARTESIAN_POINT ( 'NONE',  ( 105.0065255036663956, 73.07475428076841695, 7.079219195293520173 ) ) ;
#2078 = CARTESIAN_POINT ( 'NONE',  ( 109.3679273065529145, 74.49557210749676983, 3.267947004242222064 ) ) ;
#2079 = CARTESIAN_POINT ( 'NONE',  ( 79.97633576919969300, 38.74872621354230517, 4.297745809240195669 ) ) ;
#2080 = CARTESIAN_POINT ( 'NONE',  ( 122.0379014550845085, 39.90300997749395862, 0.9999999999999806821 ) ) ;
#2081 = CARTESIAN_POINT ( 'NONE',  ( 82.32494941096413754, 60.11945543104334888, 5.948463757779205885 ) ) ;
#2082 = CARTESIAN_POINT ( 'NONE',  ( 111.4315933893020656, 78.18291649148376621, 0.9999999999999978906 ) ) ;
#2083 = CARTESIAN_POINT ( 'NONE',  ( 100.1562394701607275, 31.39853309608414023, 5.571449787112782381 ) ) ;
#2084 = AXIS2_PLACEMENT_3D ( 'NONE', #2858, #844, #2636 ) ;
#2085 = CARTESIAN_POINT ( 'NONE',  ( 107.0000018179416799, 43.96559952297486262, 8.000000000000000000 ) ) ;
#2086 = CARTESIAN_POINT ( 'NONE',  ( 122.0000018179416799, 59.00000110268592834, -55.42914871850910430 ) ) ;
#2087 = CARTESIAN_POINT ( 'NONE',  ( 72.59010262295410598, 56.36220413252544148, 3.420332553332628311 ) ) ;
#2088 = VECTOR ( 'NONE', #791, 1000.000000000000000 ) ;
#2089 = CARTESIAN_POINT ( 'NONE',  ( 118.8745447467289864, 68.08701898205266900, 4.220096855035803785 ) ) ;
#2090 = ORIENTED_EDGE ( 'NONE', *, *, #1117, .F. ) ;
#2091 = CARTESIAN_POINT ( 'NONE',  ( 106.1948711683305362, 30.53392610899538084, 6.345761968429810551 ) ) ;
#2092 = CARTESIAN_POINT ( 'NONE',  ( 120.5899180878268027, 43.18888389255324967, 5.031216202810085747 ) ) ;
#2093 = CARTESIAN_POINT ( 'NONE',  ( 80.22105402577832933, 36.90626352481839945, 6.081077777651922922 ) ) ;
#2094 = FACE_OUTER_BOUND ( 'NONE', #978, .T. ) ;
#2095 = CARTESIAN_POINT ( 'NONE',  ( 112.0475456675387136, 69.05930606913089775, 5.044448502389834665 ) ) ;
#2096 = CARTESIAN_POINT ( 'NONE',  ( 74.63910022687484513, 42.91976189402607389, 3.432706051186402263 ) ) ;
#2097 = CARTESIAN_POINT ( 'NONE',  ( 101.6533080070208683, 24.09988973177627258, 1.937705202606392563 ) ) ;
#2098 = SURFACE_STYLE_USAGE ( .BOTH. , #2595 ) ;
#2099 = CARTESIAN_POINT ( 'NONE',  ( 91.56554177932865457, 69.43917146659003947, 5.936153764312775749 ) ) ;
#2100 = DIRECTION ( 'NONE',  ( -0.000000000000000000, -0.000000000000000000, -1.000000000000000000 ) ) ;
#2101 = CARTESIAN_POINT ( 'NONE',  ( 97.99200844777699615, 25.06383079269399161, 0.7492306558830592600 ) ) ;
#2102 = CARTESIAN_POINT ( 'NONE',  ( 87.15509509971751356, 70.43351820024849985, 7.000000000000002665 ) ) ;
#2103 = CARTESIAN_POINT ( 'NONE',  ( 88.95882390631058456, 32.59990864616802497, 7.000000000000000888 ) ) ;
#2104 = CARTESIAN_POINT ( 'NONE',  ( 78.54069523024371335, 57.49110398411100675, 5.124425318197521229 ) ) ;
#2105 = CARTESIAN_POINT ( 'NONE',  ( 121.7946077569621650, 47.23184956606984031, 5.055027273802258136 ) ) ;
#2106 = EDGE_LOOP ( 'NONE', ( #1111, #2700, #2560, #70 ) ) ;
#2107 = CARTESIAN_POINT ( 'NONE',  ( 103.1775738292303259, 28.00524635779049021, 4.739626819059938434 ) ) ;
#2108 = CARTESIAN_POINT ( 'NONE',  ( 121.2180903604906348, 43.98348601406584635, 4.499930403766725817 ) ) ;
#2109 = CARTESIAN_POINT ( 'NONE',  ( 82.83521484170732663, 26.59738192930361578, 2.960793751639283045 ) ) ;
#2110 = CARTESIAN_POINT ( 'NONE',  ( 71.96129171046891315, 74.50709241159685803, 1.000000000000000222 ) ) ;
#2111 = CARTESIAN_POINT ( 'NONE',  ( 118.2090100906057444, 59.13516395649003954, 6.172973089705892313 ) ) ;
#2112 = CARTESIAN_POINT ( 'NONE',  ( 95.43951598452882479, 31.25939713264625652, 7.654345588069210393 ) ) ;
#2113 = AXIS2_PLACEMENT_3D ( 'NONE', #1056, #436, #2164 ) ;
#2114 = DIRECTION ( 'NONE',  ( -1.000000000000000000, 0.000000000000000000, 0.000000000000000000 ) ) ;
#2115 = DIRECTION ( 'NONE',  ( 0.000000000000000000, 0.000000000000000000, 1.000000000000000000 ) ) ;
#2116 = CARTESIAN_POINT ( 'NONE',  ( 110.8766059379399707, 75.00307199819481241, 4.878881715839547439 ) ) ;
#2117 = CARTESIAN_POINT ( 'NONE',  ( 84.36421421280302013, 68.33169686172348634, 7.000000000000004441 ) ) ;
#2118 = CARTESIAN_POINT ( 'NONE',  ( 74.39199275455318627, 77.57133384273154775, 0.8666381924220141197 ) ) ;
#2119 = CARTESIAN_POINT ( 'NONE',  ( 124.3397489535397966, 66.60455033090657651, 0.7847311043009826959 ) ) ;
#2120 = CARTESIAN_POINT ( 'NONE',  ( 116.8896492443571162, 36.66548725468624070, 4.526593299045472030 ) ) ;
#2121 = CARTESIAN_POINT ( 'NONE',  ( 86.10753527003963370, 21.52076552436334467, 0.8767413603570627378 ) ) ;
#2122 = CARTESIAN_POINT ( 'NONE',  ( 93.99636958677038479, 32.52610831669743874, 5.790774870722738221 ) ) ;
#2123 = CARTESIAN_POINT ( 'NONE',  ( 118.0489424788291757, 60.42320714105562729, 5.673774078996914660 ) ) ;
#2124 = CARTESIAN_POINT ( 'NONE',  ( 95.84012399538477212, 28.82299365598770535, 5.957139155837237965 ) ) ;
#2125 = DIRECTION ( 'NONE',  ( 0.000000000000000000, -1.000000000000000000, 0.000000000000000000 ) ) ;
#2126 = CARTESIAN_POINT ( 'NONE',  ( 92.49999999999968736, 55.00000000000541434, 0.000000000000000000 ) ) ;
#2127 = CARTESIAN_POINT ( 'NONE',  ( 112.6084827313347034, 71.44349994536061388, 5.987067838000018405 ) ) ;
#2128 = CARTESIAN_POINT ( 'NONE',  ( 86.86236434620943214, 70.23913060813170262, 7.000000000000004441 ) ) ;
#2129 = CARTESIAN_POINT ( 'NONE',  ( 101.7649029016931905, 30.13212221794828949, 6.999999999999999112 ) ) ;
#2130 = CARTESIAN_POINT ( 'NONE',  ( 88.30134483902112663, 76.02264994068272586, 3.429690737188129113 ) ) ;
#2131 = CARTESIAN_POINT ( 'NONE',  ( 121.8723676595404442, 52.72887505594484026, 6.182658087132372415 ) ) ;
#2132 = EDGE_CURVE ( 'NONE', #874, #276, #1944, .T. ) ;
#2133 = CARTESIAN_POINT ( 'NONE',  ( 120.2913661136611836, 42.02575101967509852, 4.499164222362828980 ) ) ;
#2134 = CARTESIAN_POINT ( 'NONE',  ( 75.26973062298746697, 27.85967902070802893, 1.952087488908450297 ) ) ;
#2135 = CARTESIAN_POINT ( 'NONE',  ( 78.76458480740453183, 59.00000110268592834, -55.42914871850910430 ) ) ;
#2136 = CARTESIAN_POINT ( 'NONE',  ( 114.5365689422466176, 76.27204620915418332, 0.6964590667876630059 ) ) ;
#2137 = CARTESIAN_POINT ( 'NONE',  ( 101.0730701322394793, 25.42136688924655630, 3.075507459699851509 ) ) ;
#2138 = VECTOR ( 'NONE', #2734, 1000.000000000000000 ) ;
#2139 = PLANE ( 'NONE',  #823 ) ;
#2140 = CARTESIAN_POINT ( 'NONE',  ( 91.12651520543111872, 25.17812318084294176, 0.9697614231269438001 ) ) ;
#2141 = CARTESIAN_POINT ( 'NONE',  ( 112.6529047986334149, 68.30836307164744881, 7.655329103383105682 ) ) ;
#2142 = DIRECTION ( 'NONE',  ( 0.000000000000000000, 0.000000000000000000, 1.000000000000000000 ) ) ;
#2143 = CARTESIAN_POINT ( 'NONE',  ( 97.44066680814145798, 30.05701009947839353, 6.999999999999999112 ) ) ;
#2144 = CARTESIAN_POINT ( 'NONE',  ( 81.58214841958333352, 68.36985037911090046, 4.272965913809430916 ) ) ;
#2145 = CARTESIAN_POINT ( 'NONE',  ( 124.1484123126747647, 53.75280234707525295, 2.938362205599078791 ) ) ;
#2146 = CARTESIAN_POINT ( 'NONE',  ( 115.2047951708532736, 36.42775748080610043, 2.718257655450263321 ) ) ;
#2147 = CARTESIAN_POINT ( 'NONE',  ( 120.3605506745111597, 38.27656594751408647, 1.766051375407774904 ) ) ;
#2148 = CARTESIAN_POINT ( 'NONE',  ( 77.73817429670720003, 54.17094782271257003, 7.136471374812398238 ) ) ;
#2149 = CARTESIAN_POINT ( 'NONE',  ( 120.3822933126731130, 51.48280031283039904, 5.000000000000007105 ) ) ;
#2150 = CARTESIAN_POINT ( 'NONE',  ( 117.1592266918470386, 66.91173857916452050, 3.366011893695926460 ) ) ;
#2151 = CARTESIAN_POINT ( 'NONE',  ( 94.65547989933087081, 29.84226775020674083, 6.536326540753758962 ) ) ;
#2152 = EDGE_CURVE ( 'NONE', #5, #1353, #637, .T. ) ;
#2153 = CARTESIAN_POINT ( 'NONE',  ( 116.1881072293858068, 39.87743492494032438, 5.000000000000002665 ) ) ;
#2154 = CARTESIAN_POINT ( 'NONE',  ( 92.86933726673717615, 30.91520326646539729, 4.596762916922018327 ) ) ;
#2155 = CARTESIAN_POINT ( 'NONE',  ( 105.3431231463684981, 81.66864792715364274, 3.208616519217367902 ) ) ;
#2156 = CARTESIAN_POINT ( 'NONE',  ( 117.5773307277841440, 39.30662786068437953, 6.999999999999954703 ) ) ;
#2157 = CARTESIAN_POINT ( 'NONE',  ( 71.26066988115556455, 74.54224629257095103, 0.8650865762603381359 ) ) ;
#2158 = CARTESIAN_POINT ( 'NONE',  ( 57.54859201041160333, 62.41295710416847697, 0.9999999999999993339 ) ) ;
#2159 = CARTESIAN_POINT ( 'NONE',  ( 115.0986207999115862, 38.98401849117047391, 5.992984592422093471 ) ) ;
#2160 = CARTESIAN_POINT ( 'NONE',  ( 115.8397901355033355, 32.48744225282397480, 1.799680822125218294 ) ) ;
#2161 = CARTESIAN_POINT ( 'NONE',  ( 66.51221846476153132, 31.53691081455197676, 0.9383053808531643947 ) ) ;
#2162 = CARTESIAN_POINT ( 'NONE',  ( 64.45962664253886487, 50.90338180501759524, 1.000000000000000000 ) ) ;
#2163 = CARTESIAN_POINT ( 'NONE',  ( 117.7909264862263683, 67.86900477754936389, 2.487242048589682231 ) ) ;
#2164 = DIRECTION ( 'NONE',  ( 1.000000000000000000, 0.000000000000000000, 0.000000000000000000 ) ) ;
#2165 = DIRECTION ( 'NONE',  ( -1.000000000000000000, 0.000000000000000000, 0.000000000000000000 ) ) ;
#2166 = DIRECTION ( 'NONE',  ( 1.000000000000000000, 0.000000000000000000, 0.000000000000000000 ) ) ;
#2167 = ADVANCED_FACE ( 'NONE', ( #1503 ), #2399, .T. ) ;
#2168 = CARTESIAN_POINT ( 'NONE',  ( 103.6041617240585424, 78.26419188340869937, 4.917307704863079110 ) ) ;
#2169 = CARTESIAN_POINT ( 'NONE',  ( 102.5674524195863171, 72.94558088790795125, 5.165987469636532659 ) ) ;
#2170 = CARTESIAN_POINT ( 'NONE',  ( 92.47577207662659760, 31.10278956418826013, 6.999999999999998224 ) ) ;
#2171 = CARTESIAN_POINT ( 'NONE',  ( 91.94311389571851123, 69.44730317695338329, 5.990816780789238294 ) ) ;
#2172 = CARTESIAN_POINT ( 'NONE',  ( 107.4721847813768107, 73.22082093613347809, 6.596915267934507554 ) ) ;
#2173 = CARTESIAN_POINT ( 'NONE',  ( 113.1567244732141120, 35.96826993660563687, 4.515976905002316855 ) ) ;
#2174 = CARTESIAN_POINT ( 'NONE',  ( 117.6593503914797765, 35.70172670774829982, 2.889564696047571601 ) ) ;
#2175 = CARTESIAN_POINT ( 'NONE',  ( 68.46489924725005949, 46.50094155805305007, 4.045406945445673585 ) ) ;
#2176 = CARTESIAN_POINT ( 'NONE',  ( 78.76458480740453183, 43.96559952297486262, -55.42914871850910430 ) ) ;
#2177 = CARTESIAN_POINT ( 'NONE',  ( 118.2346475964343711, 43.83080191418825677, 5.545749754308064716 ) ) ;
#2178 = AXIS2_PLACEMENT_3D ( 'NONE', #358, #2554, #1029 ) ;
#2179 = CARTESIAN_POINT ( 'NONE',  ( 91.53464975068074239, 28.72235388878108608, 5.430092357989691365 ) ) ;
#2180 = CARTESIAN_POINT ( 'NONE',  ( 79.96525865187658155, 81.01685860300820252, 3.017732420650706793 ) ) ;
#2181 = CARTESIAN_POINT ( 'NONE',  ( 107.0457768584352323, 75.75552547370389789, 3.253018178748594114 ) ) ;
#2182 = CARTESIAN_POINT ( 'NONE',  ( 88.60986716968447752, 30.26926703163908527, 3.498650477973276107 ) ) ;
#2183 = CARTESIAN_POINT ( 'NONE',  ( 114.6327213457077221, 72.06118347129569202, 4.844663348783772250 ) ) ;
#2184 = CARTESIAN_POINT ( 'NONE',  ( 96.63440237166578584, 75.31606935172858641, 4.295662960918939177 ) ) ;
#2185 = CARTESIAN_POINT ( 'NONE',  ( 106.3281227001303790, 29.75729398791787972, 2.584312381037228601 ) ) ;
#2186 = CARTESIAN_POINT ( 'NONE',  ( 80.72395972118107466, 88.43896897857673878, 1.000000000000002220 ) ) ;
#2187 = CARTESIAN_POINT ( 'NONE',  ( 109.8845628902641494, 34.72396959928811810, 6.311254252395563924 ) ) ;
#2188 = AXIS2_PLACEMENT_3D ( 'NONE', #2420, #1309, #867 ) ;
#2189 = CARTESIAN_POINT ( 'NONE',  ( 113.2320438556562152, 32.51343407249954254, 4.036368819226155757 ) ) ;
#2190 = CARTESIAN_POINT ( 'NONE',  ( 72.07589330695918761, 45.94910907373144937, 5.073593271615645328 ) ) ;
#2191 = CARTESIAN_POINT ( 'NONE',  ( 99.37074353774676183, 31.49504360313497386, 5.648674391743061740 ) ) ;
#2192 = CARTESIAN_POINT ( 'NONE',  ( 121.7814322978124295, 54.11547256234706538, 2.667392859657125914 ) ) ;
#2193 = DIRECTION ( 'NONE',  ( -1.000000000000000000, 0.000000000000000000, 0.000000000000000000 ) ) ;
#2194 = CARTESIAN_POINT ( 'NONE',  ( 83.35205379388207803, 82.47557459008247349, 3.014774129586345275 ) ) ;
#2195 = CARTESIAN_POINT ( 'NONE',  ( 107.4813280972214358, 72.71811758851679031, 4.560853352589234078 ) ) ;
#2196 = CARTESIAN_POINT ( 'NONE',  ( 83.17468438704945299, 38.12099941252842683, 5.158024655215143639 ) ) ;
#2197 = CARTESIAN_POINT ( 'NONE',  ( 116.8467095936957776, 67.26415595890816235, 5.919328008937066343 ) ) ;
#2198 = CARTESIAN_POINT ( 'NONE',  ( 108.2339894705992833, 69.43988763833586120, 6.074094889608693926 ) ) ;
#2199 = CARTESIAN_POINT ( 'NONE',  ( 115.3623821852954450, 34.70609821750075952, 0.9999999999999945599 ) ) ;
#2200 = CARTESIAN_POINT ( 'NONE',  ( 101.3744170378357552, 31.53896239211320562, 5.597738617383299697 ) ) ;
#2201 = CARTESIAN_POINT ( 'NONE',  ( 76.48964495753992310, 86.83731032149724172, 0.9999999999999995559 ) ) ;
#2202 = CARTESIAN_POINT ( 'NONE',  ( 121.3818146692817947, 46.61219918633867820, 1.843206455449907466 ) ) ;
#2203 = CARTESIAN_POINT ( 'NONE',  ( 120.4183281605077696, 36.50827556270176899, 0.6488045103049175921 ) ) ;
#2204 = CARTESIAN_POINT ( 'NONE',  ( 74.33406685770560784, 40.59237310821620781, 5.065601611101954838 ) ) ;
#2205 = CARTESIAN_POINT ( 'NONE',  ( 121.0217667103426464, 54.35985415612476146, 3.564493167110151628 ) ) ;
#2206 = CARTESIAN_POINT ( 'NONE',  ( 93.58224527635725565, 30.94010152098941901, 7.115360698333483391 ) ) ;
#2207 = CARTESIAN_POINT ( 'NONE',  ( 91.67781735631331230, 78.42241224072455452, 5.066878527201112981 ) ) ;
#2208 = CARTESIAN_POINT ( 'NONE',  ( 110.9747515983256676, 69.04912199177981336, 5.468844590172293074 ) ) ;
#2209 = CARTESIAN_POINT ( 'NONE',  ( 87.22737497557922381, 25.72694179886250154, 0.9475124463240623962 ) ) ;
#2210 = CARTESIAN_POINT ( 'NONE',  ( 112.1317675998272705, 74.07779408435953883, 4.868116379617157818 ) ) ;
#2211 = CARTESIAN_POINT ( 'NONE',  ( 92.62906240319836115, 77.18207434192102312, 3.436565370506948547 ) ) ;
#2212 = ORIENTED_EDGE ( 'NONE', *, *, #419, .T. ) ;
#2213 = CARTESIAN_POINT ( 'NONE',  ( 107.3394986976633732, 33.42767242911411785, 6.220419319046917472 ) ) ;
#2214 = CARTESIAN_POINT ( 'NONE',  ( 79.12240100151585409, 87.87993463853071319, 0.9999999999999991118 ) ) ;
#2215 = CARTESIAN_POINT ( 'NONE',  ( 80.48133288409333375, 53.51204777285377645, 5.945647154850109750 ) ) ;
#2216 = CARTESIAN_POINT ( 'NONE',  ( 64.15888850174199831, 57.29145817541552077, 3.022042736066214541 ) ) ;
#2217 = CARTESIAN_POINT ( 'NONE',  ( 120.9514372016209904, 56.36086424790484273, 3.533442927496027064 ) ) ;
#2218 = CARTESIAN_POINT ( 'NONE',  ( 93.66703412678924678, 24.71531075314170067, 3.136563553817382388 ) ) ;
#2219 = CIRCLE ( 'NONE', #1941, 15.00000000000000000 ) ;
#2220 = ORIENTED_EDGE ( 'NONE', *, *, #2386, .F. ) ;
#2221 = CARTESIAN_POINT ( 'NONE',  ( 81.95425642670568323, 78.16689261783545817, 4.046911516226822769 ) ) ;
#2222 = CIRCLE ( 'NONE', #1200, 36.79870545800834236 ) ;
#2223 = CARTESIAN_POINT ( 'NONE',  ( 110.1960792743701063, 70.39317534404183618, 5.020814106669537757 ) ) ;
#2224 = CARTESIAN_POINT ( 'NONE',  ( 88.14481011972338820, 28.75678427166717199, 2.647554996414752893 ) ) ;
#2225 = CARTESIAN_POINT ( 'NONE',  ( 109.8175854243739025, 79.42715466868287422, 3.189851653252145702 ) ) ;
#2226 = CARTESIAN_POINT ( 'NONE',  ( 89.20849911125313270, 84.14265466747572475, 0.8800532896925608028 ) ) ;
#2227 = VERTEX_POINT ( 'NONE', #2412 ) ;
#2228 = ORIENTED_EDGE ( 'NONE', *, *, #399, .T. ) ;
#2229 = CARTESIAN_POINT ( 'NONE',  ( 111.8354420065090125, 32.25679491135444010, 1.777931659306505097 ) ) ;
#2230 = CARTESIAN_POINT ( 'NONE',  ( 56.92509342949360018, 54.03234150281365089, 1.000000000000000222 ) ) ;
#2231 = AXIS2_PLACEMENT_3D ( 'NONE', #2320, #1166, #55 ) ;
#2232 = CARTESIAN_POINT ( 'NONE',  ( 120.1287849517879920, 53.97290384361698301, 5.000000000000012434 ) ) ;
#2233 = CARTESIAN_POINT ( 'NONE',  ( 68.80587523896140567, 62.33754031875767510, 4.053140570662546516 ) ) ;
#2234 = CARTESIAN_POINT ( 'NONE',  ( 118.4403990439186742, 43.32129330079227714, 4.591040178113978243 ) ) ;
#2235 = CARTESIAN_POINT ( 'NONE',  ( 88.91265034231514619, 26.69458902199336592, 3.964568957541276362 ) ) ;
#2236 = ORIENTED_EDGE ( 'NONE', *, *, #275, .T. ) ;
#2237 = CARTESIAN_POINT ( 'NONE',  ( 61.85493064916644812, 64.61264426570885178, 1.993304190417670263 ) ) ;
#2238 = CARTESIAN_POINT ( 'NONE',  ( 86.77490520293505938, 86.82221719715857944, 1.979444865115365104 ) ) ;
#2239 = CARTESIAN_POINT ( 'NONE',  ( 103.8636278405904392, 81.10488026436260611, 1.505128419057455202 ) ) ;
#2240 = CARTESIAN_POINT ( 'NONE',  ( 89.22671213163013704, 35.27128225135726325, 6.048817734187820427 ) ) ;
#2241 = CARTESIAN_POINT ( 'NONE',  ( 112.7272037146315142, 82.66991616179323898, 0.9999999999999874545 ) ) ;
#2242 = EDGE_CURVE ( 'NONE', #512, #2281, #2557, .T. ) ;
#2243 = EDGE_LOOP ( 'NONE', ( #1366, #2769, #2236 ) ) ;
#2244 = FACE_OUTER_BOUND ( 'NONE', #658, .T. ) ;
#2245 = CARTESIAN_POINT ( 'NONE',  ( 111.4255484233042068, 33.80703320400056811, 3.564076683615044594 ) ) ;
#2246 = CARTESIAN_POINT ( 'NONE',  ( 120.5322839586679748, 57.98150609614661732, 6.999999999999978684 ) ) ;
#2247 = CARTESIAN_POINT ( 'NONE',  ( 119.8192303754379395, 48.45728627922316889, 5.000000000000005329 ) ) ;
#2248 = CARTESIAN_POINT ( 'NONE',  ( 120.9925121289095671, 59.75356790738175761, 5.779719747787946282 ) ) ;
#2249 = CARTESIAN_POINT ( 'NONE',  ( 71.98030614843307262, 60.42976875026224093, 5.082513921337747043 ) ) ;
#2250 = FACE_OUTER_BOUND ( 'NONE', #2243, .T. ) ;
#2251 = ORIENTED_EDGE ( 'NONE', *, *, #1347, .F. ) ;
#2252 = CARTESIAN_POINT ( 'NONE',  ( 65.76356898569380860, 64.52213120485969000, 3.023615000856249235 ) ) ;
#2253 = CARTESIAN_POINT ( 'NONE',  ( 99.19633257902737000, 81.35903029445496770, 4.019937067047459678 ) ) ;
#2254 = CARTESIAN_POINT ( 'NONE',  ( 105.2578125951271062, 80.51288167808986884, 1.510492552519456133 ) ) ;
#2255 = CARTESIAN_POINT ( 'NONE',  ( 73.53846451312969634, 39.91313100415568016, 2.584655895172810247 ) ) ;
#2256 = CARTESIAN_POINT ( 'NONE',  ( 100.6835739409157213, 88.78879418061394801, 0.9999999999999986677 ) ) ;
#2257 = EDGE_LOOP ( 'NONE', ( #2517, #697 ) ) ;
#2258 = EDGE_CURVE ( 'NONE', #512, #1367, #2275, .T. ) ;
#2259 = VERTEX_POINT ( 'NONE', #763 ) ;
#2260 = CARTESIAN_POINT ( 'NONE',  ( 103.2877181175385175, 28.62104111497145809, 2.543231098147604730 ) ) ;
#2261 = CARTESIAN_POINT ( 'NONE',  ( 72.65602073563810848, 26.83583658469475353, 0.9999999999999988898 ) ) ;
#2262 = CARTESIAN_POINT ( 'NONE',  ( 100.3822933126731130, 51.48280031283039904, 5.000000000000007105 ) ) ;
#2263 = CARTESIAN_POINT ( 'NONE',  ( 103.3901837106939041, 71.25946197068365962, 5.885744640319976462 ) ) ;
#2264 = CARTESIAN_POINT ( 'NONE',  ( 120.8872889770200203, 64.53585627757495047, 4.175610583050390900 ) ) ;
#2265 = CARTESIAN_POINT ( 'NONE',  ( 100.3822933126731130, 51.48280031283039904, 8.000000000000000000 ) ) ;
#2266 = EDGE_LOOP ( 'NONE', ( #1118, #1338, #1593, #769 ) ) ;
#2267 = CARTESIAN_POINT ( 'NONE',  ( 82.55622483987420424, 74.69914923232899184, 5.078020678628436535 ) ) ;
#2268 = DIRECTION ( 'NONE',  ( -0.000000000000000000, -0.000000000000000000, -1.000000000000000000 ) ) ;
#2269 = CARTESIAN_POINT ( 'NONE',  ( 111.3816323566830988, 70.41947570665118405, 4.597324922345155329 ) ) ;
#2270 = CARTESIAN_POINT ( 'NONE',  ( 66.22860669036722925, 42.86765664920685737, 0.8751750179191093437 ) ) ;
#2271 = CARTESIAN_POINT ( 'NONE',  ( 118.3002419008850126, 34.26098609745540813, 0.9999999999999906741 ) ) ;
#2272 = ORIENTED_EDGE ( 'NONE', *, *, #1523, .F. ) ;
#2273 = CARTESIAN_POINT ( 'NONE',  ( 109.0271873833797258, 79.81629642042463502, 1.000000000000005551 ) ) ;
#2274 = CARTESIAN_POINT ( 'NONE',  ( 99.17936458599683647, 30.86534330139436477, 5.113495930750541874 ) ) ;
#2275 = B_SPLINE_CURVE_WITH_KNOTS ( 'NONE', 3,
 ( #78, #464, #2553, #968, #2760, #1881, #2263, #1642, #2676, #213, #662, #2315, #748, #1864, #1107, #2483, #1791, #2029, #2099, #2689, #2777, #479, #1372, #298, #912, #1190, #1326, #676, #1575, #2081, #1357, #448, #532, #883, #316, #2215, #94, #1207, #986, #693 ),
 .UNSPECIFIED., .F., .F.,
 ( 4, 2, 2, 2, 2, 2, 2, 2, 2, 2, 2, 2, 2, 2, 2, 2, 2, 2, 2, 4 ),
 ( 0.01904990401444393855, 0.02146191178504025868, 0.02266791567033839966, 0.02387391955563653717, 0.02869793509682919130, 0.02990393898212736351, 0.03110994286742553572, 0.03352195063802183850, 0.03472795452332000377, 0.03593395840861816209, 0.03834596617921442324, 0.04075797394981069133, 0.04196397783510880802, 0.04316998172040692472, 0.04799399726159933599, 0.05040600503219555550, 0.05281801280279177502, 0.05523002057338799453, 0.05643602445868609735, 0.05764202834398420711 ),
 .UNSPECIFIED. ) ;
#2276 = CARTESIAN_POINT ( 'NONE',  ( 112.9602900369289671, 69.19447153538088457, 6.999999999999990230 ) ) ;
#2277 = DIRECTION ( 'NONE',  ( 1.000000000000000000, 0.000000000000000000, 0.000000000000000000 ) ) ;
#2278 = CARTESIAN_POINT ( 'NONE',  ( 68.61162437900883049, 64.27583308781125027, 1.715310757378822215 ) ) ;
#2279 = CARTESIAN_POINT ( 'NONE',  ( 120.2052035556504990, 63.12453070380060183, 5.288009530431517113 ) ) ;
#2280 = ADVANCED_FACE ( 'NONE', ( #1138 ), #1998, .T. ) ;
#2281 = VERTEX_POINT ( 'NONE', #1777 ) ;
#2282 = CARTESIAN_POINT ( 'NONE',  ( 89.69119720295974219, 30.31654605076776221, 6.026094504866001067 ) ) ;
#2283 = CARTESIAN_POINT ( 'NONE',  ( 59.74119160432052666, 70.02153739289492762, 0.9632731020879036210 ) ) ;
#2284 = CARTESIAN_POINT ( 'NONE',  ( 95.43412222936008504, 84.42837803769174343, 2.998864904668889775 ) ) ;
#2285 = CARTESIAN_POINT ( 'NONE',  ( 103.7725050200854184, 83.20226686302270025, 0.6409888223696471599 ) ) ;
#2286 = CARTESIAN_POINT ( 'NONE',  ( 74.01685532236180620, 35.29585258074185816, 1.741082494530663327 ) ) ;
#2287 = CARTESIAN_POINT ( 'NONE',  ( 90.72619829581438466, 21.35348506990139583, 1.000000000000000888 ) ) ;
#2288 = CARTESIAN_POINT ( 'NONE',  ( 122.9597355689072629, 57.31731455399503972, 1.000000000000007550 ) ) ;
#2289 = CARTESIAN_POINT ( 'NONE',  ( 96.02497824361837786, 29.17614148162399346, 3.763208731321649125 ) ) ;
#2290 = CARTESIAN_POINT ( 'NONE',  ( 77.75714353438387150, 56.99325803484294539, 7.000000000000002665 ) ) ;
#2291 = FILL_AREA_STYLE ('',( #1617 ) ) ;
#2292 = CARTESIAN_POINT ( 'NONE',  ( 74.15460816830004376, 62.28464438038020035, 3.418905114194843442 ) ) ;
#2293 = CARTESIAN_POINT ( 'NONE',  ( 120.6411267031067780, 58.17539262900868380, 6.842127061136206834 ) ) ;
#2294 = VERTEX_POINT ( 'NONE', #1806 ) ;
#2295 = CARTESIAN_POINT ( 'NONE',  ( 88.94445036643723768, 35.06909290050270300, 5.866843202737806351 ) ) ;
#2296 = CARTESIAN_POINT ( 'NONE',  ( 74.21594982787571837, 71.99164165024370732, 4.052206178872111764 ) ) ;
#2297 = CARTESIAN_POINT ( 'NONE',  ( 96.31581941169713446, 83.97523871553929098, 1.000000000000000000 ) ) ;
#2298 = CARTESIAN_POINT ( 'NONE',  ( 113.1991528832036806, 73.52919346276517842, 2.423893794202482521 ) ) ;
#2299 = CARTESIAN_POINT ( 'NONE',  ( 79.43647863032451539, 44.24554441550880313, 5.138645938731416507 ) ) ;
#2300 = CARTESIAN_POINT ( 'NONE',  ( 119.6118249138384044, 75.24821148044746622, 1.000000000000023981 ) ) ;
#2301 = CARTESIAN_POINT ( 'NONE',  ( 119.7550128177931867, 68.32934312088468687, 0.9999999999999997780 ) ) ;
#2302 = CARTESIAN_POINT ( 'NONE',  ( 98.63494461729118257, 28.70001773527809874, 3.358999544224150924 ) ) ;
#2303 = CARTESIAN_POINT ( 'NONE',  ( 90.72619829581438466, 21.35348506990139583, 1.000000000000000888 ) ) ;
#2304 =( NAMED_UNIT ( * ) SI_UNIT ( $, .STERADIAN. ) SOLID_ANGLE_UNIT ( ) );
#2305 = CARTESIAN_POINT ( 'NONE',  ( 66.94902767980941860, 50.59925758470654955, 1.720078602296420067 ) ) ;
#2306 = CARTESIAN_POINT ( 'NONE',  ( 119.0939049524505720, 66.40799636924054994, 4.770100971847651472 ) ) ;
#2307 = ORIENTED_EDGE ( 'NONE', *, *, #2549, .T. ) ;
#2308 = CARTESIAN_POINT ( 'NONE',  ( 106.2783161983764728, 28.92883770937049093, 4.695571148084847657 ) ) ;
#2309 = CARTESIAN_POINT ( 'NONE',  ( 117.9893768925822997, 38.93694875028948132, 5.560886687377514015 ) ) ;
#2310 = CARTESIAN_POINT ( 'NONE',  ( 76.90026003331033166, 32.95436197196440276, 4.019484470355297212 ) ) ;
#2311 = CARTESIAN_POINT ( 'NONE',  ( 90.21930722293542715, 90.26513788201187083, 0.9433276931171205026 ) ) ;
#2312 = CARTESIAN_POINT ( 'NONE',  ( 116.3884531196066519, 62.69699190881980400, 6.060415497430351017 ) ) ;
#2313 = CARTESIAN_POINT ( 'NONE',  ( 75.32063483720264685, 31.12492226338359913, 0.8994847959054433906 ) ) ;
#2314 = CARTESIAN_POINT ( 'NONE',  ( 100.2186177484253449, 30.01176971036097640, 7.017961439310972160 ) ) ;
#2315 = CARTESIAN_POINT ( 'NONE',  ( 96.53708070958504095, 71.11387768134532905, 5.921726289338057114 ) ) ;
#2316 = CARTESIAN_POINT ( 'NONE',  ( 96.31581941169713446, 83.97523871553929098, 1.000000000000000000 ) ) ;
#2317 = CARTESIAN_POINT ( 'NONE',  ( 99.36817969460537370, 30.35548979267337089, 4.678128115709667689 ) ) ;
#2318 = CIRCLE ( 'NONE', #587, 31.90705758116726898 ) ;
#2319 = CARTESIAN_POINT ( 'NONE',  ( 78.55879179834269621, 59.67834433636421920, 7.000000000000004441 ) ) ;
#2320 = CARTESIAN_POINT ( 'NONE',  ( 100.3822933126731130, 51.48280031283039904, 7.000000000000000000 ) ) ;
#2321 = CARTESIAN_POINT ( 'NONE',  ( 78.00497651740232641, 54.00846476712899147, 5.126359645667450060 ) ) ;
#2322 = AXIS2_PLACEMENT_3D ( 'NONE', #1238, #1895, #1479 ) ;
#2323 = CARTESIAN_POINT ( 'NONE',  ( 123.6934683515470823, 58.67384744346107794, 2.987729076314288079 ) ) ;
#2324 = ORIENTED_EDGE ( 'NONE', *, *, #203, .T. ) ;
#2325 = CARTESIAN_POINT ( 'NONE',  ( 102.3574588733370376, 29.05915033965399985, 5.867702918452105010 ) ) ;
#2326 = CARTESIAN_POINT ( 'NONE',  ( 120.2943057133290665, 39.58261683479135939, 2.872670826527676358 ) ) ;
#2327 = CARTESIAN_POINT ( 'NONE',  ( 87.01690513435241314, 29.32672467496616520, 5.010083761442409411 ) ) ;
#2328 = CARTESIAN_POINT ( 'NONE',  ( 76.76945364000094685, 30.36610009596807558, 0.9999999999999988898 ) ) ;
#2329 = CARTESIAN_POINT ( 'NONE',  ( 118.5943393418945817, 71.17324572648817593, 0.7412751237680158534 ) ) ;
#2330 = CARTESIAN_POINT ( 'NONE',  ( 98.66388737920347296, 30.69404253393173931, 7.600220388427444185 ) ) ;
#2331 = SURFACE_STYLE_FILL_AREA ( #356 ) ;
#2332 = DIRECTION ( 'NONE',  ( 1.000000000000000000, 0.000000000000000000, 0.000000000000000000 ) ) ;
#2333 = CARTESIAN_POINT ( 'NONE',  ( 92.13323023431944137, 32.21985951715741692, 5.225688901210376436 ) ) ;
#2334 = CARTESIAN_POINT ( 'NONE',  ( 114.3600280232233644, 67.88877306351857044, 7.081449200529649879 ) ) ;
#2335 = EDGE_CURVE ( 'NONE', #1388, #1170, #1369, .T. ) ;
#2336 = AXIS2_PLACEMENT_3D ( 'NONE', #2262, #737, #2277 ) ;
#2337 = LINE ( 'NONE', #333, #2138 ) ;
#2338 = CARTESIAN_POINT ( 'NONE',  ( 82.84119059760752179, 37.35584747631444458, 6.999999999999998224 ) ) ;
#2339 = CARTESIAN_POINT ( 'NONE',  ( 75.24004720161057946, 53.15968994956629246, 4.274247028165249596 ) ) ;
#2340 = CARTESIAN_POINT ( 'NONE',  ( 122.4051963599052044, 53.46380364049313272, 5.129679556613551128 ) ) ;
#2341 = CARTESIAN_POINT ( 'NONE',  ( 106.0739147851445665, 27.01148821622317087, 3.023580633097165293 ) ) ;
#2342 = CARTESIAN_POINT ( 'NONE',  ( 124.8801549320323403, 46.68939452697574666, 0.6539519659774302163 ) ) ;
#2343 = CARTESIAN_POINT ( 'NONE',  ( 82.18678324402726787, 31.92867497856912706, 5.035258732488665956 ) ) ;
#2344 = CARTESIAN_POINT ( 'NONE',  ( 68.09092226208171894, 39.97994392123813867, 1.000000000000000444 ) ) ;
#2345 = CARTESIAN_POINT ( 'NONE',  ( 119.6677426621036773, 64.40375910832797501, 2.529392701580016833 ) ) ;
#2346 = CARTESIAN_POINT ( 'NONE',  ( 95.96936564431150885, 28.01132847605029141, 5.389971305683250336 ) ) ;
#2347 = CARTESIAN_POINT ( 'NONE',  ( 118.5574235437429422, 44.22213988109868410, 4.999999999999998224 ) ) ;
#2348 = CARTESIAN_POINT ( 'NONE',  ( 91.46126641731943607, 27.59382150423304481, 2.426515078195826902 ) ) ;
#2349 = CARTESIAN_POINT ( 'NONE',  ( 108.3758581969711798, 76.38695117813887236, 4.894611422992191763 ) ) ;
#2350 = CARTESIAN_POINT ( 'NONE',  ( 100.8175909105896153, 73.94080193448944271, 7.000000000000002665 ) ) ;
#2351 = CARTESIAN_POINT ( 'NONE',  ( 113.6364280577356709, 35.06031761801115465, 6.999999999999977796 ) ) ;
#2352 = EDGE_CURVE ( 'NONE', #2259, #938, #2360, .T. ) ;
#2353 = CARTESIAN_POINT ( 'NONE',  ( 86.81471379282973544, 75.35298122401447074, 3.427846189557023138 ) ) ;
#2354 = CARTESIAN_POINT ( 'NONE',  ( 120.3578031404615700, 44.74135163418772976, 7.046821593965767683 ) ) ;
#2355 = CARTESIAN_POINT ( 'NONE',  ( 118.6889597646325285, 40.77668425387700069, 6.569344426260641967 ) ) ;
#2356 = CARTESIAN_POINT ( 'NONE',  ( 76.95521095837125358, 26.91512034696827627, 1.946668044703057987 ) ) ;
#2357 = CARTESIAN_POINT ( 'NONE',  ( 73.77852713234560156, 32.84297864340516071, 0.9999999999999997780 ) ) ;
#2358 = CARTESIAN_POINT ( 'NONE',  ( 116.3877216907771412, 72.11459303367401219, 1.586030946232806604 ) ) ;
#2359 = CARTESIAN_POINT ( 'NONE',  ( 94.58011976028208778, 30.69333924292383387, 7.102913766426440567 ) ) ;
#2360 = LINE ( 'NONE', #1058, #2743 ) ;
#2361 = CARTESIAN_POINT ( 'NONE',  ( 92.74009657861107314, 29.52516083168790573, 3.731108872609174121 ) ) ;
#2362 = CARTESIAN_POINT ( 'NONE',  ( 101.7267950003572565, 85.75316400705776232, 2.080623661365374133 ) ) ;
#2363 = CARTESIAN_POINT ( 'NONE',  ( 92.83799760024172087, 73.11696581433174913, 7.000000000000000888 ) ) ;
#2364 = CARTESIAN_POINT ( 'NONE',  ( 120.6769621134120598, 45.82337245184532293, 6.999999999999981348 ) ) ;
#2365 = CARTESIAN_POINT ( 'NONE',  ( 80.76917560697341969, 78.38844478375844460, 1.720895891532690403 ) ) ;
#2366 = CARTESIAN_POINT ( 'NONE',  ( 124.0721660002548532, 56.25641206248118209, 2.961357819464585539 ) ) ;
#2367 = VECTOR ( 'NONE', #611, 1000.000000000000000 ) ;
#2368 = B_SPLINE_CURVE_WITH_KNOTS ( 'NONE', 3,
 ( #2297, #2489, #2064, #1158, #1392, #934, #1829, #2725, #73, #948, #1843, #2740, #279, #2520, #715, #1609, #1173, #61, #730, #2110, #583, #2372, #2773, #759, #2579, #2564, #800, #1876, #2830, #1654, #559, #2162, #2592, #1463, #1038, #1490, #571, #2788, #2548, #2344, #787, #815, #982, #327, #543, #1904, #1262, #1435, #2357, #2802, #1668, #2328, #1220, #1476, #108, #353, #1929, #1693, #2387, #1681, #379, #367 ),
 .UNSPECIFIED., .F., .F.,
 ( 4, 2, 2, 2, 2, 2, 2, 2, 2, 2, 2, 2, 2, 2, 2, 2, 2, 2, 2, 2, 2, 2, 2, 2, 2, 2, 2, 2, 2, 2, 4 ),
 ( 0.000000000000000000, 0.002912431672387298665, 0.004368647508580968813, 0.005824863344774638962, 0.01164972668954939242, 0.01456215836193676914, 0.01601837419813045837, 0.01747459003432414587, 0.02329945337909889932, 0.02621188505148627432, 0.02912431672387364931, 0.03494918006864834031, 0.04077404341342303479, 0.04368647508581035427, 0.04659890675819768069, 0.05242377010297236128, 0.05387998593916602796, 0.05533620177535970158, 0.05824863344774704188, 0.06407349679252169472, 0.06552971262871533364, 0.06698592846490898645, 0.06989836013729630593, 0.07281079180968362541, 0.07426700764587727821, 0.07572322348207093101, 0.08154808682684548671, 0.08446051849923277843, 0.08591673433542640348, 0.08737295017162004240, 0.09319781351639455647 ),
 .UNSPECIFIED. ) ;
#2369 = EDGE_CURVE ( 'NONE', #1401, #2693, #449, .T. ) ;
#2370 = CARTESIAN_POINT ( 'NONE',  ( 117.5057552352024857, 37.81856492123034741, 5.050406186743781056 ) ) ;
#2371 = CARTESIAN_POINT ( 'NONE',  ( 85.51255080751829496, 32.44369896949476839, 6.053894875254490771 ) ) ;
#2372 = CARTESIAN_POINT ( 'NONE',  ( 69.52077058507758522, 71.53718277798280667, 1.000000000000000444 ) ) ;
#2373 = CARTESIAN_POINT ( 'NONE',  ( 119.3915788375023936, 56.10284084299226492, 5.798057652323553413 ) ) ;
#2374 = UNCERTAINTY_MEASURE_WITH_UNIT (LENGTH_MEASURE( 1.000000000000000082E-05 ), #586, 'distance_accuracy_value', 'NONE');
#2375 = CARTESIAN_POINT ( 'NONE',  ( 94.79923067564713790, 28.14096159298108901, 5.401306994972134845 ) ) ;
#2376 = VECTOR ( 'NONE', #2142, 1000.000000000000000 ) ;
#2377 = CARTESIAN_POINT ( 'NONE',  ( 91.79895493217833291, 90.08160968987611739, 0.9999999999999995559 ) ) ;
#2378 = CARTESIAN_POINT ( 'NONE',  ( 92.08491984603392666, 31.88096491442133384, 5.021383496413385217 ) ) ;
#2379 = CARTESIAN_POINT ( 'NONE',  ( 110.9331436833575708, 69.38297758285328598, 7.681296996444396008 ) ) ;
#2380 = DIRECTION ( 'NONE',  ( 0.000000000000000000, 0.000000000000000000, 1.000000000000000000 ) ) ;
#2381 = CARTESIAN_POINT ( 'NONE',  ( 71.79197406517670288, 70.21469482836698717, 1.715664610861944661 ) ) ;
#2382 = CARTESIAN_POINT ( 'NONE',  ( 101.4272612645331293, 78.74135067550962219, 4.924783015833807731 ) ) ;
#2383 = CARTESIAN_POINT ( 'NONE',  ( 114.1798236964499154, 36.19673247045033548, 3.615597597126266383 ) ) ;
#2384 = CARTESIAN_POINT ( 'NONE',  ( 114.7888238437063819, 33.78151678274724645, 4.013448734581479549 ) ) ;
#2385 = CARTESIAN_POINT ( 'NONE',  ( 67.25288967372016202, 35.24318916295155191, 1.973040117760127776 ) ) ;
#2386 = EDGE_CURVE ( 'NONE', #1635, #1091, #962, .T. ) ;
#2387 = CARTESIAN_POINT ( 'NONE',  ( 85.00469106891485183, 26.41105170223500309, 0.9999999999999995559 ) ) ;
#2388 = CARTESIAN_POINT ( 'NONE',  ( 118.1324802113028625, 64.06922395693048600, 3.842159570982776273 ) ) ;
#2389 = PLANE ( 'NONE',  #242 ) ;
#2390 = CARTESIAN_POINT ( 'NONE',  ( 110.2620631982836983, 34.16032255091057834, 4.999999999999999112 ) ) ;
#2391 = DIRECTION ( 'NONE',  ( 1.000000000000000000, 0.000000000000000000, -0.000000000000000000 ) ) ;
#2392 = CARTESIAN_POINT ( 'NONE',  ( 111.5032923446239579, 72.22081219228323334, 5.998606371305323925 ) ) ;
#2393 = CARTESIAN_POINT ( 'NONE',  ( 107.0000018179416799, 74.00000110268592834, -55.42914871850910430 ) ) ;
#2394 = CARTESIAN_POINT ( 'NONE',  ( 87.40808319134656301, 69.80959160876521707, 5.129114062221269421 ) ) ;
#2395 = CARTESIAN_POINT ( 'NONE',  ( 108.7700303849695445, 71.54446433403383310, 7.151987880858865942 ) ) ;
#2396 = CARTESIAN_POINT ( 'NONE',  ( 116.0790897511491551, 38.86762930667881477, 4.104702409980831135 ) ) ;
#2397 = CARTESIAN_POINT ( 'NONE',  ( 112.9336098816003044, 31.03101225076355263, 2.941831795953907758 ) ) ;
#2398 = CARTESIAN_POINT ( 'NONE',  ( 60.55769664340544978, 39.98307049550539460, 0.9506653034075122077 ) ) ;
#2399 = CYLINDRICAL_SURFACE ( 'NONE', #2084, 15.00000000000000000 ) ;
#2400 = CARTESIAN_POINT ( 'NONE',  ( 120.1376420570391730, 48.72193229882140741, 4.553815000935684587 ) ) ;
#2401 = CARTESIAN_POINT ( 'NONE',  ( 92.44928831383629131, 26.63133395382158852, 4.283903148562568930 ) ) ;
#2402 = CARTESIAN_POINT ( 'NONE',  ( 78.16543609400656578, 83.94327468770818257, 1.987222317406249106 ) ) ;
#2403 = CARTESIAN_POINT ( 'NONE',  ( 99.56007541157930518, 80.06476764920644484, 2.356128939971809277 ) ) ;
#2404 = CARTESIAN_POINT ( 'NONE',  ( 87.52808829018157155, 30.64966224665606020, 3.491376474798801866 ) ) ;
#2405 = CARTESIAN_POINT ( 'NONE',  ( 106.6133824079014403, 83.91976540139719987, 2.066151857099315148 ) ) ;
#2406 = CARTESIAN_POINT ( 'NONE',  ( 88.40586378663277856, 78.70953719254517011, 2.578707176255381484 ) ) ;
#2407 = CARTESIAN_POINT ( 'NONE',  ( 77.54018093929522593, 76.32689513198837972, 1.718463998472247845 ) ) ;
#2408 = CARTESIAN_POINT ( 'NONE',  ( 69.43541721283318680, 82.28009952146072692, 1.000000000000001554 ) ) ;
#2409 = CARTESIAN_POINT ( 'NONE',  ( 111.3485458357872488, 34.80578956480745489, 4.937906608723295676 ) ) ;
#2410 = CARTESIAN_POINT ( 'NONE',  ( 112.0512421050073897, 33.36010925752282930, 6.206297919785196626 ) ) ;
#2411 = CARTESIAN_POINT ( 'NONE',  ( 73.06788448186159712, 37.10288091176619218, 4.031694016051598162 ) ) ;
#2412 = CARTESIAN_POINT ( 'NONE',  ( 93.76458480740453183, 28.96559952297486618, 6.999999999999999112 ) ) ;
#2413 = CARTESIAN_POINT ( 'NONE',  ( 118.3732751063166120, 44.78252027586486150, 6.023510936980112085 ) ) ;
#2414 = DIRECTION ( 'NONE',  ( 0.000000000000000000, 0.000000000000000000, -1.000000000000000000 ) ) ;
#2415 = CARTESIAN_POINT ( 'NONE',  ( 97.60035379990820559, 76.23794769487786027, 6.086834763121491854 ) ) ;
#2416 = CARTESIAN_POINT ( 'NONE',  ( 100.6552191927699198, 79.88835020733989722, 2.359003119360842060 ) ) ;
#2417 = CARTESIAN_POINT ( 'NONE',  ( 85.85921459046463156, 26.01409188191269095, 0.9403962486889938521 ) ) ;
#2418 = CARTESIAN_POINT ( 'NONE',  ( 117.9029625999049671, 63.74208756369522177, 6.987754453296186163 ) ) ;
#2419 = CARTESIAN_POINT ( 'NONE',  ( 88.73298773936214445, 81.47443422759118903, 1.729208735634061966 ) ) ;
#2420 = CARTESIAN_POINT ( 'NONE',  ( 92.49999999999968736, 55.00000000000541434, 105.0824566729764769 ) ) ;
#2421 = CARTESIAN_POINT ( 'NONE',  ( 108.1276010063429140, 31.99724764450967385, 3.949913253190530327 ) ) ;
#2422 = CARTESIAN_POINT ( 'NONE',  ( 91.79895493217833291, 90.08160968987611739, 0.9999999999999995559 ) ) ;
#2423 = CARTESIAN_POINT ( 'NONE',  ( 113.4940698953099627, 37.48355470690043489, 6.440899535631417372 ) ) ;
#2424 = AXIS2_PLACEMENT_3D ( 'NONE', #2512, #1385, #271 ) ;
#2425 = CARTESIAN_POINT ( 'NONE',  ( 111.2578464887843523, 32.51315693392390926, 5.694100140929613474 ) ) ;
#2426 = CARTESIAN_POINT ( 'NONE',  ( 78.31016467965039851, 39.41141161388487291, 6.089291197528120314 ) ) ;
#2427 = CARTESIAN_POINT ( 'NONE',  ( 119.6465462909245616, 46.90210982048103716, 4.571313715786830656 ) ) ;
#2428 = CARTESIAN_POINT ( 'NONE',  ( 93.60007745220370623, 30.04987666448835526, 6.548346075516292331 ) ) ;
#2429 = CARTESIAN_POINT ( 'NONE',  ( 95.83394212206789575, 78.89969031260127963, 5.059143690450444097 ) ) ;
#2430 = CARTESIAN_POINT ( 'NONE',  ( 107.4686379395369471, 71.86496739338247153, 4.995313559704859685 ) ) ;
#2431 = CARTESIAN_POINT ( 'NONE',  ( 82.93253221806175191, 35.61010380933804242, 4.311771893060407201 ) ) ;
#2432 = CARTESIAN_POINT ( 'NONE',  ( 116.1987749606356317, 66.02550748377478840, 7.041374161634951889 ) ) ;
#2433 = CARTESIAN_POINT ( 'NONE',  ( 100.3891173753250143, 73.18158022892916392, 5.157534490052022136 ) ) ;
#2434 = ORIENTED_EDGE ( 'NONE', *, *, #1245, .T. ) ;
#2435 = CARTESIAN_POINT ( 'NONE',  ( 108.5503053210523063, 31.81247809184639053, 3.509991124710269084 ) ) ;
#2436 = CARTESIAN_POINT ( 'NONE',  ( 68.14900929722507783, 81.16879063007858974, 0.9999999999999983347 ) ) ;
#2437 = CARTESIAN_POINT ( 'NONE',  ( 118.7176179268199263, 41.55991798231575274, 2.750788874104965753 ) ) ;
#2438 = CARTESIAN_POINT ( 'NONE',  ( 75.25045662050499118, 58.87195602668322891, 6.111419064149511193 ) ) ;
#2439 = CARTESIAN_POINT ( 'NONE',  ( 119.2824975116894564, 48.72418792681052935, 6.475858074096344730 ) ) ;
#2440 = CARTESIAN_POINT ( 'NONE',  ( 91.91058764712472851, 32.52252715136981465, 7.699883499111071394 ) ) ;
#2441 = ORIENTED_EDGE ( 'NONE', *, *, #419, .F. ) ;
#2442 = CARTESIAN_POINT ( 'NONE',  ( 93.02126043003649158, 72.77495712948228856, 7.122735818021588727 ) ) ;
#2443 = CARTESIAN_POINT ( 'NONE',  ( 105.6985030940436729, 75.34124543334553437, 3.679436133564625955 ) ) ;
#2444 = CARTESIAN_POINT ( 'NONE',  ( 85.98648266877077617, 37.93779975978941366, 6.022401668626995885 ) ) ;
#2445 = CARTESIAN_POINT ( 'NONE',  ( 115.8491579999053442, 68.50833564730415048, 5.941054481254364639 ) ) ;
#2446 = CARTESIAN_POINT ( 'NONE',  ( 91.20380337895831246, 76.84511328802342689, 3.434198504245910222 ) ) ;
#2447 = ORIENTED_EDGE ( 'NONE', *, *, #679, .F. ) ;
#2448 = FACE_OUTER_BOUND ( 'NONE', #1767, .T. ) ;
#2449 = CARTESIAN_POINT ( 'NONE',  ( 107.2896847493946382, 32.37162761551057599, 4.835327682163067742 ) ) ;
#2450 = CARTESIAN_POINT ( 'NONE',  ( 115.1273156207494424, 67.28138425555705737, 6.999999999999996447 ) ) ;
#2451 = CARTESIAN_POINT ( 'NONE',  ( 98.22916164615024570, 81.67031221880088765, 1.799336471095863255 ) ) ;
#2452 = CARTESIAN_POINT ( 'NONE',  ( 67.85620600013007220, 57.81707744653014913, 4.051975870761022058 ) ) ;
#2453 = CARTESIAN_POINT ( 'NONE',  ( 122.2120006134892236, 51.21428245284317171, 1.810649965529307348 ) ) ;
#2454 = EDGE_CURVE ( 'NONE', #681, #1183, #1231, .T. ) ;
#2455 = CARTESIAN_POINT ( 'NONE',  ( 89.25483540380884051, 21.14468607342045203, 0.8622296314784928528 ) ) ;
#2456 = ORIENTED_EDGE ( 'NONE', *, *, #2568, .T. ) ;
#2457 = CARTESIAN_POINT ( 'NONE',  ( 81.40081782910590391, 64.19587380652303921, 7.138170204411851572 ) ) ;
#2458 = CARTESIAN_POINT ( 'NONE',  ( 89.79078886470234977, 84.17771535694318175, 3.007678034347281759 ) ) ;
#2459 = VECTOR ( 'NONE', #384, 1000.000000000000000 ) ;
#2460 = CARTESIAN_POINT ( 'NONE',  ( 95.40670608041619971, 85.06993715797334232, 0.6204083412374952200 ) ) ;
#2461 = CARTESIAN_POINT ( 'NONE',  ( 87.06863814544614399, 32.70085526978044044, 4.335495849098274235 ) ) ;
#2462 = CARTESIAN_POINT ( 'NONE',  ( 123.7789581792619202, 44.04980916459899021, 1.000000000000013101 ) ) ;
#2463 = ORIENTED_EDGE ( 'NONE', *, *, #1245, .F. ) ;
#2464 = ORIENTED_EDGE ( 'NONE', *, *, #1419, .F. ) ;
#2465 = CARTESIAN_POINT ( 'NONE',  ( 110.0086583842128505, 33.93469752360309144, 4.903858890472442056 ) ) ;
#2466 = CARTESIAN_POINT ( 'NONE',  ( 107.9724113420833049, 72.18394374345702147, 6.999999999999989342 ) ) ;
#2467 = CARTESIAN_POINT ( 'NONE',  ( 120.0914134137465936, 50.64482530055314413, 4.999999999999989342 ) ) ;
#2468 = CARTESIAN_POINT ( 'NONE',  ( 78.94666244801244659, 59.41132411439153316, 7.138533813497232039 ) ) ;
#2469 = CARTESIAN_POINT ( 'NONE',  ( 87.78247546248454114, 35.94326336798104649, 5.879523784103297679 ) ) ;
#2470 = ORIENTED_EDGE ( 'NONE', *, *, #2065, .T. ) ;
#2471 = B_SPLINE_SURFACE_WITH_KNOTS ( 'NONE', 3, 3, ( 
 ( #138, #1028, #2819, #803, #1565, #411, #1129, #2403, #1305, #2460 ),
 ( #2626, #1535, #1754, #615, #2668, #654, #2004, #2416, #457, #1521 ),
 ( #220, #2640, #2430, #2020, #1099, #849, #17, #876, #1740, #1549 ),
 ( #1113, #2878, #628, #2195, #179, #2443, #1074, #2, #1333, #206 ),
 ( #236, #1319, #193, #397, #1087, #2654, #1977, #1350, #1508, #1769 ),
 ( #1784, #2208, #2223, #641, #2682, #669, #2181, #1291, #2239, #1962 ),
 ( #863, #426, #904, #2862, #1990, #2891, #439, #889, #2254, #2285 ),
 ( #1581, #1146, #2095, #2269, #701, #1204, #2078, #2521, #1187, #2506 ),
 ( #264, #1860, #2726, #949, #731, #294, #1420, #716, #2475, #485 ),
 ( #74, #280, #745, #1610, #935, #1844, #1378, #965, #2757, #2741 ),
 ( #1640, #2036, #1797, #500, #1830, #2697, #1625, #516, #2535, #1596 ),
 ( #2312, #1405, #2490, #309, #2066, #1174, #91, #2298, #530, #251 ),
 ( #33, #684, #470, #919, #1363, #1813, #1393, #62, #2712, #1159 ),
 ( #2050, #48, #135, #1917, #368, #1436, #354, #1249, #1235, #2136 ),
 ( #2111, #2123, #983, #1491, #1012, #1709, #2150, #1025, #2358, #1464 ),
 ( #2817, #149, #1451, #2789, #1039, #2388, #2593, #2163, #1655, #999 ),
 ( #801, #122, #2774, #1694, #775, #1905, #1893, #584, #328, #2329 ),
 ( #1477, #2373, #1930, #380, #2580, #1669, #2550, #2345, #2803, #2565 ),
 ( #1877, #1263, #2609, #2831, #572, #816, #788, #599, #1275, #544 ),
 ( #760, #1221, #109, #560, #341, #1682, #2622, #202, #2845, #664 ),
 ( #1986, #176, #1096, #435, #832, #2887, #2217, #846, #1328, #408 ),
 ( #2439, #860, #2859, #1518, #216, #1084, #2205, #872, #1545, #2678 ),
 ( #1723, #1737, #612, #1109, #1532, #2000, #1974, #2192, #1765, #2637 ),
 ( #1560, #1504, #625, #2902, #2400, #161, #2875, #190, #1055, #2664 ),
 ( #885, #2413, #1780, #1959, #2427, #650, #1070, #1751, #2453, #423 ),
 ( #452, #1316, #2177, #1344, #1945, #394, #1302, #2651, #638, #1288 ),
 ( #899, #12, #1124, #2015, #2234, #231, #186, #420, #2202, #607 ),
 ( #1984, #1704, #856, #145, #841, #200, #2870, #828, #1080, #1500 ),
 ( #1970, #2159, #2605, #2633, #390, #1926, #1487, #2437, #2618, #1051 ),
 ( #2423, #1747, #1529, #2854, #1940, #2396, #1094, #172, #1298, #2647 ),
 ( #1763, #1066, #2827, #1718, #812, #1313, #621, #2885, #1955, #1284 ),
 ( #870, #2841, #648, #594, #2173, #2662, #2383, #2146, #1733, #1514 ),
 ( #2187, #634, #1543, #2409, #433, #404, #1035, #376, #157, #1271 ),
 ( #646, #868, #2660, #2465, #183, #2645, #2245, #674, #1527, #8 ),
 ( #2213, #1995, #2025, #1760, #1802, #894, #445, #1340, #2229, #1571 ),
 ( #660, #1555, #1540, #2449, #1324, #2421, #2435, #1295, #2702, #211 ),
 ( #462, #227, #2673, #1775, #2898, #1120, #632, #416, #1105, #881 ),
 ( #2011, #198, #1967, #431, #1789, #1092, #1135, #2185, #2687, #23 ),
 ( #1355, #690, #241, #2868, #909, #1587, #2480, #1078, #854, #1745 ),
 ( #1310, #2200, #1982, #2883, #53, #1835, #1644, #2260, #1820, #1425 ),
 ( #706, #2083, #534, #1397, #1179, #1209, #940, #987, #80, #2525 ),
 ( #2539, #2732, #2274, #2317, #1882, #970, #1659, #1151, #491, #520 ),
 ( #1615, #256, #1409, #269, #721, #1383, #2302, #2717, #924, #1866 ),
 ( #953, #318, #2778, #2070, #1164, #2041, #2511, #505, #2056, #2101 ),
 ( #300, #96, #764, #66, #2762, #2289, #476, #1368, #38, #1601 ),
 ( #2496, #750, #284, #1848, #2746, #735, #1193, #1629, #164, #1266 ),
 ( #2570, #589, #2834, #331, #1480, #1713, #345, #821, #2808, #835 ),
 ( #1934, #1948, #1278, #2154, #1920, #2361, #805, #152, #2848, #113 ),
 ( #126, #1685, #2378, #1015, #1224, #371, #1043, #2348, #1239, #1494 ) ),
 .UNSPECIFIED., .F., .F., .F.,
 ( 4, 3, 3, 3, 3, 3, 3, 3, 3, 3, 3, 3, 3, 3, 3, 3, 4 ),
 ( 4, 3, 3, 4 ),
 ( 0.000000000000000000, 0.03125000000000002776, 0.06250000000000005551, 0.09375000000000008327, 0.1250000000000001110, 0.1562500000000001388, 0.1875000000000001665, 0.2187500000000001943, 0.2500000000000002220, 0.2812500000000002220, 0.3125000000000002776, 0.3437500000000003331, 0.3750000000000003331, 0.4062500000000003331, 0.4375000000000003886, 0.4687500000000004441, 0.5000000000000004441 ),
 ( 0.04354471338094794558, 0.2593936595747058371, 0.4752426057684637772, 0.9069404981559796575 ),
 .UNSPECIFIED. ) ;
#2472 = ADVANCED_FACE ( 'NONE', ( #562 ), #1439, .T. ) ;
#2473 = CARTESIAN_POINT ( 'NONE',  ( 77.49059987017936635, 64.26713068199508427, 6.111948351325639628 ) ) ;
#2474 = CARTESIAN_POINT ( 'NONE',  ( 105.9380064199936555, 72.80786032988361001, 7.073146033732275129 ) ) ;
#2475 = CARTESIAN_POINT ( 'NONE',  ( 108.0827792562598688, 79.18083074212144368, 1.522284879633135413 ) ) ;
#2476 = CARTESIAN_POINT ( 'NONE',  ( 78.41666132450109217, 47.24990530548600276, 5.133105710501709495 ) ) ;
#2477 = CARTESIAN_POINT ( 'NONE',  ( 99.64394438257095032, 22.34600162883845798, 1.000000000000000444 ) ) ;
#2478 = ORIENTED_EDGE ( 'NONE', *, *, #2568, .F. ) ;
#2479 = CARTESIAN_POINT ( 'NONE',  ( 100.6819876015829180, 25.92730219259133406, 0.9999999999999988898 ) ) ;
#2480 = CARTESIAN_POINT ( 'NONE',  ( 104.1547902898051490, 29.84090951412837001, 3.434529559109201990 ) ) ;
#2481 = CARTESIAN_POINT ( 'NONE',  ( 69.92466626902101723, 28.79075546578263456, 0.9999999999999997780 ) ) ;
#2482 = CARTESIAN_POINT ( 'NONE',  ( 119.8296136980214044, 56.15203256552653244, 4.999999999999992006 ) ) ;
#2483 = CARTESIAN_POINT ( 'NONE',  ( 93.05378190933060978, 70.09613313066356000, 5.932470017137684515 ) ) ;
#2484 = CARTESIAN_POINT ( 'NONE',  ( 121.8896781030490359, 68.60775390361769155, 1.944784872990649394 ) ) ;
#2485 = CIRCLE ( 'NONE', #1458, 15.00000000000000000 ) ;
#2486 = CARTESIAN_POINT ( 'NONE',  ( 80.65740422852769598, 48.14225257975545702, 5.938848850519280020 ) ) ;
#2487 = ORIENTED_EDGE ( 'NONE', *, *, #914, .T. ) ;
#2488 = CARTESIAN_POINT ( 'NONE',  ( 90.22589123297883873, 71.76151922156691398, 7.128187578867797747 ) ) ;
#2489 = CARTESIAN_POINT ( 'NONE',  ( 95.34539795222386260, 84.06073861600744124, 0.9999999999999997780 ) ) ;
#2490 = CARTESIAN_POINT ( 'NONE',  ( 115.6225346425802769, 65.40371961000218448, 5.115635449182373229 ) ) ;
#2491 = UNCERTAINTY_MEASURE_WITH_UNIT (LENGTH_MEASURE( 1.000000000000000082E-05 ), #111, 'distance_accuracy_value', 'NONE');
#2492 = CARTESIAN_POINT ( 'NONE',  ( 79.50763579005480608, 35.94561809393357521, 3.450901476381222022 ) ) ;
#2493 = CARTESIAN_POINT ( 'NONE',  ( 102.1782325433620287, 76.88527956358562676, 3.462164169355016252 ) ) ;
#2494 = ORIENTED_EDGE ( 'NONE', *, *, #1954, .F. ) ;
#2495 = CARTESIAN_POINT ( 'NONE',  ( 122.3258611615363236, 61.60093106148349307, 0.9999999999999922284 ) ) ;
#2496 = CARTESIAN_POINT ( 'NONE',  ( 94.81835061363747741, 32.48933301026582399, 5.921452412037462310 ) ) ;
#2497 = CARTESIAN_POINT ( 'NONE',  ( 63.62853944959323371, 35.20654962682444022, 0.9999999999999995559 ) ) ;
#2498 = CARTESIAN_POINT ( 'NONE',  ( 77.24614615830977016, 53.55088127338874671, 6.999999999999999112 ) ) ;
#2499 = CARTESIAN_POINT ( 'NONE',  ( 81.50102229329478121, 63.87515553896746923, 5.124213628993693703 ) ) ;
#2500 = CARTESIAN_POINT ( 'NONE',  ( 114.9655592424878563, 78.22982073861834351, 2.024252151974331060 ) ) ;
#2501 = PRODUCT ( 'vacum and dustbin clip3', 'vacum and dustbin clip3', '', ( #1237 ) ) ;
#2502 = ORIENTED_EDGE ( 'NONE', *, *, #399, .F. ) ;
#2503 = CARTESIAN_POINT ( 'NONE',  ( 89.54823562521045233, 22.90689951926691137, 1.894208745444663888 ) ) ;
#2504 = CARTESIAN_POINT ( 'NONE',  ( 66.30194824842493517, 73.82729260203147703, 1.993204641403916177 ) ) ;
#2505 = CARTESIAN_POINT ( 'NONE',  ( 91.65582777544787518, 90.25086521194069178, 0.9413598651911163628 ) ) ;
#2506 = CARTESIAN_POINT ( 'NONE',  ( 105.2825374890704211, 82.62952265030980925, 0.6458264091551900732 ) ) ;
#2507 = CARTESIAN_POINT ( 'NONE',  ( 70.42318896991497468, 40.14887669800740611, 1.730836875375883599 ) ) ;
#2508 = CARTESIAN_POINT ( 'NONE',  ( 123.3805112853021910, 42.99440712194380154, 0.9999999999999806821 ) ) ;
#2509 = ORIENTED_EDGE ( 'NONE', *, *, #810, .F. ) ;
#2510 = CARTESIAN_POINT ( 'NONE',  ( 117.5376520504336924, 72.02804476737287587, 1.000000000000000888 ) ) ;
#2511 = CARTESIAN_POINT ( 'NONE',  ( 97.32812212660300588, 28.57336300269480489, 3.343446171899576935 ) ) ;
#2512 = CARTESIAN_POINT ( 'NONE',  ( 100.3822933126731130, 51.48280031283039904, 5.000000000000007105 ) ) ;
#2513 = SURFACE_STYLE_USAGE ( .BOTH. , #320 ) ;
#2514 = CARTESIAN_POINT ( 'NONE',  ( 69.61508078799350585, 55.79595634319593245, 2.568555422664285270 ) ) ;
#2515 = CARTESIAN_POINT ( 'NONE',  ( 120.3039145227928515, 57.96797660072526526, 7.350626106258788539 ) ) ;
#2516 = AXIS2_PLACEMENT_3D ( 'NONE', #2748, #83, #1427 ) ;
#2517 = ORIENTED_EDGE ( 'NONE', *, *, #2896, .T. ) ;
#2518 = CARTESIAN_POINT ( 'NONE',  ( 91.63713012554181603, 29.68813081864286119, 6.010155944792809457 ) ) ;
#2519 = CARTESIAN_POINT ( 'NONE',  ( 82.13236488424587378, 70.16458149888161699, 6.109680478422574446 ) ) ;
#2520 = CARTESIAN_POINT ( 'NONE',  ( 80.37507431311900064, 80.89126439706700467, 1.000000000000000222 ) ) ;
#2521 = CARTESIAN_POINT ( 'NONE',  ( 108.0166745564081054, 77.21038115532755342, 2.387790321474336341 ) ) ;
#2522 = CARTESIAN_POINT ( 'NONE',  ( 73.38716848115765856, 46.49040925335384600, 3.427891196063721502 ) ) ;
#2523 = CARTESIAN_POINT ( 'NONE',  ( 103.9047012573505668, 87.69820350848681301, 0.9999999999999983347 ) ) ;
#2524 = CARTESIAN_POINT ( 'NONE',  ( 115.6851526779961574, 74.23931539814934411, 0.9999999999999920064 ) ) ;
#2525 = CARTESIAN_POINT ( 'NONE',  ( 102.7502034534319222, 26.27517944724589682, 0.7922974745208024583 ) ) ;
#2526 = CARTESIAN_POINT ( 'NONE',  ( 77.20993541801047400, 52.84899243770716026, 7.000000000000000000 ) ) ;
#2527 = CARTESIAN_POINT ( 'NONE',  ( 88.27348947024721326, 32.97781478040911907, 6.999999999999997335 ) ) ;
#2528 = CARTESIAN_POINT ( 'NONE',  ( 88.10305367902940077, 67.11679518938206002, 5.984084823692024990 ) ) ;
#2529 = CARTESIAN_POINT ( 'NONE',  ( 115.7636280734269576, 74.74219655306465881, 3.150306849859120017 ) ) ;
#2530 = ORIENTED_EDGE ( 'NONE', *, *, #185, .F. ) ;
#2531 = CARTESIAN_POINT ( 'NONE',  ( 106.9781530371306673, 26.08927938111885325, 1.888826305380622683 ) ) ;
#2532 = CARTESIAN_POINT ( 'NONE',  ( 122.2593131307773291, 44.04559988858861885, 2.876582715045709282 ) ) ;
#2533 = CARTESIAN_POINT ( 'NONE',  ( 73.76867077808873319, 25.87614326413519450, 0.9204241949062228478 ) ) ;
#2534 = CARTESIAN_POINT ( 'NONE',  ( 78.76458480740453183, 59.00000110268592834, 7.000000000000000000 ) ) ;
#2535 = CARTESIAN_POINT ( 'NONE',  ( 110.9388870550783963, 77.33870943152506072, 1.538364407678004975 ) ) ;
#2536 = CARTESIAN_POINT ( 'NONE',  ( 81.51694624719016247, 40.32278029431381583, 5.149277228170667797 ) ) ;
#2537 = CARTESIAN_POINT ( 'NONE',  ( 105.8402554591745570, 72.42189503008140150, 5.016220541661959409 ) ) ;
#2538 = CARTESIAN_POINT ( 'NONE',  ( 114.6938843599034072, 75.30155663334829796, 0.9999999999999972244 ) ) ;
#2539 = CARTESIAN_POINT ( 'NONE',  ( 98.81064578087689654, 31.88553108192177632, 5.987909962922664420 ) ) ;
#2540 = CARTESIAN_POINT ( 'NONE',  ( 110.6175483914811934, 68.73924324207247594, 5.798292630687504001 ) ) ;
#2541 = DIRECTION ( 'NONE',  ( 0.000000000000000000, 0.000000000000000000, 1.000000000000000000 ) ) ;
#2542 = CARTESIAN_POINT ( 'NONE',  ( 64.07357783821568376, 59.60601129262879994, 0.8649212522660386648 ) ) ;
#2543 = CARTESIAN_POINT ( 'NONE',  ( 119.4831874991205609, 72.96253874914133064, 1.982287524484223962 ) ) ;
#2544 = EDGE_LOOP ( 'NONE', ( #1375, #727, #304, #1794, #2054 ) ) ;
#2545 = CARTESIAN_POINT ( 'NONE',  ( 103.3081683905471948, 29.75556738053412076, 6.406294884926028388 ) ) ;
#2546 = CARTESIAN_POINT ( 'NONE',  ( 114.6719543816167715, 36.00254570662369957, 7.136234761050544328 ) ) ;
#2547 = CARTESIAN_POINT ( 'NONE',  ( 81.35137980546144831, 27.19911300995955017, 2.967103595955050910 ) ) ;
#2548 = CARTESIAN_POINT ( 'NONE',  ( 66.92666945763797059, 42.10602681239812739, 1.000000000000000444 ) ) ;
#2549 = EDGE_CURVE ( 'NONE', #907, #2033, #1697, .T. ) ;
#2550 = CARTESIAN_POINT ( 'NONE',  ( 119.6004385429445023, 62.02401663895658857, 3.441253143443006479 ) ) ;
#2551 = CARTESIAN_POINT ( 'NONE',  ( 103.5824477394268399, 27.47668704587664124, 4.173595522291805970 ) ) ;
#2552 = FILL_AREA_STYLE_COLOUR ( '', #450 ) ;
#2553 = CARTESIAN_POINT ( 'NONE',  ( 106.1757166519070665, 70.64270840712495669, 5.861198869032078207 ) ) ;
#2554 = DIRECTION ( 'NONE',  ( 0.000000000000000000, 0.000000000000000000, 1.000000000000000000 ) ) ;
#2555 = CARTESIAN_POINT ( 'NONE',  ( 101.8674710005410020, 73.83704178851321842, 7.000000000000004441 ) ) ;
#2556 = CARTESIAN_POINT ( 'NONE',  ( 122.0000018179416799, 43.96559952297486262, 8.000000000000000000 ) ) ;
#2557 = B_SPLINE_CURVE_WITH_KNOTS ( 'NONE', 3,
 ( #624, #2537, #1590, #2705, #2451, #1423 ),
 .UNSPECIFIED., .F., .F.,
 ( 4, 2, 4 ),
 ( 0.04866366072151137590, 0.4463200390657344752, 0.8439764174099576577 ),
 .UNSPECIFIED. ) ;
#2558 = CARTESIAN_POINT ( 'NONE',  ( 76.07963280856139932, 58.75980960486772631, 4.271670068178837099 ) ) ;
#2559 = CARTESIAN_POINT ( 'NONE',  ( 122.7326777251038550, 50.40670095508127702, 4.546697573260453318 ) ) ;
#2560 = ORIENTED_EDGE ( 'NONE', *, *, #1719, .T. ) ;
#2561 = CARTESIAN_POINT ( 'NONE',  ( 104.2393612638669680, 28.84425047667663833, 5.282964483287508450 ) ) ;
#2562 = CARTESIAN_POINT ( 'NONE',  ( 123.0681880027240567, 41.29722506977674357, 0.6421560676224915554 ) ) ;
#2563 = CARTESIAN_POINT ( 'NONE',  ( 85.46284782863483542, 35.09933794858870471, 7.088448226920710304 ) ) ;
#2564 = CARTESIAN_POINT ( 'NONE',  ( 65.14735963279873943, 61.91432130698771630, 0.9999999999999993339 ) ) ;
#2565 = CARTESIAN_POINT ( 'NONE',  ( 119.7578792710871056, 69.18262290746993415, 0.7590386443178936959 ) ) ;
#2566 = CARTESIAN_POINT ( 'NONE',  ( 103.4031273902272403, 24.62752298494882908, 1.922449316379219120 ) ) ;
#2567 = PRESENTATION_STYLE_ASSIGNMENT (( #2098 ) ) ;
#2568 = EDGE_CURVE ( 'NONE', #14, #2259, #315, .T. ) ;
#2569 = CARTESIAN_POINT ( 'NONE',  ( 118.3421528390784943, 43.71166182853801985, 4.999999999999968914 ) ) ;
#2570 = CARTESIAN_POINT ( 'NONE',  ( 93.90934291976276427, 32.71807622019829154, 5.908515415809466376 ) ) ;
#2571 = CARTESIAN_POINT ( 'NONE',  ( 111.5286774656781290, 70.04192902182712999, 7.123691633944915225 ) ) ;
#2572 = CLOSED_SHELL ( 'NONE', ( #81, #100, #1210, #314, #2873, #2768, #1044, #1542, #993, #1634, #2045, #169, #2855, #2656, #1027, #2280, #2690, #2167, #2472, #1329, #1296, #2783, #1758, #1261, #896 ) ) ;
#2573 = CARTESIAN_POINT ( 'NONE',  ( 95.59463263801470134, 73.71047144274214702, 6.999999999999999112 ) ) ;
#2574 = LINE ( 'NONE', #2556, #1019 ) ;
#2575 = CARTESIAN_POINT ( 'NONE',  ( 85.32808274663834425, 74.68331250734621563, 3.426001641925917607 ) ) ;
#2576 = CARTESIAN_POINT ( 'NONE',  ( 122.1077362963056316, 54.13108547900051803, 5.672313325776102033 ) ) ;
#2577 = CARTESIAN_POINT ( 'NONE',  ( 113.4739367582933482, 34.41227407392817383, 6.169674597194489074 ) ) ;
#2578 = CARTESIAN_POINT ( 'NONE',  ( 81.00611700081074673, 29.94170317817966520, 4.004111582281591808 ) ) ;
#2579 = CARTESIAN_POINT ( 'NONE',  ( 65.95335751474705432, 64.68156956087052833, 0.9999999999999997780 ) ) ;
#2580 = CARTESIAN_POINT ( 'NONE',  ( 119.5283961615153032, 59.64653538372054697, 4.359330465637783369 ) ) ;
#2581 = CARTESIAN_POINT ( 'NONE',  ( 104.0908156971116227, 23.42546017490467491, 0.7846409553102356993 ) ) ;
#2582 = CARTESIAN_POINT ( 'NONE',  ( 112.8991904443457912, 36.14835653806883187, 5.000000000000007994 ) ) ;
#2583 = FACE_BOUND ( 'NONE', #45, .T. ) ;
#2584 = CARTESIAN_POINT ( 'NONE',  ( 97.87966370089461066, 89.61519122434410178, 0.9496348128614282569 ) ) ;
#2585 = CARTESIAN_POINT ( 'NONE',  ( 82.90300921127392542, 66.82363270419513412, 7.000000000000006217 ) ) ;
#2586 = CARTESIAN_POINT ( 'NONE',  ( 95.28857552625103722, 30.38644928636049158, 7.000000000000000000 ) ) ;
#2587 = CARTESIAN_POINT ( 'NONE',  ( 82.39192561815374916, 72.76922322411587629, 3.423151414073541954 ) ) ;
#2588 = EDGE_CURVE ( 'NONE', #2227, #874, #330, .T. ) ;
#2589 = CARTESIAN_POINT ( 'NONE',  ( 123.8226212401431212, 63.85013010284025370, 1.902554751065557603 ) ) ;
#2590 = CARTESIAN_POINT ( 'NONE',  ( 117.2993709808337428, 38.36841373631761343, 6.086554341284021952 ) ) ;
#2591 = CARTESIAN_POINT ( 'NONE',  ( 83.41569114591635525, 31.14369583503100003, 5.029468861912477884 ) ) ;
#2592 = CARTESIAN_POINT ( 'NONE',  ( 64.52330672135907719, 50.42475046503975022, 1.000000000000000000 ) ) ;
#2593 = CARTESIAN_POINT ( 'NONE',  ( 118.0186289696107025, 65.33581756380345951, 3.390520396851744778 ) ) ;
#2594 = CARTESIAN_POINT ( 'NONE',  ( 96.46434844469449388, 24.76589158796128132, 3.115651378542991345 ) ) ;
#2595 = SURFACE_SIDE_STYLE ('',( #2331 ) ) ;
#2596 = CARTESIAN_POINT ( 'NONE',  ( 92.49599137183395214, 55.15951471132751749, 0.000000000000000000 ) ) ;
#2597 = CARTESIAN_POINT ( 'NONE',  ( 90.17145023468148679, 26.71605937773825801, 1.812050548031351127 ) ) ;
#2598 = CARTESIAN_POINT ( 'NONE',  ( 103.5485893169914817, 79.58845031809117643, 4.348768268633188327 ) ) ;
#2599 = CARTESIAN_POINT ( 'NONE',  ( 81.14512193445197852, 64.62264874601440567, 7.000000000000003553 ) ) ;
#2600 = CARTESIAN_POINT ( 'NONE',  ( 121.3803231846582520, 50.09839644951344440, 7.000000000000052403 ) ) ;
#2601 = CARTESIAN_POINT ( 'NONE',  ( 79.14979229196114829, 77.46340900162829257, 1.719567172125570531 ) ) ;
#2602 = VECTOR ( 'NONE', #148, 1000.000000000000000 ) ;
#2603 = CARTESIAN_POINT ( 'NONE',  ( 91.70033952295071344, 90.19822624016099155, 0.9595972085475769076 ) ) ;
#2604 = AXIS2_PLACEMENT_3D ( 'NONE', #1907, #1265, #2332 ) ;
#2605 = CARTESIAN_POINT ( 'NONE',  ( 115.6102239864838737, 39.34567639567565323, 5.517582511922242361 ) ) ;
#2606 = CARTESIAN_POINT ( 'NONE',  ( 116.2698704010762327, 35.27916104769060723, 3.991974990971405290 ) ) ;
#2607 = CARTESIAN_POINT ( 'NONE',  ( 76.69142160644271655, 42.37980488286155634, 6.095935388944821121 ) ) ;
#2608 = CARTESIAN_POINT ( 'NONE',  ( 92.28578470073534845, 33.19492049321165439, 5.820920220584207883 ) ) ;
#2609 = CARTESIAN_POINT ( 'NONE',  ( 119.6881057844952920, 55.64739939708586292, 5.351676802909464570 ) ) ;
#2610 = CARTESIAN_POINT ( 'NONE',  ( 102.0067728591463236, 27.02484573910429688, 4.193338409907328312 ) ) ;
#2611 = DIRECTION ( 'NONE',  ( 1.000000000000000000, 0.000000000000000000, 0.000000000000000000 ) ) ;
#2612 = PLANE ( 'NONE',  #1432 ) ;
#2613 = MECHANICAL_DESIGN_GEOMETRIC_PRESENTATION_REPRESENTATION (  '', ( #2840 ), #975 ) ;
#2614 = CARTESIAN_POINT ( 'NONE',  ( 98.68925920350125125, 86.42357762980932989, 2.087465452505928187 ) ) ;
#2615 = CARTESIAN_POINT ( 'NONE',  ( 60.58893379066667961, 55.15951471132751749, 0.000000000000000000 ) ) ;
#2616 = CARTESIAN_POINT ( 'NONE',  ( 83.79351501475673558, 76.87338590926712811, 2.573495640958214370 ) ) ;
#2617 = CARTESIAN_POINT ( 'NONE',  ( 94.47248061424032528, 86.91997141854504605, 2.095381769695226382 ) ) ;
#2618 = CARTESIAN_POINT ( 'NONE',  ( 119.7622912386445648, 42.31610820687868113, 1.855633878148432281 ) ) ;
#2619 = CARTESIAN_POINT ( 'NONE',  ( 114.1759909434888982, 34.63244074859564137, 5.630007229181981820 ) ) ;
#2620 = CARTESIAN_POINT ( 'NONE',  ( 61.78933435141515673, 37.57753132015574948, 0.9481621654064710247 ) ) ;
#2621 = CARTESIAN_POINT ( 'NONE',  ( 100.1058840432370260, 31.47108023944743849, 5.621597411921412935 ) ) ;
#2622 = CARTESIAN_POINT ( 'NONE',  ( 120.6343933329170568, 58.32569955545277196, 3.503715101190677306 ) ) ;
#2623 = CARTESIAN_POINT ( 'NONE',  ( 92.35463273726303157, 24.78949517923073387, 3.145423560590266732 ) ) ;
#2624 = B_SPLINE_CURVE_WITH_KNOTS ( 'NONE', 3,
 ( #286, #1837, #272, #766, #782, #2338, #752, #1631, #1212, #1411, #2527, #2103, #1675, #99, #552, #1661 ),
 .UNSPECIFIED., .F., .F.,
 ( 4, 2, 2, 2, 2, 2, 2, 4 ),
 ( 0.007598597247084794802, 0.01224680425896154320, 0.01457090776489990830, 0.01689501127083827339, 0.02154321828271503481, 0.02270527003568424337, 0.02386732178865345194, 0.02619142529459187255 ),
 .UNSPECIFIED. ) ;
#2625 = CARTESIAN_POINT ( 'NONE',  ( 79.93497283867334602, 84.70247664713902225, 1.985826280725167425 ) ) ;
#2626 = CARTESIAN_POINT ( 'NONE',  ( 108.5441767967869140, 69.66657669085751081, 5.882093324698249859 ) ) ;
#2627 = CARTESIAN_POINT ( 'NONE',  ( 79.52949390523423290, 30.75611212503971714, 1.759740457388339507 ) ) ;
#2628 = CIRCLE ( 'NONE', #845, 31.90705758116726898 ) ;
#2629 = CARTESIAN_POINT ( 'NONE',  ( 111.3603735413428097, 75.86091427913397922, 4.308694804162153780 ) ) ;
#2630 = CARTESIAN_POINT ( 'NONE',  ( 94.00174297128384637, 74.98068938350169788, 4.289689832236438960 ) ) ;
#2631 = CARTESIAN_POINT ( 'NONE',  ( 84.84420852960519710, 67.74922723480160869, 5.126513010207702337 ) ) ;
#2632 = CARTESIAN_POINT ( 'NONE',  ( 86.17188536973378632, 89.72682278468950301, 0.9999999999999993339 ) ) ;
#2633 = CARTESIAN_POINT ( 'NONE',  ( 116.1251742480112483, 39.71085813576473100, 5.049402339757812719 ) ) ;
#2634 = CARTESIAN_POINT ( 'NONE',  ( 109.1397733190173653, 31.65853709233757485, 6.277780635696164957 ) ) ;
#2635 = CARTESIAN_POINT ( 'NONE',  ( 61.54784275990927966, 46.23643705501610413, 1.986170494566597444 ) ) ;
#2636 = DIRECTION ( 'NONE',  ( 1.000000000000000000, 0.000000000000000000, 0.000000000000000000 ) ) ;
#2637 = CARTESIAN_POINT ( 'NONE',  ( 123.1411873123685581, 57.66668982367362872, 0.8756857565928083398 ) ) ;
#2638 = DIRECTION ( 'NONE',  ( 0.000000000000000000, 0.000000000000000000, -1.000000000000000000 ) ) ;
#2639 = CARTESIAN_POINT ( 'NONE',  ( 92.22983930774078942, 75.54801944440005457, 6.097818137483027812 ) ) ;
#2640 = CARTESIAN_POINT ( 'NONE',  ( 108.4035051109256216, 70.56578586976540635, 5.439531576811177160 ) ) ;
#2641 = CARTESIAN_POINT ( 'NONE',  ( 90.02367032605100405, 34.79866274629954859, 6.056677332778847678 ) ) ;
#2642 = CARTESIAN_POINT ( 'NONE',  ( 112.8425220377660736, 77.39303174145059927, 3.173293940055018858 ) ) ;
#2643 = CARTESIAN_POINT ( 'NONE',  ( 105.4130429693512809, 72.23964184403021704, 5.180344884203416989 ) ) ;
#2644 = CARTESIAN_POINT ( 'NONE',  ( 84.09989478778386740, 75.62609328200991854, 5.076595990360451616 ) ) ;
#2645 = CARTESIAN_POINT ( 'NONE',  ( 110.9508012370207695, 33.84743396483878541, 4.008011328990325417 ) ) ;
#2646 = CARTESIAN_POINT ( 'NONE',  ( 68.99918727994973722, 81.91560451602882154, 0.9999999999999981126 ) ) ;
#2647 = CARTESIAN_POINT ( 'NONE',  ( 119.7587030171932838, 40.88724550391947332, 0.9657608476112529150 ) ) ;
#2648 = CARTESIAN_POINT ( 'NONE',  ( 116.1487435641830075, 33.98232537554005006, 2.905482125501983148 ) ) ;
#2649 = CARTESIAN_POINT ( 'NONE',  ( 74.95277894640508975, 47.44626042923083276, 6.103687005650112241 ) ) ;
#2650 = DIRECTION ( 'NONE',  ( 0.000000000000000000, -1.000000000000000000, 0.000000000000000000 ) ) ;
#2651 = CARTESIAN_POINT ( 'NONE',  ( 121.0109295489671837, 47.61379047815016463, 2.732466645853493414 ) ) ;
#2652 = CARTESIAN_POINT ( 'NONE',  ( 93.67609878953426517, 22.93890552822970008, 1.996812644196234166 ) ) ;
#2653 = CARTESIAN_POINT ( 'NONE',  ( 81.99179938514262744, 88.97411111190449162, 0.9521272502957155437 ) ) ;
#2654 = CARTESIAN_POINT ( 'NONE',  ( 106.7506424103122953, 74.92944879662729818, 3.684954206242330610 ) ) ;
#2655 = CARTESIAN_POINT ( 'NONE',  ( 78.39947117285603895, 29.13481083291459939, 0.9097101789052699505 ) ) ;
#2656 = ADVANCED_FACE ( 'NONE', ( #383 ), #1223, .T. ) ;
#2657 = CARTESIAN_POINT ( 'NONE',  ( 115.3109805628252076, 72.54625523957058419, 4.272875979730399898 ) ) ;
#2658 = CARTESIAN_POINT ( 'NONE',  ( 92.75651277612695367, 79.58225433475705302, 2.585212772497973877 ) ) ;
#2659 = CARTESIAN_POINT ( 'NONE',  ( 106.1386049702146295, 27.87678885821418362, 0.9999999999999986677 ) ) ;
#2660 = CARTESIAN_POINT ( 'NONE',  ( 109.5392199272160241, 33.97949467946660462, 5.353567626699687665 ) ) ;
#2661 = CARTESIAN_POINT ( 'NONE',  ( 103.8307544749101936, 76.88280528859559126, 5.484587649345749938 ) ) ;
#2662 = CARTESIAN_POINT ( 'NONE',  ( 113.6673379592482291, 36.08121996527245301, 4.064267567964266803 ) ) ;
#2663 = CARTESIAN_POINT ( 'NONE',  ( 58.34368627632528614, 45.01153033910055967, 0.9552307704321532089 ) ) ;
#2664 = CARTESIAN_POINT ( 'NONE',  ( 123.2578332052069356, 55.15462479198962598, 0.8978068671590180294 ) ) ;
#2665 = FACE_OUTER_BOUND ( 'NONE', #437, .T. ) ;
#2666 = EDGE_LOOP ( 'NONE', ( #818, #1810, #261, #2251, #2009, #2494 ) ) ;
#2667 = CARTESIAN_POINT ( 'NONE',  ( 103.9988389383943854, 73.28510758910296374, 7.084620021125050293 ) ) ;
#2668 = CARTESIAN_POINT ( 'NONE',  ( 104.6198314425064098, 74.78892712253313846, 4.107196313170895507 ) ) ;
#2669 = CARTESIAN_POINT ( 'NONE',  ( 89.54480309727836129, 33.29238184108960752, 5.201651331543243550 ) ) ;
#2670 = CARTESIAN_POINT ( 'NONE',  ( 117.4146862139974701, 67.76583413195713490, 5.361597936153876809 ) ) ;
#2671 = CARTESIAN_POINT ( 'NONE',  ( 102.3221822943334587, 74.90450212537447783, 4.314025662013357909 ) ) ;
#2672 = DIRECTION ( 'NONE',  ( 0.000000000000000000, 0.000000000000000000, 1.000000000000000000 ) ) ;
#2673 = CARTESIAN_POINT ( 'NONE',  ( 105.5421079984310211, 32.09177067382270110, 5.246284432567859923 ) ) ;
#2674 = CARTESIAN_POINT ( 'NONE',  ( 61.80028093127914701, 38.03300648437934939, 0.9999999999999997780 ) ) ;
#2675 = EDGE_CURVE ( 'NONE', #945, #2227, #1493, .T. ) ;
#2676 = CARTESIAN_POINT ( 'NONE',  ( 99.77033864044393852, 71.54004114465108444, 5.908461028352808064 ) ) ;
#2677 = CARTESIAN_POINT ( 'NONE',  ( 68.18693422031959983, 60.09939644775816703, 4.052685624304177558 ) ) ;
#2678 = CARTESIAN_POINT ( 'NONE',  ( 122.7333820737563599, 60.09102112884097835, 0.8505942345924192294 ) ) ;
#2679 = DIRECTION ( 'NONE',  ( 1.000000000000000000, 0.000000000000000000, -0.000000000000000000 ) ) ;
#2680 = EDGE_LOOP ( 'NONE', ( #704, #2074, #488, #688, #932, #1840 ) ) ;
#2681 = CARTESIAN_POINT ( 'NONE',  ( 89.32516313825499310, 74.56058088241572079, 6.102106322477166778 ) ) ;
#2682 = CARTESIAN_POINT ( 'NONE',  ( 108.6279504720037465, 73.07706020698044824, 4.132048757827180729 ) ) ;
#2683 = CARTESIAN_POINT ( 'NONE',  ( 87.60290370960713346, 36.49763141608596584, 6.034983256283720898 ) ) ;
#2684 = CARTESIAN_POINT ( 'NONE',  ( 96.68887893403677936, 79.72653211630670000, 2.592880460537230203 ) ) ;
#2685 = EDGE_LOOP ( 'NONE', ( #225, #2307, #1800, #1149 ) ) ;
#2686 = ORIENTED_EDGE ( 'NONE', *, *, #679, .T. ) ;
#2687 = CARTESIAN_POINT ( 'NONE',  ( 107.0460203181629453, 29.14109239000733709, 1.714362605031295228 ) ) ;
#2688 = CARTESIAN_POINT ( 'NONE',  ( 109.2867196674939549, 71.56236205793678096, 6.999999999999990230 ) ) ;
#2689 = CARTESIAN_POINT ( 'NONE',  ( 90.47836724402124275, 68.87756213574380126, 5.938464413933092878 ) ) ;
#2690 = ADVANCED_FACE ( 'NONE', ( #1684 ), #2139, .T. ) ;
#2691 = CARTESIAN_POINT ( 'NONE',  ( 71.12674084860324797, 56.25562468502730695, 5.081304089573911220 ) ) ;
#2692 = CARTESIAN_POINT ( 'NONE',  ( 87.72215211185621797, 21.26849309597733750, 0.8696418225230748700 ) ) ;
#2693 = VERTEX_POINT ( 'NONE', #1712 ) ;
#2694 = CARTESIAN_POINT ( 'NONE',  ( 77.19607370519408107, 74.85815229907541379, 4.050537668451998030 ) ) ;
#2695 = CARTESIAN_POINT ( 'NONE',  ( 88.69129049467260018, 90.19138576518172101, 0.9452898377358915916 ) ) ;
#2696 = AXIS2_PLACEMENT_3D ( 'NONE', #151, #1947, #2611 ) ;
#2697 = CARTESIAN_POINT ( 'NONE',  ( 113.3512775765950096, 70.53595716794943371, 3.742569854250819450 ) ) ;
#2698 = CARTESIAN_POINT ( 'NONE',  ( 80.67378379306001079, 48.54336825667076738, 5.986851989000391505 ) ) ;
#2699 = CARTESIAN_POINT ( 'NONE',  ( 110.9047878053189464, 27.38931919189235842, 1.000000000000008216 ) ) ;
#2700 = ORIENTED_EDGE ( 'NONE', *, *, #610, .F. ) ;
#2701 = CARTESIAN_POINT ( 'NONE',  ( 94.99541307508654597, 25.14116956482938292, 1.000000000000000222 ) ) ;
#2702 = CARTESIAN_POINT ( 'NONE',  ( 110.2494710432652880, 31.07949585211375521, 1.756226794154616577 ) ) ;
#2703 = CARTESIAN_POINT ( 'NONE',  ( 79.70037183852269891, 23.29913419960216814, 1.000000000000000888 ) ) ;
#2704 = CARTESIAN_POINT ( 'NONE',  ( 77.46348109224656753, 48.64928041307258866, 6.999999999999999112 ) ) ;
#2705 = CARTESIAN_POINT ( 'NONE',  ( 100.1394491995754237, 79.36322056087254850, 2.599823322528790559 ) ) ;
#2706 = CARTESIAN_POINT ( 'NONE',  ( 119.3200463720130813, 64.72779108078778165, 5.314386947577331100 ) ) ;
#2707 = CARTESIAN_POINT ( 'NONE',  ( 85.99790280052714309, 37.55416909582871909, 5.896807744482402747 ) ) ;
#2708 = AXIS2_PLACEMENT_3D ( 'NONE', #2085, #521, #1616 ) ;
#2709 = ORIENTED_EDGE ( 'NONE', *, *, #1523, .T. ) ;
#2710 = CARTESIAN_POINT ( 'NONE',  ( 67.81285944488419659, 75.76691031481071548, 1.992780891226199946 ) ) ;
#2711 = CARTESIAN_POINT ( 'NONE',  ( 78.76459873084206720, 43.94516173618035282, 6.999999999999999112 ) ) ;
#2712 = CARTESIAN_POINT ( 'NONE',  ( 113.7265368693986289, 74.93002196505975121, 1.559976511758822237 ) ) ;
#2713 = CARTESIAN_POINT ( 'NONE',  ( 83.06283654816601825, 41.89065873743921031, 6.002898739544675344 ) ) ;
#2714 = CARTESIAN_POINT ( 'NONE',  ( 124.4600358085670280, 46.21755327738609509, 0.9999999999999913403 ) ) ;
#2715 = ORIENTED_EDGE ( 'NONE', *, *, #293, .T. ) ;
#2716 = PLANE ( 'NONE',  #44 ) ;
#2717 = CARTESIAN_POINT ( 'NONE',  ( 98.93601180213755697, 27.60564222243046828, 2.492162702470426261 ) ) ;
#2718 = CARTESIAN_POINT ( 'NONE',  ( 67.37262565364957823, 31.02615139807759448, 1.000000000000000666 ) ) ;
#2719 = CARTESIAN_POINT ( 'NONE',  ( 90.91537446167377823, 23.01691119014347109, 2.001564971725639186 ) ) ;
#2720 = CARTESIAN_POINT ( 'NONE',  ( 72.40766761724687228, 54.31401747918967970, 3.421339326284562166 ) ) ;
#2721 = CARTESIAN_POINT ( 'NONE',  ( 121.8776800278210999, 56.07866117315531085, 5.705715007639284408 ) ) ;
#2722 = VECTOR ( 'NONE', #1987, 1000.000000000000000 ) ;
#2723 = CARTESIAN_POINT ( 'NONE',  ( 83.09073090293054520, 41.38601537602534819, 5.920167178079226211 ) ) ;
#2724 = CARTESIAN_POINT ( 'NONE',  ( 69.05551912204036569, 82.24080486882019159, 0.9607044938613459317 ) ) ;
#2725 = CARTESIAN_POINT ( 'NONE',  ( 88.56723255172849463, 83.69712016993798898, 0.9999999999999978906 ) ) ;
#2726 = CARTESIAN_POINT ( 'NONE',  ( 112.9744404779229967, 68.27738718072775725, 5.058732956932797897 ) ) ;
#2727 = PRODUCT_DEFINITION_CONTEXT ( 'detailed design', #1192, 'design' ) ;
#2728 = CARTESIAN_POINT ( 'NONE',  ( 76.90057344484358737, 35.59482635428511088, 2.595734445955842684 ) ) ;
#2729 = CARTESIAN_POINT ( 'NONE',  ( 97.98849798572813086, 21.98106804650407042, 1.000000000000000888 ) ) ;
#2730 = EDGE_LOOP ( 'NONE', ( #2023, #2737, #51, #233, #1620 ) ) ;
#2731 = CARTESIAN_POINT ( 'NONE',  ( 113.6593667984854505, 76.32217437521950387, 0.9999999999999976685 ) ) ;
#2732 = CARTESIAN_POINT ( 'NONE',  ( 98.99317053774647945, 31.37543543308482441, 5.549831418841094433 ) ) ;
#2733 = DIRECTION ( 'NONE',  ( 1.000000000000000000, 0.000000000000000000, 0.000000000000000000 ) ) ;
#2734 = DIRECTION ( 'NONE',  ( -0.000000000000000000, -0.000000000000000000, -1.000000000000000000 ) ) ;
#2735 = CARTESIAN_POINT ( 'NONE',  ( 79.13260930944124993, 59.16114690921574493, 5.124127057706947319 ) ) ;
#2736 = CARTESIAN_POINT ( 'NONE',  ( 120.8028742717160355, 70.88635759080226251, 1.965582523581557384 ) ) ;
#2737 = ORIENTED_EDGE ( 'NONE', *, *, #2588, .T. ) ;
#2738 = CARTESIAN_POINT ( 'NONE',  ( 100.3822933126731130, 51.48280031283039904, 5.000000000000007105 ) ) ;
#2739 = CARTESIAN_POINT ( 'NONE',  ( 91.63744617115705182, 72.34803150743367439, 7.125686406470402190 ) ) ;
#2740 = CARTESIAN_POINT ( 'NONE',  ( 81.68857579658553902, 81.51873502660403403, 1.000000000000000888 ) ) ;
#2741 = CARTESIAN_POINT ( 'NONE',  ( 108.3981119590698512, 80.97881956281612759, 0.6588539592811488710 ) ) ;
#2742 = CARTESIAN_POINT ( 'NONE',  ( 77.46907194264731800, 42.80347613911526850, 4.286985940287252106 ) ) ;
#2743 = VECTOR ( 'NONE', #548, 1000.000000000000000 ) ;
#2744 = CARTESIAN_POINT ( 'NONE',  ( 91.79895493217833291, 90.08160968987611739, 0.9999999999999995559 ) ) ;
#2745 = CARTESIAN_POINT ( 'NONE',  ( 120.5921692889335759, 66.58414786600863522, 1.000000000000005551 ) ) ;
#2746 = CARTESIAN_POINT ( 'NONE',  ( 94.88424069036859976, 29.91263312573287436, 4.184775878269220151 ) ) ;
#2747 = DIRECTION ( 'NONE',  ( -0.000000000000000000, -0.000000000000000000, 1.000000000000000000 ) ) ;
#2748 = CARTESIAN_POINT ( 'NONE',  ( 92.49599137183395214, 55.15951471132751749, 1.000000000000000000 ) ) ;
#2749 = CARTESIAN_POINT ( 'NONE',  ( 64.18652927973954547, 49.74143573969112708, 0.8693106953394583725 ) ) ;
#2750 = CARTESIAN_POINT ( 'NONE',  ( 122.3289885844502862, 60.48795291203814628, 4.119711975883368460 ) ) ;
#2751 = PRESENTATION_LAYER_ASSIGNMENT (  '', '', ( #223 ) ) ;
#2752 = VERTEX_POINT ( 'NONE', #778 ) ;
#2753 = CARTESIAN_POINT ( 'NONE',  ( 103.7737648272070885, 29.29990892860537954, 5.844629684106767975 ) ) ;
#2754 = B_SPLINE_CURVE_WITH_KNOTS ( 'NONE', 3,
 ( #2608, #773, #134, #1916, #2122, #121, #1011, #598, #2816, #2191, #2621, #393, #859, #2844, #1287, #1069, #1301, #407 ),
 .UNSPECIFIED., .F., .F.,
 ( 4, 2, 2, 2, 2, 2, 2, 2, 4 ),
 ( 0.08055573160056403448, 0.08164653897610425759, 0.08273734635164448070, 0.08491896110272494080, 0.08710057585380538703, 0.08928219060488583325, 0.09364542010704669794, 0.09582703485812713029, 0.09800864960920756264 ),
 .UNSPECIFIED. ) ;
#2755 = CARTESIAN_POINT ( 'NONE',  ( 79.63527160698454566, 30.88727281325742524, 4.009410770660960743 ) ) ;
#2756 = CARTESIAN_POINT ( 'NONE',  ( 93.76458480740453183, 43.96559952297486262, 8.000000000000000000 ) ) ;
#2757 = CARTESIAN_POINT ( 'NONE',  ( 109.5108331556691326, 78.25977008682325220, 1.530324643655570194 ) ) ;
#2758 = CARTESIAN_POINT ( 'NONE',  ( 78.10937658378696824, 34.34120649178006346, 2.599943230685481055 ) ) ;
#2759 = CARTESIAN_POINT ( 'NONE',  ( 117.9438508858353174, 33.82234326548341841, 0.9999999999999993339 ) ) ;
#2760 = CARTESIAN_POINT ( 'NONE',  ( 104.5909500123082125, 71.03921309176531906, 5.876098182885767685 ) ) ;
#2761 = CARTESIAN_POINT ( 'NONE',  ( 103.8140611234028370, 82.32404237042992179, 1.000000000000000888 ) ) ;
#2762 = CARTESIAN_POINT ( 'NONE',  ( 95.96209426139721188, 29.79337457689386781, 4.196358156218581215 ) ) ;
#2763 = CARTESIAN_POINT ( 'NONE',  ( 114.9630713495014191, 65.19586439074744533, 5.653151237684532759 ) ) ;
#2764 = CARTESIAN_POINT ( 'NONE',  ( 107.0000018179416799, 74.00000110268592834, 8.000000000000000000 ) ) ;
#2765 = CARTESIAN_POINT ( 'NONE',  ( 66.18536425545161705, 66.68328301735346031, 0.8639366627633756623 ) ) ;
#2766 = CARTESIAN_POINT ( 'NONE',  ( 120.4871652856593727, 59.82859910894332245, 6.335534151828117189 ) ) ;
#2767 = B_SPLINE_CURVE_WITH_KNOTS ( 'NONE', 3,
 ( #1911, #2170, #1923, #795, #2586, #2143, #824, #1729, #2129, #578, #1715, #604, #348, #1242, #591, #361, #1936, #2351, #1471, #2823, #2156, #808, #1496, #1281, #154, #2364, #1046, #167, #1701, #2600, #1063, #1951, #2851, #1554, #270, #2246, #2042, #1776, #1790, #882, #257, #910, #1573, #39, #2450, #1136, #2276, #477, #691, #675, #2688, #2466, #1804, #463 ),
 .UNSPECIFIED., .F., .F.,
 ( 4, 2, 2, 2, 2, 2, 2, 2, 2, 2, 2, 2, 2, 2, 2, 2, 2, 2, 2, 2, 2, 2, 2, 2, 2, 2, 4 ),
 ( 0.02619142529459187255, 0.02835170209993425824, 0.03051197890527664394, 0.03483253251596141187, 0.03699280932130377675, 0.03915308612664614163, 0.04347363973733087139, 0.04563391654267323627, 0.04779419334801560809, 0.05211474695870031704, 0.05643530056938501904, 0.05859557737472737005, 0.06075585418006972105, 0.06507640779075440918, 0.06615654619342559162, 0.06723668459609676018, 0.06939696140143912506, 0.07371751501212389646, 0.07587779181746627521, 0.07803806862280866785, 0.08019834542815104661, 0.08235862223349343925, 0.08667917584417818289, 0.08883945264952054777, 0.09099972945486289877, 0.09316000626020526365, 0.09532028306554762853 ),
 .UNSPECIFIED. ) ;
#2768 = ADVANCED_FACE ( 'NONE', ( #601 ), #2471, .F. ) ;
#2769 = ORIENTED_EDGE ( 'NONE', *, *, #2028, .T. ) ;
#2770 = CARTESIAN_POINT ( 'NONE',  ( 107.3114798433075805, 29.95960156295891608, 5.231018111736413623 ) ) ;
#2771 = CARTESIAN_POINT ( 'NONE',  ( 120.1494948740043753, 43.34586531117136587, 6.063392644933836451 ) ) ;
#2772 = CARTESIAN_POINT ( 'NONE',  ( 71.93004996623001546, 30.39095952399420852, 1.961396605592132580 ) ) ;
#2773 = CARTESIAN_POINT ( 'NONE',  ( 68.46686057980704732, 69.92486010469906432, 1.000000000000000222 ) ) ;
#2774 = CARTESIAN_POINT ( 'NONE',  ( 119.0090925261176551, 58.84037241771160609, 5.272227001469521390 ) ) ;
#2775 = CARTESIAN_POINT ( 'NONE',  ( 64.59451099158073362, 47.33052816909395943, 0.8708490294075805771 ) ) ;
#2776 = CARTESIAN_POINT ( 'NONE',  ( 100.4396336272331212, 22.30089515570941572, 0.8123087176462816528 ) ) ;
#2777 = CARTESIAN_POINT ( 'NONE',  ( 89.78315452193925239, 68.46246901223261716, 5.939790466912414857 ) ) ;
#2778 = CARTESIAN_POINT ( 'NONE',  ( 96.90717934606431072, 30.91344457088510822, 5.078345654601450931 ) ) ;
#2779 = CARTESIAN_POINT ( 'NONE',  ( 88.05597561091461500, 70.99078717385309290, 7.000000000000004441 ) ) ;
#2780 = LINE ( 'NONE', #1227, #1390 ) ;
#2781 = CARTESIAN_POINT ( 'NONE',  ( 81.51732204291239725, 58.04497034839739911, 5.979091067580946550 ) ) ;
#2782 = CARTESIAN_POINT ( 'NONE',  ( 121.2708964980378141, 47.69769288830067211, 6.601627925280244114 ) ) ;
#2783 = ADVANCED_FACE ( 'NONE', ( #2583, #575 ), #2612, .T. ) ;
#2784 = ORIENTED_EDGE ( 'NONE', *, *, #185, .T. ) ;
#2785 = CARTESIAN_POINT ( 'NONE',  ( 107.8648240649092003, 29.66993440695990003, 4.670359592488520839 ) ) ;
#2786 = CARTESIAN_POINT ( 'NONE',  ( 121.6812668959212402, 40.44426237827367032, 1.760514897732913253 ) ) ;
#2787 = CARTESIAN_POINT ( 'NONE',  ( 78.64069129375505440, 25.97056167322852360, 1.941248600497665899 ) ) ;
#2788 = CARTESIAN_POINT ( 'NONE',  ( 66.17444919664137615, 43.87489507179220283, 0.9999999999999995559 ) ) ;
#2789 = CARTESIAN_POINT ( 'NONE',  ( 118.3433226166269634, 61.54156280228032472, 4.767262280186878698 ) ) ;
#2790 = UNCERTAINTY_MEASURE_WITH_UNIT (LENGTH_MEASURE( 1.000000000000000082E-05 ), #989, 'distance_accuracy_value', 'NONE');
#2791 = CARTESIAN_POINT ( 'NONE',  ( 96.65747399488435576, 30.25327183071961201, 7.075794766910784794 ) ) ;
#2792 =( NAMED_UNIT ( * ) PLANE_ANGLE_UNIT ( ) SI_UNIT ( $, .RADIAN. ) );
#2793 = CARTESIAN_POINT ( 'NONE',  ( 122.0000018179416799, 43.96559952297486262, -55.42914871850910430 ) ) ;
#2794 = CARTESIAN_POINT ( 'NONE',  ( 91.60032593138170398, 33.94061097884546996, 6.072945440252891736 ) ) ;
#2795 = CARTESIAN_POINT ( 'NONE',  ( 104.9477555569704776, 84.63882171271534105, 2.071568052789293457 ) ) ;
#2796 = CARTESIAN_POINT ( 'NONE',  ( 97.67825407537949900, 73.96017658385117954, 6.999999999999992895 ) ) ;
#2797 = PLANE ( 'NONE',  #2231 ) ;
#2798 = CARTESIAN_POINT ( 'NONE',  ( 90.63063478253775429, 68.84438714127745129, 5.988037635884892573 ) ) ;
#2799 = CARTESIAN_POINT ( 'NONE',  ( 125.0268730947127693, 63.83427214397151062, 0.7621403228225882565 ) ) ;
#2800 = CARTESIAN_POINT ( 'NONE',  ( 112.0498944887916650, 33.95815040578878552, 7.220677968084693532 ) ) ;
#2801 = CARTESIAN_POINT ( 'NONE',  ( 85.83046678231531246, 29.84301765694755204, 5.016878402073658982 ) ) ;
#2802 = CARTESIAN_POINT ( 'NONE',  ( 74.50437406684238795, 32.19893422116255977, 0.9999999999999995559 ) ) ;
#2803 = CARTESIAN_POINT ( 'NONE',  ( 119.7170712206315955, 66.79216472003237470, 1.641354328884884639 ) ) ;
#2804 = CARTESIAN_POINT ( 'NONE',  ( 97.22377090243614361, 27.95507275607206310, 5.376743977887360693 ) ) ;
#2805 =( NAMED_UNIT ( * ) SI_UNIT ( $, .STERADIAN. ) SOLID_ANGLE_UNIT ( ) );
#2806 = EDGE_CURVE ( 'NONE', #945, #276, #563, .T. ) ;
#2807 = CARTESIAN_POINT ( 'NONE',  ( 107.0000018179416799, 28.96559952297486618, 6.999999999999999112 ) ) ;
#2808 = CARTESIAN_POINT ( 'NONE',  ( 93.68850047672309245, 25.99590738999902584, 1.579866422945197302 ) ) ;
#2809 = CARTESIAN_POINT ( 'NONE',  ( 110.5916779740591664, 70.60466192958095633, 7.134448665679829382 ) ) ;
#2810 = CARTESIAN_POINT ( 'NONE',  ( 91.51442534997254086, 72.67314923874076271, 6.999999999999999112 ) ) ;
#2811 = CARTESIAN_POINT ( 'NONE',  ( 100.3822933126731130, 51.48280031283039904, 5.000000000000007105 ) ) ;
#2812 = CARTESIAN_POINT ( 'NONE',  ( 79.42897931670108846, 80.95386019306518222, 0.8699928993665991817 ) ) ;
#2813 = CARTESIAN_POINT ( 'NONE',  ( 121.7919257073882591, 48.15573456254082885, 5.583318360154787108 ) ) ;
#2814 = CARTESIAN_POINT ( 'NONE',  ( 115.4892705069902661, 36.00040246920463716, 5.605483783440379675 ) ) ;
#2815 = CARTESIAN_POINT ( 'NONE',  ( 81.09020936321435613, 40.11102981602179796, 7.113657245287754449 ) ) ;
#2816 = CARTESIAN_POINT ( 'NONE',  ( 97.91525009223647658, 31.62210171027299310, 5.696274529852122903 ) ) ;
#2817 = CARTESIAN_POINT ( 'NONE',  ( 118.6294235823373810, 57.76869312283197644, 6.219663288133086887 ) ) ;
#2818 = CARTESIAN_POINT ( 'NONE',  ( 99.28362926973619551, 29.37739468015995570, 6.475563711510188725 ) ) ;
#2819 = CARTESIAN_POINT ( 'NONE',  ( 105.7453184986901107, 72.52754165072902026, 4.983195362189334787 ) ) ;
#2820 = CARTESIAN_POINT ( 'NONE',  ( 91.30237340303132498, 32.49998611800531734, 5.217192345819113619 ) ) ;
#2821 = CARTESIAN_POINT ( 'NONE',  ( 109.3908649549434386, 74.62800332919597679, 5.454502128845290621 ) ) ;
#2822 = CARTESIAN_POINT ( 'NONE',  ( 91.13342727605426319, 25.22827816554623581, 0.9999999999999993339 ) ) ;
#2823 = CARTESIAN_POINT ( 'NONE',  ( 116.7084070030794862, 38.15473661359862234, 6.999999999999968026 ) ) ;
#2824 = CARTESIAN_POINT ( 'NONE',  ( 84.01740253720774376, 80.02817190774122480, 1.723782439640684450 ) ) ;
#2825 = CARTESIAN_POINT ( 'NONE',  ( 120.2030539573413961, 44.15408607880439007, 6.572193139821827401 ) ) ;
#2826 = EDGE_CURVE ( 'NONE', #2033, #672, #2222, .T. ) ;
#2827 = CARTESIAN_POINT ( 'NONE',  ( 113.3305121135200721, 36.88938994449891595, 5.459900835016084919 ) ) ;
#2828 = CARTESIAN_POINT ( 'NONE',  ( 111.6752638676060485, 31.24535136225183862, 4.059288903870832854 ) ) ;
#2829 = CARTESIAN_POINT ( 'NONE',  ( 72.29569520393694404, 33.67964277902831327, 2.997128790031850620 ) ) ;
#2830 = CARTESIAN_POINT ( 'NONE',  ( 64.43122479862985585, 58.10616245988012452, 0.9999999999999995559 ) ) ;
#2831 = CARTESIAN_POINT ( 'NONE',  ( 119.7984282885283562, 56.77593598076621362, 4.873535078686758837 ) ) ;
#2832 = CARTESIAN_POINT ( 'NONE',  ( 95.06569128574186323, 24.74060117055148922, 3.126107466180186645 ) ) ;
#2833 = CARTESIAN_POINT ( 'NONE',  ( 117.1042861480233199, 41.25261529128157889, 5.000000000000002665 ) ) ;
#2834 = CARTESIAN_POINT ( 'NONE',  ( 93.85437538811045499, 31.37574132365567792, 5.039750084964768284 ) ) ;
#2835 = CARTESIAN_POINT ( 'NONE',  ( 106.0537382839102918, 78.75794305881649393, 4.339068048484321594 ) ) ;
#2836 = CARTESIAN_POINT ( 'NONE',  ( 107.0000018179416799, 59.00000110268592834, 8.000000000000000000 ) ) ;
#2837 = CARTESIAN_POINT ( 'NONE',  ( 98.39539867954910335, 71.19405383905635176, 6.008891666374987395 ) ) ;
#2838 = AXIS2_PLACEMENT_3D ( 'NONE', #2738, #71, #2679 ) ;
#2839 = CARTESIAN_POINT ( 'NONE',  ( 89.52776027174368778, 90.06116339556125183, 1.000000000000000666 ) ) ;
#2840 = STYLED_ITEM ( 'NONE', ( #2567 ), #297 ) ;
#2841 = CARTESIAN_POINT ( 'NONE',  ( 111.6380390731062988, 35.64076650120032497, 5.890459278569344370 ) ) ;
#2842 = CARTESIAN_POINT ( 'NONE',  ( 109.7769034886091930, 31.55770788027075113, 5.726056677605596335 ) ) ;
#2843 = CARTESIAN_POINT ( 'NONE',  ( 69.92991441596018376, 42.40972612007483633, 4.040866997082426693 ) ) ;
#2844 = CARTESIAN_POINT ( 'NONE',  ( 105.8891600617368027, 32.24206815093315015, 5.303907417978243721 ) ) ;
#2845 = CARTESIAN_POINT ( 'NONE',  ( 121.3029704730638088, 62.67139808391421241, 1.689497838124536244 ) ) ;
#2846 = DIRECTION ( 'NONE',  ( -1.000000000000000000, 0.000000000000000000, 0.000000000000000000 ) ) ;
#2847 = CARTESIAN_POINT ( 'NONE',  ( 115.8646923852428614, 39.42945689647490326, 5.000000000000030198 ) ) ;
#2848 = CARTESIAN_POINT ( 'NONE',  ( 92.43501588675258063, 26.04627475522025648, 1.570963104616014183 ) ) ;
#2849 = CARTESIAN_POINT ( 'NONE',  ( 104.7747448882490602, 79.22731740937729228, 4.344386023166989297 ) ) ;
#2850 = CARTESIAN_POINT ( 'NONE',  ( 101.5161288384136498, 73.10683137127359998, 5.161503790242268686 ) ) ;
#2851 = CARTESIAN_POINT ( 'NONE',  ( 121.4395490144739824, 52.27773491451268484, 7.000000000000002665 ) ) ;
#2852 = CARTESIAN_POINT ( 'NONE',  ( 78.31912965016947226, 68.98633254357359590, 3.420182007635964805 ) ) ;
#2853 = CARTESIAN_POINT ( 'NONE',  ( 83.97028805219534320, 89.32453068779763328, 0.9999999999999993339 ) ) ;
#2854 = CARTESIAN_POINT ( 'NONE',  ( 115.0378860013296674, 38.30866197770614434, 5.026618551360760634 ) ) ;
#2855 = ADVANCED_FACE ( 'NONE', ( #1454, #1059 ), #792, .T. ) ;
#2856 = CARTESIAN_POINT ( 'NONE',  ( 113.5763543659387977, 28.96013855366054202, 0.7020150159982658788 ) ) ;
#2857 = CARTESIAN_POINT ( 'NONE',  ( 73.41721220863331610, 42.22372643822909311, 5.068735358178398265 ) ) ;
#2858 = CARTESIAN_POINT ( 'NONE',  ( 107.0000018179416799, 43.96559952297486262, -55.42914871850910430 ) ) ;
#2859 = CARTESIAN_POINT ( 'NONE',  ( 119.8571218207302707, 50.58574857041887185, 5.464067926604366576 ) ) ;
#2860 = CARTESIAN_POINT ( 'NONE',  ( 91.43492443707893358, 27.77395481612621708, 4.861099930697590388 ) ) ;
#2861 = CARTESIAN_POINT ( 'NONE',  ( 83.57123785575794273, 79.05701304497550552, 4.045468920657789624 ) ) ;
#2862 = CARTESIAN_POINT ( 'NONE',  ( 110.3968236149350162, 71.07729674108117024, 4.586878177296757286 ) ) ;
#2863 = CARTESIAN_POINT ( 'NONE',  ( 83.95672350754554714, 34.71296486488927258, 4.317005343830032871 ) ) ;
#2864 = CIRCLE ( 'NONE', #1880, 31.90705758116726898 ) ;
#2865 = CARTESIAN_POINT ( 'NONE',  ( 104.9241388010002680, 87.49147919370071236, 0.9331987915017962987 ) ) ;
#2866 = CARTESIAN_POINT ( 'NONE',  ( 101.1884145802485762, 77.11195111063196350, 3.458475640711347054 ) ) ;
#2867 = CARTESIAN_POINT ( 'NONE',  ( 65.56579180325520895, 78.75893330547252447, 0.9620481526175450604 ) ) ;
#2868 = CARTESIAN_POINT ( 'NONE',  ( 103.2124798111056805, 30.94241385594809657, 4.745752997445783272 ) ) ;
#2869 = CARTESIAN_POINT ( 'NONE',  ( 57.44311848243071239, 61.85440491677038466, 1.000000000000000000 ) ) ;
#2870 = CARTESIAN_POINT ( 'NONE',  ( 118.5487971657935731, 42.61373313441124822, 3.663878023965722264 ) ) ;
#2871 = CARTESIAN_POINT ( 'NONE',  ( 110.4140336582010207, 31.45687866820392387, 5.174332719515026824 ) ) ;
#2872 = CARTESIAN_POINT ( 'NONE',  ( 77.43148436830233550, 40.82232292781092298, 6.092882150960330812 ) ) ;
#2873 = ADVANCED_FACE ( 'NONE', ( #549 ), #1817, .F. ) ;
#2874 = FACE_OUTER_BOUND ( 'NONE', #2106, .T. ) ;
#2875 = CARTESIAN_POINT ( 'NONE',  ( 120.9213873657610776, 50.31738483574383736, 3.618931502614814999 ) ) ;
#2876 = CARTESIAN_POINT ( 'NONE',  ( 80.38229331267255873, 50.52286349955957689, 5.942588834496175032 ) ) ;
#2877 = CARTESIAN_POINT ( 'NONE',  ( 87.17721705963930390, 77.09716748694280852, 5.073205420664872456 ) ) ;
#2878 = CARTESIAN_POINT ( 'NONE',  ( 109.2546174445726592, 70.09041527919487180, 5.448614344524099096 ) ) ;
#2879 = CARTESIAN_POINT ( 'NONE',  ( 89.69164604918739769, 29.88887181662211034, 3.505924481147750793 ) ) ;
#2880 = CARTESIAN_POINT ( 'NONE',  ( 117.7359878264123694, 63.17668655008399980, 7.515800387949107098 ) ) ;
#2881 = CARTESIAN_POINT ( 'NONE',  ( 99.26210591223639312, 73.25632908658471365, 5.153565189861776474 ) ) ;
#2882 = ORIENTED_EDGE ( 'NONE', *, *, #1938, .F. ) ;
#2883 = CARTESIAN_POINT ( 'NONE',  ( 101.9140313501943353, 30.70350013965500935, 4.721923074324887004 ) ) ;
#2884 = CARTESIAN_POINT ( 'NONE',  ( 58.14227853946331948, 65.17921508247744100, 0.9999999999999993339 ) ) ;
#2885 = CARTESIAN_POINT ( 'NONE',  ( 116.4276838316755658, 38.07384925094557104, 2.730832034838190481 ) ) ;
#2886 = CARTESIAN_POINT ( 'NONE',  ( 77.55530295502181559, 52.40091345816797741, 7.135412490511765959 ) ) ;
#2887 = CARTESIAN_POINT ( 'NONE',  ( 120.7171058218702200, 55.34059527358804331, 3.995303934252254052 ) ) ;
#2888 = CARTESIAN_POINT ( 'NONE',  ( 92.58376960009547929, 29.39558993238454221, 5.990084092081671585 ) ) ;
#2889 = ORIENTED_EDGE ( 'NONE', *, *, #6, .T. ) ;
#2890 = CARTESIAN_POINT ( 'NONE',  ( 91.28540329069394943, 84.34313054150099731, 3.005568976556137084 ) ) ;
#2891 = CARTESIAN_POINT ( 'NONE',  ( 108.9409647966656962, 73.77755282637369305, 3.699849887237155688 ) ) ;
#2892 = CARTESIAN_POINT ( 'NONE',  ( 90.06145126804207734, 31.37042025989403982, 4.357118677713810229 ) ) ;
#2893 = CARTESIAN_POINT ( 'NONE',  ( 116.0982738012756528, 65.17861580897275076, 7.572882373850300830 ) ) ;
#2894 = AXIS2_PLACEMENT_3D ( 'NONE', #1883, #577, #1226 ) ;
#2895 = CARTESIAN_POINT ( 'NONE',  ( 90.20488348748972385, 81.70821858945866722, 1.731292729997007784 ) ) ;
#2896 = EDGE_CURVE ( 'NONE', #1183, #2294, #2005, .T. ) ;
#2897 = ORIENTED_EDGE ( 'NONE', *, *, #1849, .F. ) ;
#2898 = CARTESIAN_POINT ( 'NONE',  ( 106.3090547504785377, 31.59130854638531716, 4.362437073112510610 ) ) ;
#2899 = CARTESIAN_POINT ( 'NONE',  ( 97.24784984639177310, 83.64410109157635986, 3.230228799729228939 ) ) ;
#2900 = DIRECTION ( 'NONE',  ( 1.000000000000000000, 0.000000000000000000, 0.000000000000000000 ) ) ;
#2901 = CARTESIAN_POINT ( 'NONE',  ( 79.56649631675375645, 61.10835816670233811, 7.138754716229354536 ) ) ;
#2902 = CARTESIAN_POINT ( 'NONE',  ( 119.7475027619390033, 47.93133728613342015, 5.036213784624692380 ) ) ;
#2903 = LINE ( 'NONE', #833, #2722 ) ;
#2904 = ORIENTED_EDGE ( 'NONE', *, *, #956, .F. ) ;
ENDSEC;
END-ISO-10303-21;
