ISO-10303-21;
HEADER;
FILE_DESCRIPTION (( 'STEP AP214' ),
    '1' );
FILE_NAME ('vacum and dustbin clip.STEP',
    '2026-07-14T11:21:02',
    ( '' ),
    ( '' ),
    'SwSTEP 2.0',
    'SolidWorks 2020',
    '' );
FILE_SCHEMA (( 'AUTOMOTIVE_DESIGN' ));
ENDSEC;

DATA;
#1 = CARTESIAN_POINT ( 'NONE',  ( 79.12240100151586830, 87.87993463853071319, 0.9999999999999991118 ) ) ;
#2 = EDGE_CURVE ( 'NONE', #1227, #2753, #2122, .T. ) ;
#3 = CARTESIAN_POINT ( 'NONE',  ( 102.8363270036265362, 88.09928386626839369, 0.9999999999999986677 ) ) ;
#4 = CARTESIAN_POINT ( 'NONE',  ( 98.55611596149107356, 28.00744384744102788, 5.360823036859728496 ) ) ;
#5 = CARTESIAN_POINT ( 'NONE',  ( 72.82633131785438252, 76.05679006765124939, 0.8658623843411761278 ) ) ;
#6 = CARTESIAN_POINT ( 'NONE',  ( 81.40081782910596075, 64.19587380652308184, 7.138170204411856901 ) ) ;
#7 = CARTESIAN_POINT ( 'NONE',  ( 111.8833482263915187, 33.79910996293335046, 6.999999999999991118 ) ) ;
#8 = CARTESIAN_POINT ( 'NONE',  ( 95.72735830751220476, 32.26058980033336354, 5.934389408265458243 ) ) ;
#9 = CARTESIAN_POINT ( 'NONE',  ( 119.4831874991205467, 72.96253874914131643, 1.982287524484225294 ) ) ;
#10 = CARTESIAN_POINT ( 'NONE',  ( 81.46276080476256709, 27.52694823207301056, 0.9209603772217586082 ) ) ;
#11 = CARTESIAN_POINT ( 'NONE',  ( 118.2346475964343711, 43.83080191418825677, 5.545749754308064716 ) ) ;
#12 = DIRECTION ( 'NONE',  ( 0.000000000000000000, 0.000000000000000000, 1.000000000000000000 ) ) ;
#13 = CARTESIAN_POINT ( 'NONE',  ( 111.3816323566830988, 70.41947570665118405, 4.597324922345155329 ) ) ;
#14 = CARTESIAN_POINT ( 'NONE',  ( 107.2168203609790282, 74.47450688663344920, 6.032019247190540057 ) ) ;
#15 = CARTESIAN_POINT ( 'NONE',  ( 88.94445036643723768, 35.06909290050270300, 5.866843202737806351 ) ) ;
#16 = ORIENTED_EDGE ( 'NONE', *, *, #2727, .T. ) ;
#17 = CARTESIAN_POINT ( 'NONE',  ( 106.0739147851445807, 27.01148821622321705, 3.023580633097165293 ) ) ;
#18 = CARTESIAN_POINT ( 'NONE',  ( 80.34066915645841789, 67.08006295275554010, 4.272043216696516765 ) ) ;
#19 = CARTESIAN_POINT ( 'NONE',  ( 64.15888850174202673, 57.29145817541551367, 3.022042736066215873 ) ) ;
#20 = CARTESIAN_POINT ( 'NONE',  ( 101.7649029016932047, 30.13212221794829659, 6.999999999999997335 ) ) ;
#21 = CARTESIAN_POINT ( 'NONE',  ( 121.2708964980378425, 47.69769288830068632, 6.601627925280245890 ) ) ;
#22 = CARTESIAN_POINT ( 'NONE',  ( 83.06283654816601825, 41.89065873743921031, 6.002898739544675344 ) ) ;
#23 = CARTESIAN_POINT ( 'NONE',  ( 122.3623600167334615, 47.72780809649743361, 0.9518984182413766648 ) ) ;
#24 = AXIS2_PLACEMENT_3D ( 'NONE', #2688, #1618, #1162 ) ;
#25 = CARTESIAN_POINT ( 'NONE',  ( 79.04382885968263395, 44.17500298253287383, 7.124309674571532192 ) ) ;
#26 = CARTESIAN_POINT ( 'NONE',  ( 104.6198314425064098, 74.78892712253313846, 4.107196313170895507 ) ) ;
#27 = CARTESIAN_POINT ( 'NONE',  ( 98.68925920350129388, 86.42357762980934410, 2.087465452505925079 ) ) ;
#28 = CARTESIAN_POINT ( 'NONE',  ( 92.28578470073534845, 33.19492049321165439, 5.820920220584207883 ) ) ;
#29 = CARTESIAN_POINT ( 'NONE',  ( 120.1639592948351662, 52.31183283402359763, 5.000000000000012434 ) ) ;
#30 = CARTESIAN_POINT ( 'NONE',  ( 107.8008989818875847, 27.79025257026687257, 3.003719163059688668 ) ) ;
#31 = CARTESIAN_POINT ( 'NONE',  ( 85.34671998310565755, 77.67079745033136362, 2.575003764222137725 ) ) ;
#32 = CARTESIAN_POINT ( 'NONE',  ( 78.17361232242816982, 71.07612037910061531, 5.081240668181997044 ) ) ;
#33 = CARTESIAN_POINT ( 'NONE',  ( 100.3822933126731130, 51.48280031283039904, 5.000000000000007105 ) ) ;
#34 = CARTESIAN_POINT ( 'NONE',  ( 121.6423106602463520, 51.31665590435314783, 6.671808370842921221 ) ) ;
#35 = CARTESIAN_POINT ( 'NONE',  ( 108.6687709326384521, 33.06360548239872799, 4.869811172221588436 ) ) ;
#36 = CARTESIAN_POINT ( 'NONE',  ( 71.97446122267554358, 38.80816432690190254, 4.034909090148019573 ) ) ;
#37 = CARTESIAN_POINT ( 'NONE',  ( 104.6463637777750648, 75.75304207006378476, 3.673918060886920856 ) ) ;
#38 = CARTESIAN_POINT ( 'NONE',  ( 107.0873147048836245, 75.77178547304635003, 5.469136520187369399 ) ) ;
#39 = CARTESIAN_POINT ( 'NONE',  ( 100.1058840432370260, 31.47108023944743849, 5.621597411921412935 ) ) ;
#40 = CARTESIAN_POINT ( 'NONE',  ( 93.61847691133074534, 75.81507378165774469, 6.095286296195880027 ) ) ;
#41 = CARTESIAN_POINT ( 'NONE',  ( 111.6149953839930618, 35.11420816729867056, 5.000000000000008882 ) ) ;
#42 = CARTESIAN_POINT ( 'NONE',  ( 101.0730701322393941, 25.42136688924657051, 3.075507459699850177 ) ) ;
#43 = CARTESIAN_POINT ( 'NONE',  ( 82.24031004640781362, 76.07597436820287840, 2.571987517694291014 ) ) ;
#44 = CARTESIAN_POINT ( 'NONE',  ( 75.66542177660713264, 73.53698101264915010, 4.051518288461204875 ) ) ;
#45 = CARTESIAN_POINT ( 'NONE',  ( 60.58893379066667961, 55.15951471132751749, 1.000000000000000000 ) ) ;
#46 = CARTESIAN_POINT ( 'NONE',  ( 122.0514124331985784, 71.64686857407268405, 0.8234775737366820669 ) ) ;
#47 = CARTESIAN_POINT ( 'NONE',  ( 114.3567776098573461, 37.27740485961332695, 4.539240616858826627 ) ) ;
#48 = EDGE_CURVE ( 'NONE', #2024, #2151, #186, .T. ) ;
#49 = CARTESIAN_POINT ( 'NONE',  ( 81.93665683034717517, 24.65191241242694886, 1.928975632984142541 ) ) ;
#50 = CARTESIAN_POINT ( 'NONE',  ( 81.70450958334014047, 85.46167860656989035, 1.984430244044085523 ) ) ;
#51 = CARTESIAN_POINT ( 'NONE',  ( 109.2720117036751191, 70.94585677340758423, 5.011129010395002581 ) ) ;
#52 = CARTESIAN_POINT ( 'NONE',  ( 113.3869292617145419, 73.15251617052427946, 4.857351043394765533 ) ) ;
#53 = CARTESIAN_POINT ( 'NONE',  ( 98.22916164615024570, 81.67031221880088765, 1.799336471095863255 ) ) ;
#54 = CARTESIAN_POINT ( 'NONE',  ( 119.3430361034381946, 54.93402614234280179, 6.311480113816472226 ) ) ;
#55 = CARTESIAN_POINT ( 'NONE',  ( 119.8192303754379395, 48.45728627922316889, 5.000000000000005329 ) ) ;
#56 = CARTESIAN_POINT ( 'NONE',  ( 94.84762911391911189, 31.20158465853097240, 5.051902526206632160 ) ) ;
#57 = CARTESIAN_POINT ( 'NONE',  ( 106.7858437928802289, 28.54930932966929547, 4.131620486409794957 ) ) ;
#58 = CARTESIAN_POINT ( 'NONE',  ( 94.57855645314718629, 70.48167252646597092, 5.996830329611167798 ) ) ;
#59 = CARTESIAN_POINT ( 'NONE',  ( 55.70129454199134500, 55.00000000000541434, 1.000000000000000888 ) ) ;
#60 = CARTESIAN_POINT ( 'NONE',  ( 124.8888979354464794, 58.66347521981755619, 1.854199650197804861 ) ) ;
#61 = CARTESIAN_POINT ( 'NONE',  ( 112.3168526378922252, 36.50955123576349592, 6.400105587462911139 ) ) ;
#62 = CARTESIAN_POINT ( 'NONE',  ( 121.7814322978124295, 54.11547256234706538, 2.667392859657125914 ) ) ;
#63 = CARTESIAN_POINT ( 'NONE',  ( 81.03559948053019468, 22.70767325262378478, 0.8970625358940942373 ) ) ;
#64 = CARTESIAN_POINT ( 'NONE',  ( 94.20401745162909890, 81.62447504524666897, 4.030879471000814895 ) ) ;
#65 = CARTESIAN_POINT ( 'NONE',  ( 104.9477555569704350, 84.63882171271534105, 2.071568052789292569 ) ) ;
#66 = CARTESIAN_POINT ( 'NONE',  ( 77.37180189792519514, 54.83653389068750528, 7.000000000000000888 ) ) ;
#67 = CARTESIAN_POINT ( 'NONE',  ( 76.36253330553719820, 82.98185223523290688, 1.988474910219822700 ) ) ;
#68 = CARTESIAN_POINT ( 'NONE',  ( 120.9514372016209904, 56.36086424790484273, 3.533442927496027064 ) ) ;
#69 = CARTESIAN_POINT ( 'NONE',  ( 121.4398162808403470, 72.42266818705368792, 0.9999999999999913403 ) ) ;
#70 = CARTESIAN_POINT ( 'NONE',  ( 95.34539795222386260, 84.06073861600744124, 0.9999999999999997780 ) ) ;
#71 = CARTESIAN_POINT ( 'NONE',  ( 96.70107932913064985, 23.14330960064944875, 1.976386586865331640 ) ) ;
#72 = CARTESIAN_POINT ( 'NONE',  ( 94.20766889150937118, 72.72163139614204397, 5.140250696965649624 ) ) ;
#73 = ORIENTED_EDGE ( 'NONE', *, *, #2448, .F. ) ;
#74 = CARTESIAN_POINT ( 'NONE',  ( 122.8500530468417935, 49.25592900143660557, 3.990452462812079659 ) ) ;
#75 = CARTESIAN_POINT ( 'NONE',  ( 110.9226670049693553, 32.48058779118866823, 2.654357561496058615 ) ) ;
#76 = CARTESIAN_POINT ( 'NONE',  ( 81.87308362723075561, 38.89063045304193622, 7.109561795878521551 ) ) ;
#77 = CARTESIAN_POINT ( 'NONE',  ( 92.69598220530416199, 84.40562767469518235, 3.003410066739573558 ) ) ;
#78 = CARTESIAN_POINT ( 'NONE',  ( 122.3255768351441617, 62.51535243400834219, 0.8255027125920302300 ) ) ;
#79 = CARTESIAN_POINT ( 'NONE',  ( 99.57503267874817254, 89.25625750947101267, 0.9462556206093583056 ) ) ;
#80 = CARTESIAN_POINT ( 'NONE',  ( 78.76458480740453183, 28.96559952297486618, 6.999999999999999112 ) ) ;
#81 = CARTESIAN_POINT ( 'NONE',  ( 95.76114985663976142, 73.47008819094897092, 7.116375397271241354 ) ) ;
#82 = CARTESIAN_POINT ( 'NONE',  ( 113.0302361477021691, 77.60669265503229042, 0.6855354546232705903 ) ) ;
#83 = CARTESIAN_POINT ( 'NONE',  ( 120.1120593407466544, 55.08817454913324951, 4.912551663203718277 ) ) ;
#84 = CARTESIAN_POINT ( 'NONE',  ( 100.1954967357261950, 22.48666043969952710, 0.9999999999999981126 ) ) ;
#85 = CARTESIAN_POINT ( 'NONE',  ( 85.00469106891485183, 26.41105170223500309, 0.9999999999999995559 ) ) ;
#86 = EDGE_CURVE ( 'NONE', #2106, #2076, #2404, .T. ) ;
#87 = ORIENTED_EDGE ( 'NONE', *, *, #2570, .F. ) ;
#88 = CARTESIAN_POINT ( 'NONE',  ( 118.9768280524044854, 37.64217177126989355, 2.881117761287623757 ) ) ;
#89 = CARTESIAN_POINT ( 'NONE',  ( 109.3957139504711051, 31.44293898651982033, 2.630146867749745265 ) ) ;
#90 = CARTESIAN_POINT ( 'NONE',  ( 99.53843771232746462, 78.75795156649735418, 5.050136875863866948 ) ) ;
#91 = CARTESIAN_POINT ( 'NONE',  ( 113.4793891003908612, 69.66482687955449649, 6.537333758148542451 ) ) ;
#92 = CARTESIAN_POINT ( 'NONE',  ( 107.9734378496766851, 32.96474771975315576, 5.131113063110227301 ) ) ;
#93 = CARTESIAN_POINT ( 'NONE',  ( 86.77315718291120561, 80.25396713247830860, 4.041915407465378252 ) ) ;
#94 = CARTESIAN_POINT ( 'NONE',  ( 115.6331590469869610, 70.97596947599046757, 2.451355577371964412 ) ) ;
#95 = EDGE_LOOP ( 'NONE', ( #726, #2736, #146, #2635, #1648, #73 ) ) ;
#96 = CARTESIAN_POINT ( 'NONE',  ( 109.9432210538503227, 84.58102129245985168, 0.9999999999999961142 ) ) ;
#97 = CARTESIAN_POINT ( 'NONE',  ( 81.68857579658553902, 81.51873502660403403, 1.000000000000000888 ) ) ;
#98 = CARTESIAN_POINT ( 'NONE',  ( 91.67677923561731745, 81.94200295132613121, 1.733376724359954046 ) ) ;
#99 = ORIENTED_EDGE ( 'NONE', *, *, #326, .F. ) ;
#100 = CARTESIAN_POINT ( 'NONE',  ( 118.9493149470795430, 41.49379428339497622, 7.036164580723944795 ) ) ;
#101 = EDGE_CURVE ( 'NONE', #2006, #2341, #1249, .T. ) ;
#102 = CARTESIAN_POINT ( 'NONE',  ( 100.3284292660090813, 27.80799627289604103, 2.506908007623569024 ) ) ;
#103 = B_SPLINE_SURFACE_WITH_KNOTS ( 'NONE', 3, 3, ( 
 ( #858, #2578, #1496, #1291, #2560, #2352, #1060, #829, #1031, #1723 ),
 ( #1257, #884, #630, #2160, #2148, #1922, #1510, #1075, #420, #1274 ),
 ( #1735, #614, #2602, #2118, #2749, #1678, #1709, #2591, #647, #206 ),
 ( #2545, #235, #405, #14, #1464, #1934, #460, #1045, #27, #447 ),
 ( #2369, #1316, #2765, #662, #38, #435, #1523, #2381, #2133, #2337 ),
 ( #1304, #843, #246, #2394, #1086, #1115, #700, #1578, #1976, #79 ),
 ( #946, #2016, #1153, #2421, #500, #1988, #1128, #105, #924, #1801 ),
 ( #1763, #686, #2665, #1565, #1748, #2434, #744, #2630, #65, #1552 ),
 ( #910, #1776, #91, #1593, #2459, #526, #487, #1358, #2640, #716 ),
 ( #2653, #935, #2215, #295, #2409, #2229, #1787, #2446, #475, #259 ),
 ( #1099, #309, #269, #1344, #1332, #52, #2172, #1140, #2002, #1537 ),
 ( #1961, #730, #2202, #897, #513, #2615, #283, #2186, #1371, #2539 ),
 ( #608, #1886, #852, #1671, #2472, #414, #956, #541, #1009, #2742 ),
 ( #624, #1458, #821, #1164, #2096, #1688, #805, #199, #1040, #1870 ),
 ( #2330, #398, #166, #1654, #1444, #2029, #2243, #1902, #1251, #1394 ),
 ( #2726, #1474, #2112, #2313, #2759, #837, #2522, #591, #2554, #2128 ),
 ( #216, #2255, #318, #116, #182, #2347, #1023, #365, #9, #1814 ),
 ( #1602, #382, #2677, #1266, #1703, #1218, #1054, #1917, #756, #1234 ),
 ( #2082, #2569, #1382, #1094, #1490, #2598, #2141, #1929, #2417, #46 ),
 ( #669, #1108, #1518, #682, #2362, #891, #1730, #1311, #253, #1957 ),
 ( #2156, #34, #2389, #1284, #429, #2179, #1533, #1717, #1340, #241 ),
 ( #2610, #455, #1772, #1969, #470, #482, #1082, #641, #229, #2403 ),
 ( #2167, #21, #265, #654, #1742, #1326, #2195, #1942, #60, #1068 ),
 ( #866, #2586, #1984, #1298, #918, #905, #1757, #2624, #695, #1547 ),
 ( #279, #1124, #1503, #2376, #442, #880, #74, #711, #753, #727 ),
 ( #100, #2237, #2648, #943, #2636, #1573, #1150, #1614, #2660, #1368 ),
 ( #536, #2264, #508, #335, #2468, #2482, #1823, #315, #2225, #977 ),
 ( #1187, #1378, #1599, #739, #2455, #2012, #1389, #135, #1401, #1173 ),
 ( #1160, #1998, #1783, #522, #952, #2250, #2685, #2025, #325, #113 ),
 ( #2038, #124, #1795, #2049, #1810, #1587, #964, #766, #1560, #547 ),
 ( #2428, #1136, #496, #1354, #2211, #2673, #291, #88, #932, #2442 ),
 ( #305, #816, #161, #1261, #2091, #1004, #194, #1453, #2277, #2308 ),
 ( #1865, #559, #345, #832, #1228, #2324, #2722, #393, #800, #1881 ),
 ( #177, #1649, #2517, #1439, #377, #1019, #573, #1213, #586, #2492 ),
 ( #603, #2737, #147, #2549, #1424, #1035, #1666, #2534, #1244, #2107 ),
 ( #1897, #2754, #618, #1199, #1468, #990, #2696, #1623, #1683, #2342 ),
 ( #1850, #409, #1413, #2123, #2065, #211, #2708, #1834, #775, #787 ),
 ( #1635, #2503, #2292, #359, #2077, #1091, #57, #30, #692, #2594 ),
 ( #2356, #2621, #451, #634, #1307, #2415, #1499, #17, #2372, #465 ),
 ( #1726, #1739, #1543, #902, #1754, #1294, #2163, #876, #666, #1322 ),
 ( #2606, #2385, #250, #1278, #1105, #678, #2177, #2137, #1912, #480 ),
 ( #1925, #438, #224, #888, #1529, #1514, #1953, #42, #2152, #2398 ),
 ( #1064, #847, #2192, #1484, #4, #263, #861, #238, #1078, #1966 ),
 ( #1938, #1049, #1713, #1338, #1698, #2564, #2581, #424, #650, #493 ),
 ( #1351, #1557, #276, #1121, #2425, #1769, #1981, #2634, #71, #916 ),
 ( #708, #2724, #1426, #819, #412, #1686, #1456, #1415, #2110, #2280 ),
 ( #1669, #622, #380, #363, #2757, #2094, #1625, #1216, #348, #575 ),
 ( #790, #180, #589, #2345, #1232, #1201, #1900, #2494, #2067, #2506 ),
 ( #2537, #197, #1021, #2311, #2698, #803, #396, #2295, #606, #2328 ) ),
 .UNSPECIFIED., .F., .F., .F.,
 ( 4, 3, 3, 3, 3, 3, 3, 3, 3, 3, 3, 3, 3, 3, 3, 3, 4 ),
 ( 4, 3, 3, 4 ),
 ( 0.000000000000000000, 0.03125000000000002082, 0.06250000000000004163, 0.09375000000000005551, 0.1250000000000000833, 0.1562500000000001110, 0.1875000000000001110, 0.2187500000000001388, 0.2500000000000001665, 0.2812500000000002220, 0.3125000000000002220, 0.3437500000000002220, 0.3750000000000002220, 0.4062500000000002220, 0.4375000000000002776, 0.4687500000000003331, 0.5000000000000003331 ),
 ( 0.02481658189599741937, 0.3096136985630328908, 0.5944108152300683345, 1.164005048564139333 ),
 .UNSPECIFIED. ) ;
#104 = CARTESIAN_POINT ( 'NONE',  ( 88.22616119342565355, 83.87008297804437973, 3.009558169633273383 ) ) ;
#105 = CARTESIAN_POINT ( 'NONE',  ( 105.3431231463684696, 81.66864792715367116, 3.208616519217364349 ) ) ;
#106 = CARTESIAN_POINT ( 'NONE',  ( 122.0000018179416799, 74.00000110268592834, 8.000000000000000000 ) ) ;
#107 = CARTESIAN_POINT ( 'NONE',  ( 117.4013175313202453, 64.47537418430657397, 7.000000000000012434 ) ) ;
#108 = CARTESIAN_POINT ( 'NONE',  ( 119.6881057844952920, 55.64739939708586292, 5.351676802909464570 ) ) ;
#109 = CARTESIAN_POINT ( 'NONE',  ( 96.93741873230928263, 73.89755506878752556, 7.000000000000000000 ) ) ;
#110 = CARTESIAN_POINT ( 'NONE',  ( 83.02940351520045681, 82.09274550681334404, 1.000000000000000444 ) ) ;
#111 = CARTESIAN_POINT ( 'NONE',  ( 87.18961034044552605, 81.10840543292371763, 1.727236245176465346 ) ) ;
#112 = EDGE_LOOP ( 'NONE', ( #2647, #2249 ) ) ;
#113 = CARTESIAN_POINT ( 'NONE',  ( 124.1434855775431032, 43.92321613250442169, 0.6439630637348586761 ) ) ;
#114 = CARTESIAN_POINT ( 'NONE',  ( 103.5232843595158556, 32.25205099902421324, 6.099617339762121837 ) ) ;
#115 = CARTESIAN_POINT ( 'NONE',  ( 87.22737497557922381, 25.72694179886250154, 0.9475124463240623962 ) ) ;
#116 = CARTESIAN_POINT ( 'NONE',  ( 120.3461844206549358, 61.47656490637196924, 5.811771841129816707 ) ) ;
#117 =( LENGTH_UNIT ( ) NAMED_UNIT ( * ) SI_UNIT ( .MILLI., .METRE. ) );
#118 = CARTESIAN_POINT ( 'NONE',  ( 106.6260919603301289, 72.70328707341545282, 6.999999999999984013 ) ) ;
#119 = CARTESIAN_POINT ( 'NONE',  ( 75.28469244840137264, 55.03142117216509632, 4.273034004606873992 ) ) ;
#120 = CARTESIAN_POINT ( 'NONE',  ( 125.7305957846745770, 57.36292528024998205, 0.9999999999999713562 ) ) ;
#121 = CARTESIAN_POINT ( 'NONE',  ( 64.45962664253886487, 50.90338180501759524, 1.000000000000000000 ) ) ;
#122 = CARTESIAN_POINT ( 'NONE',  ( 94.39515094715409305, 82.05130352886148160, 1.738112856372145520 ) ) ;
#123 = ORIENTED_EDGE ( 'NONE', *, *, #2234, .T. ) ;
#124 = CARTESIAN_POINT ( 'NONE',  ( 115.3914729769041116, 36.46185108283738430, 6.632071222242776898 ) ) ;
#125 = CARTESIAN_POINT ( 'NONE',  ( 77.59408688160300471, 50.63800057009285638, 7.133789717963800570 ) ) ;
#126 = CARTESIAN_POINT ( 'NONE',  ( 106.3281227001303790, 29.75729398791787972, 2.584312381037228601 ) ) ;
#127 = CARTESIAN_POINT ( 'NONE',  ( 90.43632033718506591, 32.85028505840744373, 5.209175440281115677 ) ) ;
#128 = FACE_OUTER_BOUND ( 'NONE', #1135, .T. ) ;
#129 = CARTESIAN_POINT ( 'NONE',  ( 75.38639056514070091, 49.44086383295899623, 4.277174808639853332 ) ) ;
#130 = UNCERTAINTY_MEASURE_WITH_UNIT (LENGTH_MEASURE( 1.000000000000000082E-05 ), #117, 'distance_accuracy_value', 'NONE');
#131 = CARTESIAN_POINT ( 'NONE',  ( 107.7118756773121078, 70.09132584173715941, 5.842611364000162233 ) ) ;
#132 = PLANE ( 'NONE',  #740 ) ;
#133 = CARTESIAN_POINT ( 'NONE',  ( 95.45628608611315258, 79.77478108495888875, 2.590186463389431371 ) ) ;
#134 = ORIENTED_EDGE ( 'NONE', *, *, #2026, .F. ) ;
#135 = CARTESIAN_POINT ( 'NONE',  ( 122.2593131307773575, 44.04559988858864727, 2.876582715045701288 ) ) ;
#136 = CARTESIAN_POINT ( 'NONE',  ( 72.64183948659304235, 44.02342952147797206, 5.071409001205873679 ) ) ;
#137 = CARTESIAN_POINT ( 'NONE',  ( 89.30517681112351625, 32.42069863160061516, 7.000000000000000000 ) ) ;
#138 = CARTESIAN_POINT ( 'NONE',  ( 100.8466261175125851, 29.99782980845064273, 4.261966022362543072 ) ) ;
#139 =( NAMED_UNIT ( * ) PLANE_ANGLE_UNIT ( ) SI_UNIT ( $, .RADIAN. ) );
#140 = CARTESIAN_POINT ( 'NONE',  ( 80.97353139747731632, 47.05780366177490492, 5.989354205641674866 ) ) ;
#141 = CARTESIAN_POINT ( 'NONE',  ( 123.0717371020657822, 53.94702286086133824, 0.9999999999999811262 ) ) ;
#142 = CARTESIAN_POINT ( 'NONE',  ( 118.2413422684421249, 62.80382592393757335, 4.298963299750371725 ) ) ;
#143 = CARTESIAN_POINT ( 'NONE',  ( 87.07547832344756955, 70.38135309594751732, 7.000000000000000888 ) ) ;
#144 = FILL_AREA_STYLE_COLOUR ( '', #865 ) ;
#145 = FACE_BOUND ( 'NONE', #2037, .T. ) ;
#146 = ORIENTED_EDGE ( 'NONE', *, *, #449, .T. ) ;
#147 = CARTESIAN_POINT ( 'NONE',  ( 109.1397733190174222, 31.65853709233760327, 6.277780635696165845 ) ) ;
#148 = VECTOR ( 'NONE', #1796, 1000.000000000000000 ) ;
#149 = CARTESIAN_POINT ( 'NONE',  ( 100.3822933126731130, 51.48280031283039904, 8.000000000000000000 ) ) ;
#150 = CARTESIAN_POINT ( 'NONE',  ( 69.19740683160510741, 44.45533383906391833, 4.043136971264052804 ) ) ;
#151 = CARTESIAN_POINT ( 'NONE',  ( 81.83373926020509259, 38.55935390198996515, 6.999999999999999112 ) ) ;
#152 = CARTESIAN_POINT ( 'NONE',  ( 101.0804176386826896, 29.53149410608681080, 3.826958014089106186 ) ) ;
#153 = B_SPLINE_CURVE_WITH_KNOTS ( 'NONE', 3,
 ( #523, #2504, #2674, #537, #1391, #1043, #2271, #156, #188, #826, #2511, #1676, #1630, #1859, #841, #1447, #1431, #628, #2543, #2100, #1255, #983, #1029, #2116, #810, #340, #2057, #171, #1891, #1013, #1419, #1692, #141, #596, #2498, #1222, #782, #2717, #2301, #353, #204, #370, #2747, #612, #1874, #1843, #568, #1462, #2335, #1194, #2284, #2703, #1206, #2071, #998, #387, #794, #1642, #580, #2731, #2086, #1659, #2527, #403, #1906, #2763 ),
 .UNSPECIFIED., .F., .F.,
 ( 4, 2, 2, 2, 2, 2, 2, 2, 2, 2, 2, 2, 2, 2, 2, 2, 2, 2, 2, 2, 2, 2, 2, 2, 2, 2, 2, 2, 2, 2, 2, 2, 4 ),
 ( 0.09319781351639455647, 0.09464860836286587142, 0.09609940320933720026, 0.09900099290227983018, 0.1048041722881651039, 0.1106073516740503915, 0.1135089413669930214, 0.1164105310599356652, 0.1222137104458209667, 0.1236645052922923094, 0.1251153001387636521, 0.1280168898317063375, 0.1338200692175916806, 0.1352708640640630233, 0.1367216589105343383, 0.1396232486034769682, 0.1425248382964196536, 0.1439756331428909686, 0.1454264279893623391, 0.1512296073752476822, 0.1541311970681903398, 0.1555819919146617103, 0.1570327867611330808, 0.1628359661470183961, 0.1642867609934897111, 0.1657375558399610260, 0.1686391455329036559, 0.1715407352258462859, 0.1744423249187889158, 0.1773439146117315734, 0.1802455043046742311, 0.1831470939976168610, 0.1860486836905594910 ),
 .UNSPECIFIED. ) ;
#154 = CARTESIAN_POINT ( 'NONE',  ( 90.06145126804207734, 31.37042025989403982, 4.357118677713810229 ) ) ;
#155 = CARTESIAN_POINT ( 'NONE',  ( 73.38716848115765856, 46.49040925335384600, 3.427891196063721502 ) ) ;
#156 = CARTESIAN_POINT ( 'NONE',  ( 98.80656062778913906, 25.52682074787428945, 1.000000000000000222 ) ) ;
#157 = CARTESIAN_POINT ( 'NONE',  ( 91.44718358743752162, 72.64858570192060938, 7.000000000000005329 ) ) ;
#158 = CARTESIAN_POINT ( 'NONE',  ( 91.10135105222572349, 24.68084044115882492, 3.002955283727719582 ) ) ;
#159 = CARTESIAN_POINT ( 'NONE',  ( 63.62853944959326213, 35.20654962682440470, 0.9999999999999993339 ) ) ;
#160 = EDGE_LOOP ( 'NONE', ( #1339, #2219, #334, #464, #1048, #344, #721, #1822 ) ) ;
#161 = CARTESIAN_POINT ( 'NONE',  ( 113.4739367582933625, 34.41227407392820226, 6.169674597194487298 ) ) ;
#162 = EDGE_CURVE ( 'NONE', #2441, #2106, #1114, .T. ) ;
#163 = CARTESIAN_POINT ( 'NONE',  ( 74.44314316970137213, 55.02396848077681568, 6.109986658948806770 ) ) ;
#164 = PLANE ( 'NONE',  #1878 ) ;
#165 = CARTESIAN_POINT ( 'NONE',  ( 91.66648185841683016, 29.02357263588779546, 3.290854561712969417 ) ) ;
#166 = CARTESIAN_POINT ( 'NONE',  ( 119.1025636955134956, 62.88910731141364607, 6.405327557059909083 ) ) ;
#167 = CARTESIAN_POINT ( 'NONE',  ( 90.44879836848001275, 28.16361686086084148, 2.662300137861093763 ) ) ;
#168 = AXIS2_PLACEMENT_3D ( 'NONE', #2166, #1282, #1546 ) ;
#169 = CARTESIAN_POINT ( 'NONE',  ( 86.58145458489059365, 31.76890568410239979, 6.047581081013229998 ) ) ;
#170 = CARTESIAN_POINT ( 'NONE',  ( 68.61369607982076957, 44.07760595896809264, 1.725760432717376558 ) ) ;
#171 = CARTESIAN_POINT ( 'NONE',  ( 122.3464059855868982, 48.24767994627405443, 1.000000000000001776 ) ) ;
#172 = CARTESIAN_POINT ( 'NONE',  ( 111.9135861335570610, 74.61906050360235554, 2.413196264716527484 ) ) ;
#173 = CARTESIAN_POINT ( 'NONE',  ( 82.32494941096413754, 60.11945543104334888, 5.948463757779205885 ) ) ;
#174 = LINE ( 'NONE', #356, #1838 ) ;
#175 = CARTESIAN_POINT ( 'NONE',  ( 85.11659755739347588, 21.89986209642447790, 1.000000000000000666 ) ) ;
#176 = ORIENTED_EDGE ( 'NONE', *, *, #2150, .F. ) ;
#177 = CARTESIAN_POINT ( 'NONE',  ( 109.2515559289717970, 32.48991027386191632, 7.316754369543093439 ) ) ;
#178 = CARTESIAN_POINT ( 'NONE',  ( 69.44347373443144988, 66.41651312298303367, 1.715175016095223270 ) ) ;
#179 = CARTESIAN_POINT ( 'NONE',  ( 63.43874705039760897, 41.47141760687243561, 1.981732219879138279 ) ) ;
#180 = CARTESIAN_POINT ( 'NONE',  ( 92.66455022940105835, 31.24037307129816199, 7.125437268406066949 ) ) ;
#181 = CARTESIAN_POINT ( 'NONE',  ( 91.06503351206282559, 24.73108720804865612, 0.7002706759383000579 ) ) ;
#182 = CARTESIAN_POINT ( 'NONE',  ( 120.2052035556504990, 63.12453070380061604, 5.288009530431516225 ) ) ;
#183 = CARTESIAN_POINT ( 'NONE',  ( 83.95672350754554714, 34.71296486488927258, 4.317005343830032871 ) ) ;
#184 = AXIS2_PLACEMENT_3D ( 'NONE', #879, #904, #653 ) ;
#185 = CARTESIAN_POINT ( 'NONE',  ( 119.6190178725731670, 45.71227757386279222, 4.120048373161186994 ) ) ;
#186 = CIRCLE ( 'NONE', #1743, 31.90705758116726898 ) ;
#187 = PLANE ( 'NONE',  #661 ) ;
#188 = CARTESIAN_POINT ( 'NONE',  ( 100.6819876015829180, 25.92730219259133406, 0.9999999999999988898 ) ) ;
#189 = CARTESIAN_POINT ( 'NONE',  ( 113.1991528832036806, 73.52919346276517842, 2.423893794202482521 ) ) ;
#190 = CARTESIAN_POINT ( 'NONE',  ( 81.16656674868605137, 57.08695360669512553, 5.947730867165249791 ) ) ;
#191 = DIRECTION ( 'NONE',  ( 0.000000000000000000, 0.000000000000000000, 1.000000000000000000 ) ) ;
#192 = CARTESIAN_POINT ( 'NONE',  ( 61.47818468733149899, 72.88781319167365780, 1.000000000000000000 ) ) ;
#193 = ORIENTED_EDGE ( 'NONE', *, *, #1977, .T. ) ;
#194 = CARTESIAN_POINT ( 'NONE',  ( 116.2698704010762754, 35.27916104769063566, 3.991974990971400850 ) ) ;
#195 = CARTESIAN_POINT ( 'NONE',  ( 78.31912965016947226, 68.98633254357359590, 3.420182007635964805 ) ) ;
#196 = CARTESIAN_POINT ( 'NONE',  ( 61.85493064916646233, 64.61264426570889441, 1.993304190417671595 ) ) ;
#197 = CARTESIAN_POINT ( 'NONE',  ( 91.82159304310700065, 31.57088280127499402, 7.134063700952575360 ) ) ;
#198 = CARTESIAN_POINT ( 'NONE',  ( 92.67792932620189106, 28.82960934353254956, 3.298850284003483679 ) ) ;
#199 = CARTESIAN_POINT ( 'NONE',  ( 115.7636280734269434, 74.74219655306464460, 3.150306849859116465 ) ) ;
#200 = CARTESIAN_POINT ( 'NONE',  ( 85.89414570465423537, 35.56503670937933492, 5.174331129268603391 ) ) ;
#201 = CARTESIAN_POINT ( 'NONE',  ( 117.5402617767286415, 41.69866658832303585, 4.586131172853680660 ) ) ;
#202 = EDGE_CURVE ( 'NONE', #2194, #324, #1279, .T. ) ;
#203 = DIRECTION ( 'NONE',  ( 0.000000000000000000, -0.000000000000000000, -1.000000000000000000 ) ) ;
#204 = CARTESIAN_POINT ( 'NONE',  ( 121.1528349863576750, 65.24820080385862298, 1.000000000000005551 ) ) ;
#205 = CARTESIAN_POINT ( 'NONE',  ( 114.3960780847371410, 65.99889651920365452, 5.533242660615871777 ) ) ;
#206 = CARTESIAN_POINT ( 'NONE',  ( 94.66023719382909007, 90.07869578013401224, 0.9552399606905765950 ) ) ;
#207 = CARTESIAN_POINT ( 'NONE',  ( 114.9630713495014191, 65.19586439074744533, 5.653151237684532759 ) ) ;
#208 = CARTESIAN_POINT ( 'NONE',  ( 70.76207203133252222, 83.33411424004717105, 0.9999999999999983347 ) ) ;
#209 = STYLED_ITEM ( 'NONE', ( #968 ), #1847 ) ;
#210 = ORIENTED_EDGE ( 'NONE', *, *, #1177, .T. ) ;
#211 = CARTESIAN_POINT ( 'NONE',  ( 107.8648240649092713, 29.66993440695992490, 4.670359592488520839 ) ) ;
#212 = CARTESIAN_POINT ( 'NONE',  ( 85.57881022118432668, 71.66931870730510923, 4.276612229649871644 ) ) ;
#213 = CARTESIAN_POINT ( 'NONE',  ( 67.68096733411280752, 68.99673261745360264, 3.023808332065084148 ) ) ;
#214 = CARTESIAN_POINT ( 'NONE',  ( 98.87924613377094829, 29.97836602728556699, 7.000000000000002665 ) ) ;
#215 = CARTESIAN_POINT ( 'NONE',  ( 92.31970675441270657, 24.65360858630025120, 0.7079115536095441641 ) ) ;
#216 = CARTESIAN_POINT ( 'NONE',  ( 120.7976723993143082, 56.50598885779250935, 7.302544762771073117 ) ) ;
#217 = CARTESIAN_POINT ( 'NONE',  ( 83.22766363214132923, 30.74699535886815127, 2.621028884217584398 ) ) ;
#218 = CARTESIAN_POINT ( 'NONE',  ( 115.5528445038655008, 39.89936037651675349, 6.499825929938222835 ) ) ;
#219 = CARTESIAN_POINT ( 'NONE',  ( 111.7697152710294546, 71.00749488939369769, 4.161143386162903468 ) ) ;
#220 = CARTESIAN_POINT ( 'NONE',  ( 80.44395069213013016, 53.10387189648142225, 5.945247608474772960 ) ) ;
#221 = CARTESIAN_POINT ( 'NONE',  ( 80.65740422852769598, 48.14225257975545702, 5.938848850519280020 ) ) ;
#222 = CARTESIAN_POINT ( 'NONE',  ( 57.87124270693171724, 47.32982270586719409, 1.000000000000000888 ) ) ;
#223 = CARTESIAN_POINT ( 'NONE',  ( 108.9828640788835372, 85.17865474792932901, 0.9999999999999963363 ) ) ;
#224 = CARTESIAN_POINT ( 'NONE',  ( 99.28362926973625235, 29.37739468015996280, 6.475563711510188725 ) ) ;
#225 = CARTESIAN_POINT ( 'NONE',  ( 80.95164637567719979, 71.70998358203398482, 3.421854642990154627 ) ) ;
#226 = CARTESIAN_POINT ( 'NONE',  ( 68.18693422031961404, 60.09939644775817413, 4.052685624304179335 ) ) ;
#227 = CARTESIAN_POINT ( 'NONE',  ( 117.5773307277842008, 39.30662786068442927, 6.999999999999999112 ) ) ;
#228 = CARTESIAN_POINT ( 'NONE',  ( 97.32812212660300588, 28.57336300269480489, 3.343446171899576935 ) ) ;
#229 = CARTESIAN_POINT ( 'NONE',  ( 124.3557595877948074, 61.25680266132891916, 1.878377200631680566 ) ) ;
#230 = CARTESIAN_POINT ( 'NONE',  ( 88.41301264401325000, 35.83106813708414506, 6.041596839023206655 ) ) ;
#231 = CARTESIAN_POINT ( 'NONE',  ( 121.3818146692817947, 46.61219918633867820, 1.843206455449907466 ) ) ;
#232 = CARTESIAN_POINT ( 'NONE',  ( 83.63448664365903085, 36.86187656386848488, 7.099594772593605718 ) ) ;
#233 = CARTESIAN_POINT ( 'NONE',  ( 107.4813280972214358, 72.71811758851679031, 4.560853352589234078 ) ) ;
#234 = CARTESIAN_POINT ( 'NONE',  ( 114.1540134773956794, 65.54329039562568937, 5.980783582431548950 ) ) ;
#235 = CARTESIAN_POINT ( 'NONE',  ( 109.6808541795143697, 71.07456313180739471, 7.143218273269344998 ) ) ;
#236 = CARTESIAN_POINT ( 'NONE',  ( 110.6175483914811934, 68.73924324207247594, 5.798292630687504001 ) ) ;
#237 = CARTESIAN_POINT ( 'NONE',  ( 119.8296136980214044, 56.15203256552653244, 4.999999999999992006 ) ) ;
#238 = CARTESIAN_POINT ( 'NONE',  ( 99.51190812042270295, 25.15609560314249649, 3.089552603907542050 ) ) ;
#239 = CARTESIAN_POINT ( 'NONE',  ( 71.98030614843310104, 60.42976875026224803, 5.082513921337749707 ) ) ;
#240 = CARTESIAN_POINT ( 'NONE',  ( 78.76458480740453183, 28.96559952297486618, 8.000000000000000000 ) ) ;
#241 = CARTESIAN_POINT ( 'NONE',  ( 124.3397489535398108, 66.60455033090660493, 0.7847311043009835840 ) ) ;
#242 = CARTESIAN_POINT ( 'NONE',  ( 76.90057344484358737, 35.59482635428511088, 2.595734445955842684 ) ) ;
#243 = CARTESIAN_POINT ( 'NONE',  ( 116.5116296735544950, 41.17471425804911433, 6.521262233406391218 ) ) ;
#244 = AXIS2_PLACEMENT_3D ( 'NONE', #2514, #1398, #1620 ) ;
#245 = CARTESIAN_POINT ( 'NONE',  ( 78.29715819102651153, 28.89973825424119624, 2.978313496368627078 ) ) ;
#246 = CARTESIAN_POINT ( 'NONE',  ( 110.4234371431529667, 71.78086900447230789, 6.572940382683315264 ) ) ;
#247 = CARTESIAN_POINT ( 'NONE',  ( 95.05191031941863855, 32.19208259102387615, 5.769425941217043885 ) ) ;
#248 = CARTESIAN_POINT ( 'NONE',  ( 118.2090100906057444, 59.13516395649003954, 6.172973089705892313 ) ) ;
#249 = CARTESIAN_POINT ( 'NONE',  ( 120.0212764174054456, 55.06841145810076910, 5.000000000000046185 ) ) ;
#250 = CARTESIAN_POINT ( 'NONE',  ( 100.5820713744401189, 29.41548349274096807, 6.455185629998251073 ) ) ;
#251 = CARTESIAN_POINT ( 'NONE',  ( 62.63309269726620698, 67.12981779924692205, 1.993591034148153307 ) ) ;
#252 = CARTESIAN_POINT ( 'NONE',  ( 100.3822933126731130, 51.48280031283039904, 5.000000000000007105 ) ) ;
#253 = CARTESIAN_POINT ( 'NONE',  ( 122.9764819343820363, 66.32915021643314901, 1.923987222399739849 ) ) ;
#254 = EDGE_CURVE ( 'NONE', #710, #831, #2513, .T. ) ;
#255 = CARTESIAN_POINT ( 'NONE',  ( 112.3357584128765296, 34.86787770929598196, 4.036381666984202532 ) ) ;
#256 = CARTESIAN_POINT ( 'NONE',  ( 68.69922023804970479, 33.38997556065265826, 1.969661845044777371 ) ) ;
#257 = CARTESIAN_POINT ( 'NONE',  ( 101.9059130804474904, 73.64841385234548454, 7.095258167702484187 ) ) ;
#258 = CARTESIAN_POINT ( 'NONE',  ( 110.1057297782196827, 69.61504468862432304, 5.457697112237021919 ) ) ;
#259 = CARTESIAN_POINT ( 'NONE',  ( 106.7763985825926483, 86.57022568107716154, 0.9271060460501330258 ) ) ;
#260 = CARTESIAN_POINT ( 'NONE',  ( 84.15036171738429971, 39.75814282034984615, 5.912107353088981831 ) ) ;
#261 = CARTESIAN_POINT ( 'NONE',  ( 119.5306281886877287, 50.30058834345491903, 6.443071246855509138 ) ) ;
#262 = CARTESIAN_POINT ( 'NONE',  ( 116.1881072293858068, 39.87743492494032438, 5.000000000000002665 ) ) ;
#263 = CARTESIAN_POINT ( 'NONE',  ( 98.79704579441701640, 27.29484019657613558, 4.793475820536554188 ) ) ;
#264 = CARTESIAN_POINT ( 'NONE',  ( 109.3720579932491290, 32.34193190545286001, 7.000000000000000888 ) ) ;
#265 = CARTESIAN_POINT ( 'NONE',  ( 121.6692814608674809, 48.93660486160245426, 6.113699109965613054 ) ) ;
#266 = CARTESIAN_POINT ( 'NONE',  ( 109.5392199272160241, 33.97949467946660462, 5.353567626699687665 ) ) ;
#267 = CARTESIAN_POINT ( 'NONE',  ( 71.90586662886039448, 27.03876268898241264, 0.9254109142844278990 ) ) ;
#268 = CARTESIAN_POINT ( 'NONE',  ( 95.83394212206790996, 78.89969031260126542, 5.059143690450446762 ) ) ;
#269 = CARTESIAN_POINT ( 'NONE',  ( 115.4846077160678135, 67.80572898002692739, 6.503694263685016352 ) ) ;
#270 = CARTESIAN_POINT ( 'NONE',  ( 85.19440477389368027, 79.74088654395575304, 4.043782745818264246 ) ) ;
#271 = CARTESIAN_POINT ( 'NONE',  ( 115.4236907031894503, 68.23614196465052828, 3.775736066274989255 ) ) ;
#272 = CARTESIAN_POINT ( 'NONE',  ( 120.7171058218702200, 55.34059527358804331, 3.995303934252254052 ) ) ;
#273 = CARTESIAN_POINT ( 'NONE',  ( 102.9035513109462272, 23.30659801081793248, 0.9999999999999978906 ) ) ;
#274 = CARTESIAN_POINT ( 'NONE',  ( 81.24556964168085926, 81.31594392968239049, 1.000000000000000444 ) ) ;
#275 = AXIS2_PLACEMENT_3D ( 'NONE', #1645, #2102, #2530 ) ;
#276 = CARTESIAN_POINT ( 'NONE',  ( 95.71088234645806381, 29.63465883592511219, 6.524307005991225594 ) ) ;
#277 = CARTESIAN_POINT ( 'NONE',  ( 79.14979229196114829, 77.46340900162829257, 1.719567172125570531 ) ) ;
#278 = VERTEX_POINT ( 'NONE', #555 ) ;
#279 = CARTESIAN_POINT ( 'NONE',  ( 119.6535590437705423, 43.11757295879139207, 7.041493087344888657 ) ) ;
#280 = CARTESIAN_POINT ( 'NONE',  ( 118.5150943379178301, 38.90174797857871880, 0.9588127565132302799 ) ) ;
#281 = CARTESIAN_POINT ( 'NONE',  ( 79.63527160698458829, 30.88727281325740748, 4.009410770660963408 ) ) ;
#282 = CARTESIAN_POINT ( 'NONE',  ( 98.33053466244585650, 78.83188555774485451, 5.053163420654678717 ) ) ;
#283 = CARTESIAN_POINT ( 'NONE',  ( 114.0359882430606149, 73.83846622801405601, 4.287540212540835505 ) ) ;
#284 = EDGE_CURVE ( 'NONE', #2427, #2090, #1971, .T. ) ;
#285 = CARTESIAN_POINT ( 'NONE',  ( 80.33727499765339530, 77.27677219069531134, 4.048354111795858579 ) ) ;
#286 = CARTESIAN_POINT ( 'NONE',  ( 118.7007128812998360, 68.69908308257762997, 1.621784067039830690 ) ) ;
#287 = CARTESIAN_POINT ( 'NONE',  ( 117.9438508858353316, 33.82234326548346814, 1.000000000000024869 ) ) ;
#288 = CARTESIAN_POINT ( 'NONE',  ( 64.43122479862985585, 58.10616245988012452, 0.9999999999999995559 ) ) ;
#289 = CARTESIAN_POINT ( 'NONE',  ( 80.76917560697341969, 78.38844478375844460, 1.720895891532690403 ) ) ;
#290 = ORIENTED_EDGE ( 'NONE', *, *, #202, .F. ) ;
#291 = CARTESIAN_POINT ( 'NONE',  ( 117.5853755137062819, 36.99104876021416288, 3.978101453126194009 ) ) ;
#292 = CARTESIAN_POINT ( 'NONE',  ( 113.6673379592482291, 36.08121996527245301, 4.064267567964266803 ) ) ;
#293 = CARTESIAN_POINT ( 'NONE',  ( 74.35694402752031351, 51.15807765565677556, 6.107508098328834123 ) ) ;
#294 = CARTESIAN_POINT ( 'NONE',  ( 91.28540329069393522, 84.34313054150098310, 3.005568976556139305 ) ) ;
#295 = CARTESIAN_POINT ( 'NONE',  ( 113.6950885733168093, 70.51556843769651550, 5.972591138493866580 ) ) ;
#296 = CARTESIAN_POINT ( 'NONE',  ( 55.70129454199134500, 55.00000000000541434, 0.000000000000000000 ) ) ;
#297 = CARTESIAN_POINT ( 'NONE',  ( 89.32516313825502152, 74.56058088241570658, 6.102106322477172995 ) ) ;
#298 = VERTEX_POINT ( 'NONE', #2273 ) ;
#299 = CARTESIAN_POINT ( 'NONE',  ( 119.7578792710871056, 69.18262290746993415, 0.7590386443178936959 ) ) ;
#300 = CARTESIAN_POINT ( 'NONE',  ( 103.9472979010399598, 73.52295131184207833, 6.999999999999999112 ) ) ;
#301 = CARTESIAN_POINT ( 'NONE',  ( 65.30822517750681300, 46.62767031662036743, 0.9999999999999995559 ) ) ;
#302 = CARTESIAN_POINT ( 'NONE',  ( 106.6832847571027116, 70.10252391958161411, 6.057792691579349409 ) ) ;
#303 = VERTEX_POINT ( 'NONE', #960 ) ;
#304 = VECTOR ( 'NONE', #474, 1000.000000000000000 ) ;
#305 = CARTESIAN_POINT ( 'NONE',  ( 112.0498944887917361, 33.95815040578879973, 7.220677968084681986 ) ) ;
#306 = CARTESIAN_POINT ( 'NONE',  ( 116.2369802871148039, 36.66887451186320845, 1.832698041115344623 ) ) ;
#307 = LINE ( 'NONE', #1152, #304 ) ;
#308 = CARTESIAN_POINT ( 'NONE',  ( 120.0564081942023051, 49.73761467097997979, 5.014798517278729051 ) ) ;
#309 = CARTESIAN_POINT ( 'NONE',  ( 116.1987749606356033, 66.02550748377480261, 7.041374161634950113 ) ) ;
#310 = DIRECTION ( 'NONE',  ( 0.000000000000000000, 0.000000000000000000, -1.000000000000000000 ) ) ;
#311 = CARTESIAN_POINT ( 'NONE',  ( 125.7716500952212044, 56.22149376453208447, 1.000000000000065503 ) ) ;
#312 = CARTESIAN_POINT ( 'NONE',  ( 83.93516353397261298, 82.42835551506915692, 0.9999999999999991118 ) ) ;
#313 = CARTESIAN_POINT ( 'NONE',  ( 92.09866630203698890, 84.37368542503944013, 0.8843305517456330200 ) ) ;
#314 = ORIENTED_EDGE ( 'NONE', *, *, #1269, .F. ) ;
#315 = CARTESIAN_POINT ( 'NONE',  ( 123.1021464656602546, 46.35062823357241513, 2.883629792961405425 ) ) ;
#316 = CARTESIAN_POINT ( 'NONE',  ( 102.7502034534319222, 26.27517944724589682, 0.7922974745208024583 ) ) ;
#317 = DIRECTION ( 'NONE',  ( 0.000000000000000000, 1.000000000000000000, -0.000000000000000000 ) ) ;
#318 = CARTESIAN_POINT ( 'NONE',  ( 120.4871652856593727, 59.82859910894332245, 6.335534151828116300 ) ) ;
#319 = CARTESIAN_POINT ( 'NONE',  ( 77.24035671719725826, 53.45933073709690575, 7.000000000000001776 ) ) ;
#320 = CARTESIAN_POINT ( 'NONE',  ( 124.7773842921903054, 64.03823310433905647, 0.9999999999999970024 ) ) ;
#321 = CARTESIAN_POINT ( 'NONE',  ( 64.52330672135907719, 50.42475046503975022, 1.000000000000000000 ) ) ;
#322 = CARTESIAN_POINT ( 'NONE',  ( 103.5418419014162339, 72.72897724237094508, 5.170592060282416469 ) ) ;
#323 = CARTESIAN_POINT ( 'NONE',  ( 72.72747268328799919, 36.78053668979085700, 1.737332795098694538 ) ) ;
#324 = VERTEX_POINT ( 'NONE', #1819 ) ;
#325 = CARTESIAN_POINT ( 'NONE',  ( 122.7794211187732571, 42.83640336183592012, 1.760210741708620130 ) ) ;
#326 = EDGE_CURVE ( 'NONE', #2533, #408, #2182, .T. ) ;
#327 = CARTESIAN_POINT ( 'NONE',  ( 98.18948234100520267, 30.34197389224364372, 4.661127522610215124 ) ) ;
#328 = FACE_OUTER_BOUND ( 'NONE', #1186, .T. ) ;
#329 = DIRECTION ( 'NONE',  ( -1.000000000000000000, 0.000000000000000000, 0.000000000000000000 ) ) ;
#330 = CARTESIAN_POINT ( 'NONE',  ( 80.77181267733068637, 54.84905025677838353, 5.980642256675753110 ) ) ;
#331 = CARTESIAN_POINT ( 'NONE',  ( 87.97789411512256663, 70.94487842153495194, 6.999999999999999112 ) ) ;
#332 = CARTESIAN_POINT ( 'NONE',  ( 94.25622817701288625, 87.17586904561962058, 2.006713619912112279 ) ) ;
#333 = CARTESIAN_POINT ( 'NONE',  ( 108.2339894705992833, 69.43988763833586120, 6.074094889608693926 ) ) ;
#334 = ORIENTED_EDGE ( 'NONE', *, *, #202, .T. ) ;
#335 = CARTESIAN_POINT ( 'NONE',  ( 119.9575692651601742, 42.38734813048000660, 5.548710357524269554 ) ) ;
#336 = CARTESIAN_POINT ( 'NONE',  ( 116.4019082567017307, 64.22097212683557643, 5.142308261156891547 ) ) ;
#337 = CARTESIAN_POINT ( 'NONE',  ( 106.6956719838827041, 31.34253876933436445, 3.922664910272759098 ) ) ;
#338 = CARTESIAN_POINT ( 'NONE',  ( 91.60032593138170398, 33.94061097884546996, 6.072945440252891736 ) ) ;
#339 = CARTESIAN_POINT ( 'NONE',  ( 78.85887795603548511, 45.68415059474174456, 5.135655481338782025 ) ) ;
#340 = CARTESIAN_POINT ( 'NONE',  ( 121.9930373257080589, 46.83748233575865072, 0.9999999999999878986 ) ) ;
#341 = CARTESIAN_POINT ( 'NONE',  ( 86.60102917594288385, 65.98256392791635960, 5.944875981785607166 ) ) ;
#342 = DIRECTION ( 'NONE',  ( 1.000000000000000000, 0.000000000000000000, -0.000000000000000000 ) ) ;
#343 = CARTESIAN_POINT ( 'NONE',  ( 106.2384731537603102, 71.93483392066383431, 5.185520614094966341 ) ) ;
#344 = ORIENTED_EDGE ( 'NONE', *, *, #2693, .T. ) ;
#345 = CARTESIAN_POINT ( 'NONE',  ( 112.0512421050074181, 33.36010925752290035, 6.206297919785212613 ) ) ;
#346 = DIRECTION ( 'NONE',  ( 1.000000000000000000, 0.000000000000000000, 0.000000000000000000 ) ) ;
#347 = CARTESIAN_POINT ( 'NONE',  ( 77.55530295502184401, 52.40091345816799162, 7.135412490511773065 ) ) ;
#348 = CARTESIAN_POINT ( 'NONE',  ( 93.67609878953435043, 22.93890552822971074, 1.996812644196234166 ) ) ;
#349 = CARTESIAN_POINT ( 'NONE',  ( 99.93180449673133126, 31.86594722113044043, 6.010649819485106349 ) ) ;
#350 = FACE_OUTER_BOUND ( 'NONE', #1725, .T. ) ;
#351 = SURFACE_STYLE_USAGE ( .BOTH. , #996 ) ;
#352 = CARTESIAN_POINT ( 'NONE',  ( 75.56512445791472032, 56.92845192185495051, 4.272109684000970908 ) ) ;
#353 = CARTESIAN_POINT ( 'NONE',  ( 121.4797068626248375, 64.34522801902764400, 0.9999999999999920064 ) ) ;
#354 = ADVANCED_FACE ( 'NONE', ( #1893 ), #103, .T. ) ;
#355 = CARTESIAN_POINT ( 'NONE',  ( 84.38557536768531975, 63.59671049353518413, 5.947618993045641567 ) ) ;
#356 = CARTESIAN_POINT ( 'NONE',  ( 78.76458480740453183, 28.96559952297486618, 6.999999999999999112 ) ) ;
#357 = CARTESIAN_POINT ( 'NONE',  ( 57.26079396278625211, 60.73968767125592194, 1.000000000000000000 ) ) ;
#358 = ORIENTED_EDGE ( 'NONE', *, *, #746, .F. ) ;
#359 = CARTESIAN_POINT ( 'NONE',  ( 105.2523733248245321, 29.68257164746807675, 5.817989600074203516 ) ) ;
#360 = AXIS2_PLACEMENT_3D ( 'NONE', #1588, #1379, #767 ) ;
#361 = CARTESIAN_POINT ( 'NONE',  ( 74.15460816830004376, 62.28464438038020035, 3.418905114194843442 ) ) ;
#362 = CARTESIAN_POINT ( 'NONE',  ( 64.50415940029235173, 39.18588911473435843, 1.979299559758324722 ) ) ;
#363 = CARTESIAN_POINT ( 'NONE',  ( 93.61458657959329344, 29.16023568720011738, 5.980494379888655843 ) ) ;
#364 = CARTESIAN_POINT ( 'NONE',  ( 101.3161721847901333, 29.06560218744249724, 3.392596301636658485 ) ) ;
#365 = CARTESIAN_POINT ( 'NONE',  ( 119.7043739979271635, 69.68863138394227974, 3.103063877565438666 ) ) ;
#366 = DIRECTION ( 'NONE',  ( 1.000000000000000000, 0.000000000000000000, -0.000000000000000000 ) ) ;
#367 = PRESENTATION_LAYER_ASSIGNMENT (  '', '', ( #209 ) ) ;
#368 = CARTESIAN_POINT ( 'NONE',  ( 87.32263468253866279, 33.70031409016296919, 7.075507588577091056 ) ) ;
#369 = CARTESIAN_POINT ( 'NONE',  ( 66.64061985305181679, 55.22585536798641925, 1.717454376050460807 ) ) ;
#370 = CARTESIAN_POINT ( 'NONE',  ( 120.5921692889335759, 66.58414786600863522, 1.000000000000005551 ) ) ;
#371 = CARTESIAN_POINT ( 'NONE',  ( 113.3512775765950096, 70.53595716794943371, 3.742569854250819450 ) ) ;
#372 = CARTESIAN_POINT ( 'NONE',  ( 117.3473155626128062, 65.61170568223353428, 3.815482445539806200 ) ) ;
#373 = CARTESIAN_POINT ( 'NONE',  ( 83.46443762976046798, 62.27279942099996646, 5.947909059156922140 ) ) ;
#374 =( LENGTH_UNIT ( ) NAMED_UNIT ( * ) SI_UNIT ( .MILLI., .METRE. ) );
#375 = CARTESIAN_POINT ( 'NONE',  ( 60.65614029410488683, 71.40487525144439473, 1.000000000000000222 ) ) ;
#376 = ORIENTED_EDGE ( 'NONE', *, *, #48, .T. ) ;
#377 = CARTESIAN_POINT ( 'NONE',  ( 111.9201852655563698, 32.51699069291767330, 5.146161004118551041 ) ) ;
#378 = CARTESIAN_POINT ( 'NONE',  ( 78.27895987488430762, 63.97931021043486055, 4.271292743385626700 ) ) ;
#379 = CARTESIAN_POINT ( 'NONE',  ( 75.35195446829385446, 45.64046045087831516, 6.101593684521607663 ) ) ;
#380 = CARTESIAN_POINT ( 'NONE',  ( 93.60007745220376307, 30.04987666448834460, 6.548346075516292331 ) ) ;
#381 = CARTESIAN_POINT ( 'NONE',  ( 97.76591026079836411, 26.23336643764357135, 1.613063724478743799 ) ) ;
#382 = CARTESIAN_POINT ( 'NONE',  ( 121.0914204555722478, 56.54765811507485296, 6.800608023934920254 ) ) ;
#383 = CARTESIAN_POINT ( 'NONE',  ( 81.94105104541016260, 31.47762249012907176, 2.615227547013945664 ) ) ;
#384 = CARTESIAN_POINT ( 'NONE',  ( 118.4403990439186742, 43.32129330079227714, 4.591040178113978243 ) ) ;
#385 = VECTOR ( 'NONE', #1956, 1000.000000000000000 ) ;
#386 = DIRECTION ( 'NONE',  ( -1.000000000000000000, 0.000000000000000000, 0.000000000000000000 ) ) ;
#387 = CARTESIAN_POINT ( 'NONE',  ( 109.0271873833797258, 79.81629642042463502, 1.000000000000005551 ) ) ;
#388 = CARTESIAN_POINT ( 'NONE',  ( 107.8383759117060663, 74.41693806916599385, 3.691674428848145784 ) ) ;
#389 = CARTESIAN_POINT ( 'NONE',  ( 86.78239283749216781, 70.18488756894011260, 7.000000000000000888 ) ) ;
#390 = CARTESIAN_POINT ( 'NONE',  ( 100.3822933126731130, 51.48280031283039904, 5.000000000000007105 ) ) ;
#391 = CARTESIAN_POINT ( 'NONE',  ( 75.56726989987329546, 25.15410905966957955, 1.000000000000000888 ) ) ;
#392 = EDGE_LOOP ( 'NONE', ( #1003, #1849 ) ) ;
#393 = CARTESIAN_POINT ( 'NONE',  ( 116.1487435641831496, 33.98232537554006427, 2.905482125501980040 ) ) ;
#394 = CARTESIAN_POINT ( 'NONE',  ( 76.31183338436507313, 71.23009499222993668, 2.567920753016804003 ) ) ;
#395 = CARTESIAN_POINT ( 'NONE',  ( 64.39356229220612704, 59.76902414525410734, 3.022857327270608518 ) ) ;
#396 = CARTESIAN_POINT ( 'NONE',  ( 91.33313042343890231, 26.82601713765660989, 4.291768594944977977 ) ) ;
#397 = CARTESIAN_POINT ( 'NONE',  ( 93.85437538811045499, 31.37574132365567792, 5.039750084964768284 ) ) ;
#398 = CARTESIAN_POINT ( 'NONE',  ( 119.4500701450311766, 61.16595083730109650, 6.924135315691800407 ) ) ;
#399 = EDGE_CURVE ( 'NONE', #2659, #298, #1545, .T. ) ;
#400 = CARTESIAN_POINT ( 'NONE',  ( 81.90834092857795667, 36.50724275378681938, 4.306538442290782420 ) ) ;
#401 = CIRCLE ( 'NONE', #184, 36.79870545800834236 ) ;
#402 = CARTESIAN_POINT ( 'NONE',  ( 119.4194210458006609, 44.41109818009487498, 3.664051043024767473 ) ) ;
#403 = CARTESIAN_POINT ( 'NONE',  ( 98.24622294085044416, 83.75676542379585499, 1.000000000000000888 ) ) ;
#404 = CARTESIAN_POINT ( 'NONE',  ( 110.7157190458274698, 71.77964534417148457, 4.150201342300475105 ) ) ;
#405 = CARTESIAN_POINT ( 'NONE',  ( 108.4454673989454960, 72.77279135649580155, 6.589477823524171107 ) ) ;
#406 = LINE ( 'NONE', #2119, #509 ) ;
#407 = CARTESIAN_POINT ( 'NONE',  ( 57.36294572463174291, 50.10492675511255101, 1.000000000000000666 ) ) ;
#408 = VERTEX_POINT ( 'NONE', #1652 ) ;
#409 = CARTESIAN_POINT ( 'NONE',  ( 105.6316387585993510, 30.81848638781349692, 6.899929843880817870 ) ) ;
#410 = CARTESIAN_POINT ( 'NONE',  ( 75.05611088075561099, 69.60281470803629134, 2.567398101462497806 ) ) ;
#411 = CARTESIAN_POINT ( 'NONE',  ( 59.74119160432051245, 70.02153739289498446, 0.9632731020879030659 ) ) ;
#412 = CARTESIAN_POINT ( 'NONE',  ( 94.79923067564718053, 28.14096159298107835, 5.401306994972134845 ) ) ;
#413 = CARTESIAN_POINT ( 'NONE',  ( 96.80595872163702609, 31.49835507581506988, 5.513322748391036754 ) ) ;
#414 = CARTESIAN_POINT ( 'NONE',  ( 115.8149333164395927, 70.78557578572710440, 4.828413772117052360 ) ) ;
#415 = CARTESIAN_POINT ( 'NONE',  ( 77.36927342398848850, 38.39793447389384085, 3.442578778814817220 ) ) ;
#416 = CARTESIAN_POINT ( 'NONE',  ( 115.0986207999115862, 38.98401849117047391, 5.992984592422093471 ) ) ;
#417 = B_SPLINE_CURVE_WITH_KNOTS ( 'NONE', 3,
 ( #2563, #1488, #2126, #1532, #1701, #2402, #214, #2585, #20, #1080, #469, #864, #2178, #264, #1915, #1968, #7, #850, #2360, #2139, #227, #1716, #2487, #1628, #1841, #542, #1384, #937, #2461, #1789, #2474, #553, #1817, #757, #2031, #1407, #733, #566, #2269, #2231, #1580, #2018, #107, #1605, #2042, #1192, #2449, #1395, #2055, #2257, #515, #1373, #1802, #118 ),
 .UNSPECIFIED., .F., .F.,
 ( 4, 2, 2, 2, 2, 2, 2, 2, 2, 2, 2, 2, 2, 2, 2, 2, 2, 2, 2, 2, 2, 2, 2, 2, 2, 2, 4 ),
 ( 0.02619142529459193153, 0.02835170209993428253, 0.03051197890527663700, 0.03483253251596134248, 0.03699280932130369348, 0.03915308612664604448, 0.04347363973733074649, 0.04563391654267310443, 0.04779419334801546237, 0.05211474695870017826, 0.05643530056938488026, 0.05859557737472724515, 0.06075585418006959615, 0.06507640779075432591, 0.06615654619342550835, 0.06723668459609669079, 0.06939696140143905567, 0.07371751501212381319, 0.07587779181746619195, 0.07803806862280857071, 0.08019834542815097722, 0.08235862223349336986, 0.08667917584417814125, 0.08883945264952053389, 0.09099972945486289877, 0.09316000626020529141, 0.09532028306554765629 ),
 .UNSPECIFIED. ) ;
#418 = CARTESIAN_POINT ( 'NONE',  ( 89.69119720295981324, 30.31654605076777997, 6.026094504866009061 ) ) ;
#419 = CARTESIAN_POINT ( 'NONE',  ( 112.0475456675387136, 69.05930606913089775, 5.044448502389834665 ) ) ;
#420 = CARTESIAN_POINT ( 'NONE',  ( 95.79998789690166916, 86.85213921353337696, 2.093204350297068306 ) ) ;
#421 = CARTESIAN_POINT ( 'NONE',  ( 81.07249281294208743, 46.25172943149007665, 5.935186248404205500 ) ) ;
#422 = CARTESIAN_POINT ( 'NONE',  ( 68.99918727994970880, 81.91560451602872206, 0.9999999999999988898 ) ) ;
#423 = DIRECTION ( 'NONE',  ( 0.000000000000000000, 0.000000000000000000, 1.000000000000000000 ) ) ;
#424 = CARTESIAN_POINT ( 'NONE',  ( 97.95074610860601183, 24.89082431703842602, 3.103597748115234367 ) ) ;
#425 = CARTESIAN_POINT ( 'NONE',  ( 75.95864403400821629, 65.87449523687679687, 3.419127668707446333 ) ) ;
#426 = CARTESIAN_POINT ( 'NONE',  ( 63.92421471127791932, 54.81389220557691999, 3.021228144861822784 ) ) ;
#427 = CARTESIAN_POINT ( 'NONE',  ( 122.0000018179416799, 28.96559952297486618, 6.999999999999999112 ) ) ;
#428 = CARTESIAN_POINT ( 'NONE',  ( 95.78255078197443595, 31.64425593710626927, 5.498590595299453376 ) ) ;
#429 = CARTESIAN_POINT ( 'NONE',  ( 122.3431049330708049, 55.53329590205621002, 5.161968564419833427 ) ) ;
#430 = CARTESIAN_POINT ( 'NONE',  ( 84.44706855216270469, 39.72894559701039441, 6.011726563244622845 ) ) ;
#431 = CARTESIAN_POINT ( 'NONE',  ( 122.2120006134892236, 51.21428245284317171, 1.810649965529307348 ) ) ;
#432 = CARTESIAN_POINT ( 'NONE',  ( 91.08590433491602312, 24.54018279491655719, 2.918377205624612003 ) ) ;
#433 = CARTESIAN_POINT ( 'NONE',  ( 118.5909188998553248, 45.57389183747787342, 6.522405531890411723 ) ) ;
#434 = CARTESIAN_POINT ( 'NONE',  ( 115.6702263711038796, 63.72522516271401827, 6.031001784593896353 ) ) ;
#435 = CARTESIAN_POINT ( 'NONE',  ( 105.9292446804304291, 77.49866460718683925, 4.907632798036157595 ) ) ;
#436 = CARTESIAN_POINT ( 'NONE',  ( 91.40797424510702740, 33.58354946407897046, 5.835111651933692301 ) ) ;
#437 = ORIENTED_EDGE ( 'NONE', *, *, #48, .F. ) ;
#438 = CARTESIAN_POINT ( 'NONE',  ( 98.97702741137780436, 30.03570518764658104, 7.039464446607309078 ) ) ;
#439 = CARTESIAN_POINT ( 'NONE',  ( 91.50132433321275016, 71.89342354241304633, 5.135074648448163970 ) ) ;
#440 = CARTESIAN_POINT ( 'NONE',  ( 75.77349399827858178, 60.76382990646665405, 6.111901427876114568 ) ) ;
#441 = CYLINDRICAL_SURFACE ( 'NONE', #1970, 20.00000000000000355 ) ;
#442 = CARTESIAN_POINT ( 'NONE',  ( 121.7946077569621650, 47.23184956606987583, 5.055027273802261689 ) ) ;
#443 = CARTESIAN_POINT ( 'NONE',  ( 81.51694624719016247, 40.32278029431381583, 5.149277228170667797 ) ) ;
#444 = CARTESIAN_POINT ( 'NONE',  ( 121.3576275973349823, 49.76535559969068601, 2.711768315452252498 ) ) ;
#445 = CARTESIAN_POINT ( 'NONE',  ( 75.61119555499740841, 24.93196760298912906, 0.9149342696837110545 ) ) ;
#446 = CARTESIAN_POINT ( 'NONE',  ( 97.48495853248593335, 82.56847405015453489, 1.487708227462194888 ) ) ;
#447 = CARTESIAN_POINT ( 'NONE',  ( 96.26995044736186458, 89.84694350223904280, 0.9524373867760028700 ) ) ;
#448 = CARTESIAN_POINT ( 'NONE',  ( 105.8402554591745570, 72.42189503008140150, 5.016220541661959409 ) ) ;
#449 = EDGE_CURVE ( 'NONE', #1367, #2263, #764, .T. ) ;
#450 = CARTESIAN_POINT ( 'NONE',  ( 122.0000018179416799, 74.00000110268592834, -55.42914871850910430 ) ) ;
#451 = CARTESIAN_POINT ( 'NONE',  ( 103.3081683905471237, 29.75556738053414563, 6.406294884926034605 ) ) ;
#452 = CARTESIAN_POINT ( 'NONE',  ( 82.79941662181551010, 82.42469566882617471, 0.8729504888121883965 ) ) ;
#453 = CARTESIAN_POINT ( 'NONE',  ( 79.59410233131794143, 67.47957885087137697, 6.111333586058948164 ) ) ;
#454 = DIRECTION ( 'NONE',  ( 0.000000000000000000, 1.000000000000000000, -0.000000000000000000 ) ) ;
#455 = CARTESIAN_POINT ( 'NONE',  ( 121.4566035791420973, 49.50717439632691708, 6.636718148061583555 ) ) ;
#456 = CARTESIAN_POINT ( 'NONE',  ( 111.8354420065090125, 32.25679491135444010, 1.777931659306505097 ) ) ;
#457 = CARTESIAN_POINT ( 'NONE',  ( 76.90026003331033166, 32.95436197196434591, 4.019484470355300765 ) ) ;
#458 = CARTESIAN_POINT ( 'NONE',  ( 102.9911523731224321, 73.49546089743755317, 7.090020846956569756 ) ) ;
#459 = CARTESIAN_POINT ( 'NONE',  ( 105.6985030940436729, 75.34124543334553437, 3.679436133564625955 ) ) ;
#460 = CARTESIAN_POINT ( 'NONE',  ( 103.5485893169914817, 79.58845031809117643, 4.348768268633188327 ) ) ;
#461 = CARTESIAN_POINT ( 'NONE',  ( 90.72619829581444151, 21.35348506990139583, 0.9999999999999981126 ) ) ;
#462 = CARTESIAN_POINT ( 'NONE',  ( 69.05551912204026621, 82.24080486882012053, 0.9607044938613442664 ) ) ;
#463 = CARTESIAN_POINT ( 'NONE',  ( 120.6343933329170568, 58.32569955545277196, 3.503715101190677306 ) ) ;
#464 = ORIENTED_EDGE ( 'NONE', *, *, #746, .T. ) ;
#465 = CARTESIAN_POINT ( 'NONE',  ( 107.8774608734341314, 25.16402146835031672, 0.7528535260721815892 ) ) ;
#466 = MECHANICAL_DESIGN_GEOMETRIC_PRESENTATION_REPRESENTATION (  '', ( #1208 ), #1944 ) ;
#467 = CARTESIAN_POINT ( 'NONE',  ( 91.20380337895831246, 76.84511328802342689, 3.434198504245910222 ) ) ;
#468 = CARTESIAN_POINT ( 'NONE',  ( 67.81285944488421080, 75.76691031481071548, 1.992780891226200835 ) ) ;
#469 = CARTESIAN_POINT ( 'NONE',  ( 103.9242329033186394, 30.46788637014482504, 7.000000000000000000 ) ) ;
#470 = CARTESIAN_POINT ( 'NONE',  ( 122.4051963599052044, 53.46380364049316825, 5.129679556613552016 ) ) ;
#471 = CARTESIAN_POINT ( 'NONE',  ( 74.01685532236180620, 35.29585258074185816, 1.741082494530663327 ) ) ;
#472 = CARTESIAN_POINT ( 'NONE',  ( 111.8405114829175062, 34.83553394199674358, 4.485070291718038504 ) ) ;
#473 = CARTESIAN_POINT ( 'NONE',  ( 82.38353547568891599, 29.17140442249526444, 3.998286228933767283 ) ) ;
#474 = DIRECTION ( 'NONE',  ( 0.000000000000000000, 0.000000000000000000, 1.000000000000000000 ) ) ;
#475 = CARTESIAN_POINT ( 'NONE',  ( 108.2942545551860576, 82.99783484210209394, 2.059388851148110433 ) ) ;
#476 = DIRECTION ( 'NONE',  ( -1.000000000000000000, 0.000000000000000000, 0.000000000000000000 ) ) ;
#477 = CARTESIAN_POINT ( 'NONE',  ( 72.76105886811761536, 84.94891388553875800, 0.9588068306919835804 ) ) ;
#478 = CARTESIAN_POINT ( 'NONE',  ( 114.4564319277974676, 30.16687309977761444, 0.9999999999999985567 ) ) ;
#479 = CARTESIAN_POINT ( 'NONE',  ( 92.91844237932822637, 84.08156071686234156, 1.000000000000000000 ) ) ;
#480 = CARTESIAN_POINT ( 'NONE',  ( 104.0908156971116796, 23.42546017490469978, 0.7846409553102360324 ) ) ;
#481 = DIRECTION ( 'NONE',  ( -0.000000000000000000, -0.000000000000000000, -1.000000000000000000 ) ) ;
#482 = CARTESIAN_POINT ( 'NONE',  ( 122.7239790179826144, 54.77020184026409311, 4.600898641366397257 ) ) ;
#483 = ADVANCED_FACE ( 'NONE', ( #562 ), #164, .T. ) ;
#484 = CARTESIAN_POINT ( 'NONE',  ( 111.3485458357872488, 34.80578956480745489, 4.937906608723295676 ) ) ;
#485 = CARTESIAN_POINT ( 'NONE',  ( 77.45372033190604100, 23.98779194184308849, 0.9094443444611995941 ) ) ;
#486 = CARTESIAN_POINT ( 'NONE',  ( 95.51325843387500925, 81.61875661622002553, 4.028286743697126582 ) ) ;
#487 = CARTESIAN_POINT ( 'NONE',  ( 110.0203181466896467, 76.78535817882288939, 4.318406074934142858 ) ) ;
#488 = CARTESIAN_POINT ( 'NONE',  ( 77.73098115949471776, 47.25085588825598393, 7.000000000000001776 ) ) ;
#489 = CARTESIAN_POINT ( 'NONE',  ( 82.55622483987421845, 74.69914923232900605, 5.078020678628440976 ) ) ;
#490 = CARTESIAN_POINT ( 'NONE',  ( 119.4411983111047846, 57.28085944107779426, 5.309706522701814535 ) ) ;
#491 = CARTESIAN_POINT ( 'NONE',  ( 110.4145111325815520, 84.27138294513289907, 1.000000000000001998 ) ) ;
#492 = CARTESIAN_POINT ( 'NONE',  ( 74.03042860615506982, 76.55705785497588067, 1.000000000000000222 ) ) ;
#493 = CARTESIAN_POINT ( 'NONE',  ( 98.65061683449675911, 21.82483705176057853, 0.8253393241131705693 ) ) ;
#494 = CARTESIAN_POINT ( 'NONE',  ( 95.53246564492967252, 72.97775426962515155, 5.143232937351270628 ) ) ;
#495 = ORIENTED_EDGE ( 'NONE', *, *, #449, .F. ) ;
#496 = CARTESIAN_POINT ( 'NONE',  ( 114.7866408320370795, 35.66521876616258169, 6.140594542924135091 ) ) ;
#497 = CARTESIAN_POINT ( 'NONE',  ( 107.2896847493946382, 32.37162761551057599, 4.835327682163067742 ) ) ;
#498 = CARTESIAN_POINT ( 'NONE',  ( 75.25092150677791381, 38.96101977820332962, 5.062467864025514963 ) ) ;
#499 = CARTESIAN_POINT ( 'NONE',  ( 88.69129049467261439, 90.19138576518172101, 0.9452898377358914805 ) ) ;
#500 = CARTESIAN_POINT ( 'NONE',  ( 109.3908649549434955, 74.62800332919603363, 5.454502128845272857 ) ) ;
#501 = CARTESIAN_POINT ( 'NONE',  ( 77.89139407073157884, 57.54347507456984800, 6.999999999999999112 ) ) ;
#502 = AXIS2_PLACEMENT_3D ( 'NONE', #2471, #1406, #565 ) ;
#503 = CARTESIAN_POINT ( 'NONE',  ( 119.4620856377353988, 53.40987808985346419, 6.359055594513056242 ) ) ;
#504 = CARTESIAN_POINT ( 'NONE',  ( 118.3002419008849984, 34.26098609745545076, 1.000000000000031974 ) ) ;
#505 = CARTESIAN_POINT ( 'NONE',  ( 91.46185349994553349, 84.00516811027495123, 0.9999999999999997780 ) ) ;
#506 = CARTESIAN_POINT ( 'NONE',  ( 96.60217298300429434, 77.52995236263527090, 3.444979422501509791 ) ) ;
#507 = ORIENTED_EDGE ( 'NONE', *, *, #2325, .T. ) ;
#508 = CARTESIAN_POINT ( 'NONE',  ( 119.3252204424934888, 41.58581236840669959, 6.066204512238458690 ) ) ;
#509 = VECTOR ( 'NONE', #1076, 1000.000000000000000 ) ;
#510 = CARTESIAN_POINT ( 'NONE',  ( 112.8329784708419794, 34.90254366401718045, 3.590273519400438040 ) ) ;
#511 = CARTESIAN_POINT ( 'NONE',  ( 93.11201043028043500, 78.65843165127505188, 5.064393811088088171 ) ) ;
#512 = CARTESIAN_POINT ( 'NONE',  ( 119.0343668346911841, 47.14778751016613256, 6.508644901337180322 ) ) ;
#513 = CARTESIAN_POINT ( 'NONE',  ( 115.2351576207536681, 70.28461237134060013, 5.398229145602604362 ) ) ;
#514 = CARTESIAN_POINT ( 'NONE',  ( 92.49599137183395214, 55.15951471132751749, 0.000000000000000000 ) ) ;
#515 = CARTESIAN_POINT ( 'NONE',  ( 109.2867196674939549, 71.56236205793679517, 7.000000000000007994 ) ) ;
#516 = CARTESIAN_POINT ( 'NONE',  ( 119.5667864833648935, 60.83414540427089889, 3.897183364374501302 ) ) ;
#517 = CARTESIAN_POINT ( 'NONE',  ( 118.9562403174440419, 76.16192947548192649, 0.9999999999999933387 ) ) ;
#518 = CARTESIAN_POINT ( 'NONE',  ( 65.06308988192829190, 47.56181113884007061, 1.000000000000000888 ) ) ;
#519 = CARTESIAN_POINT ( 'NONE',  ( 104.2119558141543081, 74.41271010875804848, 4.322772926493287926 ) ) ;
#520 = ORIENTED_EDGE ( 'NONE', *, *, #2483, .T. ) ;
#521 = VECTOR ( 'NONE', #481, 1000.000000000000000 ) ;
#522 = CARTESIAN_POINT ( 'NONE',  ( 117.9893768925823423, 38.93694875028950975, 5.560886687377511350 ) ) ;
#523 = CARTESIAN_POINT ( 'NONE',  ( 91.13342727605426319, 25.22827816554623581, 0.9999999999999993339 ) ) ;
#524 = CARTESIAN_POINT ( 'NONE',  ( 108.6477456807141095, 30.11029412106054792, 1.735294699592955681 ) ) ;
#525 = CARTESIAN_POINT ( 'NONE',  ( 89.07492421964558105, 31.78174979161099856, 4.349745959531800210 ) ) ;
#526 = CARTESIAN_POINT ( 'NONE',  ( 110.8766059379400133, 75.00307199819485504, 4.878881715839535893 ) ) ;
#527 = DIRECTION ( 'NONE',  ( -1.000000000000000000, 0.000000000000000000, 0.000000000000000000 ) ) ;
#528 = CARTESIAN_POINT ( 'NONE',  ( 118.1324802113028625, 64.06922395693048600, 3.842159570982776273 ) ) ;
#529 = CARTESIAN_POINT ( 'NONE',  ( 99.64394438257097875, 22.34600162883845442, 1.000000000000002665 ) ) ;
#530 = CARTESIAN_POINT ( 'NONE',  ( 77.83598230116599836, 79.50772366748391562, 0.9999999999999991118 ) ) ;
#531 = EDGE_CURVE ( 'NONE', #2224, #2491, #401, .T. ) ;
#532 = CARTESIAN_POINT ( 'NONE',  ( 87.65102391841973883, 83.83179840965290452, 0.8781705865119376897 ) ) ;
#533 = CIRCLE ( 'NONE', #2104, 20.00000000000000355 ) ;
#534 = AXIS2_PLACEMENT_3D ( 'NONE', #1374, #2232, #947 ) ;
#535 = ORIENTED_EDGE ( 'NONE', *, *, #828, .F. ) ;
#536 = CARTESIAN_POINT ( 'NONE',  ( 118.0375469918064653, 39.96462246883044855, 7.051602111544294615 ) ) ;
#537 = CARTESIAN_POINT ( 'NONE',  ( 93.06306160288082197, 25.12472409702228404, 1.000000000000000666 ) ) ;
#538 = CARTESIAN_POINT ( 'NONE',  ( 105.4288733335717296, 28.37888725110315136, 1.694125548227793709 ) ) ;
#539 = CARTESIAN_POINT ( 'NONE',  ( 91.72141316746747464, 29.40529381886102200, 3.521668761476365095 ) ) ;
#540 = CARTESIAN_POINT ( 'NONE',  ( 119.5652298800935398, 49.65203433429359592, 5.960550751420194970 ) ) ;
#541 = CARTESIAN_POINT ( 'NONE',  ( 114.3030750555965653, 76.06761414725765746, 3.161800394957060334 ) ) ;
#542 = CARTESIAN_POINT ( 'NONE',  ( 120.6769621134120314, 45.82337245184540819, 7.000000000000012434 ) ) ;
#543 = CARTESIAN_POINT ( 'NONE',  ( 75.24004720161057946, 53.15968994956629246, 4.274247028165249596 ) ) ;
#544 = CARTESIAN_POINT ( 'NONE',  ( 94.19033417765065508, 70.51731091792855466, 5.929363410312499916 ) ) ;
#545 = CARTESIAN_POINT ( 'NONE',  ( 100.3891173753250143, 73.18158022892916392, 5.157534490052022136 ) ) ;
#546 = EDGE_LOOP ( 'NONE', ( #1423, #1243, #2467, #193 ) ) ;
#547 = CARTESIAN_POINT ( 'NONE',  ( 123.0681880027241135, 41.29722506977680752, 0.6421560676224636888 ) ) ;
#548 = CYLINDRICAL_SURFACE ( 'NONE', #1936, 20.00000000000000355 ) ;
#549 = CARTESIAN_POINT ( 'NONE',  ( 60.52127615958690399, 51.40839175996099897, 1.989369885233374324 ) ) ;
#550 = CARTESIAN_POINT ( 'NONE',  ( 107.0460203181629453, 29.14109239000733709, 1.714362605031295228 ) ) ;
#551 = COLOUR_RGB ( '',0.7921568627450980005, 0.8196078431372548767, 0.9333333333333333481 ) ;
#552 = DIRECTION ( 'NONE',  ( 1.000000000000000000, 0.000000000000000000, 0.000000000000000000 ) ) ;
#553 = CARTESIAN_POINT ( 'NONE',  ( 121.4470647221271946, 51.55426505070720111, 6.999999999999857003 ) ) ;
#554 = CARTESIAN_POINT ( 'NONE',  ( 64.18652927973954547, 49.74143573969112708, 0.8693106953394583725 ) ) ;
#555 = CARTESIAN_POINT ( 'NONE',  ( 122.0000018179416799, 28.96559952297486618, 8.000000000000000000 ) ) ;
#556 = CARTESIAN_POINT ( 'NONE',  ( 91.46146605882175606, 28.01125560780844737, 5.003935435146170008 ) ) ;
#557 = CARTESIAN_POINT ( 'NONE',  ( 99.07272369749850327, 79.54546470586498685, 2.598561721102265132 ) ) ;
#558 = ORIENTED_EDGE ( 'NONE', *, *, #254, .F. ) ;
#559 = CARTESIAN_POINT ( 'NONE',  ( 111.3587358658178061, 33.24687678747671526, 6.744096813129226931 ) ) ;
#560 = CARTESIAN_POINT ( 'NONE',  ( 122.0000018179416799, 28.96559952297486618, -55.42914871850910430 ) ) ;
#561 = CARTESIAN_POINT ( 'NONE',  ( 65.80655910939063347, 37.09640276525043134, 1.976418390475479292 ) ) ;
#562 = FACE_OUTER_BOUND ( 'NONE', #1572, .T. ) ;
#563 = CARTESIAN_POINT ( 'NONE',  ( 107.7680545562411396, 28.52768271515597576, 0.8459623309354642462 ) ) ;
#564 = ADVANCED_FACE ( 'NONE', ( #2567 ), #441, .F. ) ;
#565 = DIRECTION ( 'NONE',  ( 1.000000000000000000, 0.000000000000000000, 0.000000000000000000 ) ) ;
#566 = CARTESIAN_POINT ( 'NONE',  ( 119.8152854577771507, 60.03124640559143188, 7.000000000000055067 ) ) ;
#567 = CARTESIAN_POINT ( 'NONE',  ( 69.71205661041275903, 51.45519729649585372, 2.571045766721785863 ) ) ;
#568 = CARTESIAN_POINT ( 'NONE',  ( 117.5376520504336924, 72.02804476737287587, 1.000000000000000888 ) ) ;
#569 = CARTESIAN_POINT ( 'NONE',  ( 89.78315452193925239, 68.46246901223261716, 5.939790466912414857 ) ) ;
#570 = PLANE ( 'NONE',  #244 ) ;
#571 = CARTESIAN_POINT ( 'NONE',  ( 61.76620265954531419, 73.37815244937284831, 1.000000000000000888 ) ) ;
#572 = ORIENTED_EDGE ( 'NONE', *, *, #531, .T. ) ;
#573 = CARTESIAN_POINT ( 'NONE',  ( 113.2320438556562863, 32.51343407249956385, 4.036368819226154869 ) ) ;
#574 = CARTESIAN_POINT ( 'NONE',  ( 68.34486371834564977, 38.80316904584610427, 3.007512970310476597 ) ) ;
#575 = CARTESIAN_POINT ( 'NONE',  ( 93.68089302856969880, 21.16270829251334717, 0.8568289842513147070 ) ) ;
#576 = CARTESIAN_POINT ( 'NONE',  ( 105.9255813744547794, 31.84153961010401090, 4.804360752840184823 ) ) ;
#577 = CARTESIAN_POINT ( 'NONE',  ( 90.02367032605100405, 34.79866274629954859, 6.056677332778847678 ) ) ;
#578 = CARTESIAN_POINT ( 'NONE',  ( 90.68551962862116511, 29.96451546521121756, 6.018321965485114333 ) ) ;
#579 = CARTESIAN_POINT ( 'NONE',  ( 72.40766761724687228, 54.31401747918967970, 3.421339326284562166 ) ) ;
#580 = CARTESIAN_POINT ( 'NONE',  ( 105.5950767852162073, 81.60770048091455919, 1.000000000000000888 ) ) ;
#581 = CARTESIAN_POINT ( 'NONE',  ( 114.2940016129732328, 67.81208658179066617, 4.641580355153353210 ) ) ;
#582 = CARTESIAN_POINT ( 'NONE',  ( 82.82712658026879637, 66.72732654592739721, 7.000000000000000888 ) ) ;
#583 = DIRECTION ( 'NONE',  ( 0.000000000000000000, 1.000000000000000000, -0.000000000000000000 ) ) ;
#584 = CARTESIAN_POINT ( 'NONE',  ( 61.23340552859885122, 39.01006418780258400, 0.9999999999999993339 ) ) ;
#585 = ORIENTED_EDGE ( 'NONE', *, *, #2649, .F. ) ;
#586 = CARTESIAN_POINT ( 'NONE',  ( 115.8397901355034065, 32.48744225282401743, 1.799680822125210522 ) ) ;
#587 = AXIS2_PLACEMENT_3D ( 'NONE', #1831, #2061, #1032 ) ;
#588 = CARTESIAN_POINT ( 'NONE',  ( 86.07832225652623492, 68.87018017246818147, 5.127682941645815617 ) ) ;
#589 = CARTESIAN_POINT ( 'NONE',  ( 92.62574884732518399, 30.31762528934908474, 6.558149396464092007 ) ) ;
#590 = CARTESIAN_POINT ( 'NONE',  ( 99.24421195769481585, 26.51192152204465202, 1.627252266062950925 ) ) ;
#591 = CARTESIAN_POINT ( 'NONE',  ( 118.4358243352858437, 71.44506420767693555, 3.120088621412098195 ) ) ;
#592 = CARTESIAN_POINT ( 'NONE',  ( 84.42487080517925335, 26.41640795482035031, 0.9336140522966528410 ) ) ;
#593 = CARTESIAN_POINT ( 'NONE',  ( 116.0423060246179290, 40.34596449226959436, 6.009182732289160889 ) ) ;
#594 = CARTESIAN_POINT ( 'NONE',  ( 86.39274125558675621, 34.39982601937582274, 7.081977907748903789 ) ) ;
#595 = CARTESIAN_POINT ( 'NONE',  ( 67.81857552967426273, 46.12082860371067738, 1.723454847064382012 ) ) ;
#596 = CARTESIAN_POINT ( 'NONE',  ( 123.0640052397482265, 55.38752174889624058, 0.9999999999999811262 ) ) ;
#597 = CARTESIAN_POINT ( 'NONE',  ( 105.4605787518935642, 78.43270028277973438, 2.375705678549490774 ) ) ;
#598 = CARTESIAN_POINT ( 'NONE',  ( 91.93493989922785659, 69.61584591972113856, 5.935296132907009969 ) ) ;
#599 = CARTESIAN_POINT ( 'NONE',  ( 124.4030489530012176, 55.15951471132752459, 1.000000000000000000 ) ) ;
#600 = CARTESIAN_POINT ( 'NONE',  ( 58.14227853946328395, 65.17921508247744100, 0.9999999999999991118 ) ) ;
#601 = EDGE_CURVE ( 'NONE', #2076, #2441, #533, .T. ) ;
#602 = ORIENTED_EDGE ( 'NONE', *, *, #971, .F. ) ;
#603 = CARTESIAN_POINT ( 'NONE',  ( 107.8465384554967841, 31.84968056050762542, 7.363369211192479113 ) ) ;
#604 = CARTESIAN_POINT ( 'NONE',  ( 89.32898762259125647, 68.06838592071154892, 5.985894001042836976 ) ) ;
#605 = CARTESIAN_POINT ( 'NONE',  ( 68.80587523896149094, 62.33754031875763246, 4.053140570662549180 ) ) ;
#606 = CARTESIAN_POINT ( 'NONE',  ( 90.91785879189357900, 23.03605592323201634, 2.013143720452285290 ) ) ;
#607 = CARTESIAN_POINT ( 'NONE',  ( 96.21862940463054770, 27.32424407066719496, 2.464930422210309224 ) ) ;
#608 = CARTESIAN_POINT ( 'NONE',  ( 118.4559123823756153, 61.97353924879393361, 7.477933307723289680 ) ) ;
#609 = CARTESIAN_POINT ( 'NONE',  ( 82.34407175974419602, 29.13764127992266495, 1.770894761537895379 ) ) ;
#610 = CARTESIAN_POINT ( 'NONE',  ( 118.7041808104368670, 40.29999242873161336, 1.851482251012796176 ) ) ;
#611 = CARTESIAN_POINT ( 'NONE',  ( 90.40699522937728716, 28.19865685678604450, 4.987995762458743876 ) ) ;
#612 = CARTESIAN_POINT ( 'NONE',  ( 119.9743214811042265, 67.89996974702397381, 1.000000000000001110 ) ) ;
#613 = CARTESIAN_POINT ( 'NONE',  ( 111.8410155548863685, 68.37325390802128311, 5.482464161993605423 ) ) ;
#614 = CARTESIAN_POINT ( 'NONE',  ( 108.7700303849695729, 71.54446433403384731, 7.151987880858860613 ) ) ;
#615 = CARTESIAN_POINT ( 'NONE',  ( 117.8142909845297481, 61.31919754493672770, 5.428006734172488912 ) ) ;
#616 = CARTESIAN_POINT ( 'NONE',  ( 67.37262565364962086, 31.02615139807759448, 0.9999999999999985567 ) ) ;
#617 = ORIENTED_EDGE ( 'NONE', *, *, #601, .T. ) ;
#618 = CARTESIAN_POINT ( 'NONE',  ( 107.6527775099226716, 31.00941713234674424, 6.313684186386637087 ) ) ;
#619 = ADVANCED_FACE ( 'NONE', ( #1756 ), #2597, .F. ) ;
#620 = CARTESIAN_POINT ( 'NONE',  ( 77.72269851420082887, 72.65802461560166137, 2.568655431707931314 ) ) ;
#621 = CARTESIAN_POINT ( 'NONE',  ( 76.53505715038849644, 62.58750361867794254, 6.112146719701701869 ) ) ;
#622 = CARTESIAN_POINT ( 'NONE',  ( 93.58224527635729828, 30.94010152098941901, 7.115360698333484279 ) ) ;
#623 = CARTESIAN_POINT ( 'NONE',  ( 95.90148855056249033, 30.41040128515006558, 4.630206561833539070 ) ) ;
#624 = CARTESIAN_POINT ( 'NONE',  ( 119.1758369383387475, 60.77039194750384610, 7.440066227497544205 ) ) ;
#625 = CARTESIAN_POINT ( 'NONE',  ( 75.36549789767992991, 34.01485421789157471, 1.745354128055803145 ) ) ;
#626 = CARTESIAN_POINT ( 'NONE',  ( 123.2578332052069356, 55.15462479198962598, 0.8978068671590180294 ) ) ;
#627 = CARTESIAN_POINT ( 'NONE',  ( 76.07963280856139932, 58.75980960486772631, 4.271670068178837099 ) ) ;
#628 = CARTESIAN_POINT ( 'NONE',  ( 116.8603453064425537, 36.58142042745350153, 0.9999999999999947820 ) ) ;
#629 = CARTESIAN_POINT ( 'NONE',  ( 105.2825374890704211, 82.62952265030980925, 0.6458264091551900732 ) ) ;
#630 = CARTESIAN_POINT ( 'NONE',  ( 106.5289873437855448, 73.57260871372209010, 6.603206771708405753 ) ) ;
#631 = CARTESIAN_POINT ( 'NONE',  ( 80.45104772798919157, 49.56773279491302020, 5.941302392823029521 ) ) ;
#632 = CARTESIAN_POINT ( 'NONE',  ( 56.92087017457306786, 57.39033606202289661, 1.000000000000000000 ) ) ;
#633 = CARTESIAN_POINT ( 'NONE',  ( 103.9047012573505526, 87.69820350848679880, 0.9999999999999922284 ) ) ;
#634 = CARTESIAN_POINT ( 'NONE',  ( 103.7737648272070459, 29.29990892860540797, 5.844629684106774192 ) ) ;
#635 = CARTESIAN_POINT ( 'NONE',  ( 70.52941437151268644, 68.41879389985635385, 1.715258271061435025 ) ) ;
#636 = CARTESIAN_POINT ( 'NONE',  ( 60.46118229996846338, 56.76986040111840737, 1.991513198559071496 ) ) ;
#637 = CARTESIAN_POINT ( 'NONE',  ( 120.2891054236075234, 56.16240974517256745, 4.431456243290321950 ) ) ;
#638 = PLANE ( 'NONE',  #1469 ) ;
#639 = CARTESIAN_POINT ( 'NONE',  ( 93.90934291976276427, 32.71807622019829154, 5.908515415809466376 ) ) ;
#640 = CIRCLE ( 'NONE', #1433, 20.00000000000000355 ) ;
#641 = CARTESIAN_POINT ( 'NONE',  ( 123.6934683515470397, 58.67384744346114189, 2.987729076314304510 ) ) ;
#642 = CARTESIAN_POINT ( 'NONE',  ( 86.03569156611945346, 33.33074728945882725, 4.329149866230848964 ) ) ;
#643 = CARTESIAN_POINT ( 'NONE',  ( 119.6465462909245616, 46.90210982048103716, 4.571313715786830656 ) ) ;
#644 = PLANE ( 'NONE',  #1504 ) ;
#645 = CARTESIAN_POINT ( 'NONE',  ( 101.8076215310974391, 79.63212110913165986, 2.362500409202163087 ) ) ;
#646 = CARTESIAN_POINT ( 'NONE',  ( 109.5108331556691326, 78.25977008682325220, 1.530324643655570194 ) ) ;
#647 = CARTESIAN_POINT ( 'NONE',  ( 97.20781659874384673, 86.69836568000454236, 2.090565154973770490 ) ) ;
#648 = CARTESIAN_POINT ( 'NONE',  ( 116.0173921198872904, 63.98043608336562471, 5.591081256034772906 ) ) ;
#649 = CARTESIAN_POINT ( 'NONE',  ( 118.5574235437429422, 44.22213988109868410, 4.999999999999998224 ) ) ;
#650 = CARTESIAN_POINT ( 'NONE',  ( 98.30302646569478497, 23.35815993613716302, 1.964671030697482612 ) ) ;
#651 = CARTESIAN_POINT ( 'NONE',  ( 77.74356441291172359, 79.90122550555405212, 0.8688048021548167021 ) ) ;
#652 = CARTESIAN_POINT ( 'NONE',  ( 86.09520412015292834, 69.26604561196681686, 7.134095082688483025 ) ) ;
#653 = DIRECTION ( 'NONE',  ( 1.000000000000000000, 0.000000000000000000, 0.000000000000000000 ) ) ;
#654 = CARTESIAN_POINT ( 'NONE',  ( 122.0682846238035495, 50.16545812026629392, 5.605544829386442274 ) ) ;
#655 = CARTESIAN_POINT ( 'NONE',  ( 86.81546014932872879, 34.91670488897844393, 5.180743163329156964 ) ) ;
#656 = CARTESIAN_POINT ( 'NONE',  ( 117.7773499362032510, 43.20952713257594979, 6.034185386017302477 ) ) ;
#657 = EDGE_CURVE ( 'NONE', #1833, #751, #2470, .T. ) ;
#658 = CARTESIAN_POINT ( 'NONE',  ( 74.33406685770562206, 40.59237310821621492, 5.065601611101958390 ) ) ;
#659 = CARTESIAN_POINT ( 'NONE',  ( 79.72452338863877230, 60.83118983432047600, 5.123828797216374298 ) ) ;
#660 = CARTESIAN_POINT ( 'NONE',  ( 107.4686379395369471, 71.86496739338247153, 4.995313559704859685 ) ) ;
#661 = AXIS2_PLACEMENT_3D ( 'NONE', #1478, #1027, #203 ) ;
#662 = CARTESIAN_POINT ( 'NONE',  ( 108.2530323606987963, 74.04827362495220200, 6.025588449650619793 ) ) ;
#663 = CARTESIAN_POINT ( 'NONE',  ( 95.76178917165968585, 32.01016141869474296, 5.753587553767955498 ) ) ;
#664 = CARTESIAN_POINT ( 'NONE',  ( 90.19426057194024793, 78.03235967487415792, 5.069056685344409452 ) ) ;
#665 = ORIENTED_EDGE ( 'NONE', *, *, #86, .F. ) ;
#666 = CARTESIAN_POINT ( 'NONE',  ( 105.1906402136790177, 25.35840118303385893, 1.905637810879916128 ) ) ;
#667 = CARTESIAN_POINT ( 'NONE',  ( 62.34614352266642356, 74.74940306002004320, 0.9629736508476065548 ) ) ;
#668 = DIRECTION ( 'NONE',  ( 1.000000000000000000, 0.000000000000000000, 0.000000000000000000 ) ) ;
#669 = CARTESIAN_POINT ( 'NONE',  ( 121.4466896199268149, 51.61443156896584128, 7.160280327152575452 ) ) ;
#670 = CARTESIAN_POINT ( 'NONE',  ( 110.2494710432652880, 31.07949585211375521, 1.756226794154616577 ) ) ;
#671 = CARTESIAN_POINT ( 'NONE',  ( 73.57295989162435035, 29.00853138427105904, 1.956999032560371665 ) ) ;
#672 = CARTESIAN_POINT ( 'NONE',  ( 89.88530867669418001, 87.19801118783988159, 1.975600075769407438 ) ) ;
#673 = CARTESIAN_POINT ( 'NONE',  ( 101.2057881925048122, 81.88110916861879218, 1.497042500935540144 ) ) ;
#674 = CARTESIAN_POINT ( 'NONE',  ( 80.38229331267332611, 51.88699077075077781, 5.944029274450748801 ) ) ;
#675 = CARTESIAN_POINT ( 'NONE',  ( 80.74345912316844931, 47.66829965705312588, 5.937980765039495346 ) ) ;
#676 = CARTESIAN_POINT ( 'NONE',  ( 81.95425642670568323, 78.16689261783542975, 4.046911516226825434 ) ) ;
#677 = CARTESIAN_POINT ( 'NONE',  ( 109.7908165269168563, 33.86326581531499613, 5.000000000000000000 ) ) ;
#678 = CARTESIAN_POINT ( 'NONE',  ( 101.6549211214720145, 27.62344429471909280, 4.760265002654035627 ) ) ;
#679 = CARTESIAN_POINT ( 'NONE',  ( 91.25596969493658150, 74.37450243103407388, 4.284377710154121388 ) ) ;
#680 = CARTESIAN_POINT ( 'NONE',  ( 81.07436569287844463, 73.56175694086307715, 5.079202607116340751 ) ) ;
#681 = PLANE ( 'NONE',  #168 ) ;
#682 = CARTESIAN_POINT ( 'NONE',  ( 121.8776800278210715, 56.07866117315533216, 5.705715007639284408 ) ) ;
#683 = CARTESIAN_POINT ( 'NONE',  ( 108.2218596657750425, 33.18294417131505014, 5.316392327670823370 ) ) ;
#684 = CARTESIAN_POINT ( 'NONE',  ( 83.36350867305007739, 33.91827987954236789, 6.065982817638870372 ) ) ;
#685 = CARTESIAN_POINT ( 'NONE',  ( 98.85978066789834884, 76.26509320241781609, 6.083796339542773879 ) ) ;
#686 = CARTESIAN_POINT ( 'NONE',  ( 113.4124097004309561, 68.68403760577807304, 7.097380125684946250 ) ) ;
#687 = CARTESIAN_POINT ( 'NONE',  ( 78.18206400897614117, 58.54086001147760498, 7.000000000000000000 ) ) ;
#688 = CARTESIAN_POINT ( 'NONE',  ( 85.63855592371157854, 76.36163038447634221, 5.074900705512665589 ) ) ;
#689 = CARTESIAN_POINT ( 'NONE',  ( 119.7625430238593083, 51.29803652161505312, 5.925972256291844431 ) ) ;
#690 = CARTESIAN_POINT ( 'NONE',  ( 124.4600358085670564, 46.21755327738608798, 0.9999999999999787947 ) ) ;
#691 = CARTESIAN_POINT ( 'NONE',  ( 97.01078498740503164, 30.32845799181392010, 4.644126929510761670 ) ) ;
#692 = CARTESIAN_POINT ( 'NONE',  ( 108.8042676044547648, 27.02470629667677571, 1.870474250046954889 ) ) ;
#693 = ADVANCED_FACE ( 'NONE', ( #1741 ), #638, .T. ) ;
#694 = DIRECTION ( 'NONE',  ( 0.000000000000000000, 0.000000000000000000, -1.000000000000000000 ) ) ;
#695 = CARTESIAN_POINT ( 'NONE',  ( 125.1011153713833863, 55.96170363576705142, 1.832444394271844468 ) ) ;
#696 = CARTESIAN_POINT ( 'NONE',  ( 115.2047951708532736, 36.42775748080610043, 2.718257655450263321 ) ) ;
#697 = CARTESIAN_POINT ( 'NONE',  ( 122.4646614338780779, 55.88778764089669693, 1.767156698632059708 ) ) ;
#698 = CARTESIAN_POINT ( 'NONE',  ( 76.30714627193833621, 37.49875461240573316, 5.058813959800887439 ) ) ;
#699 = CARTESIAN_POINT ( 'NONE',  ( 94.10656111991437456, 84.46812480788938160, 3.001251156923007812 ) ) ;
#700 = CARTESIAN_POINT ( 'NONE',  ( 106.0537382839102207, 78.75794305881649393, 4.339068048484326923 ) ) ;
#701 = DIRECTION ( 'NONE',  ( -1.000000000000000000, 0.000000000000000000, 0.000000000000000000 ) ) ;
#702 = CARTESIAN_POINT ( 'NONE',  ( 88.35190959192870253, 80.76704772100087837, 4.040048069112493145 ) ) ;
#703 = CARTESIAN_POINT ( 'NONE',  ( 114.4161559650953137, 72.25258146937783010, 2.437624685787223466 ) ) ;
#704 = ORIENTED_EDGE ( 'NONE', *, *, #1434, .F. ) ;
#705 = CARTESIAN_POINT ( 'NONE',  ( 118.5943393418945817, 71.17324572648817593, 0.7412751237680158534 ) ) ;
#706 = CARTESIAN_POINT ( 'NONE',  ( 101.8343800553294329, 22.94784825946861417, 0.9999999999999976685 ) ) ;
#707 = CARTESIAN_POINT ( 'NONE',  ( 80.94008682305687330, 27.98628758659658544, 1.000000000000000888 ) ) ;
#708 = CARTESIAN_POINT ( 'NONE',  ( 94.49943513547954410, 31.54551300568301286, 7.667400051674908568 ) ) ;
#709 = CARTESIAN_POINT ( 'NONE',  ( 74.39199275455318627, 77.57133384273154775, 0.8666381924220141197 ) ) ;
#710 = VERTEX_POINT ( 'NONE', #1517 ) ;
#711 = CARTESIAN_POINT ( 'NONE',  ( 123.9069856634828568, 51.27421275733512118, 2.917331534548187388 ) ) ;
#712 = CARTESIAN_POINT ( 'NONE',  ( 111.4255484233042068, 33.80703320400056811, 3.564076683615044594 ) ) ;
#713 = CARTESIAN_POINT ( 'NONE',  ( 121.0920962190643024, 52.35884406434467309, 3.595543406724275748 ) ) ;
#714 = CARTESIAN_POINT ( 'NONE',  ( 70.28714004083575162, 31.77338766371734380, 1.965794178623893718 ) ) ;
#715 = CARTESIAN_POINT ( 'NONE',  ( 94.47297627617416538, 78.77906098193815865, 5.061768750769267022 ) ) ;
#716 = CARTESIAN_POINT ( 'NONE',  ( 104.9241388010002680, 87.49147919370071236, 0.9331987915017995183 ) ) ;
#717 = LINE ( 'NONE', #1383, #2405 ) ;
#718 = CARTESIAN_POINT ( 'NONE',  ( 69.44140513550784988, 77.45573464520145990, 1.992113380460432071 ) ) ;
#719 = PRODUCT_DEFINITION_CONTEXT ( 'detailed design', #1290, 'design' ) ;
#720 = B_SPLINE_CURVE_WITH_KNOTS ( 'NONE', 3,
 ( #2616, #1777, #1165, #2435 ),
 .UNSPECIFIED., .F., .F.,
 ( 4, 4 ),
 ( 0.05485989436903749433, 0.8569638343414082149 ),
 .UNSPECIFIED. ) ;
#721 = ORIENTED_EDGE ( 'NONE', *, *, #828, .T. ) ;
#722 = CARTESIAN_POINT ( 'NONE',  ( 120.9758931351651512, 60.49228186359081860, 2.583080049085642926 ) ) ;
#723 = CARTESIAN_POINT ( 'NONE',  ( 119.3302244531738268, 35.61832785050886940, 1.000000000000017097 ) ) ;
#724 = CARTESIAN_POINT ( 'NONE',  ( 64.76335800576198665, 48.98881829655383768, 1.000000000000000666 ) ) ;
#725 = CARTESIAN_POINT ( 'NONE',  ( 92.75651277612695367, 79.58225433475705302, 2.585212772497973877 ) ) ;
#726 = ORIENTED_EDGE ( 'NONE', *, *, #2234, .F. ) ;
#727 = CARTESIAN_POINT ( 'NONE',  ( 126.0380963915491748, 55.25899434668321675, 0.6985211170315160922 ) ) ;
#728 = CARTESIAN_POINT ( 'NONE',  ( 113.1567244732141120, 35.96826993660563687, 4.515976905002316855 ) ) ;
#729 = CARTESIAN_POINT ( 'NONE',  ( 98.05038618997019739, 81.51652123914617221, 4.022819064861017146 ) ) ;
#730 = CARTESIAN_POINT ( 'NONE',  ( 117.0892099147683467, 64.95681709025700457, 7.017729318273729255 ) ) ;
#731 = DIRECTION ( 'NONE',  ( 0.000000000000000000, -1.000000000000000000, 0.000000000000000000 ) ) ;
#732 = AXIS2_PLACEMENT_3D ( 'NONE', #2010, #941, #2658 ) ;
#733 = CARTESIAN_POINT ( 'NONE',  ( 120.3143643762042103, 58.67542732851639897, 7.000000000000056843 ) ) ;
#734 = CARTESIAN_POINT ( 'NONE',  ( 115.0878457904914001, 69.57495513289295275, 3.329698939445734140 ) ) ;
#735 = CARTESIAN_POINT ( 'NONE',  ( 113.6094418792513494, 29.42974851121338631, 1.000000000000006883 ) ) ;
#736 = DIRECTION ( 'NONE',  ( -0.000000000000000000, -0.000000000000000000, -1.000000000000000000 ) ) ;
#737 = CARTESIAN_POINT ( 'NONE',  ( 100.2007159381634835, 75.22542174772944179, 4.306209704125214977 ) ) ;
#738 = ORIENTED_EDGE ( 'NONE', *, *, #2366, .F. ) ;
#739 = CARTESIAN_POINT ( 'NONE',  ( 118.9734730788712511, 40.66214844038476173, 5.554798522450890452 ) ) ;
#740 = AXIS2_PLACEMENT_3D ( 'NONE', #390, #191, #342 ) ;
#741 = CARTESIAN_POINT ( 'NONE',  ( 117.0224672080641426, 61.54967603690541011, 6.096763099630864602 ) ) ;
#742 = CARTESIAN_POINT ( 'NONE',  ( 101.1206020802658543, 25.77396477388408869, 0.7767005764596115469 ) ) ;
#743 = LINE ( 'NONE', #955, #1711 ) ;
#744 = CARTESIAN_POINT ( 'NONE',  ( 108.6761547429635897, 77.53709046347111666, 4.326158194983513283 ) ) ;
#745 = CARTESIAN_POINT ( 'NONE',  ( 106.5891745440093530, 32.45601990726149921, 5.249764121528762928 ) ) ;
#746 = EDGE_CURVE ( 'NONE', #324, #1586, #2388, .T. ) ;
#747 = CARTESIAN_POINT ( 'NONE',  ( 110.1960792743701063, 70.39317534404183618, 5.020814106669537757 ) ) ;
#748 = CARTESIAN_POINT ( 'NONE',  ( 125.4704963481789122, 50.60765249718804171, 1.000000000000004885 ) ) ;
#749 = CARTESIAN_POINT ( 'NONE',  ( 79.94645351550535395, 80.66890092313018101, 0.9999999999999986677 ) ) ;
#750 = CARTESIAN_POINT ( 'NONE',  ( 102.5674524195863171, 72.94558088790795125, 5.165987469636532659 ) ) ;
#751 = VERTEX_POINT ( 'NONE', #59 ) ;
#752 = CIRCLE ( 'NONE', #2714, 31.90705758116726898 ) ;
#753 = CARTESIAN_POINT ( 'NONE',  ( 124.9694120076063513, 53.27066775045119584, 1.811918960033338077 ) ) ;
#754 = CARTESIAN_POINT ( 'NONE',  ( 98.48441102486799537, 29.24720549170191575, 3.792417965101013255 ) ) ;
#755 = CARTESIAN_POINT ( 'NONE',  ( 87.52808829018157155, 30.64966224665606020, 3.491376474798801866 ) ) ;
#756 = CARTESIAN_POINT ( 'NONE',  ( 120.8028742717160213, 70.88635759080224830, 1.965582523581557384 ) ) ;
#757 = CARTESIAN_POINT ( 'NONE',  ( 121.3113032314945201, 54.43766525015354318, 6.999999999999965361 ) ) ;
#758 = CARTESIAN_POINT ( 'NONE',  ( 78.54069523024371335, 57.49110398411100675, 5.124425318197521229 ) ) ;
#759 = CARTESIAN_POINT ( 'NONE',  ( 105.9039298798845010, 76.25450864217563662, 3.246877234346980945 ) ) ;
#760 = CARTESIAN_POINT ( 'NONE',  ( 106.1757166519070665, 70.64270840712495669, 5.861198869032078207 ) ) ;
#761 = CARTESIAN_POINT ( 'NONE',  ( 94.37475080743180911, 84.09796291009283209, 1.000000000000000666 ) ) ;
#762 = CARTESIAN_POINT ( 'NONE',  ( 91.37036654763619481, 79.42554862626259649, 2.582870482596603789 ) ) ;
#763 = AXIS2_PLACEMENT_3D ( 'NONE', #2155, #1941, #1052 ) ;
#764 = CIRCLE ( 'NONE', #1112, 20.00000000000000355 ) ;
#765 = ORIENTED_EDGE ( 'NONE', *, *, #2325, .F. ) ;
#766 = CARTESIAN_POINT ( 'NONE',  ( 120.2943057133291660, 39.58261683479145177, 2.872670826527682131 ) ) ;
#767 = DIRECTION ( 'NONE',  ( 1.000000000000000000, 0.000000000000000000, -0.000000000000000000 ) ) ;
#768 = CARTESIAN_POINT ( 'NONE',  ( 75.95135884458306919, 43.93728683791219680, 6.098988626929315870 ) ) ;
#769 = CARTESIAN_POINT ( 'NONE',  ( 102.2883978901137851, 32.04907237797283415, 6.066541807035068956 ) ) ;
#770 = CARTESIAN_POINT ( 'NONE',  ( 87.68467491490305576, 27.24234513481047415, 1.797406459534930168 ) ) ;
#771 = CARTESIAN_POINT ( 'NONE',  ( 80.50189898218118856, 53.24744828511024508, 5.981551519117163984 ) ) ;
#772 = CARTESIAN_POINT ( 'NONE',  ( 88.44993456501096318, 67.55357213511044279, 5.942273496003690703 ) ) ;
#773 = CARTESIAN_POINT ( 'NONE',  ( 96.05555422753971584, 84.28872977199208094, 0.8912867330689585588 ) ) ;
#774 = EDGE_LOOP ( 'NONE', ( #1159, #2481 ) ) ;
#775 = CARTESIAN_POINT ( 'NONE',  ( 110.6050293026193430, 28.20350347256573897, 1.852043205836954476 ) ) ;
#776 = ADVANCED_FACE ( 'NONE', ( #1325, #1310 ), #681, .T. ) ;
#777 = CARTESIAN_POINT ( 'NONE',  ( 60.55769664340544978, 39.98307049550538750, 0.9506653034075124298 ) ) ;
#778 = DIRECTION ( 'NONE',  ( 1.000000000000000000, 0.000000000000000000, 0.000000000000000000 ) ) ;
#779 = CARTESIAN_POINT ( 'NONE',  ( 100.3845396610533811, 30.93134303827319087, 5.134220280045438400 ) ) ;
#780 = DIRECTION ( 'NONE',  ( -0.000000000000000000, -0.000000000000000000, 1.000000000000000000 ) ) ;
#781 = CARTESIAN_POINT ( 'NONE',  ( 76.74803837417776720, 44.30354128997052499, 4.283935732320382606 ) ) ;
#782 = CARTESIAN_POINT ( 'NONE',  ( 122.9597355689072629, 57.31731455399503972, 1.000000000000007550 ) ) ;
#783 = CARTESIAN_POINT ( 'NONE',  ( 79.93119449028287704, 62.74277793435122419, 7.000000000000000888 ) ) ;
#784 = CARTESIAN_POINT ( 'NONE',  ( 129.2987054580080439, 55.00000000000542144, 0.000000000000000000 ) ) ;
#785 = CARTESIAN_POINT ( 'NONE',  ( 88.46387065024131857, 21.45145216560968393, 0.9999999999999974465 ) ) ;
#786 = ORIENTED_EDGE ( 'NONE', *, *, #1269, .T. ) ;
#787 = CARTESIAN_POINT ( 'NONE',  ( 111.6895820592987008, 27.60780635571843078, 0.7188642607851580824 ) ) ;
#788 = DIRECTION ( 'NONE',  ( 1.000000000000000000, 0.000000000000000000, 0.000000000000000000 ) ) ;
#789 = CARTESIAN_POINT ( 'NONE',  ( 68.46489924725010212, 46.50094155805302876, 4.045406945445676250 ) ) ;
#790 = CARTESIAN_POINT ( 'NONE',  ( 92.69852230549363981, 32.16458157134168516, 7.690932511173238062 ) ) ;
#791 = CARTESIAN_POINT ( 'NONE',  ( 103.2124798111056805, 30.94241385594809657, 4.745752997445783272 ) ) ;
#792 = CARTESIAN_POINT ( 'NONE',  ( 88.25203868687445663, 33.11556331510320916, 7.068466811751376255 ) ) ;
#793 = CARTESIAN_POINT ( 'NONE',  ( 74.63910022687484513, 42.91976189402607389, 3.432706051186402263 ) ) ;
#794 = CARTESIAN_POINT ( 'NONE',  ( 108.1927602477554160, 80.30604574965745712, 0.9999999999999995559 ) ) ;
#795 = CARTESIAN_POINT ( 'NONE',  ( 114.7617007256038590, 66.44989002056716743, 5.094548689338167513 ) ) ;
#796 = CARTESIAN_POINT ( 'NONE',  ( 92.67844877486390942, 69.94400021994621852, 5.933452983398946223 ) ) ;
#797 = CARTESIAN_POINT ( 'NONE',  ( 91.13342727605426319, 25.22827816554623581, 0.9999999999999993339 ) ) ;
#798 = CARTESIAN_POINT ( 'NONE',  ( 89.52776027174371620, 90.06116339556125183, 1.000000000000000666 ) ) ;
#799 = ORIENTED_EDGE ( 'NONE', *, *, #2448, .T. ) ;
#800 = CARTESIAN_POINT ( 'NONE',  ( 117.4987808122916704, 34.16915750101290428, 1.784310844712162947 ) ) ;
#801 = CARTESIAN_POINT ( 'NONE',  ( 69.79664077764195440, 72.78895739842916157, 0.8645709910158787537 ) ) ;
#802 = CARTESIAN_POINT ( 'NONE',  ( 78.48100052331409415, 45.65882869368237351, 7.127296338532125297 ) ) ;
#803 = CARTESIAN_POINT ( 'NONE',  ( 91.43492443707897621, 27.77395481612621708, 4.861099930697589500 ) ) ;
#804 = CARTESIAN_POINT ( 'NONE',  ( 97.54359433826601844, 27.40328817196489908, 2.477417397317284831 ) ) ;
#805 = CARTESIAN_POINT ( 'NONE',  ( 116.5859728825898856, 71.25404425112718343, 4.258211746919941199 ) ) ;
#806 = CARTESIAN_POINT ( 'NONE',  ( 80.90589499632264392, 37.55002969608708696, 4.301859722076962989 ) ) ;
#807 = CARTESIAN_POINT ( 'NONE',  ( 116.1251742480112483, 39.71085813576473100, 5.049402339757812719 ) ) ;
#808 = CARTESIAN_POINT ( 'NONE',  ( 85.51255080751830917, 32.44369896949476129, 6.053894875254495211 ) ) ;
#809 = CARTESIAN_POINT ( 'NONE',  ( 71.65903079804121489, 43.34161311059865795, 2.578763572019830086 ) ) ;
#810 = CARTESIAN_POINT ( 'NONE',  ( 121.3118825578088575, 44.52232991724934408, 0.9999999999999878986 ) ) ;
#811 = CARTESIAN_POINT ( 'NONE',  ( 115.6225346425802769, 65.40371961000218448, 5.115635449182373229 ) ) ;
#812 = CARTESIAN_POINT ( 'NONE',  ( 92.77535144208557938, 73.09849906871941982, 7.000000000000001776 ) ) ;
#813 = CARTESIAN_POINT ( 'NONE',  ( 106.6260919603301289, 72.70328707341545282, 6.999999999999984013 ) ) ;
#814 = CARTESIAN_POINT ( 'NONE',  ( 56.99312225646475127, 58.50781767989563775, 0.9999999999999991118 ) ) ;
#815 = EDGE_LOOP ( 'NONE', ( #1452, #799, #665, #1665, #507, #1634 ) ) ;
#816 = CARTESIAN_POINT ( 'NONE',  ( 112.7669900936376024, 34.18690085532397660, 6.701854483562040166 ) ) ;
#817 = CARTESIAN_POINT ( 'NONE',  ( 75.05662610115412292, 64.07956980862850571, 3.419016391451144887 ) ) ;
#818 = CARTESIAN_POINT ( 'NONE',  ( 64.37695571520762883, 49.88582471881320402, 3.018506430913530547 ) ) ;
#819 = CARTESIAN_POINT ( 'NONE',  ( 94.72735528748904699, 28.99161467159390426, 5.968816767862946904 ) ) ;
#820 = CARTESIAN_POINT ( 'NONE',  ( 97.99200844777699615, 25.06383079269399161, 0.7492306558830592600 ) ) ;
#821 = CARTESIAN_POINT ( 'NONE',  ( 118.2738361609749091, 64.27411840906724194, 6.433605137085661951 ) ) ;
#822 = CARTESIAN_POINT ( 'NONE',  ( 79.04677654207675630, 39.94742273099752339, 4.293631896403430126 ) ) ;
#823 = CARTESIAN_POINT ( 'NONE',  ( 114.5940593341765208, 38.62400649498439265, 6.478389626470053564 ) ) ;
#824 = CARTESIAN_POINT ( 'NONE',  ( 88.52062944620334406, 24.88442925877021139, 2.933503917726970833 ) ) ;
#825 = CARTESIAN_POINT ( 'NONE',  ( 67.20357930309133110, 59.85580815180483683, 1.715943610950940279 ) ) ;
#826 = CARTESIAN_POINT ( 'NONE',  ( 104.3772098730436966, 27.11146469826093508, 0.9999999999999986677 ) ) ;
#827 = CARTESIAN_POINT ( 'NONE',  ( 112.5492188272242942, 67.01784890299904873, 5.943942859739220985 ) ) ;
#828 = EDGE_CURVE ( 'NONE', #860, #2454, #1093, .T. ) ;
#829 = CARTESIAN_POINT ( 'NONE',  ( 97.24784984639177310, 83.64410109157635986, 3.230228799729228939 ) ) ;
#830 = CARTESIAN_POINT ( 'NONE',  ( 56.92509342949357176, 54.03234150281360826, 1.000000000000000222 ) ) ;
#831 = VERTEX_POINT ( 'NONE', #240 ) ;
#832 = CARTESIAN_POINT ( 'NONE',  ( 112.7387894889595401, 33.46860598757714200, 5.662143604253643048 ) ) ;
#833 = CARTESIAN_POINT ( 'NONE',  ( 73.05453375884073353, 72.01059575687763470, 1.716070950662454075 ) ) ;
#834 = CARTESIAN_POINT ( 'NONE',  ( 74.21594982787573258, 71.99164165024367890, 4.052206178872114428 ) ) ;
#835 = CARTESIAN_POINT ( 'NONE',  ( 82.84117576977055819, 37.35586388548484393, 7.000000000000000888 ) ) ;
#836 = CARTESIAN_POINT ( 'NONE',  ( 92.19272406100742501, 32.59442002779031355, 5.454838696786194596 ) ) ;
#837 = CARTESIAN_POINT ( 'NONE',  ( 119.0939049524506288, 66.40799636924056415, 4.770100971847631044 ) ) ;
#838 = CARTESIAN_POINT ( 'NONE',  ( 83.71395482955057332, 40.74722791387750220, 6.006997352144419544 ) ) ;
#839 = CARTESIAN_POINT ( 'NONE',  ( 122.4838820420502117, 53.53215881459785663, 1.789984468693054387 ) ) ;
#840 = CARTESIAN_POINT ( 'NONE',  ( 87.65091764048401046, 27.06576942499287242, 3.971734604734443952 ) ) ;
#841 = CARTESIAN_POINT ( 'NONE',  ( 111.8247874446856684, 31.46478966443878988, 1.000000000000003331 ) ) ;
#842 = CARTESIAN_POINT ( 'NONE',  ( 103.7725050200854184, 83.20226686302270025, 0.6409888223696471599 ) ) ;
#843 = CARTESIAN_POINT ( 'NONE',  ( 111.5286774656781859, 70.04192902182721525, 7.123691633944892132 ) ) ;
#844 = CARTESIAN_POINT ( 'NONE',  ( 99.37074353774676183, 31.49504360313497386, 5.648674391743061740 ) ) ;
#845 = CARTESIAN_POINT ( 'NONE',  ( 57.12542941130909213, 51.78871791043378892, 1.000000000000000444 ) ) ;
#846 = ORIENTED_EDGE ( 'NONE', *, *, #1977, .F. ) ;
#847 = CARTESIAN_POINT ( 'NONE',  ( 97.81725070313110848, 30.14448850918308764, 7.057629606759046936 ) ) ;
#848 = CARTESIAN_POINT ( 'NONE',  ( 93.25559300889925396, 70.05021921262931528, 5.993595925693584014 ) ) ;
#849 = CARTESIAN_POINT ( 'NONE',  ( 77.49059987017940898, 64.26713068199512691, 6.111948351325644957 ) ) ;
#850 = CARTESIAN_POINT ( 'NONE',  ( 113.6364280577356283, 35.06031761801119728, 6.999999999999990230 ) ) ;
#851 = CARTESIAN_POINT ( 'NONE',  ( 96.35428418681159712, 26.08940491808289863, 1.600918513975670976 ) ) ;
#852 = CARTESIAN_POINT ( 'NONE',  ( 117.3684972700160358, 65.50308866616747139, 6.458742476995867676 ) ) ;
#853 = CARTESIAN_POINT ( 'NONE',  ( 84.96818468332514840, 36.32809930713721513, 5.168503812718868495 ) ) ;
#854 = CARTESIAN_POINT ( 'NONE',  ( 120.5299182257902260, 49.51761689300014524, 4.082862261396716264 ) ) ;
#855 = CARTESIAN_POINT ( 'NONE',  ( 86.38918493865274684, 27.43694982799237891, 3.978900251927611098 ) ) ;
#856 = CARTESIAN_POINT ( 'NONE',  ( 95.40670608041619971, 85.06993715797334232, 0.6204083412374952200 ) ) ;
#857 = CARTESIAN_POINT ( 'NONE',  ( 112.7980088856860306, 70.09088901620393131, 4.174877703565720743 ) ) ;
#858 = CARTESIAN_POINT ( 'NONE',  ( 108.4555221530372933, 70.60932035064399770, 7.710660312054507415 ) ) ;
#859 = CARTESIAN_POINT ( 'NONE',  ( 107.7118756773121078, 70.09132584173715941, 5.842611364000162233 ) ) ;
#860 = VERTEX_POINT ( 'NONE', #1928 ) ;
#861 = CARTESIAN_POINT ( 'NONE',  ( 99.03533323641892139, 26.58192533209825470, 4.225501414993550142 ) ) ;
#862 = CARTESIAN_POINT ( 'NONE',  ( 81.58214841958333352, 68.36985037911090046, 4.272965913809430916 ) ) ;
#863 = CARTESIAN_POINT ( 'NONE',  ( 78.94666244801247501, 59.41132411439154026, 7.138533813497237368 ) ) ;
#864 = CARTESIAN_POINT ( 'NONE',  ( 106.0305121944209077, 30.97179513031090181, 7.000000000000000888 ) ) ;
#865 = COLOUR_RGB ( '',0.7921568627450980005, 0.8196078431372548767, 0.9333333333333333481 ) ;
#866 = CARTESIAN_POINT ( 'NONE',  ( 120.3578031404615274, 44.74135163418780792, 7.046821593965832520 ) ) ;
#867 = EDGE_CURVE ( 'NONE', #2427, #2024, #2416, .T. ) ;
#868 = CARTESIAN_POINT ( 'NONE',  ( 82.94888727647784776, 33.09529367750916862, 3.466116445421989045 ) ) ;
#869 = CARTESIAN_POINT ( 'NONE',  ( 118.5487971657935731, 42.61373313441124822, 3.663878023965722264 ) ) ;
#870 = CARTESIAN_POINT ( 'NONE',  ( 78.56225000396398173, 34.92884109069363774, 5.050471259353566111 ) ) ;
#871 = CARTESIAN_POINT ( 'NONE',  ( 104.8020231210501834, 76.65028852929768277, 3.241828039002824902 ) ) ;
#872 = CARTESIAN_POINT ( 'NONE',  ( 80.38229331267312716, 51.48280031284165403, 5.943602472570069573 ) ) ;
#873 = CARTESIAN_POINT ( 'NONE',  ( 92.62009019770496820, 33.04691496376099735, 5.815515553233107759 ) ) ;
#874 = PRODUCT_DEFINITION_FORMATION_WITH_SPECIFIED_SOURCE ( 'ANY', '', #2199, .NOT_KNOWN. ) ;
#875 = CARTESIAN_POINT ( 'NONE',  ( 118.9509110776611891, 45.26451062891050725, 4.999999999999999112 ) ) ;
#876 = CARTESIAN_POINT ( 'NONE',  ( 104.3921955598198821, 26.41956842204897882, 3.041532928755540599 ) ) ;
#877 = CARTESIAN_POINT ( 'NONE',  ( 89.91177180716181283, 79.14812322033861847, 2.580652038690133487 ) ) ;
#878 = CARTESIAN_POINT ( 'NONE',  ( 56.80637452153001021, 59.11836763723130161, 0.9617696471735674990 ) ) ;
#879 = CARTESIAN_POINT ( 'NONE',  ( 92.49999999999968736, 55.00000000000541434, 0.000000000000000000 ) ) ;
#880 = CARTESIAN_POINT ( 'NONE',  ( 122.3215867385212476, 48.24678712348735132, 4.527012926944025573 ) ) ;
#881 = CARTESIAN_POINT ( 'NONE',  ( 109.5658440611649951, 32.82699022038159598, 3.979640990996446970 ) ) ;
#882 = CARTESIAN_POINT ( 'NONE',  ( 66.51221846476153132, 31.53691081455196965, 0.9383053808531643947 ) ) ;
#883 = CARTESIAN_POINT ( 'NONE',  ( 96.66688925046858571, 84.97297046251253505, 0.6227280062839708474 ) ) ;
#884 = CARTESIAN_POINT ( 'NONE',  ( 107.8839555338271481, 71.92110060345902411, 7.159391060754253466 ) ) ;
#885 = CARTESIAN_POINT ( 'NONE',  ( 86.68087825411312508, 36.88137234615057736, 5.890614221344918633 ) ) ;
#886 = CARTESIAN_POINT ( 'NONE',  ( 79.93497283867338865, 84.70247664713896540, 1.985826280725170534 ) ) ;
#887 = CARTESIAN_POINT ( 'NONE',  ( 111.1733222790194873, 34.78538189023243632, 4.999999999999997335 ) ) ;
#888 = CARTESIAN_POINT ( 'NONE',  ( 99.58604514514108530, 28.71860480948497951, 5.910232903671142957 ) ) ;
#889 = CARTESIAN_POINT ( 'NONE',  ( 71.55352349851818872, 58.34269671764478460, 5.081909005455832684 ) ) ;
#890 = DIRECTION ( 'NONE',  ( 1.000000000000000000, 0.000000000000000000, 0.000000000000000000 ) ) ;
#891 = CARTESIAN_POINT ( 'NONE',  ( 122.1726358285947498, 59.02380453145644879, 4.660662435982787066 ) ) ;
#892 = CARTESIAN_POINT ( 'NONE',  ( 112.6494037220477651, 35.85813282640609856, 4.972522900514150912 ) ) ;
#893 = CARTESIAN_POINT ( 'NONE',  ( 79.75998680185797696, 33.82093976597812457, 5.045757357417930855 ) ) ;
#894 = CARTESIAN_POINT ( 'NONE',  ( 80.22251375196796630, 88.47940753323069885, 0.9536732078906341448 ) ) ;
#895 = CARTESIAN_POINT ( 'NONE',  ( 108.4332712197225135, 72.27445174005218576, 4.567862370527239868 ) ) ;
#896 = CLOSED_SHELL ( 'NONE', ( #1732, #2529, #354, #1681, #1527, #1828, #564, #2180, #1943, #1147, #1851, #1638, #1544, #1024, #483, #693, #1062, #1360, #1229, #776, #619 ) ) ;
#897 = CARTESIAN_POINT ( 'NONE',  ( 115.8491579999054153, 68.50833564730415048, 5.941054481254339770 ) ) ;
#898 = EDGE_CURVE ( 'NONE', #298, #2194, #417, .T. ) ;
#899 = CARTESIAN_POINT ( 'NONE',  ( 119.7548081000623341, 52.94571147207897610, 5.888817836815301909 ) ) ;
#900 = CARTESIAN_POINT ( 'NONE',  ( 96.30694720941647802, 89.78694796212276685, 1.000000000000001332 ) ) ;
#901 = CARTESIAN_POINT ( 'NONE',  ( 94.90472215113285870, 29.26785259938603190, 3.751853537772380953 ) ) ;
#902 = CARTESIAN_POINT ( 'NONE',  ( 102.3574588733370518, 29.05915033965401051, 5.867702918452106786 ) ) ;
#903 = CARTESIAN_POINT ( 'NONE',  ( 89.77854435471824956, 76.50815223412584487, 3.431831637984871897 ) ) ;
#904 = DIRECTION ( 'NONE',  ( 0.000000000000000000, 0.000000000000000000, 1.000000000000000000 ) ) ;
#905 = CARTESIAN_POINT ( 'NONE',  ( 122.7326777251039260, 50.40670095508131965, 4.546697573260429337 ) ) ;
#906 = CARTESIAN_POINT ( 'NONE',  ( 112.1420829708814182, 35.74799571620656025, 5.429068896025985858 ) ) ;
#907 = CARTESIAN_POINT ( 'NONE',  ( 84.53198948566131321, 35.91417422762855693, 7.094320488057715757 ) ) ;
#908 = CARTESIAN_POINT ( 'NONE',  ( 96.34092693191813339, 76.21080218733791867, 6.089873186700212493 ) ) ;
#909 = CARTESIAN_POINT ( 'NONE',  ( 120.7474281796902318, 51.48052981534348049, 4.059618680257851331 ) ) ;
#910 = CARTESIAN_POINT ( 'NONE',  ( 115.2621350799291804, 66.11433815958704940, 7.599186867866298378 ) ) ;
#911 = LINE ( 'NONE', #1788, #1720 ) ;
#912 = CARTESIAN_POINT ( 'NONE',  ( 81.67810576022023383, 81.83946597888774477, 3.016330648148826121 ) ) ;
#913 = CARTESIAN_POINT ( 'NONE',  ( 121.4200999611225313, 58.40140219653844866, 2.609720913983573087 ) ) ;
#914 = CARTESIAN_POINT ( 'NONE',  ( 123.3805112853022337, 42.99440712194384417, 0.9999999999999993339 ) ) ;
#915 = CARTESIAN_POINT ( 'NONE',  ( 71.32338545643010264, 73.78571009462557129, 1.000000000000000666 ) ) ;
#916 = CARTESIAN_POINT ( 'NONE',  ( 96.93325593073569735, 21.52039585985996339, 0.8367854203019846615 ) ) ;
#917 = EDGE_LOOP ( 'NONE', ( #2516, #1864, #942, #376 ) ) ;
#918 = CARTESIAN_POINT ( 'NONE',  ( 122.2631817391481093, 49.28551767008281104, 5.073882833524302249 ) ) ;
#919 = CARTESIAN_POINT ( 'NONE',  ( 106.0488576365283251, 32.94100639277104392, 6.176417325037093953 ) ) ;
#920 = CARTESIAN_POINT ( 'NONE',  ( 71.93004996623004388, 30.39095952399420497, 1.961396605592132580 ) ) ;
#921 = B_SPLINE_SURFACE_WITH_KNOTS ( 'NONE', 3, 3, ( 
 ( #2318, #1238, #1058, #2576, #2393, #1331, #1113, #1509, #446, #856 ),
 ( #1494, #1303, #1947, #1975, #26, #1734, #1707, #1762, #2629, #883 ),
 ( #2590, #2185, #660, #1315, #1098, #37, #1272, #645, #1747, #2131 ),
 ( #2367, #1288, #2146, #233, #1073, #459, #871, #2601, #673, #1522 ),
 ( #2171, #258, #51, #895, #2614, #1607, #759, #1860, #2272, #1207 ),
 ( #1581, #2285, #747, #2476, #1183, #388, #1933, #597, #1289, #2336 ),
 ( #827, #613, #2101, #1479, #1074, #2368, #2351, #2559, #1907, #842 ),
 ( #1463, #2764, #419, #13, #404, #1693, #1256, #1273, #2132, #629 ),
 ( #234, #1044, #1892, #1921, #219, #1223, #2117, #1643, #2748, #2302 ),
 ( #2577, #205, #1059, #1677, #857, #2544, #1708, #2512, #646, #1495 ),
 ( #434, #2147, #795, #581, #1432, #371, #2087, #172, #1014, #1875 ),
 ( #2732, #1239, #811, #1660, #2528, #1448, #2319, #189, #1030, #2662 ),
 ( #741, #1589, #336, #2710, #2310, #271, #734, #703, #1991, #82 ),
 ( #2005, #2642, #1568, #1526, #1143, #2218, #1951, #94, #938, #1790 ),
 ( #248, #1319, #2174, #1195, #1420, #372, #2463, #1644, #1829, #1844 ),
 ( #2058, #999, #2718, #2286, #142, #528, #2680, #1167, #2033, #2044 ),
 ( #2690, #1155, #2359, #1582, #1540, #1118, #1751, #2450, #286, #705 ),
 ( #54, #2618, #490, #1779, #2220, #516, #1348, #2437, #2205, #299 ),
 ( #503, #1766, #108, #927, #1131, #2019, #2007, #1102, #1993, #1487 ),
 ( #2175, #899, #1803, #83, #637, #2643, #463, #722, #1362, #1320 ),
 ( #261, #689, #2412, #1335, #2189, #272, #68, #913, #2201, #78 ),
 ( #923, #540, #2433, #1813, #1800, #1786, #2242, #1592, #2652, #2445 ),
 ( #512, #1163, #2254, #308, #2015, #909, #713, #62, #697, #1549 ),
 ( #433, #2145, #1072, #976, #2064, #854, #2349, #2572, #839, #626 ),
 ( #1492, #1084, #2378, #2365, #643, #1919, #1705, #444, #431, #1300 ),
 ( #1041, #656, #11, #2315, #1904, #185, #1253, #1286, #1460, #2143 ),
 ( #243, #1056, #1888, #2588, #384, #2744, #402, #1268, #231, #23 ),
 ( #218, #593, #1477, #1070, #201, #1931, #869, #2114, #2761, #2332 ),
 ( #823, #416, #2158, #807, #1690, #1721, #1506, #2556, #1945, #1026 ),
 ( #1656, #2524, #2130, #1446, #1236, #2098, #1674, #2541, #610, #2650 ),
 ( #61, #1759, #1312, #2429, #47, #2626, #1548, #1575, #1328, #280 ),
 ( #2168, #2406, #906, #892, #728, #292, #1731, #696, #306, #2418 ),
 ( #1341, #1355, #2443, #484, #472, #255, #510, #2197, #2390, #1125 ),
 ( #2181, #1744, #266, #2212, #2611, #1985, #712, #1369, #2227, #1784 ),
 ( #1562, #1151, #683, #35, #2637, #881, #1999, #75, #456, #1109 ),
 ( #919, #1972, #1773, #497, #1519, #1137, #2599, #89, #670, #1095 ),
 ( #933, #1958, #1534, #576, #1798, #337, #2239, #966, #524, #1600 ),
 ( #114, #1855, #2281, #944, #2039, #2296, #2687, #126, #550, #563 ),
 ( #769, #2469, #1380, #791, #1405, #1590, #2266, #1427, #538, #954 ),
 ( #1416, #1811, #1617, #2699, #1637, #2712, #994, #2252, #1189, #1825 ),
 ( #349, #2495, #779, #2051, #138, #152, #364, #2485, #1626, #316 ),
 ( #980, #1837, #1392, #1203, #2013, #2507, #2068, #102, #2663, #742 ),
 ( #2457, #1161, #2027, #327, #2675, #754, #1176, #1457, #590, #1670 ),
 ( #1885, #413, #1687, #691, #1473, #2312, #228, #804, #381, #820 ),
 ( #8, #428, #1265, #623, #1008, #1901, #1489, #607, #851, #1702 ),
 ( #2538, #2741, #56, #1233, #2758, #901, #1217, #2329, #1916, #2568 ),
 ( #639, #1443, #397, #2620, #2127, #1250, #2361, #1283, #1653, #2553 ),
 ( #2111, #2725, #2521, #1104, #2346, #2140, #198, #1965, #1039, #215 ),
 ( #1053, #836, #1753, #1542, #2414, #2081, #165, #1869, #2095, #181 ) ),
 .UNSPECIFIED., .F., .F., .F.,
 ( 4, 3, 3, 3, 3, 3, 3, 3, 3, 3, 3, 3, 3, 3, 3, 3, 4 ),
 ( 4, 3, 3, 4 ),
 ( 0.000000000000000000, 0.03125000000000002776, 0.06250000000000005551, 0.09375000000000008327, 0.1250000000000001110, 0.1562500000000001388, 0.1875000000000001665, 0.2187500000000001943, 0.2500000000000002220, 0.2812500000000002220, 0.3125000000000002776, 0.3437500000000003331, 0.3750000000000003331, 0.4062500000000003331, 0.4375000000000003886, 0.4687500000000004441, 0.5000000000000004441 ),
 ( 0.04354471338094794558, 0.2593936595747058371, 0.4752426057684637772, 0.9069404981559796575 ),
 .UNSPECIFIED. ) ;
#922 = CARTESIAN_POINT ( 'NONE',  ( 99.58670733248492013, 73.78064586444831718, 7.104477326829427675 ) ) ;
#923 = CARTESIAN_POINT ( 'NONE',  ( 119.2824975116894564, 48.72418792681052935, 6.475858074096344730 ) ) ;
#924 = CARTESIAN_POINT ( 'NONE',  ( 103.3372752786638671, 85.19599285988657300, 2.076095857077331353 ) ) ;
#925 = CARTESIAN_POINT ( 'NONE',  ( 77.89280615764728566, 46.58055171113414872, 7.000000000000000888 ) ) ;
#926 = CARTESIAN_POINT ( 'NONE',  ( 78.72672563378107213, 76.17932358550167748, 4.049557048442795626 ) ) ;
#927 = CARTESIAN_POINT ( 'NONE',  ( 119.7984282885283562, 56.77593598076621362, 4.873535078686758837 ) ) ;
#928 = CARTESIAN_POINT ( 'NONE',  ( 125.5387157028492737, 59.61470396233802660, 0.9999999999999718003 ) ) ;
#929 = CARTESIAN_POINT ( 'NONE',  ( 65.95335751474705432, 64.68156956087052833, 0.9999999999999997780 ) ) ;
#930 = CARTESIAN_POINT ( 'NONE',  ( 96.79608149792959182, 73.11139857089335692, 5.146522929628002174 ) ) ;
#931 = ORIENTED_EDGE ( 'NONE', *, *, #326, .T. ) ;
#932 = CARTESIAN_POINT ( 'NONE',  ( 120.3605506745112024, 38.27656594751410779, 1.766051375407756030 ) ) ;
#933 = CARTESIAN_POINT ( 'NONE',  ( 104.7860709980220975, 32.59652869589763213, 6.138017332399607895 ) ) ;
#934 = CARTESIAN_POINT ( 'NONE',  ( 97.12263161256424837, 78.90581954899235484, 5.056189965445490486 ) ) ;
#935 = CARTESIAN_POINT ( 'NONE',  ( 115.2794014919295051, 66.95714027364668652, 7.061411681082298664 ) ) ;
#936 = DIRECTION ( 'NONE',  ( -0.000000000000000000, -0.000000000000000000, -1.000000000000000000 ) ) ;
#937 = CARTESIAN_POINT ( 'NONE',  ( 121.2735489752662232, 49.01322356728441321, 7.000000000000007994 ) ) ;
#938 = CARTESIAN_POINT ( 'NONE',  ( 115.0884201696399458, 73.62421656375263979, 1.572118923397805679 ) ) ;
#939 = CARTESIAN_POINT ( 'NONE',  ( 125.3884856870400881, 60.72908625614964961, 0.9999999999999976685 ) ) ;
#940 = CARTESIAN_POINT ( 'NONE',  ( 69.10670757912117779, 38.32397285842005630, 1.000000000000000000 ) ) ;
#941 = DIRECTION ( 'NONE',  ( 0.000000000000000000, 0.000000000000000000, 1.000000000000000000 ) ) ;
#942 = ORIENTED_EDGE ( 'NONE', *, *, #867, .T. ) ;
#943 = CARTESIAN_POINT ( 'NONE',  ( 120.7377643243903123, 44.26202338661416746, 5.549782179507023017 ) ) ;
#944 = CARTESIAN_POINT ( 'NONE',  ( 104.5614779995149206, 31.31145160469744937, 4.773393823517301904 ) ) ;
#945 = CARTESIAN_POINT ( 'NONE',  ( 91.65582777544787518, 90.25086521194069178, 0.9413598651911166959 ) ) ;
#946 = CARTESIAN_POINT ( 'NONE',  ( 113.5225627507183503, 67.61429987470634728, 7.637847243375705197 ) ) ;
#947 = DIRECTION ( 'NONE',  ( 1.000000000000000000, 0.000000000000000000, 0.000000000000000000 ) ) ;
#948 = CARTESIAN_POINT ( 'NONE',  ( 68.09092226208171894, 39.97994392123813867, 1.000000000000000444 ) ) ;
#949 = CARTESIAN_POINT ( 'NONE',  ( 88.73298773936214445, 81.47443422759118903, 1.729208735634061966 ) ) ;
#950 = CARTESIAN_POINT ( 'NONE',  ( 80.01407930461355988, 42.80693823627586880, 5.141636396124050989 ) ) ;
#951 = ORIENTED_EDGE ( 'NONE', *, *, #1561, .T. ) ;
#952 = CARTESIAN_POINT ( 'NONE',  ( 118.6793828043309134, 39.50548376426137764, 5.035219033471004302 ) ) ;
#953 = AXIS2_PLACEMENT_3D ( 'NONE', #1191, #2256, #552 ) ;
#954 = CARTESIAN_POINT ( 'NONE',  ( 106.0741547268074214, 27.65178452884502036, 0.8269372158767949177 ) ) ;
#955 = CARTESIAN_POINT ( 'NONE',  ( 124.4030489530012176, 55.15951471132752459, 1.000000000000000000 ) ) ;
#956 = CARTESIAN_POINT ( 'NONE',  ( 115.3109805628252502, 72.54625523957061262, 4.272875979730388352 ) ) ;
#957 = FILL_AREA_STYLE ('',( #2282 ) ) ;
#958 = CARTESIAN_POINT ( 'NONE',  ( 66.65438433565674359, 52.87543147962307444, 1.718604786192472256 ) ) ;
#959 = UNCERTAINTY_MEASURE_WITH_UNIT (LENGTH_MEASURE( 1.000000000000000082E-05 ), #2030, 'distance_accuracy_value', 'NONE');
#960 = CARTESIAN_POINT ( 'NONE',  ( 96.31581941169713446, 83.97523871553929098, 1.000000000000000000 ) ) ;
#961 = CARTESIAN_POINT ( 'NONE',  ( 76.76945364000094685, 30.36610009596807558, 0.9999999999999988898 ) ) ;
#962 = CARTESIAN_POINT ( 'NONE',  ( 94.14265900461771253, 79.73896004325149534, 2.587555062399343964 ) ) ;
#963 = ORIENTED_EDGE ( 'NONE', *, *, #1816, .T. ) ;
#964 = CARTESIAN_POINT ( 'NONE',  ( 118.9008806263362743, 38.70293647273769011, 3.964227915280987169 ) ) ;
#965 = CARTESIAN_POINT ( 'NONE',  ( 61.54784275990927256, 46.23643705501610413, 1.986170494566597444 ) ) ;
#966 = CARTESIAN_POINT ( 'NONE',  ( 107.8619183253007492, 30.60011648721885180, 2.607229624393486489 ) ) ;
#967 = LINE ( 'NONE', #2508, #1081 ) ;
#968 = PRESENTATION_STYLE_ASSIGNMENT (( #351 ) ) ;
#969 = B_SPLINE_CURVE_WITH_KNOTS ( 'NONE', 3,
 ( #1632, #1679, #631, #221, #675, #1710, #421, #2173, #2382, #1317, #2353, #260, #1511, #1524, #885, #1292, #1258, #15, #2370, #1724, #436, #1100 ),
 .UNSPECIFIED., .F., .F.,
 ( 4, 2, 2, 2, 2, 2, 2, 2, 2, 2, 4 ),
 ( 0.05764202834398420711, 0.06050624125105669160, 0.06193834770459293038, 0.06337045415812916915, 0.06623466706520164671, 0.06909887997227413814, 0.07196309287934661569, 0.07482730578641909325, 0.07625941223995533202, 0.07769151869349158468, 0.08055573160056403448 ),
 .UNSPECIFIED. ) ;
#970 = CARTESIAN_POINT ( 'NONE',  ( 75.19540195481978628, 51.28795872696748148, 4.275460051723626087 ) ) ;
#971 = EDGE_CURVE ( 'NONE', #2090, #2427, #752, .T. ) ;
#972 = CARTESIAN_POINT ( 'NONE',  ( 97.74160389594598541, 71.31190699463893168, 5.917082570057417001 ) ) ;
#973 = CARTESIAN_POINT ( 'NONE',  ( 106.6260919603301289, 72.70328707341545282, 6.999999999999984013 ) ) ;
#974 = CARTESIAN_POINT ( 'NONE',  ( 98.97516402514263234, 77.39574702642933346, 3.451499071803258545 ) ) ;
#975 = ORIENTED_EDGE ( 'NONE', *, *, #1889, .F. ) ;
#976 = CARTESIAN_POINT ( 'NONE',  ( 119.7475027619390033, 47.93133728613342015, 5.036213784624692380 ) ) ;
#977 = CARTESIAN_POINT ( 'NONE',  ( 125.6168242865215490, 49.45557292144722084, 0.6639408682200107492 ) ) ;
#978 = CARTESIAN_POINT ( 'NONE',  ( 73.41721220863333031, 42.22372643822909311, 5.068735358178401817 ) ) ;
#979 = CARTESIAN_POINT ( 'NONE',  ( 87.93382593870583719, 33.17703062529011504, 7.000000000000000000 ) ) ;
#980 = CARTESIAN_POINT ( 'NONE',  ( 98.81064578087689654, 31.88553108192177632, 5.987909962922664420 ) ) ;
#981 = CARTESIAN_POINT ( 'NONE',  ( 78.76458480740453183, 28.96559952297486618, 6.999999999999999112 ) ) ;
#982 = CARTESIAN_POINT ( 'NONE',  ( 70.42318896991497468, 40.14887669800740611, 1.730836875375883599 ) ) ;
#983 = CARTESIAN_POINT ( 'NONE',  ( 118.7833396758663156, 39.36481221415242260, 1.000000000000004885 ) ) ;
#984 = AXIS2_PLACEMENT_3D ( 'NONE', #1428, #1417, #366 ) ;
#985 = CARTESIAN_POINT ( 'NONE',  ( 84.28219900170267920, 68.25742230287633561, 6.999999999999999112 ) ) ;
#986 = CARTESIAN_POINT ( 'NONE',  ( 55.70129454199134500, 55.00000000000541434, 105.0824566729764769 ) ) ;
#987 = PRODUCT_DEFINITION ( 'UNKNOWN', '', #874, #719 ) ;
#988 = FACE_OUTER_BOUND ( 'NONE', #392, .T. ) ;
#989 = VERTEX_POINT ( 'NONE', #1180 ) ;
#990 = CARTESIAN_POINT ( 'NONE',  ( 109.4513319314419988, 30.41103110454934466, 4.645148036892193133 ) ) ;
#991 = CARTESIAN_POINT ( 'NONE',  ( 78.76458480740453183, 74.00000110268592834, 6.999999999999999112 ) ) ;
#992 = CARTESIAN_POINT ( 'NONE',  ( 66.31892035625102721, 42.96155860439640151, 3.012680670912456726 ) ) ;
#993 = CARTESIAN_POINT ( 'NONE',  ( 86.27339716195639596, 34.21124056287722937, 6.999999999999999112 ) ) ;
#994 = CARTESIAN_POINT ( 'NONE',  ( 102.7354812372976482, 29.45325585078543540, 3.413562930372930460 ) ) ;
#995 = LINE ( 'NONE', #981, #2573 ) ;
#996 = SURFACE_SIDE_STYLE ('',( #2473 ) ) ;
#997 = CARTESIAN_POINT ( 'NONE',  ( 80.43785230477359960, 51.63750708219794916, 5.983090416856398086 ) ) ;
#998 = CARTESIAN_POINT ( 'NONE',  ( 110.6456599470740798, 78.75557696036699440, 1.000000000000005551 ) ) ;
#999 = CARTESIAN_POINT ( 'NONE',  ( 118.5396894017574567, 59.02002019958445089, 5.715145511503856746 ) ) ;
#1000 = CARTESIAN_POINT ( 'NONE',  ( 104.9906584558823397, 70.94891006155016555, 5.872528623085235822 ) ) ;
#1001 = CARTESIAN_POINT ( 'NONE',  ( 101.6516095345798476, 78.47508788910116095, 5.017231678039388854 ) ) ;
#1002 = CARTESIAN_POINT ( 'NONE',  ( 87.28332268711189101, 89.87443677795513963, 1.000000000000000444 ) ) ;
#1003 = ORIENTED_EDGE ( 'NONE', *, *, #1327, .T. ) ;
#1004 = CARTESIAN_POINT ( 'NONE',  ( 115.5751304058745177, 35.06787821766177871, 4.543180138433318582 ) ) ;
#1005 = CARTESIAN_POINT ( 'NONE',  ( 88.10305367902940077, 67.11679518938206002, 5.984084823692024990 ) ) ;
#1006 = CARTESIAN_POINT ( 'NONE',  ( 74.95277894640510397, 47.44626042923081854, 6.103687005650117570 ) ) ;
#1007 = CARTESIAN_POINT ( 'NONE',  ( 122.0000018179416799, 74.00000110268592834, -55.42914871850910430 ) ) ;
#1008 = CARTESIAN_POINT ( 'NONE',  ( 95.96209426139721188, 29.79337457689386781, 4.196358156218581215 ) ) ;
#1009 = CARTESIAN_POINT ( 'NONE',  ( 113.3182964480826911, 79.58996885792338105, 2.034457606957865039 ) ) ;
#1010 = CARTESIAN_POINT ( 'NONE',  ( 91.01431320148770965, 31.05552620658981766, 4.364947077214720750 ) ) ;
#1011 = CARTESIAN_POINT ( 'NONE',  ( 85.83046678231532667, 29.84301765694755915, 5.016878402073662535 ) ) ;
#1012 = CARTESIAN_POINT ( 'NONE',  ( 80.67378379306001079, 48.54336825667076738, 5.986851989000391505 ) ) ;
#1013 = CARTESIAN_POINT ( 'NONE',  ( 122.7196106341726676, 50.13657272853624391, 1.000000000000020206 ) ) ;
#1014 = CARTESIAN_POINT ( 'NONE',  ( 110.9388870550783963, 77.33870943152506072, 1.538364407678004975 ) ) ;
#1015 = CARTESIAN_POINT ( 'NONE',  ( 81.98570493761904743, 59.37089234094961654, 5.948503288648894660 ) ) ;
#1016 = LINE ( 'NONE', #1862, #1402 ) ;
#1017 = CARTESIAN_POINT ( 'NONE',  ( 58.49148968199699539, 45.17873180499005059, 0.9999999999999991118 ) ) ;
#1018 = EDGE_LOOP ( 'NONE', ( #1198, #1212, #1353, #1937 ) ) ;
#1019 = CARTESIAN_POINT ( 'NONE',  ( 112.5774774220385552, 32.51681670217343623, 4.592724748475260910 ) ) ;
#1020 = CARTESIAN_POINT ( 'NONE',  ( 71.12674084860327639, 56.25562468502731406, 5.081304089573915661 ) ) ;
#1021 = CARTESIAN_POINT ( 'NONE',  ( 91.72797567495624094, 30.62082837060993867, 6.566558556152932269 ) ) ;
#1022 = CARTESIAN_POINT ( 'NONE',  ( 129.2987054580080439, 55.00000000000542144, 1.000000000000000888 ) ) ;
#1023 = CARTESIAN_POINT ( 'NONE',  ( 119.9513316156308065, 66.40748735496370614, 4.198724904118193102 ) ) ;
#1024 = ADVANCED_FACE ( 'NONE', ( #128 ), #644, .T. ) ;
#1025 = CARTESIAN_POINT ( 'NONE',  ( 80.93692608824657952, 29.85730480744654969, 1.765057727341373894 ) ) ;
#1026 = CARTESIAN_POINT ( 'NONE',  ( 120.8070238553997768, 43.07989331757642049, 0.9674856628257265667 ) ) ;
#1027 = DIRECTION ( 'NONE',  ( 0.000000000000000000, -1.000000000000000000, 0.000000000000000000 ) ) ;
#1028 = CARTESIAN_POINT ( 'NONE',  ( 69.97437960336446849, 57.94979282351116723, 2.567880375620714251 ) ) ;
#1029 = CARTESIAN_POINT ( 'NONE',  ( 119.2673719664676213, 40.19645928326882967, 0.9999999999999856781 ) ) ;
#1030 = CARTESIAN_POINT ( 'NONE',  ( 112.3646535691572836, 76.23582736636687684, 1.547834100119838796 ) ) ;
#1031 = CARTESIAN_POINT ( 'NONE',  ( 94.47248061424032528, 86.91997141854504605, 2.095381769695226382 ) ) ;
#1032 = DIRECTION ( 'NONE',  ( 1.000000000000000000, 0.000000000000000000, 0.000000000000000000 ) ) ;
#1033 = CARTESIAN_POINT ( 'NONE',  ( 59.73027974767526160, 42.05170994037262489, 0.9999999999999988898 ) ) ;
#1034 = ORIENTED_EDGE ( 'NONE', *, *, #2399, .T. ) ;
#1035 = CARTESIAN_POINT ( 'NONE',  ( 111.0460908606089561, 31.35252091799599938, 4.618017457829290073 ) ) ;
#1036 = CARTESIAN_POINT ( 'NONE',  ( 68.61162437900883049, 64.27583308781125027, 1.715310757378822215 ) ) ;
#1037 = CARTESIAN_POINT ( 'NONE',  ( 64.94129312526031583, 62.21442284347066476, 3.023408507165546322 ) ) ;
#1038 = CARTESIAN_POINT ( 'NONE',  ( 79.34492970289367975, 42.48744012798923819, 6.999999999999999112 ) ) ;
#1039 = CARTESIAN_POINT ( 'NONE',  ( 92.43501588675258063, 26.04627475522025648, 1.570963104616014183 ) ) ;
#1040 = CARTESIAN_POINT ( 'NONE',  ( 114.9655592424878705, 78.22982073861835772, 2.024252151974333280 ) ) ;
#1041 = CARTESIAN_POINT ( 'NONE',  ( 117.3291798315051722, 42.59034732185390482, 6.535315492005008053 ) ) ;
#1042 = CARTESIAN_POINT ( 'NONE',  ( 90.89396617861730476, 22.82592065910963441, 1.886620056453152339 ) ) ;
#1043 = CARTESIAN_POINT ( 'NONE',  ( 94.99541307508654597, 25.14116956482938292, 1.000000000000000222 ) ) ;
#1044 = CARTESIAN_POINT ( 'NONE',  ( 113.5701895632348908, 66.91083394206884805, 5.512572047991914026 ) ) ;
#1045 = CARTESIAN_POINT ( 'NONE',  ( 101.1123615464854737, 83.00249446367796224, 3.221364303000324281 ) ) ;
#1046 = CARTESIAN_POINT ( 'NONE',  ( 120.3822933126731130, 51.48280031283039904, 5.000000000000007105 ) ) ;
#1047 = CARTESIAN_POINT ( 'NONE',  ( 60.19494736988191619, 41.02607971741637982, 0.9999999999999991118 ) ) ;
#1048 = ORIENTED_EDGE ( 'NONE', *, *, #2267, .T. ) ;
#1049 = CARTESIAN_POINT ( 'NONE',  ( 96.65747399488439839, 30.25327183071959425, 7.075794766910784794 ) ) ;
#1050 = CARTESIAN_POINT ( 'NONE',  ( 82.39192561815374916, 72.76922322411587629, 3.423151414073541954 ) ) ;
#1051 = CARTESIAN_POINT ( 'NONE',  ( 71.73833700733160867, 74.64959737590115196, 3.022652041318171001 ) ) ;
#1052 = DIRECTION ( 'NONE',  ( -1.000000000000000000, 0.000000000000000000, 0.000000000000000000 ) ) ;
#1053 = CARTESIAN_POINT ( 'NONE',  ( 92.30312556080198760, 33.30699044512345353, 5.889226531715484825 ) ) ;
#1054 = CARTESIAN_POINT ( 'NONE',  ( 120.8872889770200771, 64.53585627757493626, 4.175610583050371361 ) ) ;
#1055 = CARTESIAN_POINT ( 'NONE',  ( 85.85921459046463156, 26.01409188191269095, 0.9403962486889938521 ) ) ;
#1056 = CARTESIAN_POINT ( 'NONE',  ( 116.9859912493242859, 41.70791049336870771, 6.025380872156228307 ) ) ;
#1057 = CARTESIAN_POINT ( 'NONE',  ( 87.14104709457821230, 25.21580211989440201, 2.940610330069890033 ) ) ;
#1058 = CARTESIAN_POINT ( 'NONE',  ( 105.7453184986901107, 72.52754165072902026, 4.983195362189334787 ) ) ;
#1059 = CARTESIAN_POINT ( 'NONE',  ( 113.8680706017634350, 67.36363860064746234, 5.076640823135481817 ) ) ;
#1060 = CARTESIAN_POINT ( 'NONE',  ( 100.0341241251526867, 80.37560081419853475, 4.359931610465614504 ) ) ;
#1061 = CARTESIAN_POINT ( 'NONE',  ( 122.0000018179416799, 74.00000110268592834, 6.999999999999999112 ) ) ;
#1062 = ADVANCED_FACE ( 'NONE', ( #2115 ), #187, .T. ) ;
#1063 = CARTESIAN_POINT ( 'NONE',  ( 120.0914134137465936, 50.64482530055314413, 4.999999999999989342 ) ) ;
#1064 = CARTESIAN_POINT ( 'NONE',  ( 97.56208192720073669, 30.85703307599818146, 7.619559538665457765 ) ) ;
#1065 = CARTESIAN_POINT ( 'NONE',  ( 86.87711973546754507, 66.16520445805257111, 5.982275646341213005 ) ) ;
#1066 = CARTESIAN_POINT ( 'NONE',  ( 73.58143915777060329, 64.34961054610667475, 5.082825568435183961 ) ) ;
#1067 = CARTESIAN_POINT ( 'NONE',  ( 92.49999999999968736, 55.00000000000541434, 1.000000000000000888 ) ) ;
#1068 = CARTESIAN_POINT ( 'NONE',  ( 125.7139972358857563, 61.06399395703650157, 0.7395495413441931509 ) ) ;
#1069 = CARTESIAN_POINT ( 'NONE',  ( 84.07143453518729359, 37.22454935983282098, 5.163264233967006511 ) ) ;
#1070 = CARTESIAN_POINT ( 'NONE',  ( 117.0398523469956871, 41.24649333614915747, 5.057780362425298826 ) ) ;
#1071 = CARTESIAN_POINT ( 'NONE',  ( 80.97338502294265083, 32.87480737227362226, 5.040508044953300626 ) ) ;
#1072 = CARTESIAN_POINT ( 'NONE',  ( 119.3573634668388337, 47.14074227344543289, 5.518612568313701061 ) ) ;
#1073 = CARTESIAN_POINT ( 'NONE',  ( 106.5923313728368385, 74.03082309363854563, 4.118485420128537022 ) ) ;
#1074 = CARTESIAN_POINT ( 'NONE',  ( 109.6718347589156082, 72.42835277557595930, 4.141125050063828361 ) ) ;
#1075 = CARTESIAN_POINT ( 'NONE',  ( 98.46823057419872782, 83.52353105384204923, 3.227792525807710255 ) ) ;
#1076 = DIRECTION ( 'NONE',  ( 0.000000000000000000, 1.000000000000000000, 0.000000000000000000 ) ) ;
#1077 = ORIENTED_EDGE ( 'NONE', *, *, #2462, .T. ) ;
#1078 = CARTESIAN_POINT ( 'NONE',  ( 99.97816723635783376, 23.72902483395673912, 1.951188116651940252 ) ) ;
#1079 = CARTESIAN_POINT ( 'NONE',  ( 65.00643523035626004, 71.66772713245239856, 1.993429688015190937 ) ) ;
#1080 = CARTESIAN_POINT ( 'NONE',  ( 103.2111192145243450, 30.33300379832026650, 6.999999999999999112 ) ) ;
#1081 = VECTOR ( 'NONE', #1826, 1000.000000000000000 ) ;
#1082 = CARTESIAN_POINT ( 'NONE',  ( 123.0471421291707514, 56.07141704132978077, 4.063175453015699823 ) ) ;
#1083 = CARTESIAN_POINT ( 'NONE',  ( 77.46907194264731800, 42.80347613911526850, 4.286985940287252106 ) ) ;
#1084 = CARTESIAN_POINT ( 'NONE',  ( 118.3732751063166120, 44.78252027586486150, 6.023510936980112085 ) ) ;
#1085 = CARTESIAN_POINT ( 'NONE',  ( 73.76698263329681993, 32.32976281613169078, 2.992813235694443463 ) ) ;
#1086 = CARTESIAN_POINT ( 'NONE',  ( 108.2284886841007392, 75.26535561122646811, 5.462533640787432532 ) ) ;
#1087 = CARTESIAN_POINT ( 'NONE',  ( 97.19345763482617429, 31.72516758423111227, 5.716980812920964716 ) ) ;
#1088 = AXIS2_PLACEMENT_3D ( 'NONE', #514, #310, #527 ) ;
#1089 = CARTESIAN_POINT ( 'NONE',  ( 65.56579180325520895, 78.75893330547252447, 0.9620481526175450604 ) ) ;
#1090 = CARTESIAN_POINT ( 'NONE',  ( 115.8646923852428614, 39.42945689647490326, 5.000000000000030198 ) ) ;
#1091 = CARTESIAN_POINT ( 'NONE',  ( 106.2783161983765297, 28.92883770937050869, 4.695571148084848545 ) ) ;
#1092 = CARTESIAN_POINT ( 'NONE',  ( 70.53913290450296358, 66.53420143220873229, 4.053299998628887124 ) ) ;
#1093 = LINE ( 'NONE', #427, #385 ) ;
#1094 = CARTESIAN_POINT ( 'NONE',  ( 121.4350960783654045, 57.91611454026853778, 5.742717377713572269 ) ) ;
#1095 = CARTESIAN_POINT ( 'NONE',  ( 111.1070955261996005, 30.71996953426570798, 0.8846177035944950973 ) ) ;
#1096 = CARTESIAN_POINT ( 'NONE',  ( 80.31486560864131263, 25.22949207334915656, 1.935326272653297153 ) ) ;
#1097 = CARTESIAN_POINT ( 'NONE',  ( 92.82539343801877862, 87.34572898324309165, 1.971506061478305094 ) ) ;
#1098 = CARTESIAN_POINT ( 'NONE',  ( 105.5901320099037690, 74.45859948058031819, 4.112375109597596001 ) ) ;
#1099 = CARTESIAN_POINT ( 'NONE',  ( 116.9344125226221678, 64.24289345835846632, 7.546577879834278413 ) ) ;
#1100 = CARTESIAN_POINT ( 'NONE',  ( 92.28578470073534845, 33.19492049321165439, 5.820920220584207883 ) ) ;
#1101 = CARTESIAN_POINT ( 'NONE',  ( 87.86456314947761825, 73.97958599137254510, 6.104095915917339354 ) ) ;
#1102 = CARTESIAN_POINT ( 'NONE',  ( 120.3218178986344213, 62.44802048595939681, 2.556236375332829880 ) ) ;
#1103 = CARTESIAN_POINT ( 'NONE',  ( 91.79895493217833291, 90.08160968987611739, 0.9999999999999995559 ) ) ;
#1104 = CARTESIAN_POINT ( 'NONE',  ( 92.86933726673717615, 30.91520326646539729, 4.596762916922018327 ) ) ;
#1105 = CARTESIAN_POINT ( 'NONE',  ( 101.3002344644940109, 28.22130000866426514, 5.326366675596626798 ) ) ;
#1106 = CARTESIAN_POINT ( 'NONE',  ( 80.68738351604554282, 75.08023086625161113, 2.570725765286492326 ) ) ;
#1107 = DIRECTION ( 'NONE',  ( 1.000000000000000000, 0.000000000000000000, 0.000000000000000000 ) ) ;
#1108 = CARTESIAN_POINT ( 'NONE',  ( 121.5961964619695976, 53.11538178872679339, 6.709447074155365343 ) ) ;
#1109 = CARTESIAN_POINT ( 'NONE',  ( 112.7518413358967138, 32.03752442322579697, 0.9043089489906867007 ) ) ;
#1110 = CARTESIAN_POINT ( 'NONE',  ( 81.09020936321439876, 40.11102981602176953, 7.113657245287761555 ) ) ;
#1111 = CARTESIAN_POINT ( 'NONE',  ( 85.46268238198517508, 89.79356708922288988, 0.9488465400692713825 ) ) ;
#1112 = AXIS2_PLACEMENT_3D ( 'NONE', #2740, #1636, #778 ) ;
#1113 = CARTESIAN_POINT ( 'NONE',  ( 101.6266618185113373, 77.55543769760355133, 3.228982587778215230 ) ) ;
#1114 = CIRCLE ( 'NONE', #534, 20.00000000000000355 ) ;
#1115 = CARTESIAN_POINT ( 'NONE',  ( 107.1392039054022263, 77.01079179666756147, 4.901753872228749032 ) ) ;
#1116 = CARTESIAN_POINT ( 'NONE',  ( 77.24118573146338917, 50.66704555934094145, 7.000000000000000000 ) ) ;
#1117 = CARTESIAN_POINT ( 'NONE',  ( 71.06995082613148895, 79.14455897559220432, 1.991445869694663084 ) ) ;
#1118 = CARTESIAN_POINT ( 'NONE',  ( 118.9176448599929188, 62.52674223162743772, 3.868836696425745902 ) ) ;
#1119 = CARTESIAN_POINT ( 'NONE',  ( 110.9047878053189891, 27.38931919189237618, 0.9999999999999878986 ) ) ;
#1120 = CARTESIAN_POINT ( 'NONE',  ( 73.31328827086508682, 75.89199734185879720, 1.000000000000000000 ) ) ;
#1121 = CARTESIAN_POINT ( 'NONE',  ( 95.84012399538480054, 28.82299365598769114, 5.957139155837237965 ) ) ;
#1122 = CARTESIAN_POINT ( 'NONE',  ( 76.05814950912234451, 78.84859081804292202, 0.8676167049430341116 ) ) ;
#1123 = EDGE_LOOP ( 'NONE', ( #1613, #1077, #572, #176 ) ) ;
#1124 = CARTESIAN_POINT ( 'NONE',  ( 120.2030539573413961, 44.15408607880445402, 6.572193139821854047 ) ) ;
#1125 = CARTESIAN_POINT ( 'NONE',  ( 115.8344167330555052, 35.13453592570572681, 0.9376435384358421388 ) ) ;
#1126 = CARTESIAN_POINT ( 'NONE',  ( 84.44364703014602469, 33.11849225488712278, 6.060208669495761313 ) ) ;
#1127 = CARTESIAN_POINT ( 'NONE',  ( 91.34956873479990236, 81.32457197999126208, 4.035663460201270425 ) ) ;
#1128 = CARTESIAN_POINT ( 'NONE',  ( 107.3649465134369052, 78.14751676114380530, 4.332613121733920103 ) ) ;
#1129 = CARTESIAN_POINT ( 'NONE',  ( 105.8891600617368027, 32.24206815093315015, 5.303907417978243721 ) ) ;
#1130 = CARTESIAN_POINT ( 'NONE',  ( 74.58856006679822315, 81.78247953041295659, 1.989530087974564987 ) ) ;
#1131 = CARTESIAN_POINT ( 'NONE',  ( 119.9087507925614204, 57.90447256444655721, 4.395393354464053104 ) ) ;
#1132 = CARTESIAN_POINT ( 'NONE',  ( 112.7272037146315569, 82.66991616179329583, 1.000000000000002220 ) ) ;
#1133 = CARTESIAN_POINT ( 'NONE',  ( 83.62727828355458826, 26.87187217703441533, 1.000000000000000666 ) ) ;
#1134 = CARTESIAN_POINT ( 'NONE',  ( 81.13327638024287580, 81.78306573487506625, 0.8713937714391084555 ) ) ;
#1135 = EDGE_LOOP ( 'NONE', ( #704, #786, #558, #2695, #358, #1144 ) ) ;
#1136 = CARTESIAN_POINT ( 'NONE',  ( 114.0792315352708641, 35.32437596908068400, 6.666962852902408976 ) ) ;
#1137 = CARTESIAN_POINT ( 'NONE',  ( 108.1276010063429140, 31.99724764450967385, 3.949913253190530327 ) ) ;
#1138 = CARTESIAN_POINT ( 'NONE',  ( 58.34368627632530746, 45.01153033910054546, 0.9552307704321525428 ) ) ;
#1139 = CARTESIAN_POINT ( 'NONE',  ( 88.37293861670070783, 87.06730249169692115, 1.977545627062361921 ) ) ;
#1140 = CARTESIAN_POINT ( 'NONE',  ( 111.3274282845589482, 78.50437879728687562, 3.182248513380920407 ) ) ;
#1141 = CYLINDRICAL_SURFACE ( 'NONE', #2075, 36.79870545800834947 ) ;
#1142 = CARTESIAN_POINT ( 'NONE',  ( 74.65414727906700421, 86.04916273001325067, 0.9576716772775268893 ) ) ;
#1143 = CARTESIAN_POINT ( 'NONE',  ( 116.6804004249352289, 65.68195315289170821, 4.246144642540939707 ) ) ;
#1144 = ORIENTED_EDGE ( 'NONE', *, *, #1992, .F. ) ;
#1145 = CARTESIAN_POINT ( 'NONE',  ( 99.73661034790650604, 74.00355097356752765, 6.999999999999995559 ) ) ;
#1146 = CARTESIAN_POINT ( 'NONE',  ( 64.17862644862209720, 55.21841118490930000, 0.9999999999999995559 ) ) ;
#1147 = ADVANCED_FACE ( 'NONE', ( #1657 ), #2226, .T. ) ;
#1148 = PLANE ( 'NONE',  #732 ) ;
#1149 = EDGE_LOOP ( 'NONE', ( #602, #1782, #16, #2236 ) ) ;
#1150 = CARTESIAN_POINT ( 'NONE',  ( 122.4955168393893672, 46.98978991712721864, 3.970319141584184308 ) ) ;
#1151 = CARTESIAN_POINT ( 'NONE',  ( 107.7781906322081653, 33.30439276280765171, 5.765943350164913106 ) ) ;
#1152 = CARTESIAN_POINT ( 'NONE',  ( 78.76458480740453183, 74.00000110268592834, -55.42914871850910430 ) ) ;
#1153 = CARTESIAN_POINT ( 'NONE',  ( 111.4383903033073153, 71.11592117093657350, 6.561841254195418749 ) ) ;
#1154 = CARTESIAN_POINT ( 'NONE',  ( 78.76458480740454604, 43.94519671009345529, 6.999999999999999112 ) ) ;
#1155 = CARTESIAN_POINT ( 'NONE',  ( 119.0304363246857235, 57.61683325811328160, 5.756516944010799719 ) ) ;
#1156 = CARTESIAN_POINT ( 'NONE',  ( 102.1974935381673077, 73.79392067037211689, 7.000000000000000000 ) ) ;
#1157 = CARTESIAN_POINT ( 'NONE',  ( 64.20031263865938342, 53.29802462655531059, 1.000000000000000000 ) ) ;
#1158 = CARTESIAN_POINT ( 'NONE',  ( 101.1884145802485762, 77.11195111063196350, 3.458475640711347054 ) ) ;
#1159 = ORIENTED_EDGE ( 'NONE', *, *, #1992, .T. ) ;
#1160 = CARTESIAN_POINT ( 'NONE',  ( 115.8974040050768934, 37.21570082348435449, 7.097237774297489921 ) ) ;
#1161 = CARTESIAN_POINT ( 'NONE',  ( 97.89956462969175277, 31.43689525444994715, 5.531577083616065593 ) ) ;
#1162 = DIRECTION ( 'NONE',  ( 1.000000000000000000, 0.000000000000000000, -0.000000000000000000 ) ) ;
#1163 = CARTESIAN_POINT ( 'NONE',  ( 119.3679167363277713, 48.00603214697213872, 5.995129246548546398 ) ) ;
#1164 = CARTESIAN_POINT ( 'NONE',  ( 117.8442611874861683, 66.01997627051218842, 5.897601536619769824 ) ) ;
#1165 = CARTESIAN_POINT ( 'NONE',  ( 91.50005713151190889, 27.88803645858571656, 2.603593251249365803 ) ) ;
#1166 = CARTESIAN_POINT ( 'NONE',  ( 71.57533082660148693, 38.46470669389913155, 1.734084835237289068 ) ) ;
#1167 = CARTESIAN_POINT ( 'NONE',  ( 117.7909264862263683, 67.86900477754936389, 2.487242048589682231 ) ) ;
#1168 = CARTESIAN_POINT ( 'NONE',  ( 90.72619829581444151, 21.35348506990139583, 0.9999999999999981126 ) ) ;
#1169 = CARTESIAN_POINT ( 'NONE',  ( 74.87739096932720884, 31.88413504558269906, 0.9999999999999991118 ) ) ;
#1170 = CARTESIAN_POINT ( 'NONE',  ( 95.30227872132763878, 77.45038067581542407, 3.442123072129640970 ) ) ;
#1171 = CARTESIAN_POINT ( 'NONE',  ( 70.90952003958373950, 35.26909058295001387, 0.8870024682048943676 ) ) ;
#1172 = ORIENTED_EDGE ( 'NONE', *, *, #2267, .F. ) ;
#1173 = CARTESIAN_POINT ( 'NONE',  ( 124.8801549320323403, 46.68939452697581771, 0.6539519659774346572 ) ) ;
#1174 =( GEOMETRIC_REPRESENTATION_CONTEXT ( 3 ) GLOBAL_UNCERTAINTY_ASSIGNED_CONTEXT ( ( #130 ) ) GLOBAL_UNIT_ASSIGNED_CONTEXT ( ( #117, #139, #2701 ) ) REPRESENTATION_CONTEXT ( 'NONE', 'WORKASPACE' ) );
#1175 = CARTESIAN_POINT ( 'NONE',  ( 92.49599137183395214, 55.15951471132751749, 1.000000000000000000 ) ) ;
#1176 = CARTESIAN_POINT ( 'NONE',  ( 98.63494461729118257, 28.70001773527809874, 3.358999544224150924 ) ) ;
#1177 = EDGE_CURVE ( 'NONE', #1586, #710, #307, .T. ) ;
#1178 = CARTESIAN_POINT ( 'NONE',  ( 91.30237340303132498, 32.49998611800531734, 5.217192345819113619 ) ) ;
#1179 = APPLICATION_PROTOCOL_DEFINITION ( 'draft international standard', 'automotive_design', 1998, #1290 ) ;
#1180 = CARTESIAN_POINT ( 'NONE',  ( 92.28578470073534845, 33.19492049321165439, 5.820920220584207883 ) ) ;
#1181 = CARTESIAN_POINT ( 'NONE',  ( 67.15958134579946659, 40.72536413958371782, 0.8775457072504702083 ) ) ;
#1182 = UNCERTAINTY_MEASURE_WITH_UNIT (LENGTH_MEASURE( 1.000000000000000082E-05 ), #374, 'distance_accuracy_value', 'NONE');
#1183 = CARTESIAN_POINT ( 'NONE',  ( 108.6279504720037465, 73.07706020698044824, 4.132048757827180729 ) ) ;
#1184 = CARTESIAN_POINT ( 'NONE',  ( 104.5909500123082125, 71.03921309176531906, 5.876098182885767685 ) ) ;
#1185 = CARTESIAN_POINT ( 'NONE',  ( 84.46555686338815860, 83.06632560277729738, 0.8745072061852682266 ) ) ;
#1186 = EDGE_LOOP ( 'NONE', ( #931, #123, #520, #975, #765 ) ) ;
#1187 = CARTESIAN_POINT ( 'NONE',  ( 116.9674754984416722, 38.59016164615740507, 7.074419942920892268 ) ) ;
#1188 = CARTESIAN_POINT ( 'NONE',  ( 74.72741924273144321, 56.98008214689981088, 6.110936700422916701 ) ) ;
#1189 = CARTESIAN_POINT ( 'NONE',  ( 103.8478841599832236, 27.79134728832764267, 1.675889461217922927 ) ) ;
#1190 = CARTESIAN_POINT ( 'NONE',  ( 90.17145023468148679, 26.71605937773825801, 1.812050548031351127 ) ) ;
#1191 = CARTESIAN_POINT ( 'NONE',  ( 0.000000000000000000, 0.000000000000000000, 0.000000000000000000 ) ) ;
#1192 = CARTESIAN_POINT ( 'NONE',  ( 113.5212018187065581, 68.73420108837899534, 6.999999999999994671 ) ) ;
#1193 = CARTESIAN_POINT ( 'NONE',  ( 64.59451099158073362, 47.33052816909395943, 0.8708490294075805771 ) ) ;
#1194 = CARTESIAN_POINT ( 'NONE',  ( 115.0313137000107560, 74.95169161698559890, 0.9999999999999917843 ) ) ;
#1195 = CARTESIAN_POINT ( 'NONE',  ( 117.7059522453634060, 63.01529405446763832, 4.734231919679734446 ) ) ;
#1196 = CARTESIAN_POINT ( 'NONE',  ( 94.49815372566736471, 73.50149985109125339, 7.000000000000002665 ) ) ;
#1197 = CARTESIAN_POINT ( 'NONE',  ( 99.06168696139086194, 75.32094468201903226, 4.302403782603675175 ) ) ;
#1198 = ORIENTED_EDGE ( 'NONE', *, *, #898, .F. ) ;
#1199 = CARTESIAN_POINT ( 'NONE',  ( 108.2539776868137125, 30.81095602448621307, 5.758790480091998454 ) ) ;
#1200 = DIRECTION ( 'NONE',  ( -0.000000000000000000, -0.000000000000000000, -1.000000000000000000 ) ) ;
#1201 = CARTESIAN_POINT ( 'NONE',  ( 92.49661610212294249, 27.55225334111703361, 4.853142942548718253 ) ) ;
#1202 = B_SPLINE_CURVE_WITH_KNOTS ( 'NONE', 3,
 ( #813, #1450, #1001, #2260, #332, #2531 ),
 .UNSPECIFIED., .F., .F.,
 ( 4, 2, 4 ),
 ( 0.1474896051328413171, 0.6523702859393949449, 1.157250966745948739 ),
 .UNSPECIFIED. ) ;
#1203 = CARTESIAN_POINT ( 'NONE',  ( 99.36817969460537370, 30.35548979267337089, 4.678128115709667689 ) ) ;
#1204 = CARTESIAN_POINT ( 'NONE',  ( 80.38229331267309874, 51.48280031283039904, 8.000000000000000000 ) ) ;
#1205 = CARTESIAN_POINT ( 'NONE',  ( 67.24367102396210782, 48.32308368979001756, 1.721552418400367879 ) ) ;
#1206 = CARTESIAN_POINT ( 'NONE',  ( 112.9378917423505868, 76.96643178623192227, 0.9999999999999981126 ) ) ;
#1207 = CARTESIAN_POINT ( 'NONE',  ( 100.7977449519316195, 84.19235377314471691, 0.6321554891236037532 ) ) ;
#1208 = STYLED_ITEM ( 'NONE', ( #2500 ), #2022 ) ;
#1209 = CARTESIAN_POINT ( 'NONE',  ( 94.84663319720111474, 73.57418057291891955, 7.000000000000007105 ) ) ;
#1210 =( NAMED_UNIT ( * ) SI_UNIT ( $, .STERADIAN. ) SOLID_ANGLE_UNIT ( ) );
#1211 = CARTESIAN_POINT ( 'NONE',  ( 62.36283788171196818, 74.33864669995628560, 1.000000000000000666 ) ) ;
#1212 = ORIENTED_EDGE ( 'NONE', *, *, #2040, .T. ) ;
#1213 = CARTESIAN_POINT ( 'NONE',  ( 114.5411767228917341, 32.50666881315181911, 2.923656960727941900 ) ) ;
#1214 = CARTESIAN_POINT ( 'NONE',  ( 67.77977502358621109, 62.13515305263947397, 1.715446498662421382 ) ) ;
#1215 = CARTESIAN_POINT ( 'NONE',  ( 78.05801239664113211, 47.26566923220590155, 7.129841106241552318 ) ) ;
#1216 = CARTESIAN_POINT ( 'NONE',  ( 93.66703412678928942, 24.71531075314169357, 3.136563553817381944 ) ) ;
#1217 = CARTESIAN_POINT ( 'NONE',  ( 94.92680005232992357, 28.62292534143838552, 3.319286707126998692 ) ) ;
#1218 = CARTESIAN_POINT ( 'NONE',  ( 120.9147071321071678, 62.94574467433536569, 4.721259017006010694 ) ) ;
#1219 = PRESENTATION_LAYER_ASSIGNMENT (  '', '', ( #1208 ) ) ;
#1220 = CARTESIAN_POINT ( 'NONE',  ( 92.35226294110154299, 33.62295464528664724, 6.081942218171248804 ) ) ;
#1221 = CARTESIAN_POINT ( 'NONE',  ( 66.22860669036722925, 42.86765664920685737, 0.8751750179191093437 ) ) ;
#1222 = CARTESIAN_POINT ( 'NONE',  ( 122.9977352118248035, 56.83287026196522618, 0.9999999999999988898 ) ) ;
#1223 = CARTESIAN_POINT ( 'NONE',  ( 111.1607055340127914, 72.37118891671217114, 3.717869930675460566 ) ) ;
#1224 = CARTESIAN_POINT ( 'NONE',  ( 96.53708070958504095, 71.11387768134532905, 5.921726289338057114 ) ) ;
#1225 = CARTESIAN_POINT ( 'NONE',  ( 89.20819854680625838, 25.39134233794667850, 0.9999999999999995559 ) ) ;
#1226 = CARTESIAN_POINT ( 'NONE',  ( 65.71613394519710027, 78.82918884763445533, 1.000000000000000444 ) ) ;
#1227 = VERTEX_POINT ( 'NONE', #1799 ) ;
#1228 = CARTESIAN_POINT ( 'NONE',  ( 113.4263368729116763, 33.57710271763139076, 5.117989288722073482 ) ) ;
#1229 = ADVANCED_FACE ( 'NONE', ( #2392 ), #1960, .F. ) ;
#1230 = CARTESIAN_POINT ( 'NONE',  ( 65.38883292425938976, 64.36981146367362783, 0.8641499403647200372 ) ) ;
#1231 = CARTESIAN_POINT ( 'NONE',  ( 70.96347086011584793, 54.11643621224497025, 5.080265448766158265 ) ) ;
#1232 = CARTESIAN_POINT ( 'NONE',  ( 92.54179035286574617, 28.47355457541994994, 5.422018787699248499 ) ) ;
#1233 = CARTESIAN_POINT ( 'NONE',  ( 94.86593490214386293, 30.55710889213192161, 4.618339202237926600 ) ) ;
#1234 = CARTESIAN_POINT ( 'NONE',  ( 120.7821976887944686, 74.05506992769008434, 0.8424464169153048632 ) ) ;
#1235 = CARTESIAN_POINT ( 'NONE',  ( 85.00274498679276292, 33.96063930913720696, 4.322803883363423694 ) ) ;
#1236 = CARTESIAN_POINT ( 'NONE',  ( 115.5568307465005944, 38.58653978262100992, 4.562504328715337287 ) ) ;
#1237 = CARTESIAN_POINT ( 'NONE',  ( 91.27164134172284093, 26.25577530820689987, 3.949205950126289277 ) ) ;
#1238 = CARTESIAN_POINT ( 'NONE',  ( 106.7685980017256639, 71.26655982218115071, 5.425646945136347377 ) ) ;
#1239 = CARTESIAN_POINT ( 'NONE',  ( 116.0113192577386911, 64.04907412468473638, 5.578251448529853107 ) ) ;
#1240 = CARTESIAN_POINT ( 'NONE',  ( 81.47745402976225648, 65.08572384757569296, 6.999999999999998224 ) ) ;
#1241 = CARTESIAN_POINT ( 'NONE',  ( 87.31971700350061383, 25.74144568054048321, 0.9999999999999997780 ) ) ;
#1242 = CARTESIAN_POINT ( 'NONE',  ( 86.22343311105356634, 21.71461182422148894, 0.9999999999999972244 ) ) ;
#1243 = ORIENTED_EDGE ( 'NONE', *, *, #1327, .F. ) ;
#1244 = CARTESIAN_POINT ( 'NONE',  ( 114.1807994587151427, 30.80572700463513058, 1.815050799538258097 ) ) ;
#1245 = CARTESIAN_POINT ( 'NONE',  ( 68.52736520010330423, 70.82446615004194257, 0.8642577387345465878 ) ) ;
#1246 = CARTESIAN_POINT ( 'NONE',  ( 72.67045735266266604, 62.46065779404460017, 5.082872634159553371 ) ) ;
#1247 = VECTOR ( 'NONE', #423, 1000.000000000000000 ) ;
#1248 = CARTESIAN_POINT ( 'NONE',  ( 78.76458480740454604, 43.94519671009345529, 6.999999999999999112 ) ) ;
#1249 = B_SPLINE_CURVE_WITH_KNOTS ( 'NONE', 3,
 ( #1103, #1964, #900, #2548, #1911, #3, #633, #1483, #2355, #2136, #223, #96, #491, #1132, #1780, #2413, #2619, #517, #2655, #69, #2464, #1349, #320, #939, #928, #120, #311, #1583, #748, #2206, #1752, #690, #2644, #2034, #914, #1791, #1595, #723, #1385, #504, #287, #1541, #2190, #478, #735, #2632, #1336, #1119, #1555, #1767, #1994, #273, #706, #84, #529, #1569, #2438, #2246, #2451, #1168 ),
 .UNSPECIFIED., .F., .F.,
 ( 4, 2, 2, 2, 2, 2, 2, 2, 2, 2, 2, 2, 2, 2, 2, 2, 2, 2, 2, 2, 2, 2, 2, 2, 2, 2, 2, 2, 2, 4 ),
 ( 0.000000000000000000, 0.006728223797832332508, 0.01009233569674849833, 0.01345644759566466502, 0.01682055949458082997, 0.01850261544403891678, 0.02018467139349699666, 0.02691289519132922248, 0.03027700709024531978, 0.03364111898916142401, 0.04036934278699362555, 0.04709756658482582709, 0.05046167848374193132, 0.05382579038265804250, 0.06055401418049025791, 0.06223607012994831350, 0.06391812607940636215, 0.06728223797832250108, 0.07401046177615475119, 0.07569251772561282066, 0.07737457367507087624, 0.08073868557398694579, 0.08410279747290304309, 0.08578485342236108480, 0.08746690937181914038, 0.09419513316965134886, 0.09755924506856741840, 0.09924130101802546011, 0.1009233569674834879, 0.1076515807653156964 ),
 .UNSPECIFIED. ) ;
#1250 = CARTESIAN_POINT ( 'NONE',  ( 93.78446605864733954, 29.35956371714806679, 3.740498344223112337 ) ) ;
#1251 = CARTESIAN_POINT ( 'NONE',  ( 116.5619623813403933, 76.63398368766462454, 2.012528465359871177 ) ) ;
#1252 = CARTESIAN_POINT ( 'NONE',  ( 80.64516489664492838, 34.89075185408967172, 3.455612285300522224 ) ) ;
#1253 = CARTESIAN_POINT ( 'NONE',  ( 120.0829884313711631, 46.34611520862524969, 3.657521130725288838 ) ) ;
#1254 = CARTESIAN_POINT ( 'NONE',  ( 78.76458480740453183, 28.96559952297486618, -55.42914871850910430 ) ) ;
#1255 = CARTESIAN_POINT ( 'NONE',  ( 117.9911224224896529, 38.14686963751650950, 1.000000000000004663 ) ) ;
#1256 = CARTESIAN_POINT ( 'NONE',  ( 109.3679273065529145, 74.49557210749676983, 3.267947004242222064 ) ) ;
#1257 = CARTESIAN_POINT ( 'NONE',  ( 109.2538174243113076, 70.27706271318112385, 7.702741156302659320 ) ) ;
#1258 = CARTESIAN_POINT ( 'NONE',  ( 88.16423060542580004, 35.64130461444282361, 5.875539493362730958 ) ) ;
#1259 = CARTESIAN_POINT ( 'NONE',  ( 73.60636337052841327, 26.24477637673581043, 1.000000000000000666 ) ) ;
#1260 = CARTESIAN_POINT ( 'NONE',  ( 112.8991904443457912, 36.14835653806883187, 5.000000000000007994 ) ) ;
#1261 = CARTESIAN_POINT ( 'NONE',  ( 114.1759909434889124, 34.63244074859566979, 5.630007229181980932 ) ) ;
#1262 = CARTESIAN_POINT ( 'NONE',  ( 77.07052876680228337, 67.52779868829910015, 3.419459333302354409 ) ) ;
#1263 = CARTESIAN_POINT ( 'NONE',  ( 58.68054894614900263, 67.43172982612870214, 0.9631466151539999077 ) ) ;
#1264 = CARTESIAN_POINT ( 'NONE',  ( 88.27348266369416763, 32.97781867536873079, 6.999999999999999112 ) ) ;
#1265 = CARTESIAN_POINT ( 'NONE',  ( 95.84088283972776878, 31.02742799340626689, 5.064054967448496036 ) ) ;
#1266 = CARTESIAN_POINT ( 'NONE',  ( 120.9925121289097376, 59.75356790738173629, 5.779719747787859241 ) ) ;
#1267 = CARTESIAN_POINT ( 'NONE',  ( 81.79702608656138807, 33.99302276579942372, 3.460864365361255857 ) ) ;
#1268 = CARTESIAN_POINT ( 'NONE',  ( 120.3992296096898542, 45.50454577803299117, 2.742732150567249505 ) ) ;
#1269 = EDGE_CURVE ( 'NONE', #2454, #831, #967, .T. ) ;
#1270 = CARTESIAN_POINT ( 'NONE',  ( 88.91265034231527409, 26.69458902199336237, 3.964568957541277250 ) ) ;
#1271 = CARTESIAN_POINT ( 'NONE',  ( 82.85498117486919512, 61.06165958050271314, 5.979096157979040704 ) ) ;
#1272 = CARTESIAN_POINT ( 'NONE',  ( 103.7001163622158515, 77.04606841641974313, 3.236778843658668414 ) ) ;
#1273 = CARTESIAN_POINT ( 'NONE',  ( 108.0166745564081054, 77.21038115532755342, 2.387790321474336341 ) ) ;
#1274 = CARTESIAN_POINT ( 'NONE',  ( 93.13513730048286732, 90.18310716129222726, 0.9576260761785905240 ) ) ;
#1275 = CARTESIAN_POINT ( 'NONE',  ( 103.9443551075618331, 74.73878114710230136, 4.209151852103612867 ) ) ;
#1276 = CARTESIAN_POINT ( 'NONE',  ( 79.65535499051435409, 88.07582815249804753, 1.000000000000001554 ) ) ;
#1277 = CARTESIAN_POINT ( 'NONE',  ( 120.1287849517879920, 53.97290384361698301, 5.000000000000012434 ) ) ;
#1278 = CARTESIAN_POINT ( 'NONE',  ( 100.9411529194670578, 28.81839175070261660, 5.890776152797439380 ) ) ;
#1279 = B_SPLINE_CURVE_WITH_KNOTS ( 'NONE', 3,
 ( #1363, #2221, #300, #1156, #1979, #2423, #2020, #1145, #1804, #2008, #109, #2668, #1449, #1209, #1196, #812, #157, #2477, #2060, #331, #1409, #143, #389, #2072, #985, #2088, #582, #1397, #1421, #1240, #2733, #783, #1845, #1661 ),
 .UNSPECIFIED., .F., .F.,
 ( 4, 2, 2, 2, 2, 2, 2, 2, 2, 2, 2, 2, 2, 2, 2, 2, 4 ),
 ( 0.09532028306554765629, 0.09952283731467813366, 0.1005734758769607634, 0.1016241144392434070, 0.1037253915638087082, 0.1058266686883740093, 0.1068773072506566807, 0.1079279458129393521, 0.1121305000620700099, 0.1142317771866353249, 0.1152824157489179963, 0.1163330543112006676, 0.1205356085603314503, 0.1215862471226141772, 0.1226368856848968902, 0.1247381628094622746, 0.1289407170585930573 ),
 .UNSPECIFIED. ) ;
#1280 = CARTESIAN_POINT ( 'NONE',  ( 73.80038837714616307, 67.97553442384266020, 2.566875449908192053 ) ) ;
#1281 = CARTESIAN_POINT ( 'NONE',  ( 76.89811964769015162, 69.52941641366138015, 5.081876894965222213 ) ) ;
#1282 = DIRECTION ( 'NONE',  ( 0.000000000000000000, 0.000000000000000000, -1.000000000000000000 ) ) ;
#1283 = CARTESIAN_POINT ( 'NONE',  ( 93.72328230481754474, 27.34189758041898344, 2.443375669462160893 ) ) ;
#1284 = CARTESIAN_POINT ( 'NONE',  ( 122.1077362963056316, 54.13108547900053225, 5.672313325776102033 ) ) ;
#1285 = CARTESIAN_POINT ( 'NONE',  ( 83.17468438704945299, 38.12099941252842683, 5.158024655215143639 ) ) ;
#1286 = CARTESIAN_POINT ( 'NONE',  ( 121.0109295489671837, 47.61379047815016463, 2.732466645853493414 ) ) ;
#1287 = CARTESIAN_POINT ( 'NONE',  ( 85.07475833013428712, 27.91933425279762560, 3.985681154698589523 ) ) ;
#1288 = CARTESIAN_POINT ( 'NONE',  ( 109.2546174445726592, 70.09041527919487180, 5.448614344524099096 ) ) ;
#1289 = CARTESIAN_POINT ( 'NONE',  ( 103.8636278405904392, 81.10488026436260611, 1.505128419057455202 ) ) ;
#1290 = APPLICATION_CONTEXT ( 'automotive_design' ) ;
#1291 = CARTESIAN_POINT ( 'NONE',  ( 104.2250129967420662, 75.48035356318847278, 6.048339278559209831 ) ) ;
#1292 = CARTESIAN_POINT ( 'NONE',  ( 87.78247546248454114, 35.94326336798104649, 5.879523784103297679 ) ) ;
#1293 = DIRECTION ( 'NONE',  ( -1.000000000000000000, 0.000000000000000000, 0.000000000000000000 ) ) ;
#1294 = CARTESIAN_POINT ( 'NONE',  ( 103.1775738292303686, 28.00524635779050442, 4.739626819059938434 ) ) ;
#1295 = CARTESIAN_POINT ( 'NONE',  ( 86.89995576610373007, 78.27095116475172176, 2.576762313820629036 ) ) ;
#1296 = CARTESIAN_POINT ( 'NONE',  ( 66.58584484612740084, 66.82983956624869393, 3.023821494546957922 ) ) ;
#1297 = DIRECTION ( 'NONE',  ( 1.000000000000000000, 0.000000000000000000, 0.000000000000000000 ) ) ;
#1298 = CARTESIAN_POINT ( 'NONE',  ( 121.7919257073882591, 48.15573456254085727, 5.583318360154805760 ) ) ;
#1299 = CARTESIAN_POINT ( 'NONE',  ( 85.98648266877077617, 37.93779975978941366, 6.022401668626995885 ) ) ;
#1300 = CARTESIAN_POINT ( 'NONE',  ( 123.0619523504935842, 52.67079985468522096, 0.9183527048318069763 ) ) ;
#1301 = CARTESIAN_POINT ( 'NONE',  ( 76.76886562445875484, 29.84474513069220336, 2.983662560662733831 ) ) ;
#1302 = CARTESIAN_POINT ( 'NONE',  ( 70.33367841873544535, 60.10362930382640911, 2.567205328577142787 ) ) ;
#1303 = CARTESIAN_POINT ( 'NONE',  ( 107.5713023445792942, 70.95147855685200966, 5.431864543922656274 ) ) ;
#1304 = CARTESIAN_POINT ( 'NONE',  ( 112.6529047986334575, 68.30836307164754828, 7.655329103383075484 ) ) ;
#1305 = CARTESIAN_POINT ( 'NONE',  ( 114.3972874973632230, 65.77373618723463267, 5.679932850940453193 ) ) ;
#1306 = CARTESIAN_POINT ( 'NONE',  ( 120.0386648655429838, 50.09497396416450954, 5.000000000000007994 ) ) ;
#1307 = CARTESIAN_POINT ( 'NONE',  ( 104.2393612638669538, 28.84425047667667030, 5.282964483287514668 ) ) ;
#1308 = CARTESIAN_POINT ( 'NONE',  ( 95.34635299923490948, 75.21602546350342777, 4.292478702323761830 ) ) ;
#1309 = CARTESIAN_POINT ( 'NONE',  ( 83.52091011005560972, 71.31577691283982290, 6.108623295898388150 ) ) ;
#1310 = FACE_BOUND ( 'NONE', #2384, .T. ) ;
#1311 = CARTESIAN_POINT ( 'NONE',  ( 122.6416940961612596, 63.41624967320162654, 3.037811055684527695 ) ) ;
#1312 = CARTESIAN_POINT ( 'NONE',  ( 113.3305121135200721, 36.88938994449891595, 5.459900835016084919 ) ) ;
#1313 = CARTESIAN_POINT ( 'NONE',  ( 70.88484745694530886, 35.24474204532906185, 3.000920168077686245 ) ) ;
#1314 = CARTESIAN_POINT ( 'NONE',  ( 104.2416895872985236, 75.44421595148050130, 6.065601548834830048 ) ) ;
#1315 = CARTESIAN_POINT ( 'NONE',  ( 106.5293849747203581, 73.16178343698139486, 4.553844334651228287 ) ) ;
#1316 = CARTESIAN_POINT ( 'NONE',  ( 110.5916779740591664, 70.60466192958094211, 7.134448665679829382 ) ) ;
#1317 = CARTESIAN_POINT ( 'NONE',  ( 82.62608486349425618, 42.22890139952000510, 5.923516867714258893 ) ) ;
#1318 = CARTESIAN_POINT ( 'NONE',  ( 90.22589123297886715, 71.76151922156689977, 7.128187578867803076 ) ) ;
#1319 = CARTESIAN_POINT ( 'NONE',  ( 118.0489424788291757, 60.42320714105562729, 5.673774078996914660 ) ) ;
#1320 = CARTESIAN_POINT ( 'NONE',  ( 121.6215365762670615, 64.85438179055257990, 0.8030436050230452816 ) ) ;
#1321 = CARTESIAN_POINT ( 'NONE',  ( 119.5920531652111549, 47.38118097408077745, 5.000000000000008882 ) ) ;
#1322 = CARTESIAN_POINT ( 'NONE',  ( 105.9841382852729055, 24.29474082162750648, 0.7687472406912088108 ) ) ;
#1323 = CARTESIAN_POINT ( 'NONE',  ( 88.41585544686887488, 73.29065064648956707, 4.280015766157543311 ) ) ;
#1324 = CARTESIAN_POINT ( 'NONE',  ( 88.84009965974581746, 70.99108673654316704, 7.130325156185759461 ) ) ;
#1325 = FACE_OUTER_BOUND ( 'NONE', #112, .T. ) ;
#1326 = CARTESIAN_POINT ( 'NONE',  ( 122.8659228135626762, 52.61407269720356084, 4.570248540406361748 ) ) ;
#1327 = EDGE_CURVE ( 'NONE', #751, #1833, #2297, .T. ) ;
#1328 = CARTESIAN_POINT ( 'NONE',  ( 117.4705805487758283, 38.48443347029741091, 1.842090146064070399 ) ) ;
#1329 = CARTESIAN_POINT ( 'NONE',  ( 73.76867077808876161, 25.87614326413517318, 0.9204241949062225148 ) ) ;
#1330 = CARTESIAN_POINT ( 'NONE',  ( 97.60035379990823401, 76.23794769487786027, 6.086834763121494518 ) ) ;
#1331 = CARTESIAN_POINT ( 'NONE',  ( 102.6599550219773533, 76.30077272180210457, 3.665409411681417762 ) ) ;
#1332 = CARTESIAN_POINT ( 'NONE',  ( 114.0787811145300878, 71.36954488003799213, 5.412534614290374968 ) ) ;
#1333 =( NAMED_UNIT ( * ) PLANE_ANGLE_UNIT ( ) SI_UNIT ( $, .RADIAN. ) );
#1334 = CARTESIAN_POINT ( 'NONE',  ( 91.67781735631332651, 78.42241224072455452, 5.066878527201116533 ) ) ;
#1335 = CARTESIAN_POINT ( 'NONE',  ( 120.2411698579981447, 53.31329723986110025, 4.947017545915588954 ) ) ;
#1336 = CARTESIAN_POINT ( 'NONE',  ( 111.8290824297175732, 28.04571021022256261, 0.9999999999999883427 ) ) ;
#1337 = CARTESIAN_POINT ( 'NONE',  ( 71.96129171046891315, 74.50709241159685803, 1.000000000000000222 ) ) ;
#1338 = CARTESIAN_POINT ( 'NONE',  ( 97.03627896937484820, 28.72112317857230224, 5.943465782781624185 ) ) ;
#1339 = ORIENTED_EDGE ( 'NONE', *, *, #399, .T. ) ;
#1340 = CARTESIAN_POINT ( 'NONE',  ( 123.8226212401431354, 63.85013010284028212, 1.902554751065556271 ) ) ;
#1341 = CARTESIAN_POINT ( 'NONE',  ( 109.8845628902641494, 34.72396959928811810, 6.311254252395563924 ) ) ;
#1342 = CARTESIAN_POINT ( 'NONE',  ( 74.30142073793764723, 35.58919869571703032, 4.027971374916369918 ) ) ;
#1343 = CARTESIAN_POINT ( 'NONE',  ( 100.0458139192841998, 76.19159832639073215, 6.080379868641793806 ) ) ;
#1344 = CARTESIAN_POINT ( 'NONE',  ( 114.7816944152989578, 69.58763693003245976, 5.958114438987695216 ) ) ;
#1345 = DIRECTION ( 'NONE',  ( -0.000000000000000000, -0.000000000000000000, -1.000000000000000000 ) ) ;
#1346 = B_SPLINE_CURVE_WITH_KNOTS ( 'NONE', 3,
 ( #2149, #448, #1275, #2395, #53, #2134 ),
 .UNSPECIFIED., .F., .F.,
 ( 4, 2, 4 ),
 ( 0.04866366072151137590, 0.4463200390657344752, 0.8439764174099576577 ),
 .UNSPECIFIED. ) ;
#1347 = ORIENTED_EDGE ( 'NONE', *, *, #1475, .F. ) ;
#1348 = CARTESIAN_POINT ( 'NONE',  ( 119.6004385429445023, 62.02401663895658857, 3.441253143443006479 ) ) ;
#1349 = CARTESIAN_POINT ( 'NONE',  ( 124.1551216628509593, 66.19950228793381086, 0.9999999999999887867 ) ) ;
#1350 = CARTESIAN_POINT ( 'NONE',  ( 83.16999351935622542, 27.04188301264566618, 1.000000000000000000 ) ) ;
#1351 = CARTESIAN_POINT ( 'NONE',  ( 95.43951598452881058, 31.25939713264622810, 7.654345588069206840 ) ) ;
#1352 = CARTESIAN_POINT ( 'NONE',  ( 92.65713294333278327, 74.74535330349996798, 4.286900962149115202 ) ) ;
#1353 = ORIENTED_EDGE ( 'NONE', *, *, #101, .F. ) ;
#1354 = CARTESIAN_POINT ( 'NONE',  ( 115.4892705069902945, 36.00040246920467268, 5.605483783440380563 ) ) ;
#1355 = CARTESIAN_POINT ( 'NONE',  ( 110.3678831132775713, 34.74897676502546062, 5.847719572582227521 ) ) ;
#1356 = CARTESIAN_POINT ( 'NONE',  ( 69.92991441596011271, 42.40972612007480791, 4.040866997082429357 ) ) ;
#1357 = CARTESIAN_POINT ( 'NONE',  ( 105.9380064199937124, 72.80786032988373790, 7.073146033732255589 ) ) ;
#1358 = CARTESIAN_POINT ( 'NONE',  ( 108.3077425641888851, 80.34993054007895807, 3.197454793123356787 ) ) ;
#1359 = CARTESIAN_POINT ( 'NONE',  ( 77.47011336180527508, 55.51910966310119022, 6.999999999999999112 ) ) ;
#1360 = ADVANCED_FACE ( 'NONE', ( #2253, #350 ), #2700, .T. ) ;
#1361 = CARTESIAN_POINT ( 'NONE',  ( 90.78576312703242479, 75.14157577345888228, 6.100116729037004859 ) ) ;
#1362 = CARTESIAN_POINT ( 'NONE',  ( 121.3029704730638088, 62.67139808391421241, 1.689497838124536244 ) ) ;
#1363 = CARTESIAN_POINT ( 'NONE',  ( 106.6260919603301289, 72.70328707341545282, 6.999999999999984013 ) ) ;
#1364 = CARTESIAN_POINT ( 'NONE',  ( 70.50472741645813812, 36.36275769652687728, 0.9999999999999997780 ) ) ;
#1365 =( GEOMETRIC_REPRESENTATION_CONTEXT ( 3 ) GLOBAL_UNCERTAINTY_ASSIGNED_CONTEXT ( ( #959 ) ) GLOBAL_UNIT_ASSIGNED_CONTEXT ( ( #2030, #1333, #2203 ) ) REPRESENTATION_CONTEXT ( 'NONE', 'WORKASPACE' ) );
#1366 = CARTESIAN_POINT ( 'NONE',  ( 102.9109453519696018, 71.02711672994581704, 6.030470262633265577 ) ) ;
#1367 = VERTEX_POINT ( 'NONE', #1204 ) ;
#1368 = CARTESIAN_POINT ( 'NONE',  ( 126.0149446746419954, 52.35485605516304730, 0.6783661007962838996 ) ) ;
#1369 = CARTESIAN_POINT ( 'NONE',  ( 112.3750427958711100, 33.72623168232412638, 2.676207392864483836 ) ) ;
#1370 = CARTESIAN_POINT ( 'NONE',  ( 95.43412222936018452, 84.42837803769177185, 2.998864904668888887 ) ) ;
#1371 = CARTESIAN_POINT ( 'NONE',  ( 111.6710336536775117, 80.95011697722841859, 2.044663061941396798 ) ) ;
#1372 = LINE ( 'NONE', #1566, #2752 ) ;
#1373 = CARTESIAN_POINT ( 'NONE',  ( 107.9724113420832055, 72.18394374345702147, 7.000000000000005329 ) ) ;
#1374 = CARTESIAN_POINT ( 'NONE',  ( 100.3822933126731130, 51.48280031283039904, 5.000000000000007105 ) ) ;
#1375 = CARTESIAN_POINT ( 'NONE',  ( 72.39138183310259933, 34.18546836152471258, 0.9999999999999997780 ) ) ;
#1376 = CARTESIAN_POINT ( 'NONE',  ( 94.82111939460249062, 84.39810370960974240, 0.8888879722107370096 ) ) ;
#1377 = ORIENTED_EDGE ( 'NONE', *, *, #2693, .F. ) ;
#1378 = CARTESIAN_POINT ( 'NONE',  ( 117.6468646544589092, 39.28502398048193101, 6.585069642372084253 ) ) ;
#1379 = DIRECTION ( 'NONE',  ( 0.000000000000000000, 0.000000000000000000, 1.000000000000000000 ) ) ;
#1380 = CARTESIAN_POINT ( 'NONE',  ( 102.9010529235698641, 31.31044906124515848, 5.184139967371162783 ) ) ;
#1381 = DIRECTION ( 'NONE',  ( -0.000000000000000000, -0.000000000000000000, -1.000000000000000000 ) ) ;
#1382 = CARTESIAN_POINT ( 'NONE',  ( 121.3845471979646220, 56.37788111591459739, 6.258848330685799155 ) ) ;
#1383 = CARTESIAN_POINT ( 'NONE',  ( 122.0000018179416799, 28.96559952297486618, 6.999999999999999112 ) ) ;
#1384 = CARTESIAN_POINT ( 'NONE',  ( 121.0209004185422685, 47.22235614722587371, 7.000000000000009770 ) ) ;
#1385 = CARTESIAN_POINT ( 'NONE',  ( 118.9933645604869099, 35.15880316140145112, 1.000000000000032196 ) ) ;
#1386 = CARTESIAN_POINT ( 'NONE',  ( 88.56723255172849463, 83.69712016993798898, 0.9999999999999978906 ) ) ;
#1387 = CARTESIAN_POINT ( 'NONE',  ( 103.9494886586690541, 70.87496571541333878, 6.036529531988575670 ) ) ;
#1388 = VERTEX_POINT ( 'NONE', #1839 ) ;
#1389 = CARTESIAN_POINT ( 'NONE',  ( 120.9473484526999272, 42.69903397597963846, 3.958303719923785380 ) ) ;
#1390 = EDGE_CURVE ( 'NONE', #2090, #2151, #743, .T. ) ;
#1391 = CARTESIAN_POINT ( 'NONE',  ( 93.54833194201182778, 25.11985386442633583, 1.000000000000000000 ) ) ;
#1392 = CARTESIAN_POINT ( 'NONE',  ( 99.17936458599683647, 30.86534330139436477, 5.113495930750541874 ) ) ;
#1393 = CARTESIAN_POINT ( 'NONE',  ( 80.38229331267309874, 51.48280031283039904, 5.000000000000007105 ) ) ;
#1394 = CARTESIAN_POINT ( 'NONE',  ( 115.9642285160594071, 80.06675706921834035, 0.8848962673927687206 ) ) ;
#1395 = CARTESIAN_POINT ( 'NONE',  ( 111.7869650878503762, 70.06428187762801940, 6.999999999999983125 ) ) ;
#1396 = CARTESIAN_POINT ( 'NONE',  ( 79.13260930944124993, 59.16114690921574493, 5.124127057706947319 ) ) ;
#1397 = CARTESIAN_POINT ( 'NONE',  ( 82.36255561302753847, 66.19361534561214455, 7.000000000000000000 ) ) ;
#1398 = DIRECTION ( 'NONE',  ( 0.000000000000000000, 0.000000000000000000, 1.000000000000000000 ) ) ;
#1399 = CARTESIAN_POINT ( 'NONE',  ( 107.4929109224294592, 69.78333611269678727, 6.065902924428376863 ) ) ;
#1400 = ORIENTED_EDGE ( 'NONE', *, *, #2399, .F. ) ;
#1401 = CARTESIAN_POINT ( 'NONE',  ( 123.5685271082149796, 45.37201323842394629, 1.768954791638483570 ) ) ;
#1402 = VECTOR ( 'NONE', #1846, 1000.000000000000000 ) ;
#1403 = FACE_OUTER_BOUND ( 'NONE', #1149, .T. ) ;
#1404 = CARTESIAN_POINT ( 'NONE',  ( 72.07589330695918761, 45.94910907373142805, 5.073593271615648881 ) ) ;
#1405 = CARTESIAN_POINT ( 'NONE',  ( 103.5239066986414969, 30.57437865065103466, 4.307366027520402874 ) ) ;
#1406 = DIRECTION ( 'NONE',  ( 0.000000000000000000, 0.000000000000000000, 1.000000000000000000 ) ) ;
#1407 = CARTESIAN_POINT ( 'NONE',  ( 120.5322839586679464, 57.98150609614666706, 7.000000000000043521 ) ) ;
#1408 = CARTESIAN_POINT ( 'NONE',  ( 78.16246029213739632, 55.74528601553573282, 5.125254117374979046 ) ) ;
#1409 = CARTESIAN_POINT ( 'NONE',  ( 87.67294339760869093, 70.76120861290598896, 7.000000000000000000 ) ) ;
#1410 = LINE ( 'NONE', #986, #2582 ) ;
#1411 = CARTESIAN_POINT ( 'NONE',  ( 98.10168190978903624, 81.82446653915587831, 1.745821300637574458 ) ) ;
#1412 = ORIENTED_EDGE ( 'NONE', *, *, #2617, .T. ) ;
#1413 = CARTESIAN_POINT ( 'NONE',  ( 106.1948711683306072, 30.53392610899537374, 6.345761968429797228 ) ) ;
#1414 = FACE_OUTER_BOUND ( 'NONE', #95, .T. ) ;
#1415 = CARTESIAN_POINT ( 'NONE',  ( 95.06569128574192007, 24.74060117055149632, 3.126107466180185313 ) ) ;
#1416 = CARTESIAN_POINT ( 'NONE',  ( 101.1101011934225653, 31.95750979955163373, 6.038595813260087652 ) ) ;
#1417 = DIRECTION ( 'NONE',  ( 0.000000000000000000, -0.000000000000000000, 1.000000000000000000 ) ) ;
#1418 = CARTESIAN_POINT ( 'NONE',  ( 81.04172637248019839, 56.45065222844652908, 5.979732994234342236 ) ) ;
#1419 = CARTESIAN_POINT ( 'NONE',  ( 122.8541491486621737, 51.08533237329900345, 0.9999999999999900080 ) ) ;
#1420 = CARTESIAN_POINT ( 'NONE',  ( 117.5303910872209059, 64.31236116540073056, 4.269568319582219829 ) ) ;
#1421 = CARTESIAN_POINT ( 'NONE',  ( 82.13536930925789648, 65.91956713369269494, 7.000000000000000888 ) ) ;
#1422 = CARTESIAN_POINT ( 'NONE',  ( 83.97028805219535741, 89.32453068779764749, 0.9999999999999995559 ) ) ;
#1423 = ORIENTED_EDGE ( 'NONE', *, *, #2462, .F. ) ;
#1424 = CARTESIAN_POINT ( 'NONE',  ( 110.4140336582010775, 31.45687866820395229, 5.174332719515027712 ) ) ;
#1425 = CARTESIAN_POINT ( 'NONE',  ( 61.03455945974808827, 48.82241440748855155, 1.987770189899986217 ) ) ;
#1426 = CARTESIAN_POINT ( 'NONE',  ( 94.65547989933091344, 29.84226775020673017, 6.536326540753758962 ) ) ;
#1427 = CARTESIAN_POINT ( 'NONE',  ( 104.7877549580720284, 29.10826387978904251, 2.562589319563445489 ) ) ;
#1428 = CARTESIAN_POINT ( 'NONE',  ( 0.000000000000000000, 0.000000000000000000, 8.000000000000000000 ) ) ;
#1429 = CARTESIAN_POINT ( 'NONE',  ( 89.25483540380889735, 21.14468607342044493, 0.8622296314784938520 ) ) ;
#1430 = CARTESIAN_POINT ( 'NONE',  ( 65.29763203493499191, 45.00994915882999692, 0.8728043285877483681 ) ) ;
#1431 = CARTESIAN_POINT ( 'NONE',  ( 115.3623821852954450, 34.70609821750075952, 0.9999999999999945599 ) ) ;
#1432 = CARTESIAN_POINT ( 'NONE',  ( 113.8263025003426065, 69.17428314301416492, 4.188612020968538019 ) ) ;
#1433 = AXIS2_PLACEMENT_3D ( 'NONE', #149, #1852, #788 ) ;
#1434 = EDGE_CURVE ( 'NONE', #2454, #2659, #995, .T. ) ;
#1435 = CARTESIAN_POINT ( 'NONE',  ( 86.02128346818469140, 65.40859588601776409, 5.945595115822029264 ) ) ;
#1436 = CARTESIAN_POINT ( 'NONE',  ( 91.79895493217833291, 90.08160968987611739, 0.9999999999999995559 ) ) ;
#1437 = CARTESIAN_POINT ( 'NONE',  ( 57.06499327388250720, 52.34988379345961107, 1.000000000000000444 ) ) ;
#1438 = EDGE_LOOP ( 'NONE', ( #1377, #1498, #1400, #1738 ) ) ;
#1439 = CARTESIAN_POINT ( 'NONE',  ( 111.2578464887843950, 32.51315693392395900, 5.694100140929619691 ) ) ;
#1440 = CARTESIAN_POINT ( 'NONE',  ( 70.96723738945853199, 62.21196937863574306, 2.566781106279854008 ) ) ;
#1441 = CARTESIAN_POINT ( 'NONE',  ( 57.03956928103457358, 50.51015470329998891, 0.9585595955668890777 ) ) ;
#1442 = CARTESIAN_POINT ( 'NONE',  ( 80.06979243883711206, 41.11572142101299931, 6.999999999999999112 ) ) ;
#1443 = CARTESIAN_POINT ( 'NONE',  ( 93.88043817504144783, 32.04726956344235589, 5.473601138517777187 ) ) ;
#1444 = CARTESIAN_POINT ( 'NONE',  ( 118.4348891883756636, 66.33105145777496148, 5.340764364723155744 ) ) ;
#1445 = CARTESIAN_POINT ( 'NONE',  ( 86.79279477520101693, 37.16419469508779372, 6.028369673544235141 ) ) ;
#1446 = CARTESIAN_POINT ( 'NONE',  ( 115.0378860013296674, 38.30866197770614434, 5.026618551360760634 ) ) ;
#1447 = CARTESIAN_POINT ( 'NONE',  ( 114.0296818948796727, 33.33215198884182939, 1.000000000000003331 ) ) ;
#1448 = CARTESIAN_POINT ( 'NONE',  ( 114.4251350433436443, 69.46702715534554784, 3.757126743504655586 ) ) ;
#1449 = CARTESIAN_POINT ( 'NONE',  ( 95.54285753970147255, 73.70192183328707358, 7.000000000000001776 ) ) ;
#1450 = CARTESIAN_POINT ( 'NONE',  ( 104.1250434104406821, 75.58090937612008986, 6.018169403645003968 ) ) ;
#1451 = CARTESIAN_POINT ( 'NONE',  ( 79.70037183852276996, 23.29913419960214682, 0.9999999999999993339 ) ) ;
#1452 = ORIENTED_EDGE ( 'NONE', *, *, #2483, .F. ) ;
#1453 = CARTESIAN_POINT ( 'NONE',  ( 117.6593503914798191, 35.70172670774832824, 2.889564696047565828 ) ) ;
#1454 = CARTESIAN_POINT ( 'NONE',  ( 72.70134726538934444, 66.14768943500854448, 2.566698972753472141 ) ) ;
#1455 = CARTESIAN_POINT ( 'NONE',  ( 61.07676860106670347, 62.09547073217085966, 1.993017346687189439 ) ) ;
#1456 = CARTESIAN_POINT ( 'NONE',  ( 94.93363252455526435, 26.44070125248886072, 4.263926980673962142 ) ) ;
#1457 = CARTESIAN_POINT ( 'NONE',  ( 98.93601180213755697, 27.60564222243046828, 2.492162702470426261 ) ) ;
#1458 = CARTESIAN_POINT ( 'NONE',  ( 118.7167152850416585, 62.52735803713343898, 6.957779588318608432 ) ) ;
#1459 = CARTESIAN_POINT ( 'NONE',  ( 79.93494200573296382, 28.23557651886583031, 0.9150797267279782155 ) ) ;
#1460 = CARTESIAN_POINT ( 'NONE',  ( 121.9401191849282213, 48.89640609108848679, 1.831315462365560531 ) ) ;
#1461 = CARTESIAN_POINT ( 'NONE',  ( 88.16078818638980863, 28.91573673009133927, 5.002858879398998759 ) ) ;
#1462 = CARTESIAN_POINT ( 'NONE',  ( 116.0020901646132643, 73.87633860851354939, 1.000000000000000222 ) ) ;
#1463 = CARTESIAN_POINT ( 'NONE',  ( 113.3555121831089707, 66.33365349633122321, 5.960602751857985382 ) ) ;
#1464 = CARTESIAN_POINT ( 'NONE',  ( 105.9881733230125604, 76.17622241677109685, 5.474560670856909006 ) ) ;
#1465 = CARTESIAN_POINT ( 'NONE',  ( 117.4089760824166433, 62.00610854512235193, 5.473804927285559785 ) ) ;
#1466 = CARTESIAN_POINT ( 'NONE',  ( 57.44311848243066976, 61.85440491677029229, 1.000000000000000000 ) ) ;
#1467 = CARTESIAN_POINT ( 'NONE',  ( 92.49599137183395214, 55.15951471132751749, 0.000000000000000000 ) ) ;
#1468 = CARTESIAN_POINT ( 'NONE',  ( 108.8551778637047533, 30.61249491662567834, 5.203896773797358932 ) ) ;
#1469 = AXIS2_PLACEMENT_3D ( 'NONE', #2623, #890, #694 ) ;
#1470 = CARTESIAN_POINT ( 'NONE',  ( 91.94311389571851123, 69.44730317695338329, 5.990816780789238294 ) ) ;
#1471 = CARTESIAN_POINT ( 'NONE',  ( 69.67250407173223437, 64.43587087548317527, 4.053220284645718152 ) ) ;
#1472 = CARTESIAN_POINT ( 'NONE',  ( 85.05135588993104534, 35.16543409881835913, 7.000000000000000888 ) ) ;
#1473 = CARTESIAN_POINT ( 'NONE',  ( 97.11439062874575257, 29.74347141274272843, 4.209908204420073297 ) ) ;
#1474 = CARTESIAN_POINT ( 'NONE',  ( 120.0455984240689702, 59.67067173315489725, 6.883131188413997847 ) ) ;
#1475 = EDGE_CURVE ( 'NONE', #408, #1367, #2268, .T. ) ;
#1476 = CARTESIAN_POINT ( 'NONE',  ( 73.83202203951762499, 32.43325603033618165, 0.8951486839193970591 ) ) ;
#1477 = CARTESIAN_POINT ( 'NONE',  ( 116.5394429172627184, 40.79432008397527909, 5.529429551996916103 ) ) ;
#1478 = CARTESIAN_POINT ( 'NONE',  ( 122.0000018179416799, 28.96559952297486618, -55.42914871850910430 ) ) ;
#1479 = CARTESIAN_POINT ( 'NONE',  ( 110.3968236149350162, 71.07729674108117024, 4.586878177296757286 ) ) ;
#1480 = CARTESIAN_POINT ( 'NONE',  ( 80.63010179348525241, 54.72551755689607234, 5.946727470935758930 ) ) ;
#1481 = DIRECTION ( 'NONE',  ( 1.000000000000000000, -0.000000000000000000, 0.000000000000000000 ) ) ;
#1482 = CARTESIAN_POINT ( 'NONE',  ( 60.16130346489315883, 70.39605948672389957, 0.9999999999999997780 ) ) ;
#1483 = CARTESIAN_POINT ( 'NONE',  ( 105.9858949482335220, 86.79675076408084067, 0.9999999999999922284 ) ) ;
#1484 = CARTESIAN_POINT ( 'NONE',  ( 98.31116205725797386, 28.71986399402864265, 5.926849343226384015 ) ) ;
#1485 = CARTESIAN_POINT ( 'NONE',  ( 77.34197894714154131, 62.35731938212465764, 4.271029122109833764 ) ) ;
#1486 = CARTESIAN_POINT ( 'NONE',  ( 65.76356898569385123, 64.52213120485967579, 3.023615000856251900 ) ) ;
#1487 = CARTESIAN_POINT ( 'NONE',  ( 120.6897079236770907, 67.01850234901125702, 0.7810411246704694888 ) ) ;
#1488 = CARTESIAN_POINT ( 'NONE',  ( 92.47577207662665444, 31.10278956418826013, 6.999999999999998224 ) ) ;
#1489 = CARTESIAN_POINT ( 'NONE',  ( 96.08952863062243921, 28.55884234463839633, 3.330449294951202344 ) ) ;
#1490 = CARTESIAN_POINT ( 'NONE',  ( 121.4856449587661871, 59.45434796462247817, 5.226586424741344494 ) ) ;
#1491 = CARTESIAN_POINT ( 'NONE',  ( 87.73677459400322221, 34.26837306857756005, 5.187155197389711425 ) ) ;
#1492 = CARTESIAN_POINT ( 'NONE',  ( 117.9600493656802485, 44.08211957966588557, 6.528860511947709888 ) ) ;
#1493 = CARTESIAN_POINT ( 'NONE',  ( 84.62307896411584807, 30.49335674598927781, 5.023173631993071986 ) ) ;
#1494 = CARTESIAN_POINT ( 'NONE',  ( 108.5441767967869140, 69.66657669085751081, 5.882093324698249859 ) ) ;
#1495 = CARTESIAN_POINT ( 'NONE',  ( 108.3981119590698512, 80.97881956281612759, 0.6588539592811488710 ) ) ;
#1496 = CARTESIAN_POINT ( 'NONE',  ( 105.6268414015050610, 73.85171220977413498, 6.608325654337407151 ) ) ;
#1497 = CARTESIAN_POINT ( 'NONE',  ( 112.5722240821927329, 67.35862801121935206, 5.746399361421333118 ) ) ;
#1498 = ORIENTED_EDGE ( 'NONE', *, *, #2, .T. ) ;
#1499 = CARTESIAN_POINT ( 'NONE',  ( 105.1581226197073420, 27.92852835264901401, 4.153852634676282740 ) ) ;
#1500 = CARTESIAN_POINT ( 'NONE',  ( 85.60350643882664201, 80.56828867033247832, 1.725509342408574787 ) ) ;
#1501 = CARTESIAN_POINT ( 'NONE',  ( 57.21224099739176694, 61.97842052349349018, 0.9624400655015931116 ) ) ;
#1502 = DIRECTION ( 'NONE',  ( 0.000000000000000000, 0.000000000000000000, 1.000000000000000000 ) ) ;
#1503 = CARTESIAN_POINT ( 'NONE',  ( 120.7350822748164063, 45.18590838308515600, 6.078073265859567975 ) ) ;
#1504 = AXIS2_PLACEMENT_3D ( 'NONE', #1254, #386, #12 ) ;
#1505 = CARTESIAN_POINT ( 'NONE',  ( 78.12206172222187206, 31.65491944263288460, 1.754423187435304898 ) ) ;
#1506 = CARTESIAN_POINT ( 'NONE',  ( 117.6781732857864711, 40.81636808872761435, 3.663705004906677054 ) ) ;
#1507 = CARTESIAN_POINT ( 'NONE',  ( 78.26442621315835879, 31.83284244833516041, 4.014709959040332343 ) ) ;
#1508 = CARTESIAN_POINT ( 'NONE',  ( 73.46390978897176183, 60.34739829585345916, 3.419217890466922594 ) ) ;
#1509 = CARTESIAN_POINT ( 'NONE',  ( 99.56007541157930518, 80.06476764920644484, 2.356128939971809277 ) ) ;
#1510 = CARTESIAN_POINT ( 'NONE',  ( 101.1480175911812580, 80.20222848326579879, 4.356875055656791673 ) ) ;
#1511 = CARTESIAN_POINT ( 'NONE',  ( 84.73264982108881327, 38.99255945960975822, 5.907523565555696798 ) ) ;
#1512 = CARTESIAN_POINT ( 'NONE',  ( 67.24355539440327334, 80.63164793258243890, 0.9614696146771746221 ) ) ;
#1513 = EDGE_LOOP ( 'NONE', ( #1559, #617, #2580 ) ) ;
#1514 = CARTESIAN_POINT ( 'NONE',  ( 100.1866693690175367, 27.40058191285151423, 4.778088184020616858 ) ) ;
#1515 = CARTESIAN_POINT ( 'NONE',  ( 86.81471379282973544, 75.35298122401447074, 3.427846189557023138 ) ) ;
#1516 = CARTESIAN_POINT ( 'NONE',  ( 87.45430808651278198, 70.22065425151944851, 7.132462733503715846 ) ) ;
#1517 = CARTESIAN_POINT ( 'NONE',  ( 78.76458480740453183, 74.00000110268592834, 8.000000000000000000 ) ) ;
#1518 = CARTESIAN_POINT ( 'NONE',  ( 121.7330273931822546, 54.60171431001653275, 6.218138339910582069 ) ) ;
#1519 = CARTESIAN_POINT ( 'NONE',  ( 107.7070362154145755, 32.18355976716532751, 4.391361333516995202 ) ) ;
#1520 = CARTESIAN_POINT ( 'NONE',  ( 77.43148436830234971, 40.82232292781091587, 6.092882150960334364 ) ) ;
#1521 = CARTESIAN_POINT ( 'NONE',  ( 106.7969760461070621, 72.50675905782411235, 7.067027226217395430 ) ) ;
#1522 = CARTESIAN_POINT ( 'NONE',  ( 99.39878738948867465, 84.49169023544979495, 0.6288489941453547782 ) ) ;
#1523 = CARTESIAN_POINT ( 'NONE',  ( 104.7747448882490602, 79.22731740937729228, 4.344386023166987520 ) ) ;
#1524 = CARTESIAN_POINT ( 'NONE',  ( 85.99790280052714309, 37.55416909582871909, 5.896807744482402747 ) ) ;
#1525 = CARTESIAN_POINT ( 'NONE',  ( 70.90828899507893368, 83.59485937717943216, 0.9597556622766638679 ) ) ;
#1526 = CARTESIAN_POINT ( 'NONE',  ( 116.9308411478792067, 64.36008889828033830, 4.707562857836174786 ) ) ;
#1527 = ADVANCED_FACE ( 'NONE', ( #328 ), #2431, .F. ) ;
#1528 = CARTESIAN_POINT ( 'NONE',  ( 109.3087045630823866, 33.58533730299107845, 5.000000000000007105 ) ) ;
#1529 = CARTESIAN_POINT ( 'NONE',  ( 99.88846102054593246, 28.05981493880999622, 5.344902095832097189 ) ) ;
#1530 = CARTESIAN_POINT ( 'NONE',  ( 79.42897931670108846, 80.95386019306518222, 0.8699928993665991817 ) ) ;
#1531 = CARTESIAN_POINT ( 'NONE',  ( 77.19607370519409528, 74.85815229907541379, 4.050537668451999807 ) ) ;
#1532 = CARTESIAN_POINT ( 'NONE',  ( 94.57011939823816249, 30.53270360257731397, 6.999999999999998224 ) ) ;
#1533 = CARTESIAN_POINT ( 'NONE',  ( 122.8262803825481058, 58.31464826369676757, 4.092399272605628191 ) ) ;
#1534 = CARTESIAN_POINT ( 'NONE',  ( 105.5421079984310211, 32.09177067382270110, 5.246284432567859923 ) ) ;
#1535 = CARTESIAN_POINT ( 'NONE',  ( 82.18678324402733892, 31.92867497856911996, 5.035258732488670397 ) ) ;
#1536 = CARTESIAN_POINT ( 'NONE',  ( 96.82249941612091959, 81.61303818719336789, 4.025694016393437380 ) ) ;
#1537 = CARTESIAN_POINT ( 'NONE',  ( 108.6286583641850285, 85.64897216845362493, 0.9210133005984665333 ) ) ;
#1538 = CARTESIAN_POINT ( 'NONE',  ( 77.20728125017636501, 52.76319916140799648, 7.000000000000000000 ) ) ;
#1539 = CARTESIAN_POINT ( 'NONE',  ( 78.26995692969978791, 79.97215485119450307, 3.018922326940985279 ) ) ;
#1540 = CARTESIAN_POINT ( 'NONE',  ( 118.9522934496633439, 61.29529068247443035, 4.328358279918523621 ) ) ;
#1541 = CARTESIAN_POINT ( 'NONE',  ( 116.8456010737327659, 32.53678129290893395, 1.000000000000024647 ) ) ;
#1542 = CARTESIAN_POINT ( 'NONE',  ( 91.97901015218000964, 31.16697346155184789, 4.588427622950939977 ) ) ;
#1543 = CARTESIAN_POINT ( 'NONE',  ( 101.9451198824936142, 29.58552543663755685, 6.430740257462142395 ) ) ;
#1544 = ADVANCED_FACE ( 'NONE', ( #145, #988 ), #1148, .T. ) ;
#1545 = B_SPLINE_CURVE_WITH_KNOTS ( 'NONE', 3,
 ( #1248, #1038, #1442, #1884, #151, #835, #2552, #1472, #993, #979, #1264, #1836, #137, #1854, #2080, #2711 ),
 .UNSPECIFIED., .F., .F.,
 ( 4, 2, 2, 2, 2, 2, 2, 4 ),
 ( 0.007598560074351245509, 0.01224677637941142330, 0.01457088453194151263, 0.01689499268447160196, 0.02154320898953178062, 0.02270526306579681922, 0.02386731714206185434, 0.02619142529459193153 ),
 .UNSPECIFIED. ) ;
#1546 = DIRECTION ( 'NONE',  ( -1.000000000000000000, 0.000000000000000000, -0.000000000000000000 ) ) ;
#1547 = CARTESIAN_POINT ( 'NONE',  ( 126.0612481084563399, 58.16313263820337909, 0.7186761332667483959 ) ) ;
#1548 = CARTESIAN_POINT ( 'NONE',  ( 115.3913705140243167, 37.67423284096560820, 3.633267337594429769 ) ) ;
#1549 = CARTESIAN_POINT ( 'NONE',  ( 123.1411873123685581, 57.66668982367362872, 0.8756857565928083398 ) ) ;
#1550 = CARTESIAN_POINT ( 'NONE',  ( 83.72914690291159445, 28.54536933764644502, 3.991983691816178403 ) ) ;
#1551 = CARTESIAN_POINT ( 'NONE',  ( 103.2884203581026128, 75.69726571683349903, 6.069498327911220237 ) ) ;
#1552 = CARTESIAN_POINT ( 'NONE',  ( 103.0968739747234793, 88.19458857303645516, 0.9380826162507955868 ) ) ;
#1553 = CARTESIAN_POINT ( 'NONE',  ( 78.76458480740454604, 43.94519671009345529, 6.999999999999999112 ) ) ;
#1554 = CARTESIAN_POINT ( 'NONE',  ( 85.02600182754410696, 83.11168320127720222, 3.013217611023869313 ) ) ;
#1555 = CARTESIAN_POINT ( 'NONE',  ( 110.4321033008154274, 27.07096849607117406, 0.9999999999999950040 ) ) ;
#1556 = CARTESIAN_POINT ( 'NONE',  ( 80.37507431311900064, 80.89126439706700467, 1.000000000000000222 ) ) ;
#1557 = CARTESIAN_POINT ( 'NONE',  ( 95.57799424420691992, 30.44657696485822029, 7.090466834519395078 ) ) ;
#1558 = CARTESIAN_POINT ( 'NONE',  ( 88.30134483902112663, 76.02264994068272586, 3.429690737188129113 ) ) ;
#1559 = ORIENTED_EDGE ( 'NONE', *, *, #86, .T. ) ;
#1560 = CARTESIAN_POINT ( 'NONE',  ( 121.6812668959213397, 40.44426237827364901, 1.760514897732870176 ) ) ;
#1561 = EDGE_CURVE ( 'NONE', #2341, #2006, #2291, .T. ) ;
#1562 = CARTESIAN_POINT ( 'NONE',  ( 107.3394986976633732, 33.42767242911411785, 6.220419319046917472 ) ) ;
#1563 = CARTESIAN_POINT ( 'NONE',  ( 77.43469813795115897, 36.21379785154968545, 5.054642609577227219 ) ) ;
#1564 = CARTESIAN_POINT ( 'NONE',  ( 85.10801810512370480, 86.42104854871959674, 1.981137718762912892 ) ) ;
#1565 = CARTESIAN_POINT ( 'NONE',  ( 111.5032923446239579, 72.22081219228321913, 5.998606371305318596 ) ) ;
#1566 = CARTESIAN_POINT ( 'NONE',  ( 129.2987054580080439, 55.00000000000542144, 105.0824566729764769 ) ) ;
#1567 = CARTESIAN_POINT ( 'NONE',  ( 87.17721705963933232, 77.09716748694283694, 5.073205420664876009 ) ) ;
#1568 = CARTESIAN_POINT ( 'NONE',  ( 117.1812818708231703, 63.03822464366895417, 5.168981073131408976 ) ) ;
#1569 = CARTESIAN_POINT ( 'NONE',  ( 98.54117853353250212, 22.09341015558670307, 1.000000000000002887 ) ) ;
#1570 = CARTESIAN_POINT ( 'NONE',  ( 90.97610058182713999, 83.96357570805965054, 0.9999999999999981126 ) ) ;
#1571 = CARTESIAN_POINT ( 'NONE',  ( 93.07716536578276134, 82.04345133507472099, 1.735716786664857514 ) ) ;
#1572 = EDGE_LOOP ( 'NONE', ( #1172, #210, #585, #2672 ) ) ;
#1573 = CARTESIAN_POINT ( 'NONE',  ( 121.9104957519385835, 46.08687329189337589, 4.507328280627621808 ) ) ;
#1574 = AXIS2_PLACEMENT_3D ( 'NONE', #1175, #1200, #2066 ) ;
#1575 = CARTESIAN_POINT ( 'NONE',  ( 116.4276838316755658, 38.07384925094557104, 2.730832034838190481 ) ) ;
#1576 = PRODUCT_RELATED_PRODUCT_CATEGORY ( 'part', '', ( #2199 ) ) ;
#1577 = CARTESIAN_POINT ( 'NONE',  ( 99.19633257902742685, 81.35903029445498191, 4.019937067047459678 ) ) ;
#1578 = CARTESIAN_POINT ( 'NONE',  ( 103.8828070409262239, 82.25224558311435885, 3.213696400995479596 ) ) ;
#1579 = CARTESIAN_POINT ( 'NONE',  ( 78.76458480740453183, 60.18215408141626455, 6.999999999999999112 ) ) ;
#1580 = CARTESIAN_POINT ( 'NONE',  ( 118.5641998535137844, 62.62749572685355304, 6.999999999999986677 ) ) ;
#1581 = CARTESIAN_POINT ( 'NONE',  ( 111.7429254713396318, 67.70204430966688847, 5.927282967620455700 ) ) ;
#1582 = CARTESIAN_POINT ( 'NONE',  ( 118.9806929878905066, 60.06783155009301822, 4.800292640694022062 ) ) ;
#1583 = CARTESIAN_POINT ( 'NONE',  ( 125.7243220882927091, 52.83568980141899374, 1.000000000000065725 ) ) ;
#1584 = CARTESIAN_POINT ( 'NONE',  ( 96.31581941169713446, 83.97523871553929098, 1.000000000000000000 ) ) ;
#1585 = CARTESIAN_POINT ( 'NONE',  ( 100.1218270381469466, 77.29139263651448744, 3.454800059849193694 ) ) ;
#1586 = VERTEX_POINT ( 'NONE', #991 ) ;
#1587 = CARTESIAN_POINT ( 'NONE',  ( 118.2041680828398285, 38.26309629171080928, 4.510006459657639688 ) ) ;
#1588 = CARTESIAN_POINT ( 'NONE',  ( 92.49999999999968736, 55.00000000000541434, 0.000000000000000000 ) ) ;
#1589 = CARTESIAN_POINT ( 'NONE',  ( 116.7174280889820750, 62.88330685673312814, 5.608905474087194420 ) ) ;
#1590 = CARTESIAN_POINT ( 'NONE',  ( 103.8383079556716950, 30.20723233129803376, 3.870499678882080463 ) ) ;
#1591 = CARTESIAN_POINT ( 'NONE',  ( 89.32184083033273225, 28.40732337335017732, 2.654730284581691357 ) ) ;
#1592 = CARTESIAN_POINT ( 'NONE',  ( 121.6007661294674733, 56.25843737944275347, 2.638556886820349501 ) ) ;
#1593 = CARTESIAN_POINT ( 'NONE',  ( 112.6084827313346750, 71.44349994536057125, 5.987067838000037945 ) ) ;
#1594 = CARTESIAN_POINT ( 'NONE',  ( 78.63565429153752007, 59.85892341241643066, 7.000000000000000000 ) ) ;
#1595 = CARTESIAN_POINT ( 'NONE',  ( 120.9464505656095099, 37.94183341161512146, 1.000000000000016875 ) ) ;
#1596 = CARTESIAN_POINT ( 'NONE',  ( 66.92666945763797059, 42.10602681239812739, 1.000000000000000444 ) ) ;
#1597 = CARTESIAN_POINT ( 'NONE',  ( 89.20849911125313270, 84.14265466747572475, 0.8800532896925608028 ) ) ;
#1598 = ORIENTED_EDGE ( 'NONE', *, *, #2040, .F. ) ;
#1599 = CARTESIAN_POINT ( 'NONE',  ( 118.3122957116636229, 39.97711305236217072, 6.076379426761238101 ) ) ;
#1600 = CARTESIAN_POINT ( 'NONE',  ( 109.4375750412203701, 29.62382612471084187, 0.8652900172649796717 ) ) ;
#1601 = CARTESIAN_POINT ( 'NONE',  ( 86.96777940911405835, 29.10624516998416667, 2.640379708247813983 ) ) ;
#1602 = CARTESIAN_POINT ( 'NONE',  ( 121.1438706309613167, 54.92469202988164056, 7.256504304468832878 ) ) ;
#1603 = PRODUCT_CONTEXT ( 'NONE', #2240, 'mechanical' ) ;
#1604 = VECTOR ( 'NONE', #2045, 1000.000000000000000 ) ;
#1605 = CARTESIAN_POINT ( 'NONE',  ( 116.0976885686263813, 66.21700600236950152, 7.000000000000014211 ) ) ;
#1606 = CARTESIAN_POINT ( 'NONE',  ( 69.61508078799350585, 55.79595634319593245, 2.568555422664285270 ) ) ;
#1607 = CARTESIAN_POINT ( 'NONE',  ( 106.7506424103122953, 74.92944879662729818, 3.684954206242330610 ) ) ;
#1608 = CARTESIAN_POINT ( 'NONE',  ( 96.14069258038381349, 71.03201850888231661, 5.923137502878122795 ) ) ;
#1609 = FACE_OUTER_BOUND ( 'NONE', #546, .T. ) ;
#1610 = EDGE_CURVE ( 'NONE', #860, #278, #2238, .T. ) ;
#1611 = CARTESIAN_POINT ( 'NONE',  ( 102.3221822943334587, 74.90450212537447783, 4.314025662013357909 ) ) ;
#1612 = CARTESIAN_POINT ( 'NONE',  ( 81.40805974960484548, 45.68086427144342565, 5.992295051076226287 ) ) ;
#1613 = ORIENTED_EDGE ( 'NONE', *, *, #657, .F. ) ;
#1614 = CARTESIAN_POINT ( 'NONE',  ( 123.6655590142908920, 48.79562316759489704, 2.896300863497308420 ) ) ;
#1615 = PRODUCT_DEFINITION_SHAPE ( 'NONE', 'NONE',  #987 ) ;
#1616 = CARTESIAN_POINT ( 'NONE',  ( 71.05967111578733864, 52.02028456647047250, 5.078922850795950517 ) ) ;
#1617 = CARTESIAN_POINT ( 'NONE',  ( 101.6427962923116297, 31.12089604975917467, 5.159180123708300592 ) ) ;
#1618 = DIRECTION ( 'NONE',  ( 0.000000000000000000, 0.000000000000000000, 1.000000000000000000 ) ) ;
#1619 = CARTESIAN_POINT ( 'NONE',  ( 87.81193193585563961, 67.05976181629807797, 5.943333261482474761 ) ) ;
#1620 = DIRECTION ( 'NONE',  ( 1.000000000000000000, 0.000000000000000000, -0.000000000000000000 ) ) ;
#1621 = CARTESIAN_POINT ( 'NONE',  ( 97.84804466652832389, 75.31850701687380933, 4.299033371761307620 ) ) ;
#1622 = EDGE_LOOP ( 'NONE', ( #1347, #99, #738, #2210, #1412, #2721 ) ) ;
#1623 = CARTESIAN_POINT ( 'NONE',  ( 111.2309006355251739, 29.79942221974831185, 2.962880698287070125 ) ) ;
#1624 = CARTESIAN_POINT ( 'NONE',  ( 67.95361263582370270, 48.69365037814088737, 4.047280031341848883 ) ) ;
#1625 = CARTESIAN_POINT ( 'NONE',  ( 93.64918752649883515, 26.49281043453629891, 4.274800363443413964 ) ) ;
#1626 = CARTESIAN_POINT ( 'NONE',  ( 102.2668949863947176, 27.20380732555213754, 1.657653374208051700 ) ) ;
#1627 = CARTESIAN_POINT ( 'NONE',  ( 89.89720392087475886, 25.26777098180906123, 0.9620959961531284632 ) ) ;
#1628 = CARTESIAN_POINT ( 'NONE',  ( 119.6674796378200369, 43.09775970161887670, 6.999999999999939604 ) ) ;
#1629 = CARTESIAN_POINT ( 'NONE',  ( 78.41666132450109217, 47.24990530548600276, 5.133105710501709495 ) ) ;
#1630 = CARTESIAN_POINT ( 'NONE',  ( 109.4648024407229343, 29.77600126738996167, 1.000000000000001332 ) ) ;
#1631 = CARTESIAN_POINT ( 'NONE',  ( 94.96206832221190552, 70.75126149811447362, 5.927112202341137781 ) ) ;
#1632 = CARTESIAN_POINT ( 'NONE',  ( 80.38229331267312716, 51.48280031284165403, 5.943602472570069573 ) ) ;
#1633 = CARTESIAN_POINT ( 'NONE',  ( 82.88015607213648650, 89.06971159143230921, 1.000000000000000888 ) ) ;
#1634 = ORIENTED_EDGE ( 'NONE', *, *, #1816, .F. ) ;
#1635 = CARTESIAN_POINT ( 'NONE',  ( 103.6885017487661571, 30.80421469552557312, 7.486759213218637576 ) ) ;
#1636 = DIRECTION ( 'NONE',  ( 0.000000000000000000, -0.000000000000000000, 1.000000000000000000 ) ) ;
#1637 = CARTESIAN_POINT ( 'NONE',  ( 102.1852664080770410, 30.28610422955084047, 4.284666024941472529 ) ) ;
#1638 = ADVANCED_FACE ( 'NONE', ( #2456, #2661 ), #1824, .F. ) ;
#1639 = CARTESIAN_POINT ( 'NONE',  ( 91.12651520543111872, 25.17812318084294176, 0.9697614231269438001 ) ) ;
#1640 = CARTESIAN_POINT ( 'NONE',  ( 89.54823562521052338, 22.90689951926691492, 1.894208745444666109 ) ) ;
#1641 = CARTESIAN_POINT ( 'NONE',  ( 80.55581804891680520, 50.09043766943435827, 5.984971202928394796 ) ) ;
#1642 = CARTESIAN_POINT ( 'NONE',  ( 106.4731717274455747, 81.20375527121355219, 1.000000000000000000 ) ) ;
#1643 = CARTESIAN_POINT ( 'NONE',  ( 109.3225618858730286, 76.45927474146623126, 2.395039444170307341 ) ) ;
#1644 = CARTESIAN_POINT ( 'NONE',  ( 116.7830489503155036, 69.51180437302645032, 2.467070790008166536 ) ) ;
#1645 = CARTESIAN_POINT ( 'NONE',  ( 92.49599137183395214, 55.15951471132751749, 1.000000000000000000 ) ) ;
#1646 = SURFACE_SIDE_STYLE ('',( #2750 ) ) ;
#1647 = CARTESIAN_POINT ( 'NONE',  ( 90.66411751977197753, 90.09955525816518218, 0.9999999999999995559 ) ) ;
#1648 = ORIENTED_EDGE ( 'NONE', *, *, #601, .F. ) ;
#1649 = CARTESIAN_POINT ( 'NONE',  ( 109.9281733707281887, 32.50128026114222735, 6.784548349973185566 ) ) ;
#1650 = CARTESIAN_POINT ( 'NONE',  ( 76.01611228725609237, 74.96405690389961762, 1.717573754888279014 ) ) ;
#1651 = CARTESIAN_POINT ( 'NONE',  ( 74.40004359861083572, 53.09102306821679207, 6.108747378638820003 ) ) ;
#1652 = CARTESIAN_POINT ( 'NONE',  ( 80.38229331267312716, 51.48280031284165403, 5.943602472570069573 ) ) ;
#1653 = CARTESIAN_POINT ( 'NONE',  ( 93.68850047672309245, 25.99590738999902584, 1.579866422945197302 ) ) ;
#1654 = CARTESIAN_POINT ( 'NONE',  ( 118.7687264419445796, 64.61007938459430022, 5.873045960891532857 ) ) ;
#1655 = CARTESIAN_POINT ( 'NONE',  ( 80.66151995506102423, 32.37594172226079792, 2.609956837662103624 ) ) ;
#1656 = CARTESIAN_POINT ( 'NONE',  ( 113.4940698953099627, 37.48355470690043489, 6.440899535631417372 ) ) ;
#1657 = FACE_OUTER_BOUND ( 'NONE', #1896, .T. ) ;
#1658 = CARTESIAN_POINT ( 'NONE',  ( 77.91076853081813169, 50.54300997133677953, 5.129110549263312002 ) ) ;
#1659 = CARTESIAN_POINT ( 'NONE',  ( 101.0723343700775274, 83.17485080785948526, 1.000000000000001110 ) ) ;
#1660 = CARTESIAN_POINT ( 'NONE',  ( 115.2259359695659668, 66.75814609151268542, 4.660219144052562434 ) ) ;
#1661 = CARTESIAN_POINT ( 'NONE',  ( 78.76458480740453183, 60.18215408141626455, 6.999999999999999112 ) ) ;
#1662 = FILL_AREA_STYLE ('',( #144 ) ) ;
#1663 = CARTESIAN_POINT ( 'NONE',  ( 73.31778171750976014, 76.15454765728775044, 3.021872729787661083 ) ) ;
#1664 = CARTESIAN_POINT ( 'NONE',  ( 57.18358146644437312, 60.18197871247134145, 0.9999999999999988898 ) ) ;
#1665 = ORIENTED_EDGE ( 'NONE', *, *, #2366, .T. ) ;
#1666 = CARTESIAN_POINT ( 'NONE',  ( 111.6752638676060911, 31.24535136225185639, 4.059288903870828413 ) ) ;
#1667 = CARTESIAN_POINT ( 'NONE',  ( 71.83429232742393822, 64.17982940682213666, 2.566740039516663074 ) ) ;
#1668 = CARTESIAN_POINT ( 'NONE',  ( 74.55360342451635347, 49.25206040758333614, 6.105780326778627476 ) ) ;
#1669 = CARTESIAN_POINT ( 'NONE',  ( 93.55935428643029184, 31.83162887871979763, 7.680454515280610295 ) ) ;
#1670 = CARTESIAN_POINT ( 'NONE',  ( 99.55630526402143232, 25.41889778328904015, 0.7629656161713354035 ) ) ;
#1671 = CARTESIAN_POINT ( 'NONE',  ( 116.8467095936957918, 67.26415595890816235, 5.919328008937054797 ) ) ;
#1672 = CIRCLE ( 'NONE', #1088, 31.90705758116726898 ) ;
#1673 = CARTESIAN_POINT ( 'NONE',  ( 75.69177030590020649, 36.84844621679016541, 2.591525661226204313 ) ) ;
#1674 = CARTESIAN_POINT ( 'NONE',  ( 116.6029173315987180, 39.15173321148088803, 3.650937078062593155 ) ) ;
#1675 = CARTESIAN_POINT ( 'NONE',  ( 89.15915956059855318, 32.62424393101746034, 7.060855886614806565 ) ) ;
#1676 = CARTESIAN_POINT ( 'NONE',  ( 108.6494444999467675, 29.27018365935856536, 0.9999999999999986677 ) ) ;
#1677 = CARTESIAN_POINT ( 'NONE',  ( 113.3330397437247257, 68.72726380842570393, 4.625759263350602168 ) ) ;
#1678 = CARTESIAN_POINT ( 'NONE',  ( 103.6041617240585424, 78.26419188340869937, 4.917307704863080886 ) ) ;
#1679 = CARTESIAN_POINT ( 'NONE',  ( 80.38229331267255873, 50.52286349955957689, 5.942588834496175032 ) ) ;
#1680 = CARTESIAN_POINT ( 'NONE',  ( 57.27443808552889948, 50.66567952348537318, 1.000000000000000444 ) ) ;
#1681 = ADVANCED_FACE ( 'NONE', ( #1414 ), #548, .F. ) ;
#1682 = EDGE_LOOP ( 'NONE', ( #535, #2276, #134, #314 ) ) ;
#1683 = CARTESIAN_POINT ( 'NONE',  ( 112.4057910007839212, 29.38230064845469869, 1.833612161626954062 ) ) ;
#1684 = CARTESIAN_POINT ( 'NONE',  ( 87.40808319134656301, 69.80959160876521707, 5.129114062221269421 ) ) ;
#1685 = CARTESIAN_POINT ( 'NONE',  ( 60.60002208226107001, 59.44275025324697737, 1.992401469382333756 ) ) ;
#1686 = CARTESIAN_POINT ( 'NONE',  ( 94.86760314396192939, 27.29075129345754291, 4.832836737920851000 ) ) ;
#1687 = CARTESIAN_POINT ( 'NONE',  ( 96.90717934606431072, 30.91344457088510822, 5.078345654601450931 ) ) ;
#1688 = CARTESIAN_POINT ( 'NONE',  ( 116.9971452871713495, 69.50996810015844574, 4.812164195450353787 ) ) ;
#1689 = CARTESIAN_POINT ( 'NONE',  ( 79.97633576919969300, 38.74872621354230517, 4.297745809240195669 ) ) ;
#1690 = CARTESIAN_POINT ( 'NONE',  ( 116.6401245095386230, 40.07603987585380168, 4.581222167593382188 ) ) ;
#1691 = CARTESIAN_POINT ( 'NONE',  ( 91.80433409503231701, 31.40872167340089050, 7.036512466744555994 ) ) ;
#1692 = CARTESIAN_POINT ( 'NONE',  ( 123.0304127047186853, 52.99054084367129747, 0.9999999999999895639 ) ) ;
#1693 = CARTESIAN_POINT ( 'NONE',  ( 110.0435536816253119, 73.13816758358137804, 3.708025345626165592 ) ) ;
#1694 = CARTESIAN_POINT ( 'NONE',  ( 80.39453416467340219, 52.29203685120175749, 5.944439037667178738 ) ) ;
#1695 = CARTESIAN_POINT ( 'NONE',  ( 120.3822933126731130, 51.48280031283039904, 8.000000000000000000 ) ) ;
#1696 = CARTESIAN_POINT ( 'NONE',  ( 56.88685482560568119, 55.15259799697567189, 1.000000000000000000 ) ) ;
#1697 = DIRECTION ( 'NONE',  ( 0.000000000000000000, 0.000000000000000000, -1.000000000000000000 ) ) ;
#1698 = CARTESIAN_POINT ( 'NONE',  ( 97.22377090243620046, 27.95507275607205599, 5.376743977887360693 ) ) ;
#1699 = CARTESIAN_POINT ( 'NONE',  ( 80.52929551560285404, 62.42618276789544041, 5.123762703691683740 ) ) ;
#1700 = CARTESIAN_POINT ( 'NONE',  ( 56.76326314838672005, 56.25013952340310652, 0.9608184501002470235 ) ) ;
#1701 = CARTESIAN_POINT ( 'NONE',  ( 95.28857552625103722, 30.38644928636048093, 7.000000000000001776 ) ) ;
#1702 = CARTESIAN_POINT ( 'NONE',  ( 96.49359267479876223, 24.85470225889520535, 0.7373608541614236067 ) ) ;
#1703 = CARTESIAN_POINT ( 'NONE',  ( 120.9489572550724859, 61.35308789295081766, 5.259881174114703128 ) ) ;
#1704 = CARTESIAN_POINT ( 'NONE',  ( 82.93253221806175191, 35.61010380933804242, 4.311771893060407201 ) ) ;
#1705 = CARTESIAN_POINT ( 'NONE',  ( 120.5021878985661203, 48.33175002218453642, 3.638226316670052363 ) ) ;
#1706 = CARTESIAN_POINT ( 'NONE',  ( 84.49291842822306364, 21.77303795274935538, 0.8838408981910496065 ) ) ;
#1707 = CARTESIAN_POINT ( 'NONE',  ( 102.6386868647365702, 77.33935556331228156, 3.232492303506149245 ) ) ;
#1708 = CARTESIAN_POINT ( 'NONE',  ( 111.7100190401076247, 72.81543790239862801, 3.288185879789899069 ) ) ;
#1709 = CARTESIAN_POINT ( 'NONE',  ( 102.3224337457339033, 79.94958322680504637, 4.353150514099388246 ) ) ;
#1710 = CARTESIAN_POINT ( 'NONE',  ( 80.95094607138116771, 46.72286670361707195, 5.936148117551458547 ) ) ;
#1711 = VECTOR ( 'NONE', #1381, 1000.000000000000000 ) ;
#1712 = CARTESIAN_POINT ( 'NONE',  ( 115.1811244112907389, 38.55473309263162918, 5.000000000000031974 ) ) ;
#1713 = CARTESIAN_POINT ( 'NONE',  ( 96.84878703631349595, 29.48717360107255203, 6.510187587675888565 ) ) ;
#1714 = CARTESIAN_POINT ( 'NONE',  ( 90.63063478253775429, 68.84438714127745129, 5.988037635884892573 ) ) ;
#1715 = CARTESIAN_POINT ( 'NONE',  ( 84.83160803080096457, 68.12726991498925599, 7.135443222011877751 ) ) ;
#1716 = CARTESIAN_POINT ( 'NONE',  ( 118.6990286845597211, 41.15243987761813571, 7.000000000000000000 ) ) ;
#1717 = CARTESIAN_POINT ( 'NONE',  ( 123.3147707028392119, 61.09128282444106617, 3.014100333164018153 ) ) ;
#1718 = B_SPLINE_CURVE_WITH_KNOTS ( 'NONE', 3,
 ( #1579, #1594, #2216, #1749, #687, #501, #2447, #1359, #66, #319, #1538, #2003, #1116, #2641, #2187, #488, #925, #1764, #2460, #1154 ),
 .UNSPECIFIED., .F., .F.,
 ( 4, 2, 2, 2, 2, 2, 2, 2, 2, 4 ),
 ( 0.1289407170585930573, 0.1299743484439059571, 0.1310079798292188291, 0.1330752425998446009, 0.1351425053704704005, 0.1372097681410961723, 0.1392770309117219441, 0.1413442936823477158, 0.1434115564529734876, 0.1454788192235992594 ),
 .UNSPECIFIED. ) ;
#1719 = CARTESIAN_POINT ( 'NONE',  ( 82.94381580497091022, 26.97167809344668044, 0.9272872147592057246 ) ) ;
#1720 = VECTOR ( 'NONE', #2654, 1000.000000000000000 ) ;
#1721 = CARTESIAN_POINT ( 'NONE',  ( 117.1584509652697506, 40.44459314193354516, 4.120163070307533815 ) ) ;
#1722 = CARTESIAN_POINT ( 'NONE',  ( 70.09147169137631295, 28.45378214301716824, 0.9298876530435168375 ) ) ;
#1723 = CARTESIAN_POINT ( 'NONE',  ( 91.70033952295071344, 90.19822624016099155, 0.9595972085475769076 ) ) ;
#1724 = CARTESIAN_POINT ( 'NONE',  ( 90.56251616635771029, 34.03305571434017907, 5.846840544435927711 ) ) ;
#1725 = EDGE_LOOP ( 'NONE', ( #2063, #2011, #1034, #2323 ) ) ;
#1726 = CARTESIAN_POINT ( 'NONE',  ( 101.1041182672319252, 30.63505464134359002, 7.548798298579242783 ) ) ;
#1727 = CARTESIAN_POINT ( 'NONE',  ( 86.97702620521508265, 72.57669486614392440, 4.278170605027365347 ) ) ;
#1728 = CARTESIAN_POINT ( 'NONE',  ( 66.30194824842497781, 73.82729260203151966, 1.993204641403916622 ) ) ;
#1729 = DIRECTION ( 'NONE',  ( -0.000000000000000000, -0.000000000000000000, 1.000000000000000000 ) ) ;
#1730 = CARTESIAN_POINT ( 'NONE',  ( 122.3289885844502578, 60.48795291203817470, 4.119711975883366684 ) ) ;
#1731 = CARTESIAN_POINT ( 'NONE',  ( 114.1798236964499154, 36.19673247045033548, 3.615597597126266383 ) ) ;
#1732 = ADVANCED_FACE ( 'NONE', ( #1403 ), #2265, .F. ) ;
#1733 = CARTESIAN_POINT ( 'NONE',  ( 80.30733509919804192, 41.33142917900160285, 7.117752694697000670 ) ) ;
#1734 = CARTESIAN_POINT ( 'NONE',  ( 103.6304207007198954, 76.06485824129848083, 3.669236895578802837 ) ) ;
#1735 = CARTESIAN_POINT ( 'NONE',  ( 110.0837767010440587, 69.87527629710638166, 7.692933721436245875 ) ) ;
#1736 = CARTESIAN_POINT ( 'NONE',  ( 102.3207122365089674, 31.52224166347414425, 5.527852476191897679 ) ) ;
#1737 = CARTESIAN_POINT ( 'NONE',  ( 98.35161284874595822, 73.75896556643496638, 7.108811818909571478 ) ) ;
#1738 = ORIENTED_EDGE ( 'NONE', *, *, #1610, .F. ) ;
#1739 = CARTESIAN_POINT ( 'NONE',  ( 101.5282424155395375, 30.11069570759648784, 6.991841048582315921 ) ) ;
#1740 = CARTESIAN_POINT ( 'NONE',  ( 67.85620600013010062, 57.81707744653014913, 4.051975870761023835 ) ) ;
#1741 = FACE_OUTER_BOUND ( 'NONE', #1438, .T. ) ;
#1742 = CARTESIAN_POINT ( 'NONE',  ( 122.4672877867396181, 51.39431137893012647, 5.097390548807270605 ) ) ;
#1743 = AXIS2_PLACEMENT_3D ( 'NONE', #1467, #1697, #1293 ) ;
#1744 = CARTESIAN_POINT ( 'NONE',  ( 109.0730368727428612, 34.02668476391655616, 5.806831461373570313 ) ) ;
#1745 = CARTESIAN_POINT ( 'NONE',  ( 82.73698380165674848, 37.80957890010841993, 7.104869057129496568 ) ) ;
#1746 = CARTESIAN_POINT ( 'NONE',  ( 81.99179938514262744, 88.97411111190449162, 0.9521272502957152106 ) ) ;
#1747 = CARTESIAN_POINT ( 'NONE',  ( 99.90547778173592519, 82.21267315267098752, 1.493383877201133414 ) ) ;
#1748 = CARTESIAN_POINT ( 'NONE',  ( 110.5532412257862376, 73.99065104716559915, 5.446470616903114070 ) ) ;
#1749 = CARTESIAN_POINT ( 'NONE',  ( 78.28705273975080559, 58.87182416775088001, 6.999999999999999112 ) ) ;
#1750 = CARTESIAN_POINT ( 'NONE',  ( 72.81458682805923388, 80.58310682559299210, 1.990585265729307052 ) ) ;
#1751 = CARTESIAN_POINT ( 'NONE',  ( 118.8780312473743521, 63.75989654844238430, 3.415028900007563095 ) ) ;
#1752 = CARTESIAN_POINT ( 'NONE',  ( 124.7511116097523569, 47.31003151971257381, 0.9999999999999785727 ) ) ;
#1753 = CARTESIAN_POINT ( 'NONE',  ( 92.08491984603392666, 31.88096491442133384, 5.021383496413385217 ) ) ;
#1754 = CARTESIAN_POINT ( 'NONE',  ( 102.7697978641804895, 28.53277524267046772, 5.304665579442071177 ) ) ;
#1755 = CARTESIAN_POINT ( 'NONE',  ( 84.01740253720774376, 80.02817190774122480, 1.723782439640684450 ) ) ;
#1756 = FACE_OUTER_BOUND ( 'NONE', #917, .T. ) ;
#1757 = CARTESIAN_POINT ( 'NONE',  ( 123.2045892542942340, 51.52206808574598540, 4.010585784039975010 ) ) ;
#1758 = CARTESIAN_POINT ( 'NONE',  ( 72.34340924183258892, 33.74158979728876062, 0.8908125719333506165 ) ) ;
#1759 = CARTESIAN_POINT ( 'NONE',  ( 112.8206621610025735, 36.69850881783953156, 5.925839665165657522 ) ) ;
#1760 = CARTESIAN_POINT ( 'NONE',  ( 78.64069129375504019, 25.97056167322850229, 1.941248600497665011 ) ) ;
#1761 = CARTESIAN_POINT ( 'NONE',  ( 83.44113100731233601, 86.01987990028064246, 1.982830572410458014 ) ) ;
#1762 = CARTESIAN_POINT ( 'NONE',  ( 100.6552191927699198, 79.88835020733989722, 2.359003119360842060 ) ) ;
#1763 = CARTESIAN_POINT ( 'NONE',  ( 114.3922207028032432, 66.92023667776516049, 7.620365383368335799 ) ) ;
#1764 = CARTESIAN_POINT ( 'NONE',  ( 78.28018312300177683, 45.25284897594803368, 7.000000000000001776 ) ) ;
#1765 = CARTESIAN_POINT ( 'NONE',  ( 74.89722642768791161, 77.65949793867434892, 3.021093418257151164 ) ) ;
#1766 = CARTESIAN_POINT ( 'NONE',  ( 119.5731934687823639, 54.52427615753561696, 5.843437744569428105 ) ) ;
#1767 = CARTESIAN_POINT ( 'NONE',  ( 108.0451335246153945, 25.54776461096113849, 0.9999999999999954481 ) ) ;
#1768 = CARTESIAN_POINT ( 'NONE',  ( 69.52077058507758522, 71.53718277798280667, 1.000000000000000444 ) ) ;
#1769 = CARTESIAN_POINT ( 'NONE',  ( 96.09494206157025076, 27.19994231168147891, 4.821754707585272470 ) ) ;
#1770 = EDGE_CURVE ( 'NONE', #2263, #1367, #640, .T. ) ;
#1771 = CARTESIAN_POINT ( 'NONE',  ( 85.32808274663834425, 74.68331250734621563, 3.426001641925917607 ) ) ;
#1772 = CARTESIAN_POINT ( 'NONE',  ( 121.7708245602039625, 50.83273995877365081, 6.148178598548992291 ) ) ;
#1773 = CARTESIAN_POINT ( 'NONE',  ( 106.8723332833747008, 32.55969546385582447, 5.279294030809140281 ) ) ;
#1774 = CARTESIAN_POINT ( 'NONE',  ( 72.29569520393695825, 33.67964277902832038, 2.997128790031851509 ) ) ;
#1775 = CARTESIAN_POINT ( 'NONE',  ( 100.7463102064662053, 73.71452985839690086, 7.099867747265955487 ) ) ;
#1776 = CARTESIAN_POINT ( 'NONE',  ( 114.3600280232233928, 67.88877306351857044, 7.081449200529647214 ) ) ;
#1777 = CARTESIAN_POINT ( 'NONE',  ( 91.87653944163858455, 30.54663140768805007, 4.207083468640721691 ) ) ;
#1778 = CARTESIAN_POINT ( 'NONE',  ( 92.22983930774088890, 75.54801944440008299, 6.097818137483033141 ) ) ;
#1779 = CARTESIAN_POINT ( 'NONE',  ( 119.4847972363100439, 58.46369741239917062, 4.834518494169799396 ) ) ;
#1780 = CARTESIAN_POINT ( 'NONE',  ( 114.4383711270156994, 81.21952676723718412, 0.9999999999999940048 ) ) ;
#1781 = CARTESIAN_POINT ( 'NONE',  ( 92.49999999999968736, 55.00000000000541434, 105.0824566729764769 ) ) ;
#1782 = ORIENTED_EDGE ( 'NONE', *, *, #1390, .T. ) ;
#1783 = CARTESIAN_POINT ( 'NONE',  ( 117.2993709808337854, 38.36841373631764185, 6.086554341284017511 ) ) ;
#1784 = CARTESIAN_POINT ( 'NONE',  ( 114.2931290344761095, 33.58603017446576189, 0.9209762437132643642 ) ) ;
#1785 = CARTESIAN_POINT ( 'NONE',  ( 101.1526860100321130, 76.04945556997378731, 6.076882814570160107 ) ) ;
#1786 = CARTESIAN_POINT ( 'NONE',  ( 120.7322670007802259, 53.41056254446576190, 4.027461307255052247 ) ) ;
#1787 = CARTESIAN_POINT ( 'NONE',  ( 111.3603735413428240, 75.86091427913400764, 4.308694804162146674 ) ) ;
#1788 = CARTESIAN_POINT ( 'NONE',  ( 120.3822933126731130, 51.48280031283039904, 5.000000000000007105 ) ) ;
#1789 = CARTESIAN_POINT ( 'NONE',  ( 121.3803231846582520, 50.09839644951345150, 7.000000000000052403 ) ) ;
#1790 = CARTESIAN_POINT ( 'NONE',  ( 114.5365689422466176, 76.27204620915418332, 0.6964590667876630059 ) ) ;
#1791 = CARTESIAN_POINT ( 'NONE',  ( 122.0379014550845085, 39.90300997749403678, 0.9999999999999993339 ) ) ;
#1792 = CARTESIAN_POINT ( 'NONE',  ( 73.42491052623604730, 33.17284458179570095, 0.9999999999999997780 ) ) ;
#1793 = CARTESIAN_POINT ( 'NONE',  ( 101.5161288384136498, 73.10683137127359998, 5.161503790242268686 ) ) ;
#1794 = ORIENTED_EDGE ( 'NONE', *, *, #531, .F. ) ;
#1795 = CARTESIAN_POINT ( 'NONE',  ( 116.0993449057807965, 36.91816345839696112, 6.111514488653783772 ) ) ;
#1796 = DIRECTION ( 'NONE',  ( 0.000000000000000000, 0.000000000000000000, 1.000000000000000000 ) ) ;
#1797 = CIRCLE ( 'NONE', #587, 36.79870545800834236 ) ;
#1798 = CARTESIAN_POINT ( 'NONE',  ( 106.3090547504785377, 31.59130854638531716, 4.362437073112510610 ) ) ;
#1799 = CARTESIAN_POINT ( 'NONE',  ( 122.0000018179416799, 74.00000110268592834, 6.999999999999999112 ) ) ;
#1800 = CARTESIAN_POINT ( 'NONE',  ( 120.4404562314701792, 52.46516334042220819, 4.497748136589951429 ) ) ;
#1801 = CARTESIAN_POINT ( 'NONE',  ( 101.3359533267358188, 88.72542304125373391, 0.9421691184300768906 ) ) ;
#1802 = CARTESIAN_POINT ( 'NONE',  ( 107.3044727238661835, 72.46029070578561004, 7.000000000000002665 ) ) ;
#1803 = CARTESIAN_POINT ( 'NONE',  ( 119.9350132578857995, 54.01393935309393157, 5.393647083117113716 ) ) ;
#1804 = CARTESIAN_POINT ( 'NONE',  ( 99.03563562396972486, 74.01039239239062795, 6.999999999999996447 ) ) ;
#1805 = CARTESIAN_POINT ( 'NONE',  ( 74.50437406684238795, 32.19893422116255977, 0.9999999999999995559 ) ) ;
#1806 = MECHANICAL_DESIGN_GEOMETRIC_PRESENTATION_REPRESENTATION (  '', ( #209 ), #1174 ) ;
#1807 = CARTESIAN_POINT ( 'NONE',  ( 86.09354872558634497, 83.52094215183008430, 0.8762878833313145766 ) ) ;
#1808 = CARTESIAN_POINT ( 'NONE',  ( 76.36843622890218342, 39.79684524924487476, 3.438935784273659646 ) ) ;
#1809 = ORIENTED_EDGE ( 'NONE', *, *, #1889, .T. ) ;
#1810 = CARTESIAN_POINT ( 'NONE',  ( 117.5057552352025283, 37.81856492123039715, 5.050406186743777504 ) ) ;
#1811 = CARTESIAN_POINT ( 'NONE',  ( 101.3744170378357552, 31.53896239211320562, 5.597738617383299697 ) ) ;
#1812 = CARTESIAN_POINT ( 'NONE',  ( 89.22671213163013704, 35.27128225135726325, 6.048817734187820427 ) ) ;
#1813 = CARTESIAN_POINT ( 'NONE',  ( 120.1487890261002320, 51.52545595542054002, 4.980908031597159003 ) ) ;
#1814 = CARTESIAN_POINT ( 'NONE',  ( 119.2705125834489337, 76.23559862543066856, 0.8575973732177294417 ) ) ;
#1815 = APPLICATION_PROTOCOL_DEFINITION ( 'draft international standard', 'automotive_design', 1998, #2240 ) ;
#1816 = EDGE_CURVE ( 'NONE', #1388, #303, #153, .T. ) ;
#1817 = CARTESIAN_POINT ( 'NONE',  ( 121.4395490144740393, 52.27773491451271326, 6.999999999999967137 ) ) ;
#1818 = CARTESIAN_POINT ( 'NONE',  ( 76.16298267789218812, 45.94929134449313324, 4.281334177745075742 ) ) ;
#1819 = CARTESIAN_POINT ( 'NONE',  ( 78.76458480740453183, 60.18215408141626455, 6.999999999999999112 ) ) ;
#1820 = CARTESIAN_POINT ( 'NONE',  ( 66.66932562393139960, 66.46869845559862711, 1.000000000000000222 ) ) ;
#1821 = CARTESIAN_POINT ( 'NONE',  ( 99.26210591223639312, 73.25632908658471365, 5.153565189861776474 ) ) ;
#1822 = ORIENTED_EDGE ( 'NONE', *, *, #1434, .T. ) ;
#1823 = CARTESIAN_POINT ( 'NONE',  ( 121.8461090622138698, 44.77253342056805963, 3.961163533498287315 ) ) ;
#1824 = PLANE ( 'NONE',  #360 ) ;
#1825 = CARTESIAN_POINT ( 'NONE',  ( 104.4121790901196647, 26.96348198804545859, 0.8096173451987986880 ) ) ;
#1826 = DIRECTION ( 'NONE',  ( 0.000000000000000000, 0.000000000000000000, 1.000000000000000000 ) ) ;
#1827 = CARTESIAN_POINT ( 'NONE',  ( 68.31731333565117836, 38.76000544051000674, 0.8803730658859985070 ) ) ;
#1828 = ADVANCED_FACE ( 'NONE', ( #2558 ), #921, .F. ) ;
#1829 = CARTESIAN_POINT ( 'NONE',  ( 116.3877216907771412, 72.11459303367401219, 1.586030946232806604 ) ) ;
#1830 = CARTESIAN_POINT ( 'NONE',  ( 93.05378190933060978, 70.09613313066356000, 5.932470017137684515 ) ) ;
#1831 = CARTESIAN_POINT ( 'NONE',  ( 92.49999999999968736, 55.00000000000541434, 0.000000000000000000 ) ) ;
#1832 = CARTESIAN_POINT ( 'NONE',  ( 101.8724020452701353, 71.17926774447829530, 6.024410993277955484 ) ) ;
#1833 = VERTEX_POINT ( 'NONE', #1022 ) ;
#1834 = CARTESIAN_POINT ( 'NONE',  ( 109.5158998087063793, 28.79483739500759398, 2.983299930673379396 ) ) ;
#1835 = CARTESIAN_POINT ( 'NONE',  ( 71.15587137145882934, 49.92413292069598185, 5.077580252825742768 ) ) ;
#1836 = CARTESIAN_POINT ( 'NONE',  ( 88.95881838113167817, 32.59991155115695705, 6.999999999999998224 ) ) ;
#1837 = CARTESIAN_POINT ( 'NONE',  ( 98.99317053774647945, 31.37543543308482441, 5.549831418841094433 ) ) ;
#1838 = VECTOR ( 'NONE', #583, 1000.000000000000000 ) ;
#1839 = CARTESIAN_POINT ( 'NONE',  ( 91.13342727605426319, 25.22827816554623581, 0.9999999999999993339 ) ) ;
#1840 = B_SPLINE_CURVE_WITH_KNOTS ( 'NONE', 3,
 ( #28, #873, #2161, #1909, #2766, #247, #663, #1087, #1949, #844, #39, #1736, #2603, #1129, #745, #92, #2410, #1989 ),
 .UNSPECIFIED., .F., .F.,
 ( 4, 2, 2, 2, 2, 2, 2, 2, 4 ),
 ( 0.08055573160056403448, 0.08164653897610425759, 0.08273734635164448070, 0.08491896110272494080, 0.08710057585380538703, 0.08928219060488583325, 0.09364542010704669794, 0.09582703485812713029, 0.09800864960920756264 ),
 .UNSPECIFIED. ) ;
#1841 = CARTESIAN_POINT ( 'NONE',  ( 119.9484109397886868, 43.77544195282374062, 7.000000000000011546 ) ) ;
#1842 = CARTESIAN_POINT ( 'NONE',  ( 75.77468662151643741, 47.69507758872606473, 4.279254493192463649 ) ) ;
#1843 = CARTESIAN_POINT ( 'NONE',  ( 118.6094498556591930, 70.44287212011933264, 0.9999999999999995559 ) ) ;
#1844 = CARTESIAN_POINT ( 'NONE',  ( 115.9848590255068785, 74.71742304266584256, 0.7089938248644003238 ) ) ;
#1845 = CARTESIAN_POINT ( 'NONE',  ( 79.28879246498782152, 61.49635026465553977, 7.000000000000000000 ) ) ;
#1846 = DIRECTION ( 'NONE',  ( 1.000000000000000000, -0.000000000000000000, -0.000000000000000000 ) ) ;
#1847 = ADVANCED_BREP_SHAPE_REPRESENTATION ( 'vacum and dustbin clip', ( #2022, #953 ), #1365 ) ;
#1848 = CARTESIAN_POINT ( 'NONE',  ( 80.72395972118104623, 88.43896897857678141, 1.000000000000002220 ) ) ;
#1849 = ORIENTED_EDGE ( 'NONE', *, *, #657, .T. ) ;
#1850 = CARTESIAN_POINT ( 'NONE',  ( 105.0601232628817741, 31.10078445052832663, 7.447569934735063235 ) ) ;
#1851 = ADVANCED_FACE ( 'NONE', ( #1609 ), #2035, .T. ) ;
#1852 = DIRECTION ( 'NONE',  ( 0.000000000000000000, -0.000000000000000000, 1.000000000000000000 ) ) ;
#1853 = CARTESIAN_POINT ( 'NONE',  ( 64.75135390018859027, 47.46316783558578578, 3.016979809857955441 ) ) ;
#1854 = CARTESIAN_POINT ( 'NONE',  ( 90.35510846724922374, 31.91171342660414112, 7.000000000000002665 ) ) ;
#1855 = CARTESIAN_POINT ( 'NONE',  ( 103.8653556935160651, 31.93742981043434881, 5.654918556611240987 ) ) ;
#1856 = CARTESIAN_POINT ( 'NONE',  ( 88.95720267608301413, 26.92398479593904170, 1.804542882231644940 ) ) ;
#1857 = CARTESIAN_POINT ( 'NONE',  ( 90.12272566842462140, 26.43421322683877861, 3.957019393955305997 ) ) ;
#1858 = CARTESIAN_POINT ( 'NONE',  ( 69.53064278609237192, 53.59661378621426309, 2.569644647962250339 ) ) ;
#1859 = CARTESIAN_POINT ( 'NONE',  ( 111.0513806647889936, 30.87218169641952059, 1.000000000000001332 ) ) ;
#1860 = CARTESIAN_POINT ( 'NONE',  ( 104.2105048190289267, 78.90462833327231351, 2.370723290556281615 ) ) ;
#1861 = CARTESIAN_POINT ( 'NONE',  ( 97.33699701438155216, 71.25376460563052206, 5.918700670348965964 ) ) ;
#1862 = CARTESIAN_POINT ( 'NONE',  ( 122.0000018179416799, 28.96559952297486618, 8.000000000000000000 ) ) ;
#1863 = CARTESIAN_POINT ( 'NONE',  ( 57.54859201041161043, 62.41295710416846987, 0.9999999999999995559 ) ) ;
#1864 = ORIENTED_EDGE ( 'NONE', *, *, #284, .F. ) ;
#1865 = CARTESIAN_POINT ( 'NONE',  ( 110.6565734024468242, 33.13013998721621078, 7.270139527893706877 ) ) ;
#1866 = CARTESIAN_POINT ( 'NONE',  ( 74.49204363521695882, 73.60121867581085553, 1.716683511304310406 ) ) ;
#1867 = CARTESIAN_POINT ( 'NONE',  ( 67.48301419517126476, 53.21245890714279625, 4.050149250367631737 ) ) ;
#1868 = DIRECTION ( 'NONE',  ( 0.000000000000000000, 1.000000000000000000, -0.000000000000000000 ) ) ;
#1869 = CARTESIAN_POINT ( 'NONE',  ( 91.46126641731943607, 27.59382150423304481, 2.426515078195826902 ) ) ;
#1870 = CARTESIAN_POINT ( 'NONE',  ( 114.1746090782475989, 81.71813989281665158, 0.8954657476570625496 ) ) ;
#1871 = CARTESIAN_POINT ( 'NONE',  ( 80.72679411124639159, 41.49393775511274640, 5.145196479717343507 ) ) ;
#1872 = CARTESIAN_POINT ( 'NONE',  ( 84.31904987795323336, 25.99565084864769560, 2.954483907323516512 ) ) ;
#1873 = CARTESIAN_POINT ( 'NONE',  ( 72.53016207957190886, 41.53598249808162990, 2.581476370052422808 ) ) ;
#1874 = CARTESIAN_POINT ( 'NONE',  ( 119.7550128177931867, 68.32934312088468687, 0.9999999999999997780 ) ) ;
#1875 = CARTESIAN_POINT ( 'NONE',  ( 109.9583389300493224, 80.05699036611696329, 0.6660902898635657765 ) ) ;
#1876 = CARTESIAN_POINT ( 'NONE',  ( 81.40792568469910861, 57.85695380986400949, 5.948033621279240180 ) ) ;
#1877 = CARTESIAN_POINT ( 'NONE',  ( 90.91537446167377823, 23.01691119014347109, 2.001564971725641406 ) ) ;
#1878 = AXIS2_PLACEMENT_3D ( 'NONE', #1007, #1868, #2520 ) ;
#1879 = CARTESIAN_POINT ( 'NONE',  ( 70.81517249953517990, 28.10882660705250657, 1.000000000000001110 ) ) ;
#1880 = EDGE_LOOP ( 'NONE', ( #437, #2290 ) ) ;
#1881 = CARTESIAN_POINT ( 'NONE',  ( 118.8460612872841153, 34.34888617536928024, 0.6590608970142372014 ) ) ;
#1882 = CARTESIAN_POINT ( 'NONE',  ( 83.61009480268415928, 66.62827429713502170, 5.125343078769588168 ) ) ;
#1883 = CARTESIAN_POINT ( 'NONE',  ( 67.52547777994060141, 55.53475844530211702, 4.051266117217869223 ) ) ;
#1884 = CARTESIAN_POINT ( 'NONE',  ( 81.36636427020464168, 39.18273566641914130, 7.000000000000000000 ) ) ;
#1885 = CARTESIAN_POINT ( 'NONE',  ( 96.70804238309393952, 32.08291265962086669, 5.949686390791568691 ) ) ;
#1886 = CARTESIAN_POINT ( 'NONE',  ( 117.9029625999049955, 63.74208756369522888, 6.987754453296168400 ) ) ;
#1887 = CARTESIAN_POINT ( 'NONE',  ( 76.86400033997909986, 30.03404514696336847, 0.9043406310825616856 ) ) ;
#1888 = CARTESIAN_POINT ( 'NONE',  ( 117.4686618480415490, 42.24296377227490495, 5.541276592071588958 ) ) ;
#1889 = EDGE_CURVE ( 'NONE', #303, #1388, #2052, .T. ) ;
#1890 = CARTESIAN_POINT ( 'NONE',  ( 89.83845610747195565, 24.66976959689151272, 2.926043025451868562 ) ) ;
#1891 = CARTESIAN_POINT ( 'NONE',  ( 122.4484111028730524, 48.71918205811066116, 1.000000000000019762 ) ) ;
#1892 = CARTESIAN_POINT ( 'NONE',  ( 112.9744404779229967, 68.27738718072775725, 5.058732956932797897 ) ) ;
#1893 = FACE_OUTER_BOUND ( 'NONE', #1018, .T. ) ;
#1894 = FACE_OUTER_BOUND ( 'NONE', #774, .T. ) ;
#1895 = CARTESIAN_POINT ( 'NONE',  ( 89.60051421326565446, 21.37457433425904085, 0.9999999999999985567 ) ) ;
#1896 = EDGE_LOOP ( 'NONE', ( #1598, #2502, #87, #290, #1997, #1983 ) ) ;
#1897 = CARTESIAN_POINT ( 'NONE',  ( 106.4317447769973910, 31.39735420553107303, 7.408380656251488006 ) ) ;
#1898 = CARTESIAN_POINT ( 'NONE',  ( 67.25808962256463985, 68.85997490165470936, 0.8639444864532144219 ) ) ;
#1899 = CARTESIAN_POINT ( 'NONE',  ( 63.71092221228754937, 69.50816166287327746, 1.993654734626465252 ) ) ;
#1900 = CARTESIAN_POINT ( 'NONE',  ( 92.44928831383631973, 26.63133395382160629, 4.283903148562567154 ) ) ;
#1901 = CARTESIAN_POINT ( 'NONE',  ( 96.02497824361837786, 29.17614148162399346, 3.763208731321649125 ) ) ;
#1902 = CARTESIAN_POINT ( 'NONE',  ( 117.1672746726445382, 73.20149703141159137, 3.137113365258757280 ) ) ;
#1903 = CARTESIAN_POINT ( 'NONE',  ( 85.08167602919152728, 27.98953346185002289, 1.783498797264172708 ) ) ;
#1904 = CARTESIAN_POINT ( 'NONE',  ( 119.1554505248099360, 45.08228734214065980, 4.588812430637975837 ) ) ;
#1905 = CARTESIAN_POINT ( 'NONE',  ( 91.45737834852967296, 27.97136782149724255, 4.980034694627966552 ) ) ;
#1906 = CARTESIAN_POINT ( 'NONE',  ( 97.28262832649987502, 83.89005710173594821, 0.9999999999999997780 ) ) ;
#1907 = CARTESIAN_POINT ( 'NONE',  ( 105.2578125951271062, 80.51288167808986884, 1.510492552519456133 ) ) ;
#1908 = CARTESIAN_POINT ( 'NONE',  ( 80.77765789160524434, 55.52123460473893601, 5.947142697373598352 ) ) ;
#1909 = CARTESIAN_POINT ( 'NONE',  ( 93.64672647633334179, 32.64753350968388190, 5.797432467009694612 ) ) ;
#1910 = CARTESIAN_POINT ( 'NONE',  ( 74.49761977210945929, 85.80985365719988067, 1.000000000000000888 ) ) ;
#1911 = CARTESIAN_POINT ( 'NONE',  ( 100.6835739409157497, 88.78879418061394801, 0.9999999999999983347 ) ) ;
#1912 = CARTESIAN_POINT ( 'NONE',  ( 103.4031273902272972, 24.62752298494885395, 1.922449316379219564 ) ) ;
#1913 = CARTESIAN_POINT ( 'NONE',  ( 79.20504101512318584, 73.86912774092662914, 2.569690598497212264 ) ) ;
#1914 = CARTESIAN_POINT ( 'NONE',  ( 68.96962733371805143, 70.95194776942017256, 3.023490010813657758 ) ) ;
#1915 = CARTESIAN_POINT ( 'NONE',  ( 110.0236568439773919, 32.67846800757126147, 7.000000000000000000 ) ) ;
#1916 = CARTESIAN_POINT ( 'NONE',  ( 95.02139233176734479, 26.04265615404096224, 1.590392468460434250 ) ) ;
#1917 = CARTESIAN_POINT ( 'NONE',  ( 120.8324526668459100, 67.71607948405407740, 3.084313715139093581 ) ) ;
#1918 = CARTESIAN_POINT ( 'NONE',  ( 87.60290370960713346, 36.49763141608596584, 6.034983256283720898 ) ) ;
#1919 = CARTESIAN_POINT ( 'NONE',  ( 120.0744680491816894, 47.61494723343146518, 4.101455317278952073 ) ) ;
#1920 = CARTESIAN_POINT ( 'NONE',  ( 87.01690513435242735, 29.32672467496616520, 5.010083761442413852 ) ) ;
#1921 = CARTESIAN_POINT ( 'NONE',  ( 112.3720778744762328, 69.64244103506072747, 4.609938171547850239 ) ) ;
#1922 = CARTESIAN_POINT ( 'NONE',  ( 102.4879110996725160, 78.54157719797767356, 4.921416320581331938 ) ) ;
#1923 = CARTESIAN_POINT ( 'NONE',  ( 119.4541403676348068, 57.71587641757847820, 5.147749027642350761 ) ) ;
#1924 = CARTESIAN_POINT ( 'NONE',  ( 120.1542373528072574, 51.75280355880165928, 4.999999999999989342 ) ) ;
#1925 = CARTESIAN_POINT ( 'NONE',  ( 98.66388737920364349, 30.69404253393179260, 7.600220388427453067 ) ) ;
#1926 = CARTESIAN_POINT ( 'NONE',  ( 66.18536425545161705, 66.68328301735346031, 0.8639366627633756623 ) ) ;
#1927 = CARTESIAN_POINT ( 'NONE',  ( 71.65179715353247047, 68.48972253283787381, 4.053160726906765987 ) ) ;
#1928 = CARTESIAN_POINT ( 'NONE',  ( 122.0000018179416799, 28.96559952297486618, 6.999999999999999112 ) ) ;
#1929 = CARTESIAN_POINT ( 'NONE',  ( 121.7370733815035777, 65.56616457862784841, 3.061062385411810638 ) ) ;
#1930 = CARTESIAN_POINT ( 'NONE',  ( 79.50763579005480608, 35.94561809393357521, 3.450901476381222022 ) ) ;
#1931 = CARTESIAN_POINT ( 'NONE',  ( 118.0439838645629180, 42.15448376152967569, 4.122436779780530358 ) ) ;
#1932 = CARTESIAN_POINT ( 'NONE',  ( 68.27707675389224562, 29.86880159705192384, 0.9343643918026057760 ) ) ;
#1933 = CARTESIAN_POINT ( 'NONE',  ( 107.0457768584352323, 75.75552547370389789, 3.253018178748594114 ) ) ;
#1934 = CARTESIAN_POINT ( 'NONE',  ( 104.7667032022444857, 77.88142824529776931, 4.912470251449619241 ) ) ;
#1935 = CARTESIAN_POINT ( 'NONE',  ( 60.58893379066667961, 55.15951471132751749, 1.000000000000000000 ) ) ;
#1936 = AXIS2_PLACEMENT_3D ( 'NONE', #2278, #2251, #346 ) ;
#1937 = ORIENTED_EDGE ( 'NONE', *, *, #2059, .F. ) ;
#1938 = CARTESIAN_POINT ( 'NONE',  ( 96.46027647519784409, 31.02002361806457387, 7.638898688903461576 ) ) ;
#1939 = CARTESIAN_POINT ( 'NONE',  ( 92.62906240319836115, 77.18207434192102312, 3.436565370506948547 ) ) ;
#1940 = CARTESIAN_POINT ( 'NONE',  ( 82.13236488424591641, 70.16458149888160278, 6.109680478422580663 ) ) ;
#1941 = DIRECTION ( 'NONE',  ( -0.000000000000000000, -0.000000000000000000, -1.000000000000000000 ) ) ;
#1942 = CARTESIAN_POINT ( 'NONE',  ( 124.0721660002548816, 56.25641206248121762, 2.961357819464590868 ) ) ;
#1943 = ADVANCED_FACE ( 'NONE', ( #1894 ), #570, .T. ) ;
#1944 =( GEOMETRIC_REPRESENTATION_CONTEXT ( 3 ) GLOBAL_UNCERTAINTY_ASSIGNED_CONTEXT ( ( #1182 ) ) GLOBAL_UNIT_ASSIGNED_CONTEXT ( ( #374, #2288, #1210 ) ) REPRESENTATION_CONTEXT ( 'NONE', 'WORKASPACE' ) );
#1945 = CARTESIAN_POINT ( 'NONE',  ( 119.7622912386445648, 42.31610820687868113, 1.855633878148432281 ) ) ;
#1946 = CARTESIAN_POINT ( 'NONE',  ( 82.83521484170734084, 26.59738192930361578, 2.960793751639284377 ) ) ;
#1947 = CARTESIAN_POINT ( 'NONE',  ( 106.5902093306954583, 72.23222768041146935, 4.988628498839840830 ) ) ;
#1948 = CARTESIAN_POINT ( 'NONE',  ( 80.48133288409333375, 53.51204777285377645, 5.945647154850109750 ) ) ;
#1949 = CARTESIAN_POINT ( 'NONE',  ( 97.91525009223647658, 31.62210171027299310, 5.696274529852122903 ) ) ;
#1950 = CARTESIAN_POINT ( 'NONE',  ( 78.16543609400663684, 83.94327468770804046, 1.987222317406255545 ) ) ;
#1951 = CARTESIAN_POINT ( 'NONE',  ( 116.1592172576858104, 68.32882767463382834, 3.346682118487537050 ) ) ;
#1952 = CARTESIAN_POINT ( 'NONE',  ( 113.7011035602432827, 36.90109663612108193, 5.000000000000007105 ) ) ;
#1953 = CARTESIAN_POINT ( 'NONE',  ( 100.4821362900914892, 26.74084357164986159, 4.210561275913694779 ) ) ;
#1954 = CARTESIAN_POINT ( 'NONE',  ( 83.83220486063031274, 73.82846286619776777, 3.424448185156929281 ) ) ;
#1955 = CARTESIAN_POINT ( 'NONE',  ( 79.59250654588267082, 72.42436464939713403, 5.080384535604239638 ) ) ;
#1956 = DIRECTION ( 'NONE',  ( -1.000000000000000000, 0.000000000000000000, 0.000000000000000000 ) ) ;
#1957 = CARTESIAN_POINT ( 'NONE',  ( 123.3206271776026739, 69.23866722045528377, 0.8045087305580592707 ) ) ;
#1958 = CARTESIAN_POINT ( 'NONE',  ( 105.1617717128144847, 32.34349305991790402, 5.690337043111920678 ) ) ;
#1959 = CARTESIAN_POINT ( 'NONE',  ( 81.35137980546146252, 27.19911300995953596, 2.967103595955052242 ) ) ;
#1960 = PLANE ( 'NONE',  #24 ) ;
#1961 = CARTESIAN_POINT ( 'NONE',  ( 117.7359878264124831, 63.17668655008401402, 7.515800387949035155 ) ) ;
#1962 = LINE ( 'NONE', #1061, #2306 ) ;
#1963 = CARTESIAN_POINT ( 'NONE',  ( 76.57465520752295163, 78.92745109938078940, 3.020112233231261989 ) ) ;
#1964 = CARTESIAN_POINT ( 'NONE',  ( 94.07374549689851051, 90.04563765637053052, 0.9999999999999997780 ) ) ;
#1965 = CARTESIAN_POINT ( 'NONE',  ( 92.55359482138352689, 27.43850636722184078, 2.434333106792103241 ) ) ;
#1966 = CARTESIAN_POINT ( 'NONE',  ( 100.4396336272331638, 22.30089515570942993, 0.8123087176462830961 ) ) ;
#1967 = CARTESIAN_POINT ( 'NONE',  ( 83.79351501475673558, 76.87338590926712811, 2.573495640958214370 ) ) ;
#1968 = CARTESIAN_POINT ( 'NONE',  ( 111.2777863304006871, 33.40666186099546309, 6.999999999999998224 ) ) ;
#1969 = CARTESIAN_POINT ( 'NONE',  ( 122.0880104600545906, 52.14827179963341308, 5.638929077581272153 ) ) ;
#1970 = AXIS2_PLACEMENT_3D ( 'NONE', #33, #1729, #668 ) ;
#1971 = CIRCLE ( 'NONE', #275, 31.90705758116726898 ) ;
#1972 = CARTESIAN_POINT ( 'NONE',  ( 106.4581877321129042, 32.74955630940146278, 5.725755529612600370 ) ) ;
#1973 = CARTESIAN_POINT ( 'NONE',  ( 75.60084038562399655, 34.27178033384068812, 4.023727922635835341 ) ) ;
#1974 = CARTESIAN_POINT ( 'NONE',  ( 87.07698643832890184, 89.99247642720230544, 0.9470681889025813760 ) ) ;
#1975 = CARTESIAN_POINT ( 'NONE',  ( 105.6050203866009412, 73.51057740147230390, 4.547912406005368169 ) ) ;
#1976 = CARTESIAN_POINT ( 'NONE',  ( 101.7267950003572992, 85.75316400705780495, 2.080623661365370136 ) ) ;
#1977 = EDGE_CURVE ( 'NONE', #2491, #2224, #1797, .T. ) ;
#1978 = CARTESIAN_POINT ( 'NONE',  ( 93.02126043003652001, 72.77495712948226014, 7.122735818021598497 ) ) ;
#1979 = CARTESIAN_POINT ( 'NONE',  ( 101.8445874773956916, 73.83987177442502059, 6.999999999999998224 ) ) ;
#1980 = DIRECTION ( 'NONE',  ( -1.000000000000000000, 0.000000000000000000, 0.000000000000000000 ) ) ;
#1981 = CARTESIAN_POINT ( 'NONE',  ( 96.21807752261169355, 26.38859207044142252, 4.253053597904511207 ) ) ;
#1982 = CARTESIAN_POINT ( 'NONE',  ( 97.14846050365193264, 71.05317241918294258, 6.004471155009961869 ) ) ;
#1983 = ORIENTED_EDGE ( 'NONE', *, *, #1561, .F. ) ;
#1984 = CARTESIAN_POINT ( 'NONE',  ( 121.3206696756284089, 47.02595145499891061, 6.092753886785308381 ) ) ;
#1985 = CARTESIAN_POINT ( 'NONE',  ( 110.9508012370207695, 33.84743396483878541, 4.008011328990325417 ) ) ;
#1986 = CARTESIAN_POINT ( 'NONE',  ( 85.46284782863484963, 35.09933794858867628, 7.088448226920716522 ) ) ;
#1987 = CARTESIAN_POINT ( 'NONE',  ( 92.81236549338512987, 81.53870283477222358, 4.033410862398865149 ) ) ;
#1988 = CARTESIAN_POINT ( 'NONE',  ( 108.3758581969711230, 76.38695117813887236, 4.894611422992197092 ) ) ;
#1989 = CARTESIAN_POINT ( 'NONE',  ( 109.3087045630823866, 33.58533730299107845, 5.000000000000007105 ) ) ;
#1990 = CARTESIAN_POINT ( 'NONE',  ( 91.63744617115712288, 72.34803150743360334, 7.125686406470416401 ) ) ;
#1991 = CARTESIAN_POINT ( 'NONE',  ( 113.7265368693986289, 74.93002196505975121, 1.559976511758822237 ) ) ;
#1992 = EDGE_CURVE ( 'NONE', #2659, #324, #174, .T. ) ;
#1993 = CARTESIAN_POINT ( 'NONE',  ( 120.5100208468476950, 64.73178140197329355, 1.665426083504710331 ) ) ;
#1994 = CARTESIAN_POINT ( 'NONE',  ( 106.0426833474965633, 24.53262255027077998, 0.9999999999999974465 ) ) ;
#1995 = CARTESIAN_POINT ( 'NONE',  ( 84.54399288970041937, 26.55671532426602255, 1.000000000000000888 ) ) ;
#1996 = CARTESIAN_POINT ( 'NONE',  ( 99.57640847333864542, 71.22558472954035835, 6.013816560728409755 ) ) ;
#1997 = ORIENTED_EDGE ( 'NONE', *, *, #2059, .T. ) ;
#1998 = CARTESIAN_POINT ( 'NONE',  ( 116.6047695442852898, 37.79336370708683290, 6.600794858483499894 ) ) ;
#1999 = CARTESIAN_POINT ( 'NONE',  ( 110.0181183757664485, 32.71152274398394866, 3.537879847829651148 ) ) ;
#2000 = CARTESIAN_POINT ( 'NONE',  ( 67.21798934532716885, 40.79602271867163665, 3.010324992958984591 ) ) ;
#2001 = CARTESIAN_POINT ( 'NONE',  ( 105.0065255036664240, 73.07475428076837431, 7.079219195293525502 ) ) ;
#2002 = CARTESIAN_POINT ( 'NONE',  ( 109.9751267024707602, 82.07590428280701644, 2.052625845196895060 ) ) ;
#2003 = CARTESIAN_POINT ( 'NONE',  ( 77.20764683261613470, 51.36547498676489454, 7.000000000000000000 ) ) ;
#2004 = CARTESIAN_POINT ( 'NONE',  ( 97.05638135269285272, 73.61452687869196154, 7.112593608090406860 ) ) ;
#2005 = CARTESIAN_POINT ( 'NONE',  ( 117.6564812965216333, 60.40236016499100913, 6.133110701831379075 ) ) ;
#2006 = VERTEX_POINT ( 'NONE', #1436 ) ;
#2007 = CARTESIAN_POINT ( 'NONE',  ( 120.1174159379307866, 60.17485809720467671, 3.472484122316842114 ) ) ;
#2008 = CARTESIAN_POINT ( 'NONE',  ( 97.63604049724740719, 73.95737514448093464, 6.999999999999996447 ) ) ;
#2009 = CARTESIAN_POINT ( 'NONE',  ( 71.73865593656582007, 34.89113844583006596, 0.9999999999999997780 ) ) ;
#2010 = CARTESIAN_POINT ( 'NONE',  ( 92.49599137183395214, 55.15951471132751749, 1.000000000000000000 ) ) ;
#2011 = ORIENTED_EDGE ( 'NONE', *, *, #2026, .T. ) ;
#2012 = CARTESIAN_POINT ( 'NONE',  ( 120.2913661136612120, 42.02575101967513405, 4.499164222362827203 ) ) ;
#2013 = CARTESIAN_POINT ( 'NONE',  ( 99.55699480321391093, 29.84563628395237700, 4.242760300668793505 ) ) ;
#2014 = CARTESIAN_POINT ( 'NONE',  ( 91.39767873668766640, 87.32871988398282781, 1.973654524476452732 ) ) ;
#2015 = CARTESIAN_POINT ( 'NONE',  ( 120.4012260027525087, 50.60631637557469986, 4.531033193628116074 ) ) ;
#2016 = CARTESIAN_POINT ( 'NONE',  ( 112.4705435830545639, 69.36298331380264415, 7.110535879814919191 ) ) ;
#2017 = LINE ( 'NONE', #2230, #2625 ) ;
#2018 = CARTESIAN_POINT ( 'NONE',  ( 117.8117263193732356, 63.86771298896486115, 6.999999999999986677 ) ) ;
#2019 = CARTESIAN_POINT ( 'NONE',  ( 120.0152149575789622, 59.03827690282732021, 3.930607995808848454 ) ) ;
#2020 = CARTESIAN_POINT ( 'NONE',  ( 100.7898515778079940, 73.94288405808021025, 6.999999999999995559 ) ) ;
#2021 = CARTESIAN_POINT ( 'NONE',  ( 68.33572788887622096, 39.55787024938756247, 1.000000000000000888 ) ) ;
#2022 = MANIFOLD_SOLID_BREP ( 'Cut-Extrude15', #896 ) ;
#2023 = CARTESIAN_POINT ( 'NONE',  ( 97.92147178196042034, 79.67828314765451125, 2.595574457685029479 ) ) ;
#2024 = VERTEX_POINT ( 'NONE', #2103 ) ;
#2025 = CARTESIAN_POINT ( 'NONE',  ( 121.4164797958944604, 41.74057154360487232, 2.869535637129997596 ) ) ;
#2026 = EDGE_CURVE ( 'NONE', #831, #278, #1016, .T. ) ;
#2027 = CARTESIAN_POINT ( 'NONE',  ( 98.04327196603057359, 30.88939393613973650, 5.095920792675996402 ) ) ;
#2028 = CARTESIAN_POINT ( 'NONE',  ( 88.14481011972338820, 28.75678427166717199, 2.647554996414752893 ) ) ;
#2029 = CARTESIAN_POINT ( 'NONE',  ( 118.1129994804186509, 68.04907739800670186, 4.793646526300689992 ) ) ;
#2030 =( LENGTH_UNIT ( ) NAMED_UNIT ( * ) SI_UNIT ( .MILLI., .METRE. ) );
#2031 = CARTESIAN_POINT ( 'NONE',  ( 121.0848518972898376, 55.86364422570051147, 7.000000000000044409 ) ) ;
#2032 = CARTESIAN_POINT ( 'NONE',  ( 72.54443619477646621, 50.30086976687246647, 3.423953468602473738 ) ) ;
#2033 = CARTESIAN_POINT ( 'NONE',  ( 117.5442172860384886, 70.40683805812582818, 1.603907506636318425 ) ) ;
#2034 = CARTESIAN_POINT ( 'NONE',  ( 123.7789581792619344, 44.04980916459903284, 1.000000000000044187 ) ) ;
#2035 = CYLINDRICAL_SURFACE ( 'NONE', #2208, 36.79870545800834947 ) ;
#2036 = CARTESIAN_POINT ( 'NONE',  ( 101.2614491162484711, 75.06496193655196691, 4.310117683069286443 ) ) ;
#2037 = EDGE_LOOP ( 'NONE', ( #2307, #951 ) ) ;
#2038 = CARTESIAN_POINT ( 'NONE',  ( 114.6719543816167572, 36.00254570662375642, 7.136234761050597619 ) ) ;
#2039 = CARTESIAN_POINT ( 'NONE',  ( 104.9110732855424999, 30.99905732560530680, 4.333512812708025130 ) ) ;
#2040 = EDGE_CURVE ( 'NONE', #298, #2341, #2120, .T. ) ;
#2041 = CARTESIAN_POINT ( 'NONE',  ( 90.73155578498385410, 29.60957153372532957, 3.513623607537907034 ) ) ;
#2042 = CARTESIAN_POINT ( 'NONE',  ( 115.1273156207494708, 67.28138425555710000, 6.999999999999996447 ) ) ;
#2043 = CARTESIAN_POINT ( 'NONE',  ( 78.16371492765961193, 48.89645763841139114, 5.131108129882510305 ) ) ;
#2044 = CARTESIAN_POINT ( 'NONE',  ( 117.2895991837007301, 72.94533438457700925, 0.7251344743162080331 ) ) ;
#2045 = DIRECTION ( 'NONE',  ( -0.000000000000000000, -1.000000000000000000, -0.000000000000000000 ) ) ;
#2046 = DIRECTION ( 'NONE',  ( -0.000000000000000000, -0.000000000000000000, -1.000000000000000000 ) ) ;
#2047 = CARTESIAN_POINT ( 'NONE',  ( 94.00238445965099743, 77.37080898899559145, 3.439266721757771705 ) ) ;
#2048 = EDGE_LOOP ( 'NONE', ( #2707, #495 ) ) ;
#2049 = CARTESIAN_POINT ( 'NONE',  ( 116.8025500704916624, 37.36836418981368269, 5.580960337698781082 ) ) ;
#2050 = CARTESIAN_POINT ( 'NONE',  ( 69.61485558764547932, 37.02395554558758306, 3.004216569194081199 ) ) ;
#2051 = CARTESIAN_POINT ( 'NONE',  ( 100.6155828892829902, 30.46458642336191502, 4.698093151203990736 ) ) ;
#2052 = B_SPLINE_CURVE_WITH_KNOTS ( 'NONE', 3,
 ( #1584, #70, #761, #479, #2656, #505, #1570, #1386, #2439, #312, #110, #97, #274, #1556, #749, #530, #2191, #492, #1120, #1337, #915, #1768, #2452, #1820, #929, #2207, #2645, #2669, #288, #1146, #1157, #121, #321, #2247, #724, #518, #301, #2222, #1596, #948, #2021, #2465, #940, #2633, #1364, #2009, #1375, #1792, #2233, #1805, #1169, #961, #2682, #707, #2424, #1350, #1133, #1995, #85, #1241, #1225, #797 ),
 .UNSPECIFIED., .F., .F.,
 ( 4, 2, 2, 2, 2, 2, 2, 2, 2, 2, 2, 2, 2, 2, 2, 2, 2, 2, 2, 2, 2, 2, 2, 2, 2, 2, 2, 2, 2, 2, 4 ),
 ( 0.000000000000000000, 0.002912431672387298665, 0.004368647508580968813, 0.005824863344774638962, 0.01164972668954939242, 0.01456215836193676914, 0.01601837419813045837, 0.01747459003432414587, 0.02329945337909889932, 0.02621188505148627432, 0.02912431672387364931, 0.03494918006864834031, 0.04077404341342303479, 0.04368647508581035427, 0.04659890675819768069, 0.05242377010297236128, 0.05387998593916602796, 0.05533620177535970158, 0.05824863344774704188, 0.06407349679252169472, 0.06552971262871533364, 0.06698592846490898645, 0.06989836013729630593, 0.07281079180968362541, 0.07426700764587727821, 0.07572322348207093101, 0.08154808682684548671, 0.08446051849923277843, 0.08591673433542640348, 0.08737295017162004240, 0.09319781351639455647 ),
 .UNSPECIFIED. ) ;
#2053 = CARTESIAN_POINT ( 'NONE',  ( 88.65328585737164246, 33.73447862377177842, 5.194127222805371424 ) ) ;
#2054 = SHAPE_DEFINITION_REPRESENTATION ( #1615, #1847 ) ;
#2055 = CARTESIAN_POINT ( 'NONE',  ( 111.1814423101274372, 70.46883049861637005, 7.000000000000009770 ) ) ;
#2056 = CARTESIAN_POINT ( 'NONE',  ( 66.94902767980941860, 50.59925758470654955, 1.720078602296420067 ) ) ;
#2057 = CARTESIAN_POINT ( 'NONE',  ( 122.1187138430149162, 47.30663766269076120, 1.000000000000002220 ) ) ;
#2058 = CARTESIAN_POINT ( 'NONE',  ( 118.6294235823373810, 57.76869312283197644, 6.219663288133086887 ) ) ;
#2059 = EDGE_CURVE ( 'NONE', #2194, #2006, #1202, .T. ) ;
#2060 = CARTESIAN_POINT ( 'NONE',  ( 88.90025615664009706, 71.47015216221224421, 7.000000000000000000 ) ) ;
#2061 = DIRECTION ( 'NONE',  ( 0.000000000000000000, 0.000000000000000000, 1.000000000000000000 ) ) ;
#2062 = CARTESIAN_POINT ( 'NONE',  ( 102.1782325433620287, 76.88527956358562676, 3.462164169355016252 ) ) ;
#2063 = ORIENTED_EDGE ( 'NONE', *, *, #254, .T. ) ;
#2064 = CARTESIAN_POINT ( 'NONE',  ( 120.1376420570391730, 48.72193229882140741, 4.553815000935684587 ) ) ;
#2065 = CARTESIAN_POINT ( 'NONE',  ( 107.3114798433076515, 29.95960156295891608, 5.231018111736404741 ) ) ;
#2066 = DIRECTION ( 'NONE',  ( -1.000000000000000000, 0.000000000000000000, 0.000000000000000000 ) ) ;
#2067 = CARTESIAN_POINT ( 'NONE',  ( 92.25155147834655622, 22.94913309775734689, 2.005547820441870410 ) ) ;
#2068 = CARTESIAN_POINT ( 'NONE',  ( 99.94176710797934504, 28.82667246786139614, 3.374552916548725356 ) ) ;
#2069 = CARTESIAN_POINT ( 'NONE',  ( 92.13323023431944137, 32.21985951715741692, 5.225688901210376436 ) ) ;
#2070 = CARTESIAN_POINT ( 'NONE',  ( 70.34026988355653032, 47.22986872536461078, 2.574292225850126847 ) ) ;
#2071 = CARTESIAN_POINT ( 'NONE',  ( 111.4315933893020656, 78.18291649148376621, 0.9999999999999978906 ) ) ;
#2072 = CARTESIAN_POINT ( 'NONE',  ( 85.34461356658725606, 69.17055079162076936, 6.999999999999998224 ) ) ;
#2073 = CARTESIAN_POINT ( 'NONE',  ( 91.79838064145938858, 31.34751662663727600, 7.000000000000004441 ) ) ;
#2074 = CARTESIAN_POINT ( 'NONE',  ( 71.67510959408619442, 83.98835640617375020, 1.000000000000000888 ) ) ;
#2075 = AXIS2_PLACEMENT_3D ( 'NONE', #2244, #1345, #701 ) ;
#2076 = VERTEX_POINT ( 'NONE', #2321 ) ;
#2077 = CARTESIAN_POINT ( 'NONE',  ( 105.7677818229105355, 29.30670820929215026, 5.258139449675449661 ) ) ;
#2078 = CARTESIAN_POINT ( 'NONE',  ( 85.72784744208846064, 65.03611834723560037, 5.981123439923024421 ) ) ;
#2079 = CARTESIAN_POINT ( 'NONE',  ( 67.25288967372017623, 35.24318916295155191, 1.973040117760128664 ) ) ;
#2080 = CARTESIAN_POINT ( 'NONE',  ( 91.06961710845619962, 31.61080333118173513, 7.000000000000001776 ) ) ;
#2081 = CARTESIAN_POINT ( 'NONE',  ( 91.76908957896552010, 29.73844820171516901, 3.723024303471540453 ) ) ;
#2082 = CARTESIAN_POINT ( 'NONE',  ( 121.2952801254440658, 53.26956179942374092, 7.208392315810703721 ) ) ;
#2083 = CARTESIAN_POINT ( 'NONE',  ( 91.51827334921070189, 27.99736748169915401, 2.670155396726952013 ) ) ;
#2084 = CARTESIAN_POINT ( 'NONE',  ( 85.12858304844350243, 23.65959043849346699, 1.915832172654224230 ) ) ;
#2085 = CARTESIAN_POINT ( 'NONE',  ( 75.50376822788851428, 41.35830357163547433, 3.435820917730030732 ) ) ;
#2086 = CARTESIAN_POINT ( 'NONE',  ( 102.9095045428341280, 82.63744663280776592, 1.000000000000000666 ) ) ;
#2087 = CARTESIAN_POINT ( 'NONE',  ( 112.8720470955823600, 71.89699161316706011, 3.299445324406055757 ) ) ;
#2088 = CARTESIAN_POINT ( 'NONE',  ( 83.06502405006229139, 66.98768497335370853, 6.999999999999998224 ) ) ;
#2089 = CARTESIAN_POINT ( 'NONE',  ( 81.26099627634974354, 88.60678137883272143, 1.000000000000000888 ) ) ;
#2090 = VERTEX_POINT ( 'NONE', #599 ) ;
#2091 = CARTESIAN_POINT ( 'NONE',  ( 114.8780451286844766, 34.85260742326313732, 5.090339861169474567 ) ) ;
#2092 = CARTESIAN_POINT ( 'NONE',  ( 82.47274907098673680, 65.32412831003949805, 5.124664554295703667 ) ) ;
#2093 = CARTESIAN_POINT ( 'NONE',  ( 78.32682857927116515, 57.71429006208072821, 7.138312910765113983 ) ) ;
#2094 = CARTESIAN_POINT ( 'NONE',  ( 93.64026422635362223, 27.38156027523360336, 4.843918768256429530 ) ) ;
#2095 = CARTESIAN_POINT ( 'NONE',  ( 91.26157499268317963, 26.16273816138967234, 1.563246888017594038 ) ) ;
#2096 = CARTESIAN_POINT ( 'NONE',  ( 117.4146862139974417, 67.76583413195713490, 5.361597936153878585 ) ) ;
#2097 = CARTESIAN_POINT ( 'NONE',  ( 82.41171826678144896, 43.03408956100091842, 5.998800126944930255 ) ) ;
#2098 = CARTESIAN_POINT ( 'NONE',  ( 116.0790897511491551, 38.86762930667881477, 4.104702409980831135 ) ) ;
#2099 = CARTESIAN_POINT ( 'NONE',  ( 90.69873035928449667, 21.11216858052168632, 0.8546970036293929374 ) ) ;
#2100 = CARTESIAN_POINT ( 'NONE',  ( 117.7165453917773021, 37.74665003815902509, 1.000000000000006661 ) ) ;
#2101 = CARTESIAN_POINT ( 'NONE',  ( 111.1218124709544099, 69.72624070658636697, 5.032631304529686211 ) ) ;
#2102 = DIRECTION ( 'NONE',  ( 0.000000000000000000, 0.000000000000000000, -1.000000000000000000 ) ) ;
#2103 = CARTESIAN_POINT ( 'NONE',  ( 60.58893379066667961, 55.15951471132751749, 0.000000000000000000 ) ) ;
#2104 = AXIS2_PLACEMENT_3D ( 'NONE', #252, #2375, #1297 ) ;
#2105 = CARTESIAN_POINT ( 'NONE',  ( 58.82896737183070712, 67.31185109173001990, 0.9999999999999995559 ) ) ;
#2106 = VERTEX_POINT ( 'NONE', #2478 ) ;
#2107 = CARTESIAN_POINT ( 'NONE',  ( 115.4240579665395074, 30.57468399457254904, 0.6854206346446732878 ) ) ;
#2108 = CARTESIAN_POINT ( 'NONE',  ( 84.18059423715357070, 70.76194254846630827, 4.275053854272378828 ) ) ;
#2109 = CARTESIAN_POINT ( 'NONE',  ( 75.25045662050501960, 58.87195602668323602, 6.111419064149515634 ) ) ;
#2110 = CARTESIAN_POINT ( 'NONE',  ( 95.18858905933250014, 23.04110756443957797, 1.986599615530783014 ) ) ;
#2111 = CARTESIAN_POINT ( 'NONE',  ( 93.07283898748045203, 32.99778864268326828, 5.898114914044097823 ) ) ;
#2112 = CARTESIAN_POINT ( 'NONE',  ( 119.7948644905864484, 61.35885321017848071, 6.370430854444013136 ) ) ;
#2113 = CARTESIAN_POINT ( 'NONE',  ( 83.71287389446786165, 28.56358737088634214, 1.777196779401033933 ) ) ;
#2114 = CARTESIAN_POINT ( 'NONE',  ( 119.5584237682548832, 43.53223188017437195, 2.746760512336107407 ) ) ;
#2115 = FACE_OUTER_BOUND ( 'NONE', #1682, .T. ) ;
#2116 = CARTESIAN_POINT ( 'NONE',  ( 120.5935994135860199, 42.74757008707304351, 0.9999999999999856781 ) ) ;
#2117 = CARTESIAN_POINT ( 'NONE',  ( 110.5479909846328752, 73.73388419163018170, 3.276926435173742824 ) ) ;
#2118 = CARTESIAN_POINT ( 'NONE',  ( 106.1806083612592602, 74.90074014831468219, 6.038450044730460320 ) ) ;
#2119 = CARTESIAN_POINT ( 'NONE',  ( 122.0000018179416799, 28.96559952297486618, 8.000000000000000000 ) ) ;
#2120 = B_SPLINE_CURVE_WITH_KNOTS ( 'NONE', 3,
 ( #2073, #2692, #556, #158, #1877, #2734 ),
 .UNSPECIFIED., .F., .F.,
 ( 4, 2, 4 ),
 ( 0.1421072748201315517, 0.6424819011640454658, 1.142856527507959408 ),
 .UNSPECIFIED. ) ;
#2121 = CARTESIAN_POINT ( 'NONE',  ( 69.43541721283312995, 82.28009952146065586, 0.9999999999999981126 ) ) ;
#2122 = LINE ( 'NONE', #450, #1247 ) ;
#2123 = CARTESIAN_POINT ( 'NONE',  ( 106.7531755058191294, 30.24676383597714491, 5.788390040083100985 ) ) ;
#2124 = CARTESIAN_POINT ( 'NONE',  ( 88.76395957196785957, 70.56501751895710584, 5.130993599477755573 ) ) ;
#2125 = CARTESIAN_POINT ( 'NONE',  ( 74.49242096287852632, 66.23856329816877064, 5.082778502710815438 ) ) ;
#2126 = CARTESIAN_POINT ( 'NONE',  ( 93.16547610024258574, 30.89055950940122131, 6.999999999999996447 ) ) ;
#2127 = CARTESIAN_POINT ( 'NONE',  ( 93.80638711934000185, 30.03189167457187736, 4.173193600319859087 ) ) ;
#2128 = CARTESIAN_POINT ( 'NONE',  ( 117.6173705497541704, 78.15117784732450446, 0.8712468203052490257 ) ) ;
#2129 = CARTESIAN_POINT ( 'NONE',  ( 84.48435272052218181, 30.15424170834968365, 2.627317280514081421 ) ) ;
#2130 = CARTESIAN_POINT ( 'NONE',  ( 114.5189412561587261, 38.03078417279127876, 5.490732774006184869 ) ) ;
#2131 = CARTESIAN_POINT ( 'NONE',  ( 97.99982982704572976, 84.79102669775487300, 0.6255424991671058033 ) ) ;
#2132 = CARTESIAN_POINT ( 'NONE',  ( 106.6519973496637732, 79.92088309181713157, 1.515856685981457064 ) ) ;
#2133 = CARTESIAN_POINT ( 'NONE',  ( 100.1707018082587552, 86.14878957961414585, 2.084365750038079668 ) ) ;
#2134 = CARTESIAN_POINT ( 'NONE',  ( 96.31581941169713446, 83.97523871553929098, 1.000000000000000000 ) ) ;
#2135 = CARTESIAN_POINT ( 'NONE',  ( 72.65602073563810848, 26.83583658469474287, 1.000000000000000888 ) ) ;
#2136 = CARTESIAN_POINT ( 'NONE',  ( 108.4928306645548730, 85.46717753260503514, 0.9999999999999988898 ) ) ;
#2137 = CARTESIAN_POINT ( 'NONE',  ( 102.7104763344951834, 25.82764862787474414, 3.059485224413915905 ) ) ;
#2138 = CARTESIAN_POINT ( 'NONE',  ( 60.32234251767585675, 54.09697054898983737, 1.990624927735809457 ) ) ;
#2139 = CARTESIAN_POINT ( 'NONE',  ( 116.7084070030794720, 38.15473661359867208, 7.000000000000014211 ) ) ;
#2140 = CARTESIAN_POINT ( 'NONE',  ( 92.74009657861107314, 29.52516083168790573, 3.731108872609174121 ) ) ;
#2141 = CARTESIAN_POINT ( 'NONE',  ( 121.6081387807351604, 62.51190459480655903, 4.147661279466869466 ) ) ;
#2142 = CARTESIAN_POINT ( 'NONE',  ( 78.39947117285603895, 29.13481083291459939, 0.9097101789052699505 ) ) ;
#2143 = CARTESIAN_POINT ( 'NONE',  ( 122.8660714957802327, 50.18697491738081595, 0.9388985425045958122 ) ) ;
#2144 = CARTESIAN_POINT ( 'NONE',  ( 73.06788448186161133, 37.10288091176619218, 4.031694016051600826 ) ) ;
#2145 = CARTESIAN_POINT ( 'NONE',  ( 118.9692002764299588, 46.35551341915376611, 6.012836487942920805 ) ) ;
#2146 = CARTESIAN_POINT ( 'NONE',  ( 108.3703248216060331, 71.40541208339503498, 5.003221285049931133 ) ) ;
#2147 = CARTESIAN_POINT ( 'NONE',  ( 115.2219666062394055, 65.08695909633846099, 5.553913273239829529 ) ) ;
#2148 = CARTESIAN_POINT ( 'NONE',  ( 103.8307544749101936, 76.88280528859559126, 5.484587649345749938 ) ) ;
#2149 = CARTESIAN_POINT ( 'NONE',  ( 107.7118756773121078, 70.09132584173715941, 5.842611364000162233 ) ) ;
#2150 = EDGE_CURVE ( 'NONE', #751, #2491, #1410, .T. ) ;
#2151 = VERTEX_POINT ( 'NONE', #2274 ) ;
#2152 = CARTESIAN_POINT ( 'NONE',  ( 101.6533080070208683, 24.09988973177631166, 1.937705202606397892 ) ) ;
#2153 = CARTESIAN_POINT ( 'NONE',  ( 98.05969735092951112, 73.24504287216156229, 5.149812921904732832 ) ) ;
#2154 = CARTESIAN_POINT ( 'NONE',  ( 83.56801194144900080, 66.98849421801168091, 7.136791361335272477 ) ) ;
#2155 = CARTESIAN_POINT ( 'NONE',  ( 92.49599137183395214, 55.15951471132751749, 1.000000000000000000 ) ) ;
#2156 = CARTESIAN_POINT ( 'NONE',  ( 121.3966924509427088, 49.89197783001719699, 7.124073666248918357 ) ) ;
#2157 = CARTESIAN_POINT ( 'NONE',  ( 78.43845460702164019, 37.17177628391370803, 3.446740127598019399 ) ) ;
#2158 = CARTESIAN_POINT ( 'NONE',  ( 115.6102239864838737, 39.34567639567565323, 5.517582511922242361 ) ) ;
#2159 = CARTESIAN_POINT ( 'NONE',  ( 75.23827006265669581, 30.97988285323505053, 2.988497681357035418 ) ) ;
#2160 = CARTESIAN_POINT ( 'NONE',  ( 105.1798709093478692, 75.22770700115884779, 6.043897210527077846 ) ) ;
#2161 = CARTESIAN_POINT ( 'NONE',  ( 92.95910908956557250, 32.90777750955179926, 5.809791893278340780 ) ) ;
#2162 = CARTESIAN_POINT ( 'NONE',  ( 117.1042861480233199, 41.25261529128157889, 5.000000000000002665 ) ) ;
#2163 = CARTESIAN_POINT ( 'NONE',  ( 103.5824477394268683, 27.47668704587666255, 4.173595522291805970 ) ) ;
#2164 = CARTESIAN_POINT ( 'NONE',  ( 92.85449661236106067, 72.30752746927754515, 5.137662672706906797 ) ) ;
#2165 = CARTESIAN_POINT ( 'NONE',  ( 56.72015177524342988, 53.38191140957490433, 0.9598672530269265479 ) ) ;
#2166 = CARTESIAN_POINT ( 'NONE',  ( 92.49599137183395214, 55.15951471132751749, 1.000000000000000000 ) ) ;
#2167 = CARTESIAN_POINT ( 'NONE',  ( 120.8537158534631430, 46.45087204830868188, 7.059520579199493717 ) ) ;
#2168 = CARTESIAN_POINT ( 'NONE',  ( 111.1396353804744734, 35.53554776462654985, 6.359311639294404905 ) ) ;
#2169 = CARTESIAN_POINT ( 'NONE',  ( 81.25211322634835653, 35.81188972993869157, 6.076412655717184030 ) ) ;
#2170 = CARTESIAN_POINT ( 'NONE',  ( 86.66153352214895733, 83.56245059914556350, 3.011438304919263231 ) ) ;
#2171 = CARTESIAN_POINT ( 'NONE',  ( 110.9295551420327968, 68.28080789413186835, 5.913630018269588007 ) ) ;
#2172 = CARTESIAN_POINT ( 'NONE',  ( 112.7004289359960012, 74.93647037944514011, 4.298983533390150491 ) ) ;
#2173 = CARTESIAN_POINT ( 'NONE',  ( 81.48427257987312089, 44.86503603758357883, 5.931958231873343479 ) ) ;
#2174 = CARTESIAN_POINT ( 'NONE',  ( 117.8815134035059202, 61.71822694353455319, 5.198895519777249064 ) ) ;
#2175 = CARTESIAN_POINT ( 'NONE',  ( 119.5811351720326172, 51.88573003736413369, 6.406631075209641146 ) ) ;
#2176 = CARTESIAN_POINT ( 'NONE',  ( 117.6425158677921985, 42.21133481077077221, 4.999999999999968914 ) ) ;
#2177 = CARTESIAN_POINT ( 'NONE',  ( 102.0067728591464089, 27.02484573910431109, 4.193338409907329201 ) ) ;
#2178 = CARTESIAN_POINT ( 'NONE',  ( 107.3927162228758760, 31.43952873488430910, 7.000000000000000000 ) ) ;
#2179 = CARTESIAN_POINT ( 'NONE',  ( 122.5820352224025527, 56.92633098332461827, 4.631548742326432766 ) ) ;
#2180 = ADVANCED_FACE ( 'NONE', ( #2705 ), #132, .T. ) ;
#2181 = CARTESIAN_POINT ( 'NONE',  ( 108.6120307939637541, 34.07582101420111798, 6.265836785721241142 ) ) ;
#2182 = B_SPLINE_CURVE_WITH_KNOTS ( 'NONE', 3,
 ( #131, #2320, #760, #1000, #1184, #2704, #2259, #2719, #2681, #972, #1861, #1224, #1608, #1631, #544, #1830, #796, #598, #2499, #2691, #569, #772, #1619, #2489, #341, #1435, #2287, #355, #373, #173, #1015, #1876, #190, #1908, #1480, #1948, #220, #1694, #674, #872 ),
 .UNSPECIFIED., .F., .F.,
 ( 4, 2, 2, 2, 2, 2, 2, 2, 2, 2, 2, 2, 2, 2, 2, 2, 2, 2, 2, 4 ),
 ( 0.01904990401444393855, 0.02146191178504025868, 0.02266791567033839966, 0.02387391955563653717, 0.02869793509682919130, 0.02990393898212736351, 0.03110994286742553572, 0.03352195063802183850, 0.03472795452332000377, 0.03593395840861816209, 0.03834596617921442324, 0.04075797394981069133, 0.04196397783510880802, 0.04316998172040692472, 0.04799399726159933599, 0.05040600503219555550, 0.05281801280279177502, 0.05523002057338799453, 0.05643602445868609735, 0.05764202834398420711 ),
 .UNSPECIFIED. ) ;
#2183 = CARTESIAN_POINT ( 'NONE',  ( 80.22105402577840039, 36.90626352481834260, 6.081077777651926475 ) ) ;
#2184 = CARTESIAN_POINT ( 'NONE',  ( 103.9988389383944281, 73.28510758910296374, 7.084620021125047629 ) ) ;
#2185 = CARTESIAN_POINT ( 'NONE',  ( 108.4035051109256216, 70.56578586976540635, 5.439531576811177160 ) ) ;
#2186 = CARTESIAN_POINT ( 'NONE',  ( 112.8425220377661731, 77.39303174145067032, 3.173293940055004203 ) ) ;
#2187 = CARTESIAN_POINT ( 'NONE',  ( 77.47082601377289279, 48.60432285426138321, 7.000000000000001776 ) ) ;
#2188 = CARTESIAN_POINT ( 'NONE',  ( 86.38752359256837110, 73.22310217546097988, 6.105781920934314044 ) ) ;
#2189 = CARTESIAN_POINT ( 'NONE',  ( 120.4796864601878497, 54.32401030526970942, 4.464463079551785896 ) ) ;
#2190 = CARTESIAN_POINT ( 'NONE',  ( 116.0745372198876879, 31.72036265603106386, 0.9999999999999986677 ) ) ;
#2191 = CARTESIAN_POINT ( 'NONE',  ( 76.25125140917481303, 78.42200822471933463, 1.000000000000000444 ) ) ;
#2192 = CARTESIAN_POINT ( 'NONE',  ( 98.06620815302487415, 29.43228414061625742, 6.492875649593038645 ) ) ;
#2193 = CARTESIAN_POINT ( 'NONE',  ( 77.54018093929522593, 76.32689513198837972, 1.718463998472247845 ) ) ;
#2194 = VERTEX_POINT ( 'NONE', #973 ) ;
#2195 = CARTESIAN_POINT ( 'NONE',  ( 123.2680038757934113, 53.82818581896278687, 4.033951633425772343 ) ) ;
#2196 = CARTESIAN_POINT ( 'NONE',  ( 81.84258810173236043, 44.30392488111193927, 5.995235896510777707 ) ) ;
#2197 = CARTESIAN_POINT ( 'NONE',  ( 113.8274185867728647, 34.97187557345957742, 2.698057224232909057 ) ) ;
#2198 = CARTESIAN_POINT ( 'NONE',  ( 79.82545075759425401, 27.95473137779018913, 2.972964432074519880 ) ) ;
#2199 = PRODUCT ( 'vacum and dustbin clip', 'vacum and dustbin clip', '', ( #1603 ) ) ;
#2200 = CARTESIAN_POINT ( 'NONE',  ( 101.7160961481677646, 78.39939520731026334, 5.043400075644566272 ) ) ;
#2201 = CARTESIAN_POINT ( 'NONE',  ( 121.8769095569196566, 60.45596006373400400, 1.713741458857919175 ) ) ;
#2202 = CARTESIAN_POINT ( 'NONE',  ( 116.4631583790571767, 66.73205892326770083, 6.483879816906074289 ) ) ;
#2203 =( NAMED_UNIT ( * ) SI_UNIT ( $, .STERADIAN. ) SOLID_ANGLE_UNIT ( ) );
#2204 = CARTESIAN_POINT ( 'NONE',  ( 84.09989478778383898, 75.62609328200983327, 5.076595990360456057 ) ) ;
#2205 = CARTESIAN_POINT ( 'NONE',  ( 119.7170712206315955, 66.79216472003237470, 1.641354328884884639 ) ) ;
#2206 = CARTESIAN_POINT ( 'NONE',  ( 124.8824811559038750, 47.85812972172070801, 1.000000000000004441 ) ) ;
#2207 = CARTESIAN_POINT ( 'NONE',  ( 65.14735963279873943, 61.91432130698771630, 0.9999999999999993339 ) ) ;
#2208 = AXIS2_PLACEMENT_3D ( 'NONE', #1781, #736, #1980 ) ;
#2209 = CARTESIAN_POINT ( 'NONE',  ( 89.83591257090273530, 73.83257653876182758, 4.282196738155832350 ) ) ;
#2210 = ORIENTED_EDGE ( 'NONE', *, *, #162, .F. ) ;
#2211 = CARTESIAN_POINT ( 'NONE',  ( 116.1919001819435096, 36.33558617224677079, 5.070373023956626035 ) ) ;
#2212 = CARTESIAN_POINT ( 'NONE',  ( 110.0086583842128505, 33.93469752360309144, 4.903858890472442056 ) ) ;
#2213 = CARTESIAN_POINT ( 'NONE',  ( 71.50994712732531866, 47.87478862598488405, 5.075777542025424083 ) ) ;
#2214 = CARTESIAN_POINT ( 'NONE',  ( 89.79078886470234977, 84.17771535694319596, 3.007678034347283536 ) ) ;
#2215 = CARTESIAN_POINT ( 'NONE',  ( 114.4819984082293445, 68.73527792979071194, 6.520514010916779846 ) ) ;
#2216 = CARTESIAN_POINT ( 'NONE',  ( 78.51373107583044941, 59.53066442624516696, 7.000000000000000000 ) ) ;
#2217 = CARTESIAN_POINT ( 'NONE',  ( 88.71070378756715513, 77.64230710902376131, 5.071234843487702371 ) ) ;
#2218 = CARTESIAN_POINT ( 'NONE',  ( 116.4222463630352422, 67.00525677395550872, 3.794345389045323369 ) ) ;
#2219 = ORIENTED_EDGE ( 'NONE', *, *, #898, .T. ) ;
#2220 = CARTESIAN_POINT ( 'NONE',  ( 119.5283961615153032, 59.64653538372054697, 4.359330465637783369 ) ) ;
#2221 = CARTESIAN_POINT ( 'NONE',  ( 105.3063851740160572, 73.17600677988090752, 7.000000000000005329 ) ) ;
#2222 = CARTESIAN_POINT ( 'NONE',  ( 66.17444919664137615, 43.87489507179220283, 0.9999999999999995559 ) ) ;
#2223 = CARTESIAN_POINT ( 'NONE',  ( 104.5162313832461507, 72.51237359683393890, 5.175196650928300279 ) ) ;
#2224 = VERTEX_POINT ( 'NONE', #784 ) ;
#2225 = CARTESIAN_POINT ( 'NONE',  ( 124.3576330976566879, 47.90762311501197246, 1.777698841568347010 ) ) ;
#2226 = B_SPLINE_SURFACE_WITH_KNOTS ( 'NONE', 3, 3, ( 
 ( #1691, #2557, #1905, #1237, #432, #1042, #2099 ),
 ( #2350, #578, #611, #1857, #1890, #1640, #1429 ),
 ( #2333, #418, #2745, #1270, #824, #2762, #2715 ),
 ( #1675, #2542, #1461, #840, #1057, #2525, #2316 ),
 ( #792, #2509, #1920, #855, #2299, #2084, #1706 ),
 ( #368, #169, #1011, #1287, #1872, #2729, #2574 ),
 ( #594, #808, #1493, #1550, #1946, #49, #63 ),
 ( #1986, #1126, #2391, #473, #1959, #1096, #2419 ),
 ( #907, #684, #1535, #2379, #2198, #1760, #485 ),
 ( #232, #2638, #1071, #281, #245, #2600, #445 ),
 ( #1745, #2169, #893, #1507, #1301, #2612, #1329 ),
 ( #76, #2183, #870, #457, #2159, #671, #267 ),
 ( #1110, #2407, #1563, #1973, #1085, #920, #1722 ),
 ( #1733, #2627, #698, #1342, #1774, #714, #1932 ),
 ( #2430, #1520, #498, #2144, #1313, #256, #882 ),
 ( #25, #2589, #658, #36, #2050, #2079, #2723 ),
 ( #802, #768, #978, #2739, #574, #561, #2536 ),
 ( #1215, #379, #136, #1356, #2000, #362, #2697 ),
 ( #2686, #1006, #1404, #150, #992, #179, #777 ),
 ( #125, #1668, #2213, #789, #2279, #2493, #2309 ),
 ( #347, #293, #1835, #1624, #1853, #965, #1138 ),
 ( #2709, #1651, #1616, #2505, #818, #1425, #2294 ),
 ( #2519, #163, #1231, #1867, #2484, #549, #1441 ),
 ( #2093, #1188, #1020, #1883, #426, #2138, #2165 ),
 ( #863, #2109, #889, #1740, #19, #636, #1700 ),
 ( #2566, #440, #239, #226, #395, #1685, #878 ),
 ( #2327, #621, #1246, #605, #1037, #1455, #1501 ),
 ( #6, #849, #1066, #1471, #1486, #196, #2344 ),
 ( #2387, #2358, #2125, #1092, #1296, #251, #1263 ),
 ( #2154, #453, #2596, #1927, #213, #1899, #411 ),
 ( #1715, #2374, #1281, #2584, #1914, #1079, #2756 ),
 ( #652, #1940, #32, #834, #2551, #1728, #667 ),
 ( #1516, #1309, #1955, #44, #1051, #468, #2401 ),
 ( #1324, #2608, #680, #1531, #1663, #718, #1089 ),
 ( #1318, #2188, #489, #926, #1765, #1117, #1512 ),
 ( #1990, #1101, #2204, #285, #1963, #1750, #462 ),
 ( #1978, #297, #688, #676, #1539, #1130, #1525 ),
 ( #2422, #1361, #1567, #2436, #2411, #67, #477 ),
 ( #81, #1778, #2217, #270, #912, #1950, #1142 ),
 ( #2004, #40, #664, #93, #2383, #886, #2604 ),
 ( #1737, #2396, #1334, #702, #1554, #50, #2613 ),
 ( #922, #908, #511, #2639, #2170, #1761, #894 ),
 ( #1775, #1330, #715, #1127, #104, #1564, #1746 ),
 ( #257, #685, #268, #1987, #2214, #2651, #2432 ),
 ( #458, #1343, #934, #64, #294, #1139, #1111 ),
 ( #2184, #1785, #282, #486, #77, #672, #1974 ),
 ( #2001, #2628, #90, #1536, #699, #2014, #499 ),
 ( #1357, #1551, #2420, #729, #1370, #1097, #2228 ),
 ( #1521, #1314, #2200, #1577, #2444, #2408, #945 ) ),
 .UNSPECIFIED., .F., .F., .F.,
 ( 4, 3, 3, 3, 3, 3, 3, 3, 3, 3, 3, 3, 3, 3, 3, 3, 4 ),
 ( 4, 3, 4 ),
 ( 0.4999999999999997224, 0.5312499999999997780, 0.5624999999999998890, 0.5937500000000000000, 0.6250000000000001110, 0.6562500000000002220, 0.6875000000000002220, 0.7187500000000003331, 0.7500000000000004441, 0.7812500000000005551, 0.8125000000000006661, 0.8437500000000006661, 0.8750000000000007772, 0.9062500000000008882, 0.9375000000000008882, 0.9687500000000009992, 1.000000000000001110 ),
 ( 0.1359942743049412928, 0.6515239844193186913, 1.167053694533696007 ),
 .UNSPECIFIED. ) ;
#2227 = CARTESIAN_POINT ( 'NONE',  ( 113.3324689480821661, 33.65357708300355455, 1.796890549530206105 ) ) ;
#2228 = CARTESIAN_POINT ( 'NONE',  ( 90.21930722293538452, 90.26513788201187083, 0.9433276931171202806 ) ) ;
#2229 = CARTESIAN_POINT ( 'NONE',  ( 112.1317675998272847, 74.07779408435956725, 4.868116379617150713 ) ) ;
#2230 = CARTESIAN_POINT ( 'NONE',  ( 122.0000018179416799, 74.00000110268592834, 8.000000000000000000 ) ) ;
#2231 = CARTESIAN_POINT ( 'NONE',  ( 118.9083398447840523, 61.99274414244827369, 7.000000000000044409 ) ) ;
#2232 = DIRECTION ( 'NONE',  ( 0.000000000000000000, 0.000000000000000000, 1.000000000000000000 ) ) ;
#2233 = CARTESIAN_POINT ( 'NONE',  ( 73.77852713234560156, 32.84297864340516071, 0.9999999999999997780 ) ) ;
#2234 = EDGE_CURVE ( 'NONE', #408, #989, #969, .T. ) ;
#2235 = CARTESIAN_POINT ( 'NONE',  ( 104.9111090835767470, 70.64785779100398599, 6.043453678957752651 ) ) ;
#2236 = ORIENTED_EDGE ( 'NONE', *, *, #867, .F. ) ;
#2237 = CARTESIAN_POINT ( 'NONE',  ( 119.5577508099882351, 42.42149726892927930, 6.561012570192615634 ) ) ;
#2238 = LINE ( 'NONE', #560, #148 ) ;
#2239 = CARTESIAN_POINT ( 'NONE',  ( 107.0844207643553858, 31.09506467529585905, 3.484186481646335043 ) ) ;
#2240 = APPLICATION_CONTEXT ( 'automotive_design' ) ;
#2241 = CARTESIAN_POINT ( 'NONE',  ( 88.60986716968447752, 30.26926703163908527, 3.498650477973276107 ) ) ;
#2242 = CARTESIAN_POINT ( 'NONE',  ( 121.0217667103426464, 54.35985415612476146, 3.564493167110151628 ) ) ;
#2243 = CARTESIAN_POINT ( 'NONE',  ( 117.7977578778272658, 69.76655060914166029, 4.241468805953379828 ) ) ;
#2244 = CARTESIAN_POINT ( 'NONE',  ( 92.49999999999968736, 55.00000000000541434, 105.0824566729764769 ) ) ;
#2245 = CARTESIAN_POINT ( 'NONE',  ( 77.84749274266727070, 52.27164351872225012, 5.127465173959920186 ) ) ;
#2246 = CARTESIAN_POINT ( 'NONE',  ( 95.21869931339925586, 21.48813437354221989, 0.9999999999999995559 ) ) ;
#2247 = CARTESIAN_POINT ( 'NONE',  ( 64.67503877122628353, 49.46810077898184943, 1.000000000000000000 ) ) ;
#2248 = CARTESIAN_POINT ( 'NONE',  ( 105.7971969203397293, 70.37519085529280005, 6.050623185268551474 ) ) ;
#2249 = ORIENTED_EDGE ( 'NONE', *, *, #971, .T. ) ;
#2250 = CARTESIAN_POINT ( 'NONE',  ( 119.3646418668317608, 40.06801602528439332, 4.498398040958925925 ) ) ;
#2251 = DIRECTION ( 'NONE',  ( -0.000000000000000000, -0.000000000000000000, 1.000000000000000000 ) ) ;
#2252 = CARTESIAN_POINT ( 'NONE',  ( 103.2877181175385175, 28.62104111497145809, 2.543231098147604730 ) ) ;
#2253 = FACE_BOUND ( 'NONE', #2048, .T. ) ;
#2254 = CARTESIAN_POINT ( 'NONE',  ( 119.7115903856521157, 48.86891296638525972, 5.498563840929342028 ) ) ;
#2255 = CARTESIAN_POINT ( 'NONE',  ( 120.6411267031067496, 58.17539262900870511, 6.842127061136195287 ) ) ;
#2256 = DIRECTION ( 'NONE',  ( 0.000000000000000000, 0.000000000000000000, 1.000000000000000000 ) ) ;
#2257 = CARTESIAN_POINT ( 'NONE',  ( 109.9326760552725517, 71.21721449056721553, 7.000000000000010658 ) ) ;
#2258 = CARTESIAN_POINT ( 'NONE',  ( 63.66647282921275774, 54.65382990317134215, 0.8665683121303779934 ) ) ;
#2259 = CARTESIAN_POINT ( 'NONE',  ( 103.3901837106939041, 71.25946197068365962, 5.885744640319976462 ) ) ;
#2260 = CARTESIAN_POINT ( 'NONE',  ( 96.71623686692535671, 84.27212428968762481, 3.012561593843138485 ) ) ;
#2261 = CARTESIAN_POINT ( 'NONE',  ( 96.94848142207010255, 81.97297142605887643, 1.743162197903117550 ) ) ;
#2262 = CARTESIAN_POINT ( 'NONE',  ( 79.43647863032451539, 44.24554441550880313, 5.138645938731416507 ) ) ;
#2263 = VERTEX_POINT ( 'NONE', #1695 ) ;
#2264 = CARTESIAN_POINT ( 'NONE',  ( 118.6889597646325143, 40.77668425387703621, 6.569344426260667724 ) ) ;
#2265 = CYLINDRICAL_SURFACE ( 'NONE', #1574, 31.90705758116726898 ) ;
#2266 = CARTESIAN_POINT ( 'NONE',  ( 104.1547902898051490, 29.84090951412837001, 3.434529559109201990 ) ) ;
#2267 = EDGE_CURVE ( 'NONE', #1586, #1227, #1962, .T. ) ;
#2268 = LINE ( 'NONE', #1393, #2657 ) ;
#2269 = CARTESIAN_POINT ( 'NONE',  ( 119.5338924306291091, 60.69462394527044324, 7.000000000000045297 ) ) ;
#2270 = CARTESIAN_POINT ( 'NONE',  ( 69.61341668761745893, 37.01454801173000675, 0.8836877670454464928 ) ) ;
#2271 = CARTESIAN_POINT ( 'NONE',  ( 95.95326047267718650, 25.20272478661838278, 1.000000000000000000 ) ) ;
#2272 = CARTESIAN_POINT ( 'NONE',  ( 102.5060986032736992, 81.54954518456659684, 1.500701124669946873 ) ) ;
#2273 = CARTESIAN_POINT ( 'NONE',  ( 91.79838064145938858, 31.34751662663727600, 7.000000000000004441 ) ) ;
#2274 = CARTESIAN_POINT ( 'NONE',  ( 124.4030489530012176, 55.15951471132752459, 0.000000000000000000 ) ) ;
#2275 = CARTESIAN_POINT ( 'NONE',  ( 96.68887893403677936, 79.72653211630670000, 2.592880460537230203 ) ) ;
#2276 = ORIENTED_EDGE ( 'NONE', *, *, #1610, .T. ) ;
#2277 = CARTESIAN_POINT ( 'NONE',  ( 119.0398344531010792, 36.10886951675456658, 1.771587853082642106 ) ) ;
#2278 = CARTESIAN_POINT ( 'NONE',  ( 100.3822933126731130, 51.48280031283039904, 5.000000000000007105 ) ) ;
#2279 = CARTESIAN_POINT ( 'NONE',  ( 65.41985136717488558, 45.12709449012118057, 3.015036348865929305 ) ) ;
#2280 = CARTESIAN_POINT ( 'NONE',  ( 95.30707447965269807, 21.34155207618665528, 0.8468072022766497398 ) ) ;
#2281 = CARTESIAN_POINT ( 'NONE',  ( 104.2118827134873271, 31.62384588378958838, 5.213274834326578677 ) ) ;
#2282 = FILL_AREA_STYLE_COLOUR ( '', #551 ) ;
#2283 = CARTESIAN_POINT ( 'NONE',  ( 63.77854756789835733, 52.15234331028830184, 0.8677723612713362789 ) ) ;
#2284 = CARTESIAN_POINT ( 'NONE',  ( 114.6938843599034072, 75.30155663334829796, 0.9999999999999972244 ) ) ;
#2285 = CARTESIAN_POINT ( 'NONE',  ( 110.9747515983256676, 69.04912199177981336, 5.468844590172293074 ) ) ;
#2286 = CARTESIAN_POINT ( 'NONE',  ( 118.3433226166269634, 61.54156280228032472, 4.767262280186878698 ) ) ;
#2287 = CARTESIAN_POINT ( 'NONE',  ( 85.73929171608531874, 65.11172606092893034, 5.945951312326690719 ) ) ;
#2288 =( NAMED_UNIT ( * ) PLANE_ANGLE_UNIT ( ) SI_UNIT ( $, .RADIAN. ) );
#2289 = CARTESIAN_POINT ( 'NONE',  ( 86.17188536973381474, 89.72682278468946038, 0.9999999999999993339 ) ) ;
#2290 = ORIENTED_EDGE ( 'NONE', *, *, #2727, .F. ) ;
#2291 = B_SPLINE_CURVE_WITH_KNOTS ( 'NONE', 3,
 ( #2735, #1895, #785, #1242, #175, #2532, #1451, #2322, #391, #1259, #2135, #1879, #2501, #2706, #616, #2751, #159, #2562, #584, #1047, #1033, #1017, #222, #407, #1680, #845, #1437, #830, #1696, #632, #814, #1664, #357, #1466, #1863, #600, #2105, #1482, #375, #192, #571, #1211, #2305, #2547, #1226, #2340, #2354, #422, #2121, #208, #2074, #1910, #2720, #1, #1276, #1848, #2089, #1633, #1422, #2289, #1002, #798, #1647, #2515 ),
 .UNSPECIFIED., .F., .F.,
 ( 4, 2, 2, 2, 2, 2, 2, 2, 2, 2, 2, 2, 2, 2, 2, 2, 2, 2, 2, 2, 2, 2, 2, 2, 2, 2, 2, 2, 2, 2, 2, 4 ),
 ( 0.1076515807653156964, 0.1110081271670993880, 0.1143646735688830796, 0.1210777663724504627, 0.1244343127742341543, 0.1277908591760178458, 0.1311474055778015513, 0.1345039519795852290, 0.1412170447831526121, 0.1445735911849363176, 0.1479301375867199952, 0.1546432303902873229, 0.1563215035911791895, 0.1579997767920710283, 0.1613563231938547060, 0.1647128695956383559, 0.1663911427965301948, 0.1680694159974220336, 0.1747825088009893335, 0.1781390552027729834, 0.1798173284036648223, 0.1814956016045566334, 0.1882086944081240165, 0.1898869676090158554, 0.1915652408099076665, 0.1949217872116912886, 0.2016348800152585330, 0.2033131532161503718, 0.2049914264170421829, 0.2083479728188258329, 0.2117045192206094550, 0.2150610656223930772 ),
 .UNSPECIFIED. ) ;
#2292 = CARTESIAN_POINT ( 'NONE',  ( 104.7369648267385429, 30.05843508564400324, 6.377839750472958258 ) ) ;
#2293 = CARTESIAN_POINT ( 'NONE',  ( 84.72199852838622292, 63.76062534259764902, 5.980228679094864219 ) ) ;
#2294 = CARTESIAN_POINT ( 'NONE',  ( 57.69162777867994407, 47.76084252120026719, 0.9568951829995208103 ) ) ;
#2295 = CARTESIAN_POINT ( 'NONE',  ( 91.12954239615879715, 24.93014178071738840, 3.153105923439756708 ) ) ;
#2296 = CARTESIAN_POINT ( 'NONE',  ( 105.2637429614224942, 30.68782989415904794, 3.895416567354987425 ) ) ;
#2297 = CIRCLE ( 'NONE', #502, 36.79870545800834236 ) ;
#2298 = CARTESIAN_POINT ( 'NONE',  ( 91.92455298572424738, 30.81322015602289000, 4.373182126225778177 ) ) ;
#2299 = CARTESIAN_POINT ( 'NONE',  ( 85.76146474295306632, 25.54717498101859263, 2.947716742412809232 ) ) ;
#2300 = CARTESIAN_POINT ( 'NONE',  ( 72.47605190601166214, 52.30744362303107664, 3.422646397443517952 ) ) ;
#2301 = CARTESIAN_POINT ( 'NONE',  ( 122.3258611615363236, 61.60093106148349307, 0.9999999999999922284 ) ) ;
#2302 = CARTESIAN_POINT ( 'NONE',  ( 106.8378849880903942, 81.90064875951527767, 0.6516176286987320765 ) ) ;
#2303 = CARTESIAN_POINT ( 'NONE',  ( 78.76458480740453183, 28.96559952297486618, 8.000000000000000000 ) ) ;
#2304 = SURFACE_STYLE_USAGE ( .BOTH. , #1646 ) ;
#2305 = CARTESIAN_POINT ( 'NONE',  ( 62.67193808788458398, 74.80980648690200496, 0.9999999999999997780 ) ) ;
#2306 = VECTOR ( 'NONE', #1481, 1000.000000000000000 ) ;
#2307 = ORIENTED_EDGE ( 'NONE', *, *, #101, .T. ) ;
#2308 = CARTESIAN_POINT ( 'NONE',  ( 120.4183281605077838, 36.50827556270181873, 0.6488045103049213669 ) ) ;
#2309 = CARTESIAN_POINT ( 'NONE',  ( 59.32605893539576414, 42.38860967085501130, 0.9531684414085536128 ) ) ;
#2310 = CARTESIAN_POINT ( 'NONE',  ( 115.7548688607434428, 66.89726286295746149, 4.225473740731845673 ) ) ;
#2311 = CARTESIAN_POINT ( 'NONE',  ( 91.63131271281849877, 29.67159112969550350, 5.998325457071310929 ) ) ;
#2312 = CARTESIAN_POINT ( 'NONE',  ( 97.22038602077149960, 29.15840041805975957, 3.776460559190722766 ) ) ;
#2313 = CARTESIAN_POINT ( 'NONE',  ( 119.5574554312997719, 63.04332214548313829, 5.842408901010674782 ) ) ;
#2314 = CARTESIAN_POINT ( 'NONE',  ( 87.06863814544614399, 32.70085526978044044, 4.335495849098274235 ) ) ;
#2315 = CARTESIAN_POINT ( 'NONE',  ( 118.6950490606221535, 44.45654462816445829, 5.067281092473020720 ) ) ;
#2316 = CARTESIAN_POINT ( 'NONE',  ( 86.10753527003967633, 21.52076552436334111, 0.8767413603570629599 ) ) ;
#2317 = CARTESIAN_POINT ( 'NONE',  ( 66.92209957807158105, 57.54083175989562449, 1.716698993500700654 ) ) ;
#2318 = CARTESIAN_POINT ( 'NONE',  ( 107.7841412217300245, 70.00131578179014014, 5.874536659840359221 ) ) ;
#2319 = CARTESIAN_POINT ( 'NONE',  ( 114.0164743232969897, 70.82108259115207716, 3.312715760403931231 ) ) ;
#2320 = CARTESIAN_POINT ( 'NONE',  ( 106.9511464987732694, 70.39096415336065604, 5.852626067384725239 ) ) ;
#2321 = CARTESIAN_POINT ( 'NONE',  ( 109.3087045630823866, 33.58533730299107845, 5.000000000000007105 ) ) ;
#2322 = CARTESIAN_POINT ( 'NONE',  ( 76.57911605056354176, 24.65393680283682087, 0.9999999999999995559 ) ) ;
#2323 = ORIENTED_EDGE ( 'NONE', *, *, #2649, .T. ) ;
#2324 = CARTESIAN_POINT ( 'NONE',  ( 114.1088639834681402, 33.68111248635086952, 4.567432039121231746 ) ) ;
#2325 = EDGE_CURVE ( 'NONE', #2533, #303, #1346, .T. ) ;
#2326 = CARTESIAN_POINT ( 'NONE',  ( 71.79197406517670288, 70.21469482836698717, 1.715664610861944661 ) ) ;
#2327 = CARTESIAN_POINT ( 'NONE',  ( 80.40005513069453968, 62.72514850144478515, 7.138740729567213172 ) ) ;
#2328 = CARTESIAN_POINT ( 'NONE',  ( 90.70219364536433204, 21.14257206829612912, 0.8730041759744765484 ) ) ;
#2329 = CARTESIAN_POINT ( 'NONE',  ( 94.97095585472405332, 27.33307082554308920, 2.454153045836235059 ) ) ;
#2330 = CARTESIAN_POINT ( 'NONE',  ( 119.8101566462715226, 59.42996434365799274, 7.398707449746374287 ) ) ;
#2331 = CARTESIAN_POINT ( 'NONE',  ( 84.11520430946704607, 32.35381733400267734, 3.471916383790504490 ) ) ;
#2332 = CARTESIAN_POINT ( 'NONE',  ( 121.5846919360666192, 45.40385070703692350, 0.9596920405335516158 ) ) ;
#2333 = CARTESIAN_POINT ( 'NONE',  ( 90.06628043432266395, 32.13292454693171862, 7.053244961478236874 ) ) ;
#2334 = CARTESIAN_POINT ( 'NONE',  ( 64.07357783821568376, 59.60601129262879994, 0.8649212522660386648 ) ) ;
#2335 = CARTESIAN_POINT ( 'NONE',  ( 115.6851526779961574, 74.23931539814934411, 0.9999999999999920064 ) ) ;
#2336 = CARTESIAN_POINT ( 'NONE',  ( 102.2624725511004158, 83.77501107573560546, 0.6361512355841043576 ) ) ;
#2337 = CARTESIAN_POINT ( 'NONE',  ( 97.87966370089463908, 89.61519122434407336, 0.9496348128614290340 ) ) ;
#2338 = CARTESIAN_POINT ( 'NONE',  ( 109.2139249253302182, 69.49969413711924915, 5.822837470593425380 ) ) ;
#2339 = AXIS2_PLACEMENT_3D ( 'NONE', #1067, #1502, #1107 ) ;
#2340 = CARTESIAN_POINT ( 'NONE',  ( 67.73469976010888161, 80.78629899579215135, 1.000000000000000000 ) ) ;
#2341 = VERTEX_POINT ( 'NONE', #461 ) ;
#2342 = CARTESIAN_POINT ( 'NONE',  ( 113.5763543659388262, 28.96013855366059886, 0.7020150159982633253 ) ) ;
#2343 = CARTESIAN_POINT ( 'NONE',  ( 81.50102229329478121, 63.87515553896746923, 5.124213628993693703 ) ) ;
#2344 = CARTESIAN_POINT ( 'NONE',  ( 57.94639497177038123, 64.70507517481109971, 0.9627933403277965096 ) ) ;
#2345 = CARTESIAN_POINT ( 'NONE',  ( 92.58376960009546508, 29.39558993238451734, 5.990084092081669809 ) ) ;
#2346 = CARTESIAN_POINT ( 'NONE',  ( 92.80372603795643727, 30.22042196091075184, 4.163664752709720140 ) ) ;
#2347 = CARTESIAN_POINT ( 'NONE',  ( 120.0748104244826209, 64.76691534047444065, 4.746555417394571208 ) ) ;
#2348 = CARTESIAN_POINT ( 'NONE',  ( 86.40483997717458919, 31.13117166380583001, 3.484550762954425895 ) ) ;
#2349 = CARTESIAN_POINT ( 'NONE',  ( 120.9213873657610776, 50.31738483574383736, 3.618931502614814999 ) ) ;
#2350 = CARTESIAN_POINT ( 'NONE',  ( 90.95205157407893637, 31.73459394888483587, 7.045129635198636109 ) ) ;
#2351 = CARTESIAN_POINT ( 'NONE',  ( 108.2068520824940663, 75.12554879060033386, 3.260482591495407867 ) ) ;
#2352 = CARTESIAN_POINT ( 'NONE',  ( 101.4272612645331293, 78.74135067550962219, 4.924783015833807731 ) ) ;
#2353 = CARTESIAN_POINT ( 'NONE',  ( 83.09073090293054520, 41.38601537602534819, 5.920167178079226211 ) ) ;
#2354 = CARTESIAN_POINT ( 'NONE',  ( 68.14900929722504941, 81.16879063007854711, 0.9999999999999991118 ) ) ;
#2355 = CARTESIAN_POINT ( 'NONE',  ( 107.0028976102536262, 86.29543137980709844, 0.9999999999999991118 ) ) ;
#2356 = CARTESIAN_POINT ( 'NONE',  ( 102.3599621062801504, 30.66241428044727613, 7.520413304942935362 ) ) ;
#2357 = CARTESIAN_POINT ( 'NONE',  ( 82.82362768270824915, 69.65963780546627504, 4.273888610922345954 ) ) ;
#2358 = CARTESIAN_POINT ( 'NONE',  ( 78.44614258997032152, 65.94675774531232548, 6.111749982949588045 ) ) ;
#2359 = CARTESIAN_POINT ( 'NONE',  ( 119.0090925261176551, 58.84037241771160609, 5.272227001469521390 ) ) ;
#2360 = CARTESIAN_POINT ( 'NONE',  ( 114.7202875127000254, 36.01346314991967290, 7.000000000000015099 ) ) ;
#2361 = CARTESIAN_POINT ( 'NONE',  ( 93.76407147403740794, 28.68700833823837471, 3.308124119302795041 ) ) ;
#2362 = CARTESIAN_POINT ( 'NONE',  ( 122.0223326624598741, 57.55560803629413158, 5.193291675367986748 ) ) ;
#2363 = CARTESIAN_POINT ( 'NONE',  ( 85.21677561046674043, 38.83337267839990403, 6.017064115935809809 ) ) ;
#2364 = B_SPLINE_CURVE_WITH_KNOTS ( 'NONE', 3,
 ( #2546, #1923, #2592, #615, #1465, #2579, #648, #207, #1305, #2561, #1497, #236, #2338, #859 ),
 .UNSPECIFIED., .F., .F.,
 ( 4, 2, 2, 2, 2, 2, 4 ),
 ( 2.183340912205929594E-16, 0.004762476003611120813, 0.007143714005416591448, 0.009524952007222061215, 0.01190619000902753098, 0.01428742801083300248, 0.01904990401444393855 ),
 .UNSPECIFIED. ) ;
#2365 = CARTESIAN_POINT ( 'NONE',  ( 119.2212759112805855, 46.19394095714893922, 5.051747438548856550 ) ) ;
#2366 = EDGE_CURVE ( 'NONE', #2106, #2533, #2364, .T. ) ;
#2367 = CARTESIAN_POINT ( 'NONE',  ( 110.1295755353175707, 68.77171047984927554, 5.902537352073843557 ) ) ;
#2368 = CARTESIAN_POINT ( 'NONE',  ( 108.9409647966656962, 73.77755282637369305, 3.699849887237155688 ) ) ;
#2369 = CARTESIAN_POINT ( 'NONE',  ( 111.7825106656710830, 68.89067886860020451, 7.669660271452547029 ) ) ;
#2370 = CARTESIAN_POINT ( 'NONE',  ( 89.34287549632517766, 34.79862647307859191, 5.862128867487393258 ) ) ;
#2371 = CARTESIAN_POINT ( 'NONE',  ( 119.1270695906638366, 45.79111250838683134, 5.000000000000008882 ) ) ;
#2372 = CARTESIAN_POINT ( 'NONE',  ( 106.9781530371307525, 26.08927938111886391, 1.888826305380612913 ) ) ;
#2373 = CARTESIAN_POINT ( 'NONE',  ( 100.7574182671282017, 71.25711562002436494, 6.018741455081833003 ) ) ;
#2374 = CARTESIAN_POINT ( 'NONE',  ( 80.86323360778192182, 68.82208017487648988, 6.110507032240763969 ) ) ;
#2375 = DIRECTION ( 'NONE',  ( 0.000000000000000000, 0.000000000000000000, 1.000000000000000000 ) ) ;
#2376 = CARTESIAN_POINT ( 'NONE',  ( 121.2648450158892928, 46.20887897457751592, 5.566550269830914388 ) ) ;
#2377 = CARTESIAN_POINT ( 'NONE',  ( 85.26002214332082474, 31.74249449890425367, 3.478233573372465415 ) ) ;
#2378 = CARTESIAN_POINT ( 'NONE',  ( 118.7960055316366095, 45.48577209381684128, 5.532181161310882445 ) ) ;
#2379 = CARTESIAN_POINT ( 'NONE',  ( 81.00611700081080357, 29.94170317817965099, 4.004111582281594472 ) ) ;
#2380 = CARTESIAN_POINT ( 'NONE',  ( 76.59414115920806410, 60.59116728788050210, 4.271230452356702401 ) ) ;
#2381 = CARTESIAN_POINT ( 'NONE',  ( 102.4657453038863366, 82.68462301375818413, 3.217892473428648259 ) ) ;
#2382 = CARTESIAN_POINT ( 'NONE',  ( 81.82295486167180343, 43.96824511311012884, 5.929360331457202982 ) ) ;
#2383 = CARTESIAN_POINT ( 'NONE',  ( 83.35205379388217750, 82.47557459008247349, 3.014774129586347939 ) ) ;
#2384 = EDGE_LOOP ( 'NONE', ( #1809, #963 ) ) ;
#2385 = CARTESIAN_POINT ( 'NONE',  ( 100.2186177484253875, 30.01176971036097996, 7.017961439310971272 ) ) ;
#2386 = CARTESIAN_POINT ( 'NONE',  ( 82.38855892198567688, 79.31348056588861084, 1.722224610939810274 ) ) ;
#2387 = CARTESIAN_POINT ( 'NONE',  ( 82.40158052751739604, 65.66659911160138563, 7.137599679256501517 ) ) ;
#2388 = LINE ( 'NONE', #2609, #2595 ) ;
#2389 = CARTESIAN_POINT ( 'NONE',  ( 121.8723676595404442, 52.72887505594484736, 6.182658087132371527 ) ) ;
#2390 = CARTESIAN_POINT ( 'NONE',  ( 114.8294958896553055, 35.05035925465266189, 1.815849439753907113 ) ) ;
#2391 = CARTESIAN_POINT ( 'NONE',  ( 83.41569114591636946, 31.14369583503099648, 5.029468861912482325 ) ) ;
#2392 = FACE_OUTER_BOUND ( 'NONE', #160, .T. ) ;
#2393 = CARTESIAN_POINT ( 'NONE',  ( 103.6910576873443119, 75.04466166050470122, 4.102968752245653050 ) ) ;
#2394 = CARTESIAN_POINT ( 'NONE',  ( 109.3259629136268529, 73.52311230784938800, 6.017737011735373898 ) ) ;
#2395 = CARTESIAN_POINT ( 'NONE',  ( 100.1394491995754237, 79.36322056087254850, 2.599823322528790559 ) ) ;
#2396 = CARTESIAN_POINT ( 'NONE',  ( 95.00711451492060178, 76.08212811891542060, 6.092754454908727801 ) ) ;
#2397 = CARTESIAN_POINT ( 'NONE',  ( 114.8204519158422556, 38.12773269830516654, 5.000000000000007994 ) ) ;
#2398 = CARTESIAN_POINT ( 'NONE',  ( 102.2286504199695827, 22.77695325965828133, 0.7992781111793956228 ) ) ;
#2399 = EDGE_CURVE ( 'NONE', #278, #2753, #406, .T. ) ;
#2400 = CARTESIAN_POINT ( 'NONE',  ( 94.00174297128384637, 74.98068938350169788, 4.289689832236438960 ) ) ;
#2401 = CARTESIAN_POINT ( 'NONE',  ( 63.88802821210715166, 76.88621867836261004, 0.9626266905579154987 ) ) ;
#2402 = CARTESIAN_POINT ( 'NONE',  ( 97.44066680814152903, 30.05701009947838998, 7.000000000000002665 ) ) ;
#2403 = CARTESIAN_POINT ( 'NONE',  ( 125.0268730947127693, 63.83427214397155325, 0.7621403228225883675 ) ) ;
#2404 = B_SPLINE_CURVE_WITH_KNOTS ( 'NONE', 3,
 ( #237, #249, #1277, #29, #1924, #1063, #1306, #55, #1321, #2371, #875, #649, #2593, #2176, #2162, #262, #1090, #1712, #2397, #1952, #1260, #41, #887, #2605, #677, #1528 ),
 .UNSPECIFIED., .F., .F.,
 ( 4, 2, 2, 2, 2, 2, 2, 2, 2, 2, 2, 2, 4 ),
 ( 0.02040599665800621465, 0.02370456740136519039, 0.02535385277304467999, 0.02700313814472416613, 0.03030170888808312799, 0.03195099425976261759, 0.03360027963144211066, 0.03689885037480108987, 0.03854813574648058294, 0.04019742111816007601, 0.04349599186151905522, 0.04514527723319854136, 0.04679456260487802055 ),
 .UNSPECIFIED. ) ;
#2405 = VECTOR ( 'NONE', #731, 1000.000000000000000 ) ;
#2406 = CARTESIAN_POINT ( 'NONE',  ( 111.6380390731062988, 35.64076650120032497, 5.890459278569344370 ) ) ;
#2407 = CARTESIAN_POINT ( 'NONE',  ( 79.26560935271440655, 38.15883756935161131, 6.085184487590026059 ) ) ;
#2408 = CARTESIAN_POINT ( 'NONE',  ( 94.16480517872673772, 87.28374686957599238, 1.969352415783237831 ) ) ;
#2409 = CARTESIAN_POINT ( 'NONE',  ( 112.9081787384042741, 72.29585894560231907, 5.424668266070954203 ) ) ;
#2410 = CARTESIAN_POINT ( 'NONE',  ( 108.6493451453712140, 33.25647989336354016, 5.067342279859145648 ) ) ;
#2411 = CARTESIAN_POINT ( 'NONE',  ( 79.96525865187663840, 81.01685860300821673, 3.017732420650708569 ) ) ;
#2412 = CARTESIAN_POINT ( 'NONE',  ( 120.0026532558084256, 52.30258417445248398, 5.429572012279391124 ) ) ;
#2413 = CARTESIAN_POINT ( 'NONE',  ( 116.7958002560796018, 78.78909357856471729, 0.9999999999999941158 ) ) ;
#2414 = CARTESIAN_POINT ( 'NONE',  ( 91.87310045832607841, 30.45298200868236549, 4.155471749488494737 ) ) ;
#2415 = CARTESIAN_POINT ( 'NONE',  ( 104.7002265369887368, 28.38704842086191249, 4.718988635465841242 ) ) ;
#2416 = LINE ( 'NONE', #45, #521 ) ;
#2417 = CARTESIAN_POINT ( 'NONE',  ( 121.8896781030490359, 68.60775390361770576, 1.944784872990648728 ) ) ;
#2418 = CARTESIAN_POINT ( 'NONE',  ( 117.2714856586423906, 36.91625045323796428, 0.9518646654152076447 ) ) ;
#2419 = CARTESIAN_POINT ( 'NONE',  ( 79.27599497014077201, 23.26119335702149371, 0.9034587203475767936 ) ) ;
#2420 = CARTESIAN_POINT ( 'NONE',  ( 100.6666501505802245, 78.60466444060057256, 5.046773225053145850 ) ) ;
#2421 = CARTESIAN_POINT ( 'NONE',  ( 110.4146276291254054, 72.87196225006630357, 6.008171691520345803 ) ) ;
#2422 = CARTESIAN_POINT ( 'NONE',  ( 94.40507468891590293, 73.20188275153091695, 7.119785229572779706 ) ) ;
#2423 = CARTESIAN_POINT ( 'NONE',  ( 101.1412281809018765, 73.91427032897034621, 7.000000000000000000 ) ) ;
#2424 = CARTESIAN_POINT ( 'NONE',  ( 81.81723755695936973, 27.58337633683828116, 1.000000000000000444 ) ) ;
#2425 = CARTESIAN_POINT ( 'NONE',  ( 95.96936564431153727, 28.01132847605027365, 5.389971305683250336 ) ) ;
#2426 = CARTESIAN_POINT ( 'NONE',  ( 98.39539867954910335, 71.19405383905635176, 6.008891666374987395 ) ) ;
#2427 = VERTEX_POINT ( 'NONE', #1935 ) ;
#2428 = CARTESIAN_POINT ( 'NONE',  ( 113.3609244352042538, 34.98034805620627452, 7.178456364567639802 ) ) ;
#2429 = CARTESIAN_POINT ( 'NONE',  ( 113.8436448616887162, 37.08339740205612145, 4.999570725937456217 ) ) ;
#2430 = CARTESIAN_POINT ( 'NONE',  ( 79.60665719605115953, 42.69117727138337415, 7.121323010610939086 ) ) ;
#2431 = B_SPLINE_SURFACE_WITH_KNOTS ( 'NONE', 3, 3, ( 
 ( #1220, #2069, #2298, #539, #2083, #2496, #1639 ),
 ( #338, #1178, #1010, #2041, #167, #1190, #1627 ),
 ( #2486, #127, #154, #2664, #1591, #1856, #2713 ),
 ( #577, #2458, #525, #2241, #2028, #770, #115 ),
 ( #1812, #2053, #2676, #755, #1601, #2540, #1055 ),
 ( #230, #1491, #2314, #2348, #2728, #1903, #592 ),
 ( #1918, #655, #642, #2377, #2129, #2113, #1719 ),
 ( #1445, #200, #1235, #2331, #217, #609, #10 ),
 ( #1299, #853, #183, #868, #383, #1025, #1459 ),
 ( #2363, #1069, #1704, #1267, #1655, #2555, #2142 ),
 ( #430, #1285, #400, #1252, #2760, #1505, #1887 ),
 ( #838, #2523, #806, #1930, #2571, #2743, #2587 ),
 ( #22, #443, #1689, #2157, #242, #625, #1476 ),
 ( #2097, #1871, #822, #415, #1673, #471, #1758 ),
 ( #2196, #950, #2480, #1808, #2671, #323, #1171 ),
 ( #1612, #2262, #1083, #2085, #2510, #1166, #2270 ),
 ( #140, #339, #781, #793, #1873, #982, #1827 ),
 ( #1012, #1629, #1818, #2497, #809, #2689, #1181 ),
 ( #1641, #2043, #1842, #155, #2730, #170, #1221 ),
 ( #997, #1658, #129, #2526, #2070, #595, #1430 ),
 ( #771, #2245, #970, #2032, #2702, #1205, #1193 ),
 ( #330, #2488, #543, #2300, #567, #2056, #554 ),
 ( #1418, #1408, #119, #579, #1858, #958, #2283 ),
 ( #2679, #758, #352, #2716, #1606, #369, #2258 ),
 ( #2475, #1396, #627, #2575, #1028, #2317, #2746 ),
 ( #1271, #659, #2380, #1508, #1302, #825, #2334 ),
 ( #2518, #1699, #1485, #361, #1440, #1214, #2583 ),
 ( #2293, #2343, #378, #817, #1667, #1036, #1230 ),
 ( #2078, #2092, #2738, #425, #1454, #178, #1926 ),
 ( #1065, #1882, #18, #1262, #1280, #635, #1898 ),
 ( #1005, #2535, #862, #195, #410, #2326, #1245 ),
 ( #604, #588, #2357, #2755, #394, #833, #801 ),
 ( #1714, #1684, #2108, #225, #620, #1866, #2550 ),
 ( #1470, #2124, #212, #1050, #1913, #1650, #5 ),
 ( #848, #2565, #1727, #1954, #1106, #2193, #709 ),
 ( #58, #439, #1323, #1771, #43, #277, #1122 ),
 ( #2607, #2164, #2209, #1515, #1967, #289, #651 ),
 ( #1982, #72, #679, #1558, #31, #2386, #1530 ),
 ( #2426, #494, #1352, #903, #1295, #1755, #1134 ),
 ( #1996, #930, #2400, #467, #2622, #1500, #452 ),
 ( #2373, #2153, #1308, #1939, #877, #111, #1185 ),
 ( #1832, #1821, #2670, #2047, #762, #949, #1807 ),
 ( #1366, #545, #1621, #1170, #725, #2440, #532 ),
 ( #1387, #1793, #1197, #506, #962, #98, #1597 ),
 ( #2235, #750, #737, #2490, #133, #1571, #2466 ),
 ( #2248, #322, #2036, #974, #2275, #122, #313 ),
 ( #302, #2223, #1611, #1585, #2023, #2683, #2479 ),
 ( #1399, #2646, #2453, #1158, #557, #2261, #1376 ),
 ( #333, #343, #519, #2062, #2694, #1411, #773 ) ),
 .UNSPECIFIED., .F., .F., .F.,
 ( 4, 3, 3, 3, 3, 3, 3, 3, 3, 3, 3, 3, 3, 3, 3, 3, 4 ),
 ( 4, 3, 4 ),
 ( 0.4999999999999994449, 0.5312499999999997780, 0.5625000000000000000, 0.5937500000000002220, 0.6250000000000004441, 0.6562500000000006661, 0.6875000000000008882, 0.7187500000000011102, 0.7500000000000013323, 0.7812500000000015543, 0.8125000000000017764, 0.8437500000000019984, 0.8750000000000022204, 0.9062500000000024425, 0.9375000000000026645, 0.9687500000000028866, 1.000000000000003109 ),
 ( 0.01163505482810058347, 0.4368203057562652925, 0.8620055566844300188 ),
 .UNSPECIFIED. ) ;
#2432 = CARTESIAN_POINT ( 'NONE',  ( 83.76108501831730280, 89.46881469057828440, 0.9505812927007963875 ) ) ;
#2433 = CARTESIAN_POINT ( 'NONE',  ( 119.8571218207302707, 50.58574857041887185, 5.464067926604366576 ) ) ;
#2434 = CARTESIAN_POINT ( 'NONE',  ( 109.6125124885400197, 75.76311055961018326, 4.887468973755644264 ) ) ;
#2435 = CARTESIAN_POINT ( 'NONE',  ( 91.13342727605426319, 25.22827816554623581, 0.9999999999999993339 ) ) ;
#2436 = CARTESIAN_POINT ( 'NONE',  ( 83.57123785575798536, 79.05701304497553394, 4.045468920657792289 ) ) ;
#2437 = CARTESIAN_POINT ( 'NONE',  ( 119.6677426621036773, 64.40375910832797501, 2.529392701580016833 ) ) ;
#2438 = CARTESIAN_POINT ( 'NONE',  ( 97.98849798572815928, 21.98106804650408108, 0.9999999999999991118 ) ) ;
#2439 = CARTESIAN_POINT ( 'NONE',  ( 86.68697398842132884, 83.29833132649297056, 0.9999999999999986677 ) ) ;
#2440 = CARTESIAN_POINT ( 'NONE',  ( 90.20488348748972385, 81.70821858945866722, 1.731292729997007784 ) ) ;
#2441 = VERTEX_POINT ( 'NONE', #1046 ) ;
#2442 = CARTESIAN_POINT ( 'NONE',  ( 121.7432580816159486, 38.90275031623931312, 0.6454802889636924723 ) ) ;
#2443 = CARTESIAN_POINT ( 'NONE',  ( 110.8565801886570057, 34.77604518761815910, 5.390742925728552848 ) ) ;
#2444 = CARTESIAN_POINT ( 'NONE',  ( 96.67656900988707491, 84.31866538159971469, 2.996474058450353972 ) ) ;
#2445 = CARTESIAN_POINT ( 'NONE',  ( 122.7333820737563599, 60.09102112884097835, 0.8505942345924192294 ) ) ;
#2446 = CARTESIAN_POINT ( 'NONE',  ( 109.8175854243739167, 79.42715466868291685, 3.189851653252138597 ) ) ;
#2447 = CARTESIAN_POINT ( 'NONE',  ( 77.72990613084220968, 56.87258086843577587, 6.999999999999999112 ) ) ;
#2448 = EDGE_CURVE ( 'NONE', #989, #2076, #1840, .T. ) ;
#2449 = CARTESIAN_POINT ( 'NONE',  ( 112.9602900369289387, 69.19447153538085615, 6.999999999999982236 ) ) ;
#2450 = CARTESIAN_POINT ( 'NONE',  ( 118.7988040221372330, 66.22620518207227747, 2.507413307171198369 ) ) ;
#2451 = CARTESIAN_POINT ( 'NONE',  ( 92.98264093847267020, 21.31121147277357153, 0.9999999999999985567 ) ) ;
#2452 = CARTESIAN_POINT ( 'NONE',  ( 68.46686057980704732, 69.92486010469906432, 1.000000000000000222 ) ) ;
#2453 = CARTESIAN_POINT ( 'NONE',  ( 103.3041054629986490, 74.67843751539892594, 4.318389560320428977 ) ) ;
#2454 = VERTEX_POINT ( 'NONE', #80 ) ;
#2455 = CARTESIAN_POINT ( 'NONE',  ( 119.6346504460788793, 41.34718382840734563, 5.033217618140542804 ) ) ;
#2456 = FACE_BOUND ( 'NONE', #1880, .T. ) ;
#2457 = CARTESIAN_POINT ( 'NONE',  ( 97.75934408198541803, 31.98422187077132151, 5.968798176857116999 ) ) ;
#2458 = CARTESIAN_POINT ( 'NONE',  ( 89.54480309727836129, 33.29238184108960752, 5.201651331543243550 ) ) ;
#2459 = CARTESIAN_POINT ( 'NONE',  ( 111.7375763622784746, 73.22217301116664601, 5.436801917851533439 ) ) ;
#2460 = CARTESIAN_POINT ( 'NONE',  ( 78.50648033940434800, 44.59352409269353501, 7.000000000000000888 ) ) ;
#2461 = CARTESIAN_POINT ( 'NONE',  ( 121.3151329022881555, 49.37352344878065935, 7.000000000000052403 ) ) ;
#2462 = EDGE_CURVE ( 'NONE', #1833, #2224, #1372, .T. ) ;
#2463 = CARTESIAN_POINT ( 'NONE',  ( 117.1592266918470386, 66.91173857916452050, 3.366011893695926460 ) ) ;
#2464 = CARTESIAN_POINT ( 'NONE',  ( 122.4736482674761646, 70.42656769385409632, 0.9999999999999887867 ) ) ;
#2465 = CARTESIAN_POINT ( 'NONE',  ( 68.84355609858899072, 38.73008187832084559, 1.000000000000000888 ) ) ;
#2466 = CARTESIAN_POINT ( 'NONE',  ( 90.69546523647785818, 84.30972589940101614, 0.8821664364512047385 ) ) ;
#2467 = ORIENTED_EDGE ( 'NONE', *, *, #2150, .T. ) ;
#2468 = CARTESIAN_POINT ( 'NONE',  ( 120.5899180878268595, 43.18888389255331361, 5.031216202810081306 ) ) ;
#2469 = CARTESIAN_POINT ( 'NONE',  ( 102.5925946055107829, 31.67939168814227457, 5.624027447653817013 ) ) ;
#2470 = CIRCLE ( 'NONE', #2339, 36.79870545800834236 ) ;
#2471 = CARTESIAN_POINT ( 'NONE',  ( 92.49999999999968736, 55.00000000000541434, 1.000000000000000888 ) ) ;
#2472 = CARTESIAN_POINT ( 'NONE',  ( 116.3249219173755478, 69.02522325164886752, 5.379913540878241918 ) ) ;
#2473 = SURFACE_STYLE_FILL_AREA ( #957 ) ;
#2474 = CARTESIAN_POINT ( 'NONE',  ( 121.4039156977876956, 50.46366465020469860, 6.999999999999857003 ) ) ;
#2475 = CARTESIAN_POINT ( 'NONE',  ( 82.18615160889079618, 59.55331496445005968, 5.979093612779993627 ) ) ;
#2476 = CARTESIAN_POINT ( 'NONE',  ( 109.4120148731869335, 71.73511777551114221, 4.576431432248359243 ) ) ;
#2477 = CARTESIAN_POINT ( 'NONE',  ( 89.52782370820843028, 71.78809733752132161, 7.000000000000003553 ) ) ;
#2478 = CARTESIAN_POINT ( 'NONE',  ( 119.8296136980214044, 56.15203256552653244, 4.999999999999992006 ) ) ;
#2479 = CARTESIAN_POINT ( 'NONE',  ( 93.50186736759611961, 84.43764495067786413, 0.8864946670400613016 ) ) ;
#2480 = CARTESIAN_POINT ( 'NONE',  ( 78.19010551111688301, 41.30341098826001200, 4.290036148254121606 ) ) ;
#2481 = ORIENTED_EDGE ( 'NONE', *, *, #2570, .T. ) ;
#2482 = CARTESIAN_POINT ( 'NONE',  ( 121.2180903604906632, 43.98348601406588188, 4.499930403766727594 ) ) ;
#2483 = EDGE_CURVE ( 'NONE', #989, #1388, #720, .T. ) ;
#2484 = CARTESIAN_POINT ( 'NONE',  ( 64.00255753022666738, 52.30848160204062225, 3.020033051969105209 ) ) ;
#2485 = CARTESIAN_POINT ( 'NONE',  ( 101.7876812770050066, 28.13381835015387367, 2.523872876731763526 ) ) ;
#2486 = CARTESIAN_POINT ( 'NONE',  ( 90.82062852047187107, 34.32604324124184103, 6.064536931369874928 ) ) ;
#2487 = CARTESIAN_POINT ( 'NONE',  ( 119.0427318398206609, 41.78731781114253607, 6.999999999999939604 ) ) ;
#2488 = CARTESIAN_POINT ( 'NONE',  ( 78.00497651740232641, 54.00846476712899147, 5.126359645667450060 ) ) ;
#2489 = CARTESIAN_POINT ( 'NONE',  ( 86.89831666075313876, 66.25934599700680394, 5.944514207360993119 ) ) ;
#2490 = CARTESIAN_POINT ( 'NONE',  ( 97.82850101213831806, 77.50010141634416527, 3.448198083757322951 ) ) ;
#2491 = VERTEX_POINT ( 'NONE', #296 ) ;
#2492 = CARTESIAN_POINT ( 'NONE',  ( 117.1350596269118114, 32.46178508497091286, 0.6722407658294552446 ) ) ;
#2493 = CARTESIAN_POINT ( 'NONE',  ( 62.37333470050285911, 43.75694609901052701, 1.984164879999951836 ) ) ;
#2494 = CARTESIAN_POINT ( 'NONE',  ( 92.35463273726308842, 24.78949517923075163, 3.145423560590264955 ) ) ;
#2495 = CARTESIAN_POINT ( 'NONE',  ( 100.1562394701607275, 31.39853309608414023, 5.571449787112782381 ) ) ;
#2496 = CARTESIAN_POINT ( 'NONE',  ( 91.32078136315985262, 26.58804329986730863, 1.819796738631493049 ) ) ;
#2497 = CARTESIAN_POINT ( 'NONE',  ( 73.91100673796670151, 44.64545222754589560, 3.430048874882453358 ) ) ;
#2498 = CARTESIAN_POINT ( 'NONE',  ( 123.0497897776971286, 55.86865221558804251, 0.9999999999999985567 ) ) ;
#2499 = CARTESIAN_POINT ( 'NONE',  ( 91.56554177932865457, 69.43917146659003947, 5.936153764312775749 ) ) ;
#2500 = PRESENTATION_STYLE_ASSIGNMENT (( #2304 ) ) ;
#2501 = CARTESIAN_POINT ( 'NONE',  ( 69.92466626902104565, 28.79075546578262035, 1.000000000000001110 ) ) ;
#2502 = ORIENTED_EDGE ( 'NONE', *, *, #399, .F. ) ;
#2503 = CARTESIAN_POINT ( 'NONE',  ( 104.2167106232989795, 30.43221748652478809, 6.935050477909443067 ) ) ;
#2504 = CARTESIAN_POINT ( 'NONE',  ( 91.61294271759284413, 25.18766388037595760, 0.9999999999999997780 ) ) ;
#2505 = CARTESIAN_POINT ( 'NONE',  ( 67.71831341549749084, 50.95305464264183826, 4.048714640854740310 ) ) ;
#2506 = CARTESIAN_POINT ( 'NONE',  ( 92.14434706711065814, 21.10919481346751070, 0.8654705508696971528 ) ) ;
#2507 = CARTESIAN_POINT ( 'NONE',  ( 99.74843602896447692, 29.33601056534407547, 3.808375371011303301 ) ) ;
#2508 = CARTESIAN_POINT ( 'NONE',  ( 78.76458480740453183, 28.96559952297486618, -55.42914871850910430 ) ) ;
#2509 = CARTESIAN_POINT ( 'NONE',  ( 87.63964389637513364, 31.21853068558629118, 6.040741989137912604 ) ) ;
#2510 = CARTESIAN_POINT ( 'NONE',  ( 73.53846451312969634, 39.91313100415568016, 2.584655895172810247 ) ) ;
#2511 = CARTESIAN_POINT ( 'NONE',  ( 106.1386049702146295, 27.87678885821418362, 0.9999999999999986677 ) ) ;
#2512 = CARTESIAN_POINT ( 'NONE',  ( 110.6180740097150448, 75.53916762253429340, 2.404117854443417190 ) ) ;
#2513 = LINE ( 'NONE', #2303, #1604 ) ;
#2514 = CARTESIAN_POINT ( 'NONE',  ( 100.3822933126731130, 51.48280031283039904, 7.000000000000000000 ) ) ;
#2515 = CARTESIAN_POINT ( 'NONE',  ( 91.79895493217833291, 90.08160968987611739, 0.9999999999999995559 ) ) ;
#2516 = ORIENTED_EDGE ( 'NONE', *, *, #1390, .F. ) ;
#2517 = CARTESIAN_POINT ( 'NONE',  ( 110.5955077120124201, 32.50932317493025181, 6.242039277740689229 ) ) ;
#2518 = CARTESIAN_POINT ( 'NONE',  ( 83.71614961468397098, 62.48513233795968347, 5.979333918266704018 ) ) ;
#2519 = CARTESIAN_POINT ( 'NONE',  ( 77.92104563839257025, 55.94098218725714844, 7.137530259113036735 ) ) ;
#2520 = DIRECTION ( 'NONE',  ( 0.000000000000000000, 0.000000000000000000, 1.000000000000000000 ) ) ;
#2521 = CARTESIAN_POINT ( 'NONE',  ( 92.93494849551790082, 31.60998457202004275, 5.029861081134316514 ) ) ;
#2522 = CARTESIAN_POINT ( 'NONE',  ( 118.8745447467290433, 68.08701898205268321, 4.220096855035786909 ) ) ;
#2523 = CARTESIAN_POINT ( 'NONE',  ( 82.30709838313393334, 39.15162283351489236, 5.153357976623992087 ) ) ;
#2524 = CARTESIAN_POINT ( 'NONE',  ( 114.0032852488988624, 37.75625113447873815, 5.961220051761970673 ) ) ;
#2525 = CARTESIAN_POINT ( 'NONE',  ( 86.62574988040522328, 23.36782790062643400, 1.908735039796393140 ) ) ;
#2526 = CARTESIAN_POINT ( 'NONE',  ( 72.86333022434861562, 48.33536627916180350, 3.425733517244989645 ) ) ;
#2527 = CARTESIAN_POINT ( 'NONE',  ( 100.1397556726904128, 83.39896191366459277, 1.000000000000001554 ) ) ;
#2528 = CARTESIAN_POINT ( 'NONE',  ( 114.8293372965516568, 68.11257257302320056, 4.204802838922752528 ) ) ;
#2529 = ADVANCED_FACE ( 'NONE', ( #2631 ), #1141, .T. ) ;
#2530 = DIRECTION ( 'NONE',  ( -1.000000000000000000, 0.000000000000000000, 0.000000000000000000 ) ) ;
#2531 = CARTESIAN_POINT ( 'NONE',  ( 91.79895493217833291, 90.08160968987611739, 0.9999999999999995559 ) ) ;
#2532 = CARTESIAN_POINT ( 'NONE',  ( 81.83555246697085295, 22.61386485933156720, 1.000000000000000444 ) ) ;
#2533 = VERTEX_POINT ( 'NONE', #2666 ) ;
#2534 = CARTESIAN_POINT ( 'NONE',  ( 112.9336098816003329, 31.03101225076357750, 2.941831795953903761 ) ) ;
#2535 = CARTESIAN_POINT ( 'NONE',  ( 84.84420852960519710, 67.74922723480160869, 5.126513010207702337 ) ) ;
#2536 = CARTESIAN_POINT ( 'NONE',  ( 63.26713606565963488, 35.39139292238832013, 0.9452159941342092031 ) ) ;
#2537 = CARTESIAN_POINT ( 'NONE',  ( 91.91058764712471429, 32.52252715136977912, 7.699883499111066065 ) ) ;
#2538 = CARTESIAN_POINT ( 'NONE',  ( 94.81835061363747741, 32.48933301026582399, 5.921452412037462310 ) ) ;
#2539 = CARTESIAN_POINT ( 'NONE',  ( 110.5057744020974013, 84.50852425925702960, 0.9138406879616171041 ) ) ;
#2540 = CARTESIAN_POINT ( 'NONE',  ( 86.41214715372312583, 27.56070547368189949, 1.790270036838215173 ) ) ;
#2541 = CARTESIAN_POINT ( 'NONE',  ( 117.6505724924978580, 39.71994102108504165, 2.743406414226118084 ) ) ;
#2542 = CARTESIAN_POINT ( 'NONE',  ( 88.66542054966747344, 30.76753836817703558, 6.033418247001961277 ) ) ;
#2543 = CARTESIAN_POINT ( 'NONE',  ( 117.1514825540630795, 36.96443553777343283, 1.000000000000006883 ) ) ;
#2544 = CARTESIAN_POINT ( 'NONE',  ( 112.2559915553038934, 71.45357304233080242, 3.730219892463140230 ) ) ;
#2545 = CARTESIAN_POINT ( 'NONE',  ( 110.9331436833575708, 69.38297758285328598, 7.681296996444396008 ) ) ;
#2546 = CARTESIAN_POINT ( 'NONE',  ( 119.8296136980214044, 56.15203256552653244, 4.999999999999992006 ) ) ;
#2547 = CARTESIAN_POINT ( 'NONE',  ( 64.27017730569349396, 77.12115881628521663, 0.9999999999999995559 ) ) ;
#2548 = CARTESIAN_POINT ( 'NONE',  ( 99.59697562485700928, 89.07880938087055256, 1.000000000000001332 ) ) ;
#2549 = CARTESIAN_POINT ( 'NONE',  ( 109.7769034886092498, 31.55770788027077600, 5.726056677605597223 ) ) ;
#2550 = CARTESIAN_POINT ( 'NONE',  ( 71.26066988115556455, 74.54224629257095103, 0.8650865762603381359 ) ) ;
#2551 = CARTESIAN_POINT ( 'NONE',  ( 70.25828733332329534, 72.90716292138672827, 3.023171689562231812 ) ) ;
#2552 = CARTESIAN_POINT ( 'NONE',  ( 83.37494418897752269, 36.78361929775636696, 7.000000000000001776 ) ) ;
#2553 = CARTESIAN_POINT ( 'NONE',  ( 93.65711540891858533, 24.64964449915078504, 0.7167086896073785462 ) ) ;
#2554 = CARTESIAN_POINT ( 'NONE',  ( 118.0225749402304700, 74.79826121840297048, 1.997407994922048013 ) ) ;
#2555 = CARTESIAN_POINT ( 'NONE',  ( 79.52949390523423290, 30.75611212503971714, 1.759740457388339507 ) ) ;
#2556 = CARTESIAN_POINT ( 'NONE',  ( 118.7176179268199263, 41.55991798231575274, 2.750788874104965753 ) ) ;
#2557 = CARTESIAN_POINT ( 'NONE',  ( 91.63713012554185866, 29.68813081864286829, 6.010155944792815674 ) ) ;
#2558 = FACE_OUTER_BOUND ( 'NONE', #815, .T. ) ;
#2559 = CARTESIAN_POINT ( 'NONE',  ( 106.7386266541508348, 77.82154071905364390, 2.381748000011913557 ) ) ;
#2560 = CARTESIAN_POINT ( 'NONE',  ( 102.8231845919790715, 77.10899491660281058, 5.488352902781013398 ) ) ;
#2561 = CARTESIAN_POINT ( 'NONE',  ( 113.2006437877015941, 66.85617994330094405, 5.726652601456104108 ) ) ;
#2562 = CARTESIAN_POINT ( 'NONE',  ( 61.80028093127917543, 38.03300648437928544, 0.9999999999999995559 ) ) ;
#2563 = CARTESIAN_POINT ( 'NONE',  ( 91.79838064145938858, 31.34751662663727600, 7.000000000000004441 ) ) ;
#2564 = CARTESIAN_POINT ( 'NONE',  ( 97.40742221981651028, 27.18909848030075693, 4.808863457052491519 ) ) ;
#2565 = CARTESIAN_POINT ( 'NONE',  ( 90.11983595258917035, 71.32044342914899460, 5.132873136734242614 ) ) ;
#2566 = CARTESIAN_POINT ( 'NONE',  ( 79.56649631675378487, 61.10835816670234522, 7.138754716229359865 ) ) ;
#2567 = FACE_OUTER_BOUND ( 'NONE', #1622, .T. ) ;
#2568 = CARTESIAN_POINT ( 'NONE',  ( 95.07535404185867378, 24.75217337902299519, 0.7270347718844010210 ) ) ;
#2569 = CARTESIAN_POINT ( 'NONE',  ( 121.3438084587709227, 54.83151995190082317, 6.755027549045142798 ) ) ;
#2570 = EDGE_CURVE ( 'NONE', #324, #2659, #1718, .T. ) ;
#2571 = CARTESIAN_POINT ( 'NONE',  ( 78.10937658378696824, 34.34120649178006346, 2.599943230685481055 ) ) ;
#2572 = CARTESIAN_POINT ( 'NONE',  ( 121.7043256457027809, 51.91692072123121449, 2.691069985051011582 ) ) ;
#2573 = VECTOR ( 'NONE', #317, 1000.000000000000000 ) ;
#2574 = CARTESIAN_POINT ( 'NONE',  ( 82.79520399091961735, 22.15415314822607229, 0.8906663514406115700 ) ) ;
#2575 = CARTESIAN_POINT ( 'NONE',  ( 73.02700620596293390, 58.35480121418945032, 3.419775221899775453 ) ) ;
#2576 = CARTESIAN_POINT ( 'NONE',  ( 104.7181880930172042, 73.78610165561686074, 4.543082057217493919 ) ) ;
#2577 = CARTESIAN_POINT ( 'NONE',  ( 114.9121199242497795, 64.63425777916985737, 6.005892683512722208 ) ) ;
#2578 = CARTESIAN_POINT ( 'NONE',  ( 107.0341709224598219, 72.22667880547021468, 7.165399770980329208 ) ) ;
#2579 = CARTESIAN_POINT ( 'NONE',  ( 116.5082014159283261, 63.34041517158986778, 5.555698789230519630 ) ) ;
#2580 = ORIENTED_EDGE ( 'NONE', *, *, #162, .T. ) ;
#2581 = CARTESIAN_POINT ( 'NONE',  ( 97.58853018274633939, 26.42300709254664426, 4.240441554073406394 ) ) ;
#2582 = VECTOR ( 'NONE', #2046, 1000.000000000000000 ) ;
#2583 = CARTESIAN_POINT ( 'NONE',  ( 64.59230159306716246, 62.05633990999378824, 0.8643632179660644121 ) ) ;
#2584 = CARTESIAN_POINT ( 'NONE',  ( 72.93387349070410153, 70.24068209154077636, 4.052683452889439764 ) ) ;
#2585 = CARTESIAN_POINT ( 'NONE',  ( 101.0427763740471505, 30.06761057300297679, 7.000000000000000888 ) ) ;
#2586 = CARTESIAN_POINT ( 'NONE',  ( 120.8483571046945428, 45.88667488867962163, 6.583373709451092459 ) ) ;
#2587 = CARTESIAN_POINT ( 'NONE',  ( 75.32063483720264685, 31.12492226338359913, 0.8994847959054433906 ) ) ;
#2588 = CARTESIAN_POINT ( 'NONE',  ( 117.9545304459801116, 42.78212853653359105, 5.066158385092784044 ) ) ;
#2589 = CARTESIAN_POINT ( 'NONE',  ( 76.69142160644271655, 42.37980488286155634, 6.095935388944825561 ) ) ;
#2590 = CARTESIAN_POINT ( 'NONE',  ( 109.3295959286023447, 69.26261306556668274, 5.891444685878099108 ) ) ;
#2591 = CARTESIAN_POINT ( 'NONE',  ( 99.75897778908461078, 83.32036591359774036, 3.224836132572000746 ) ) ;
#2592 = CARTESIAN_POINT ( 'NONE',  ( 118.9007288505117543, 59.20190379630148669, 5.274007384172582746 ) ) ;
#2593 = CARTESIAN_POINT ( 'NONE',  ( 118.3421528390784943, 43.71166182853801985, 4.999999999999968914 ) ) ;
#2594 = CARTESIAN_POINT ( 'NONE',  ( 109.8028097526585753, 26.25547415777625915, 0.7357135055720528394 ) ) ;
#2595 = VECTOR ( 'NONE', #454, 1000.000000000000000 ) ;
#2596 = CARTESIAN_POINT ( 'NONE',  ( 75.62262697295213343, 67.98271244822214499, 5.082513121748447382 ) ) ;
#2597 = CYLINDRICAL_SURFACE ( 'NONE', #763, 31.90705758116726898 ) ;
#2598 = CARTESIAN_POINT ( 'NONE',  ( 121.5436714803509659, 60.98477460289591079, 4.690960726494398436 ) ) ;
#2599 = CARTESIAN_POINT ( 'NONE',  ( 108.5503053210523063, 31.81247809184639053, 3.509991124710269084 ) ) ;
#2600 = CARTESIAN_POINT ( 'NONE',  ( 76.95521095837126779, 26.91512034696825850, 1.946668044703057987 ) ) ;
#2601 = CARTESIAN_POINT ( 'NONE',  ( 103.0090631750631900, 79.26837472120199379, 2.366611849879222351 ) ) ;
#2602 = CARTESIAN_POINT ( 'NONE',  ( 107.4721847813770097, 73.22082093613353493, 6.596915267934472027 ) ) ;
#2603 = CARTESIAN_POINT ( 'NONE',  ( 103.7662295154662075, 31.71731529862781329, 5.450592687910329914 ) ) ;
#2604 = CARTESIAN_POINT ( 'NONE',  ( 76.51940566821531320, 86.93146486915298965, 0.9564017757058116409 ) ) ;
#2605 = CARTESIAN_POINT ( 'NONE',  ( 110.2620631982836983, 34.16032255091057834, 4.999999999999999112 ) ) ;
#2606 = CARTESIAN_POINT ( 'NONE',  ( 99.84827442818368581, 30.60769500223990747, 7.577183292215550203 ) ) ;
#2607 = CARTESIAN_POINT ( 'NONE',  ( 95.86350847839955236, 70.76742247282444964, 6.000650742310565278 ) ) ;
#2608 = CARTESIAN_POINT ( 'NONE',  ( 84.95421685131199752, 72.26943954415040139, 6.107202608416351097 ) ) ;
#2609 = CARTESIAN_POINT ( 'NONE',  ( 78.76458480740453183, 28.96559952297486618, 6.999999999999999112 ) ) ;
#2610 = CARTESIAN_POINT ( 'NONE',  ( 121.1252041522029259, 48.17142493916293944, 7.091797122724206481 ) ) ;
#2611 = CARTESIAN_POINT ( 'NONE',  ( 110.4780968412096769, 33.88990036773957826, 4.454150154245196447 ) ) ;
#2612 = CARTESIAN_POINT ( 'NONE',  ( 75.26973062298748118, 27.85967902070801117, 1.952087488908450963 ) ) ;
#2613 = CARTESIAN_POINT ( 'NONE',  ( 78.38466405736362219, 87.81376700829271442, 0.9551318741340962815 ) ) ;
#2614 = CARTESIAN_POINT ( 'NONE',  ( 107.5945307357699079, 73.60304670669678728, 4.124595730659477155 ) ) ;
#2615 = CARTESIAN_POINT ( 'NONE',  ( 114.6327213457078358, 72.06118347129574886, 4.844663348783751822 ) ) ;
#2616 = CARTESIAN_POINT ( 'NONE',  ( 92.28578470073534845, 33.19492049321165439, 5.820920220584207883 ) ) ;
#2617 = EDGE_CURVE ( 'NONE', #2441, #2263, #911, .T. ) ;
#2618 = CARTESIAN_POINT ( 'NONE',  ( 119.3915788375023936, 56.10284084299226492, 5.798057652323553413 ) ) ;
#2619 = CARTESIAN_POINT ( 'NONE',  ( 117.5497740814948884, 77.93140992234266662, 0.9999999999999931166 ) ) ;
#2620 = CARTESIAN_POINT ( 'NONE',  ( 93.83038125372522131, 30.70381649911378119, 4.606471842642314130 ) ) ;
#2621 = CARTESIAN_POINT ( 'NONE',  ( 102.8378670826536734, 30.20962170483199571, 6.965720657853660569 ) ) ;
#2622 = CARTESIAN_POINT ( 'NONE',  ( 88.40586378663277856, 78.70953719254517011, 2.578707176255381484 ) ) ;
#2623 = CARTESIAN_POINT ( 'NONE',  ( 122.0000018179416799, 28.96559952297486618, -55.42914871850910430 ) ) ;
#2624 = CARTESIAN_POINT ( 'NONE',  ( 124.1484123126748358, 53.75280234707533111, 2.938362205599066357 ) ) ;
#2625 = VECTOR ( 'NONE', #476, 1000.000000000000000 ) ;
#2626 = CARTESIAN_POINT ( 'NONE',  ( 114.8732138551986850, 37.47442463597563034, 4.084484988972548969 ) ) ;
#2627 = CARTESIAN_POINT ( 'NONE',  ( 78.31016467965039851, 39.41141161388488712, 6.089291197528125643 ) ) ;
#2628 = CARTESIAN_POINT ( 'NONE',  ( 102.2595581007800405, 75.90731281355685667, 6.073385760498526409 ) ) ;
#2629 = CARTESIAN_POINT ( 'NONE',  ( 98.66270710399626864, 82.43177202986268526, 1.490270582636323615 ) ) ;
#2630 = CARTESIAN_POINT ( 'NONE',  ( 106.8034392518107154, 81.08505027119298347, 3.203536637439249102 ) ) ;
#2631 = FACE_OUTER_BOUND ( 'NONE', #1123, .T. ) ;
#2632 = CARTESIAN_POINT ( 'NONE',  ( 112.2813891428452564, 28.38418281731534165, 1.000000000000006883 ) ) ;
#2633 = CARTESIAN_POINT ( 'NONE',  ( 69.92354898230762217, 37.12872724951418490, 1.000000000000000666 ) ) ;
#2634 = CARTESIAN_POINT ( 'NONE',  ( 96.46434844469456493, 24.76589158796130619, 3.115651378542989125 ) ) ;
#2635 = ORIENTED_EDGE ( 'NONE', *, *, #2617, .F. ) ;
#2636 = CARTESIAN_POINT ( 'NONE',  ( 121.3260337747762208, 45.17818146205694063, 5.036171714080220241 ) ) ;
#2637 = CARTESIAN_POINT ( 'NONE',  ( 109.1156821995018618, 32.94426679348240583, 4.423230016772353501 ) ) ;
#2638 = CARTESIAN_POINT ( 'NONE',  ( 82.30781094969921696, 34.86508480474052618, 6.071197736678025869 ) ) ;
#2639 = CARTESIAN_POINT ( 'NONE',  ( 89.88677197621470327, 81.11044112521030058, 4.037916058003675701 ) ) ;
#2640 = CARTESIAN_POINT ( 'NONE',  ( 106.6133824079013550, 83.91976540139715723, 2.066151857099325806 ) ) ;
#2641 = CARTESIAN_POINT ( 'NONE',  ( 77.37269295621395315, 49.28752555667961133, 7.000000000000002665 ) ) ;
#2642 = CARTESIAN_POINT ( 'NONE',  ( 117.4235369202254446, 61.71753958878153412, 5.639559499644536622 ) ) ;
#2643 = CARTESIAN_POINT ( 'NONE',  ( 120.4636434317930167, 57.24240840138374153, 3.964032627243195162 ) ) ;
#2644 = CARTESIAN_POINT ( 'NONE',  ( 124.2998479519492889, 45.67191480535689863, 1.000000000000043965 ) ) ;
#2645 = CARTESIAN_POINT ( 'NONE',  ( 64.92309745745863836, 60.97756185865489442, 1.000000000000001110 ) ) ;
#2646 = CARTESIAN_POINT ( 'NONE',  ( 105.4130429693512809, 72.23964184403021704, 5.180344884203416989 ) ) ;
#2647 = ORIENTED_EDGE ( 'NONE', *, *, #284, .T. ) ;
#2648 = CARTESIAN_POINT ( 'NONE',  ( 120.1494948740044180, 43.34586531117140851, 6.063392644933826681 ) ) ;
#2649 = EDGE_CURVE ( 'NONE', #2753, #710, #2017, .T. ) ;
#2650 = CARTESIAN_POINT ( 'NONE',  ( 119.7587030171932838, 40.88724550391947332, 0.9657608476112529150 ) ) ;
#2651 = CARTESIAN_POINT ( 'NONE',  ( 86.77490520293510201, 86.82221719715855102, 1.979444865115367769 ) ) ;
#2652 = CARTESIAN_POINT ( 'NONE',  ( 122.1707854953988601, 58.17187385231535046, 1.740449078744989553 ) ) ;
#2653 = CARTESIAN_POINT ( 'NONE',  ( 116.0982738012756670, 65.17861580897276497, 7.572882373850288396 ) ) ;
#2654 = DIRECTION ( 'NONE',  ( -0.000000000000000000, -0.000000000000000000, 1.000000000000000000 ) ) ;
#2655 = CARTESIAN_POINT ( 'NONE',  ( 119.6118249138383902, 75.24821148044749464, 0.9999999999999917843 ) ) ;
#2656 = CARTESIAN_POINT ( 'NONE',  ( 92.43295016132246644, 84.06409843461119635, 0.9999999999999997780 ) ) ;
#2657 = VECTOR ( 'NONE', #780, 1000.000000000000000 ) ;
#2658 = DIRECTION ( 'NONE',  ( 1.000000000000000000, 0.000000000000000000, -0.000000000000000000 ) ) ;
#2659 = VERTEX_POINT ( 'NONE', #1553 ) ;
#2660 = CARTESIAN_POINT ( 'NONE',  ( 124.8377086438293304, 50.57963186513533316, 1.791393525794831687 ) ) ;
#2661 = FACE_OUTER_BOUND ( 'NONE', #2684, .T. ) ;
#2662 = CARTESIAN_POINT ( 'NONE',  ( 111.5239033531577348, 78.94133910091041173, 0.6746118424588781748 ) ) ;
#2663 = CARTESIAN_POINT ( 'NONE',  ( 100.7225136545912534, 26.79047660644573270, 1.641440807647158273 ) ) ;
#2664 = CARTESIAN_POINT ( 'NONE',  ( 89.69164604918739769, 29.88887181662211034, 3.505924481147750793 ) ) ;
#2665 = CARTESIAN_POINT ( 'NONE',  ( 112.4533434634616782, 70.45097333740082490, 6.550742125707522234 ) ) ;
#2666 = CARTESIAN_POINT ( 'NONE',  ( 107.7118756773121078, 70.09132584173715941, 5.842611364000162233 ) ) ;
#2667 = DIRECTION ( 'NONE',  ( 0.000000000000000000, 0.000000000000000000, -1.000000000000000000 ) ) ;
#2668 = CARTESIAN_POINT ( 'NONE',  ( 95.89127376455940066, 73.75717834485874391, 6.999999999999999112 ) ) ;
#2669 = CARTESIAN_POINT ( 'NONE',  ( 64.56489129114252989, 59.07486827432472865, 1.000000000000000888 ) ) ;
#2670 = CARTESIAN_POINT ( 'NONE',  ( 96.63440237166578584, 75.31606935172858641, 4.295662960918939177 ) ) ;
#2671 = CARTESIAN_POINT ( 'NONE',  ( 74.54676694668749803, 38.29027951022973042, 2.587835420293198130 ) ) ;
#2672 = ORIENTED_EDGE ( 'NONE', *, *, #2, .F. ) ;
#2673 = CARTESIAN_POINT ( 'NONE',  ( 116.8896492443571731, 36.66548725468629755, 4.526593299045479135 ) ) ;
#2674 = CARTESIAN_POINT ( 'NONE',  ( 92.09474394884433934, 25.15868401564272716, 1.000000000000000666 ) ) ;
#2675 = CARTESIAN_POINT ( 'NONE',  ( 98.33569271597983175, 29.79455384834755449, 4.226334252544432957 ) ) ;
#2676 = CARTESIAN_POINT ( 'NONE',  ( 88.08839717124909896, 32.19307932332795730, 4.342373241349789303 ) ) ;
#2677 = CARTESIAN_POINT ( 'NONE',  ( 121.0360670027469894, 58.15404792181264781, 6.299558321461016241 ) ) ;
#2678 = CARTESIAN_POINT ( 'NONE',  ( 92.49599137183395214, 55.15951471132751749, 1.000000000000000000 ) ) ;
#2679 = CARTESIAN_POINT ( 'NONE',  ( 81.51732204291239725, 58.04497034839739911, 5.979091067580946550 ) ) ;
#2680 = CARTESIAN_POINT ( 'NONE',  ( 118.0186289696107025, 65.33581756380345951, 3.390520396851744778 ) ) ;
#2681 = CARTESIAN_POINT ( 'NONE',  ( 99.77033864044393852, 71.54004114465108444, 5.908461028352808064 ) ) ;
#2682 = CARTESIAN_POINT ( 'NONE',  ( 78.38064566075384221, 29.31728994639133390, 1.000000000000000666 ) ) ;
#2683 = CARTESIAN_POINT ( 'NONE',  ( 95.71313652852542475, 82.05915572264825641, 1.740508926079433305 ) ) ;
#2684 = EDGE_LOOP ( 'NONE', ( #846, #1794 ) ) ;
#2685 = CARTESIAN_POINT ( 'NONE',  ( 120.0485878431859845, 40.62553453139121729, 3.955443906349283445 ) ) ;
#2686 = CARTESIAN_POINT ( 'NONE',  ( 77.82604963912207552, 48.95183490114937541, 7.131815412102676000 ) ) ;
#2687 = CARTESIAN_POINT ( 'NONE',  ( 105.6185362076584653, 30.37765125874532757, 3.458381838582401002 ) ) ;
#2688 = CARTESIAN_POINT ( 'NONE',  ( 100.3822933126731130, 51.48280031283039904, 7.000000000000000000 ) ) ;
#2689 = CARTESIAN_POINT ( 'NONE',  ( 69.40881662996726220, 42.03438331422550789, 1.728066018370370882 ) ) ;
#2690 = CARTESIAN_POINT ( 'NONE',  ( 119.0498370740690177, 56.40222228917391334, 6.266353486560282349 ) ) ;
#2691 = CARTESIAN_POINT ( 'NONE',  ( 90.47836724402124275, 68.87756213574380126, 5.938464413933092878 ) ) ;
#2692 = CARTESIAN_POINT ( 'NONE',  ( 91.63579304551042526, 29.67760103919848191, 6.003719603901604529 ) ) ;
#2693 = EDGE_CURVE ( 'NONE', #1227, #860, #717, .T. ) ;
#2694 = CARTESIAN_POINT ( 'NONE',  ( 100.1445092725697492, 79.35784901841319083, 2.601555412216745022 ) ) ;
#2695 = ORIENTED_EDGE ( 'NONE', *, *, #1177, .F. ) ;
#2696 = CARTESIAN_POINT ( 'NONE',  ( 110.0445214994697238, 30.20716147628233372, 4.084392257357151834 ) ) ;
#2697 = CARTESIAN_POINT ( 'NONE',  ( 61.78933435141512831, 37.57753132015577080, 0.9481621654064711358 ) ) ;
#2698 = CARTESIAN_POINT ( 'NONE',  ( 91.53464975068075660, 28.72235388878107187, 5.430092357989690477 ) ) ;
#2699 = CARTESIAN_POINT ( 'NONE',  ( 101.9140313501943353, 30.70350013965500935, 4.721923074324887004 ) ) ;
#2700 = PLANE ( 'NONE',  #984 ) ;
#2701 =( NAMED_UNIT ( * ) SI_UNIT ( $, .STERADIAN. ) SOLID_ANGLE_UNIT ( ) );
#2702 = CARTESIAN_POINT ( 'NONE',  ( 69.89347043473313192, 49.31378080677745146, 2.572446885481321388 ) ) ;
#2703 = CARTESIAN_POINT ( 'NONE',  ( 113.6593667984854505, 76.32217437521950387, 0.9999999999999976685 ) ) ;
#2704 = CARTESIAN_POINT ( 'NONE',  ( 103.7908259056942484, 71.19442068148056535, 5.882703013048258711 ) ) ;
#2705 = FACE_OUTER_BOUND ( 'NONE', #1513, .T. ) ;
#2706 = CARTESIAN_POINT ( 'NONE',  ( 68.20491809983209919, 30.24765024985673989, 1.000000000000000888 ) ) ;
#2707 = ORIENTED_EDGE ( 'NONE', *, *, #1770, .F. ) ;
#2708 = CARTESIAN_POINT ( 'NONE',  ( 108.4151826461749692, 29.37823540297581459, 4.108006371883473840 ) ) ;
#2709 = CARTESIAN_POINT ( 'NONE',  ( 77.73817429670721424, 54.17094782271257003, 7.136471374812405344 ) ) ;
#2710 = CARTESIAN_POINT ( 'NONE',  ( 116.0783885587225797, 65.55911749489651186, 4.683891000944369054 ) ) ;
#2711 = CARTESIAN_POINT ( 'NONE',  ( 91.79838064145938858, 31.34751662663727600, 7.000000000000004441 ) ) ;
#2712 = CARTESIAN_POINT ( 'NONE',  ( 102.4593627971771923, 29.86936321869242406, 3.848728846485593547 ) ) ;
#2713 = CARTESIAN_POINT ( 'NONE',  ( 88.59553536069384450, 25.43979171581230503, 0.9546286439591309403 ) ) ;
#2714 = AXIS2_PLACEMENT_3D ( 'NONE', #2678, #2667, #329 ) ;
#2715 = CARTESIAN_POINT ( 'NONE',  ( 87.72215211185627481, 21.26849309597733040, 0.8696418225230763133 ) ) ;
#2716 = CARTESIAN_POINT ( 'NONE',  ( 72.59010262295410598, 56.36220413252544148, 3.420332553332628311 ) ) ;
#2717 = CARTESIAN_POINT ( 'NONE',  ( 122.7111960729564686, 59.72436347839270354, 1.000000000000007105 ) ) ;
#2718 = CARTESIAN_POINT ( 'NONE',  ( 118.4453029648117877, 60.27929968062308319, 5.235561260623385671 ) ) ;
#2719 = CARTESIAN_POINT ( 'NONE',  ( 101.3841344550113064, 71.52316782285483043, 5.899979729021796793 ) ) ;
#2720 = CARTESIAN_POINT ( 'NONE',  ( 76.48964495753993731, 86.83731032149724172, 0.9999999999999995559 ) ) ;
#2721 = ORIENTED_EDGE ( 'NONE', *, *, #1770, .T. ) ;
#2722 = CARTESIAN_POINT ( 'NONE',  ( 114.7888238437064814, 33.78151678274726777, 4.013448734581482213 ) ) ;
#2723 = CARTESIAN_POINT ( 'NONE',  ( 64.88967726521057955, 33.46415186847014667, 0.9417606874936867989 ) ) ;
#2724 = CARTESIAN_POINT ( 'NONE',  ( 94.58011976028210199, 30.69333924292381965, 7.102913766426439679 ) ) ;
#2725 = CARTESIAN_POINT ( 'NONE',  ( 93.00253713761966878, 32.30429229626908949, 5.463491934647132453 ) ) ;
#2726 = CARTESIAN_POINT ( 'NONE',  ( 120.3039145227929225, 57.96797660072525105, 7.350626106258723702 ) ) ;
#2727 = EDGE_CURVE ( 'NONE', #2151, #2024, #1672, .T. ) ;
#2728 = CARTESIAN_POINT ( 'NONE',  ( 85.74104180890303439, 29.56148805783121603, 2.633605676810578444 ) ) ;
#2729 = CARTESIAN_POINT ( 'NONE',  ( 83.55844805205303771, 24.07433275150474117, 1.922624993314987929 ) ) ;
#2730 = CARTESIAN_POINT ( 'NONE',  ( 70.99965034079887971, 45.28574091798163437, 2.576527898934978467 ) ) ;
#2731 = CARTESIAN_POINT ( 'NONE',  ( 103.8140611234028370, 82.32404237042992179, 1.000000000000000888 ) ) ;
#2732 = CARTESIAN_POINT ( 'NONE',  ( 116.3884531196066519, 62.69699190881980400, 6.060415497430351017 ) ) ;
#2733 = CARTESIAN_POINT ( 'NONE',  ( 81.06871003371314544, 64.51270409533222505, 7.000000000000002665 ) ) ;
#2734 = CARTESIAN_POINT ( 'NONE',  ( 90.72619829581444151, 21.35348506990139583, 0.9999999999999981126 ) ) ;
#2735 = CARTESIAN_POINT ( 'NONE',  ( 90.72619829581444151, 21.35348506990139583, 0.9999999999999981126 ) ) ;
#2736 = ORIENTED_EDGE ( 'NONE', *, *, #1475, .T. ) ;
#2737 = CARTESIAN_POINT ( 'NONE',  ( 108.4976108756385713, 31.75568373480773587, 6.824999886817144201 ) ) ;
#2738 = CARTESIAN_POINT ( 'NONE',  ( 79.21594080262708815, 65.60130103874506347, 4.271556364661421412 ) ) ;
#2739 = CARTESIAN_POINT ( 'NONE',  ( 70.88103796348949004, 40.51344774203759869, 4.038124164244439207 ) ) ;
#2740 = CARTESIAN_POINT ( 'NONE',  ( 100.3822933126731130, 51.48280031283039904, 8.000000000000000000 ) ) ;
#2741 = CARTESIAN_POINT ( 'NONE',  ( 94.83149447850794900, 31.84576275027431436, 5.486095866908614838 ) ) ;
#2742 = CARTESIAN_POINT ( 'NONE',  ( 112.3401917401725001, 83.11333207603684059, 0.9046532178093398269 ) ) ;
#2743 = CARTESIAN_POINT ( 'NONE',  ( 76.71414047299805361, 32.73385585504129125, 1.749625761580943184 ) ) ;
#2744 = CARTESIAN_POINT ( 'NONE',  ( 118.9295167638560713, 43.86437438112580622, 4.124710489253526902 ) ) ;
#2745 = CARTESIAN_POINT ( 'NONE',  ( 89.30467123842718991, 28.50474878521651334, 4.995633997355583666 ) ) ;
#2746 = CARTESIAN_POINT ( 'NONE',  ( 63.87002533371421720, 57.12992059790006749, 0.8657447821982082736 ) ) ;
#2747 = CARTESIAN_POINT ( 'NONE',  ( 120.3928573520997816, 67.02756576146333600, 1.000000000000000444 ) ) ;
#2748 = CARTESIAN_POINT ( 'NONE',  ( 108.0827792562598688, 79.18083074212144368, 1.522284879633135413 ) ) ;
#2749 = CARTESIAN_POINT ( 'NONE',  ( 104.8890319411415106, 76.58065936049584366, 5.479984821526448613 ) ) ;
#2750 = SURFACE_STYLE_FILL_AREA ( #1662 ) ;
#2751 = CARTESIAN_POINT ( 'NONE',  ( 65.02035050818275863, 33.45386557006028028, 0.9999999999999983347 ) ) ;
#2752 = VECTOR ( 'NONE', #936, 1000.000000000000000 ) ;
#2753 = VERTEX_POINT ( 'NONE', #106 ) ;
#2754 = CARTESIAN_POINT ( 'NONE',  ( 107.0465668938997084, 31.20475528910220220, 6.864809209852192673 ) ) ;
#2755 = CARTESIAN_POINT ( 'NONE',  ( 79.56773053353666114, 70.44486639884810586, 3.420904681969574757 ) ) ;
#2756 = CARTESIAN_POINT ( 'NONE',  ( 61.04366756349347156, 72.38547022645751383, 0.9631233764677548104 ) ) ;
#2757 = CARTESIAN_POINT ( 'NONE',  ( 93.62909570698280959, 28.27059470991188661, 5.412642684261019355 ) ) ;
#2758 = CARTESIAN_POINT ( 'NONE',  ( 94.88424069036859976, 29.91263312573287436, 4.184775878269220151 ) ) ;
#2759 = CARTESIAN_POINT ( 'NONE',  ( 119.3200463720130813, 64.72779108078778165, 5.314386947577335540 ) ) ;
#2760 = CARTESIAN_POINT ( 'NONE',  ( 79.38198886471190008, 33.27426095439252407, 2.604686128310262028 ) ) ;
#2761 = CARTESIAN_POINT ( 'NONE',  ( 120.5720529539631798, 44.46415369660868322, 1.849420166799169873 ) ) ;
#2762 = CARTESIAN_POINT ( 'NONE',  ( 88.12291671236694413, 23.07606536275940101, 1.901637906938562050 ) ) ;
#2763 = CARTESIAN_POINT ( 'NONE',  ( 96.31581941169713446, 83.97523871553929098, 1.000000000000000000 ) ) ;
#2764 = CARTESIAN_POINT ( 'NONE',  ( 112.7072795114470836, 67.69738582426273865, 5.496083733814917771 ) ) ;
#2765 = CARTESIAN_POINT ( 'NONE',  ( 109.4187500165139824, 72.32476177685805396, 6.582040379113870188 ) ) ;
#2766 = CARTESIAN_POINT ( 'NONE',  ( 93.99636958677038479, 32.52610831669743874, 5.790774870722738221 ) ) ;
ENDSEC;
END-ISO-10303-21;
